  DESCEND objtool
  INSTALL libsubcmd_headers
  CC      drivers/reset/core.o
  CC [M]  drivers/soc/qcom/qmi_interface.o
  CC      drivers/regulator/core.o
  CC      drivers/regulator/dummy.o
  CC      drivers/regulator/fixed-helper.o
  CC      drivers/tty/tty_io.o
  CC      drivers/regulator/helpers.o
  CC      drivers/regulator/devres.o
  CC      drivers/tty/n_tty.o
  CC      drivers/tty/tty_ioctl.o
  CC      drivers/tty/tty_ldisc.o
  CC      drivers/regulator/irq_helpers.o
  CC      drivers/char/mem.o
  CC      drivers/regulator/event.o
  CC      drivers/tty/tty_buffer.o
  CC      drivers/tty/tty_port.o
  CC      drivers/char/random.o
  CC      drivers/connector/cn_queue.o
  CC      drivers/iommu/iommufd/driver.o
  CC      drivers/iommu/iommu.o
  CC      drivers/char/misc.o
  CC      drivers/char/hpet.o
  CC      drivers/tty/tty_mutex.o
  CC [M]  drivers/iommu/iommufd/device.o
  CC      drivers/iommu/iommu-pages.o
  CC      drivers/connector/connector.o
  CC      drivers/tty/tty_ldsem.o
  CC      drivers/char/nvram.o
  CC      drivers/char/hw_random/core.o
  AR      drivers/reset/built-in.a
  CC [M]  drivers/char/hw_random/intel-rng.o
  CC [M]  drivers/regulator/fixed.o
  CC      drivers/base/component.o
  CC [M]  drivers/regulator/virtual.o
  CC [M]  drivers/regulator/userspace-consumer.o
  CC [M]  drivers/regulator/gpio-regulator.o
  CC      drivers/connector/cn_proc.o
  CC [M]  drivers/char/agp/intel-gtt.o
  CC      drivers/tty/tty_baudrate.o
  LD [M]  drivers/soc/qcom/qmi_helpers.o
  CC      drivers/base/core.o
  CC [M]  drivers/block/brd.o
  CC [M]  drivers/iommu/iommufd/eventq.o
  CC [M]  drivers/iommu/iommufd/hw_pagetable.o
  CC [M]  drivers/block/loop.o
  CC [M]  drivers/iommu/iommufd/io_pagetable.o
  CC [M]  drivers/block/nbd.o
  CC      drivers/base/bus.o
  CC      drivers/base/dd.o
  CC [M]  drivers/block/ublk_drv.o
  CC      drivers/base/syscore.o
  CC      drivers/iommu/iommu-traces.o
  CC      drivers/tty/tty_jobctrl.o
  CC      drivers/iommu/iommu-sysfs.o
  CC [M]  drivers/char/hangcheck-timer.o
  AR      drivers/char/hw_random/built-in.a
  CC      drivers/char/tpm/tpm-chip.o
  CC      drivers/tty/n_null.o
  CC [M]  drivers/misc/eeprom/eeprom_93cx6.o
  CC      drivers/char/tpm/tpm-dev-common.o
  CC      drivers/mfd/syscon.o
  CC      drivers/base/driver.o
  AR      drivers/regulator/built-in.a
  CC [M]  drivers/mfd/cs42l43.o
  CC      drivers/char/tpm/tpm-dev.o
  CC      drivers/base/class.o
  CC      drivers/iommu/dma-iommu.o
  AR      drivers/connector/built-in.a
  CC [M]  drivers/mfd/cs42l43-sdw.o
  CC      drivers/char/tpm/tpm-interface.o
  CC [M]  drivers/mfd/mfd-core.o
  CC      drivers/tty/pty.o
  CC [M]  drivers/misc/cardreader/rtsx_pcr.o
  CC [M]  drivers/iommu/iommufd/ioas.o
  CC [M]  drivers/block/mtip32xx/mtip32xx.o
  CC      drivers/char/tpm/tpm1-cmd.o
  CC      drivers/iommu/iova.o
  CC [M]  drivers/iommu/iommufd/main.o
  CC      drivers/char/tpm/tpm2-cmd.o
  CC [M]  drivers/misc/cardreader/rts5209.o
  CC      drivers/tty/sysrq.o
  CC      drivers/char/tpm/tpmrm-dev.o
  CC [M]  drivers/mfd/ocelot-core.o
  CC      drivers/iommu/irq_remapping.o
  CC      drivers/tty/vt/vt_ioctl.o
  CC      drivers/tty/vt/vc_screen.o
  CC      drivers/tty/vt/selection.o
  CC      drivers/tty/vt/keyboard.o
  CC      drivers/tty/serial/serial_core.o
  CC      drivers/base/platform.o
  CC      drivers/tty/vt/vt.o
  CC      drivers/char/tpm/tpm2-space.o
  CC [M]  drivers/misc/cardreader/rts5229.o
  CC [M]  drivers/misc/ntsync.o
  CC      drivers/tty/serdev/core.o
  CC      drivers/tty/serdev/serdev-ttyport.o
  CC      drivers/tty/serial/serial_base_bus.o
  CC [M]  drivers/block/zram/zcomp.o
  CC      drivers/base/cpu.o
  CC      drivers/dax/super.o
  CC      drivers/dax/bus.o
  CC [M]  drivers/block/zram/zram_drv.o
  CC [M]  drivers/iommu/iommufd/pages.o
  CC [M]  drivers/block/zram/backend_zstd.o
  CC      drivers/char/tpm/tpm-sysfs.o
  CC [M]  drivers/iommu/iommufd/vfio_compat.o
  CC [M]  drivers/misc/mei/init.o
  CC [M]  drivers/misc/mei/hbm.o
  CC [M]  drivers/mfd/ocelot-spi.o
  CC [M]  drivers/misc/mei/interrupt.o
  CC [M]  drivers/mfd/lpc_sch.o
  CC [M]  drivers/misc/cardreader/rtl8411.o
  CC [M]  drivers/misc/cardreader/rts5227.o
  CC      drivers/dma-buf/dma-buf.o
  CC      drivers/base/firmware.o
  AR      drivers/tty/serdev/built-in.a
  CC      drivers/dma-buf/dma-fence.o
  CC      drivers/tty/vt/defkeymap.o
  CC      drivers/char/tpm/eventlog/common.o
  CC [M]  drivers/block/null_blk/main.o
  CC      drivers/tty/vt/consolemap.o
  CC      drivers/dma-buf/dma-fence-array.o
  CC [M]  drivers/mfd/lpc_ich.o
  CC [M]  drivers/mfd/rdc321x-southbridge.o
  AR      drivers/dax/built-in.a
  CC      drivers/base/init.o
  CC [M]  drivers/tty/n_hdlc.o
  CC [M]  drivers/misc/cardreader/rts5249.o
  CC [M]  drivers/iommu/iommufd/viommu.o
  CC      drivers/char/tpm/eventlog/tpm1.o
  CC      drivers/tty/serial/serial_ctrl.o
  CC      drivers/tty/vt/consolemap_deftbl.o
  CC [M]  drivers/misc/mei/client.o
  AR      drivers/iommu/iommufd/built-in.a
  CC      drivers/base/map.o
  CC [M]  drivers/misc/cardreader/rts5260.o
  CC      drivers/base/devres.o
  CC [M]  drivers/mfd/vx855.o
  CC      drivers/dma-buf/dma-fence-chain.o
  CC      drivers/scsi/scsi.o
  CC      drivers/scsi/hosts.o
  CC      drivers/scsi/scsi_ioctl.o
  CC      drivers/tty/vt/ucs.o
  CC [M]  drivers/misc/cardreader/rts5261.o
  CC [M]  drivers/misc/mei/main.o
  CC      drivers/tty/serial/serial_port.o
  CC [M]  drivers/misc/mei/dma-ring.o
  LD [M]  drivers/block/zram/zram.o
  CC [M]  drivers/misc/mei/bus.o
  CC [M]  drivers/misc/mei/bus-fixup.o
  CC      drivers/dma-buf/dma-fence-unwrap.o
  CC      drivers/tty/serial/earlycon.o
  CC [M]  drivers/misc/cardreader/rts5228.o
  LD [M]  drivers/iommu/iommufd/iommufd.o
  CC      drivers/char/tpm/eventlog/tpm2.o
  AR      drivers/iommu/built-in.a
  AR      drivers/tty/vt/built-in.a
  CC      drivers/scsi/scsicam.o
  AR      drivers/mfd/built-in.a
  LD [M]  drivers/mfd/ocelot-soc.o
  CC      drivers/base/attribute_container.o
  CC      drivers/char/tpm/tpm-buf.o
  CC      drivers/base/transport_class.o
  CC      drivers/nvme/host/core.o
  CC      drivers/scsi/scsi_error.o
  CC      drivers/nvme/host/ioctl.o
  CC      drivers/dma-buf/dma-resv.o
  CC      drivers/char/tpm/tpm2-sessions.o
  LD [M]  drivers/block/null_blk/null_blk.o
  CC [M]  drivers/misc/cardreader/rts5264.o
  CC      drivers/tty/serial/serial_mctrl_gpio.o
  CC      drivers/tty/serial/8250/8250_core.o
  CC      drivers/tty/serial/8250/8250_platform.o
  CC      drivers/tty/serial/8250/8250_pnp.o
  CC      drivers/char/tpm/tpm_ppi.o
  CC      drivers/char/tpm/eventlog/acpi.o
  CC      drivers/char/tpm/eventlog/efi.o
  CC      drivers/nvme/host/sysfs.o
  CC      drivers/nvme/host/pr.o
  CC      drivers/dma-buf/dma-buf-mapping.o
  CC      drivers/tty/serial/8250/8250_port.o
  CC      drivers/base/topology.o
  CC      drivers/char/tpm/tpm_tis_core.o
  CC      drivers/nvme/host/constants.o
  CC      drivers/nvme/host/multipath.o
  CC [M]  drivers/tty/serial/arc_uart.o
  CC [M]  drivers/misc/mei/debugfs.o
  CC      drivers/tty/serial/8250/8250_dma.o
  CC      drivers/ata/libata-core.o
  CC [M]  drivers/misc/cardreader/rtsx_usb.o
  CC      drivers/gpu/buddy.o
  CC [M]  drivers/tty/serial/max3100.o
  CC      drivers/ata/libata-scsi.o
  CC      drivers/tty/serial/8250/8250_dwlib.o
  CC [M]  drivers/misc/mei/pci-me.o
  CC      drivers/spi/spi.o
  CC      drivers/net/loopback.o
  CC      drivers/scsi/scsi_lib.o
  CC      drivers/net/netkit.o
  CC      drivers/dma-buf/dma-heap.o
  CC      drivers/base/container.o
  CC      drivers/base/property.o
  CC      drivers/scsi/constants.o
  CC      drivers/net/phy/stubs.o
  CC      drivers/net/phy/mii_timestamper.o
  CC      drivers/net/phy/sfp-bus.o
  CC      drivers/net/pse-pd/pse_core.o
  CC      drivers/gpu/drm/drm_atomic.o
  LD [M]  drivers/misc/cardreader/rtsx_pci.o
  CC      drivers/scsi/scsi_lib_dma.o
  CC      drivers/scsi/scsi_scan.o
  CC      drivers/char/tpm/tpm_tis.o
  CC [M]  drivers/net/mdio/acpi_mdio.o
  CC [M]  drivers/net/mdio/fwnode_mdio.o
  CC [M]  drivers/net/mdio/mdio-bitbang.o
  CC [M]  drivers/net/pcs/pcs-xpcs.o
  CC [M]  drivers/misc/mei/hw-me.o
  CC [M]  drivers/net/pcs/pcs-xpcs-plat.o
  CC      drivers/tty/serial/8250/8250_fintek.o
  CC      drivers/nvme/host/hwmon.o
  CC      drivers/dma-buf/heaps/system_heap.o
  CC      drivers/ata/libata-eh.o
  CC      drivers/ata/libata-transport.o
  CC [M]  drivers/net/pcs/pcs-xpcs-nxp.o
  CC      drivers/base/cacheinfo.o
  CC      drivers/gpu/drm/drm_atomic_uapi.o
  CC      drivers/gpu/drm/drm_auth.o
  CC      drivers/gpu/vga/vga_switcheroo.o
  CC [M]  drivers/net/pcs/pcs-xpcs-wx.o
  CC      drivers/char/tpm/tpm_crb.o
  CC [M]  drivers/net/phy/mdio_bus.o
  CC [M]  drivers/net/phy/phylink.o
  CC      drivers/tty/serial/8250/8250_pcilib.o
  CC      drivers/dma-buf/heaps/cma_heap.o
  CC      drivers/dma-buf/sync_file.o
  CC [M]  drivers/misc/mei/hdcp/mei_hdcp.o
  CC [M]  drivers/net/mdio/mdio-cavium.o
  CC      drivers/nvme/host/pci.o
  CC      drivers/scsi/scsi_sysfs.o
  LD [M]  drivers/misc/mei/mei.o
  CC      drivers/spi/spi-mem.o
  CC      drivers/spi/spi-offload.o
  CC      drivers/tty/serial/8250/8250_rsa.o
  CC [M]  drivers/net/pse-pd/pse_regulator.o
  CC      drivers/dma-buf/udmabuf.o
  CC      drivers/gpu/drm/drm_blend.o
  LD [M]  drivers/misc/mei/mei-me.o
  CC      drivers/base/swnode.o
  CC      drivers/scsi/scsi_devinfo.o
  CC [M]  drivers/net/ethernet/realtek/8139cp.o
  CC [M]  drivers/net/ethernet/ec_bhf.o
  CC [M]  drivers/net/mdio/mdio-gpio.o
  LD [M]  drivers/net/pcs/pcs_xpcs.o
  CC [M]  drivers/spi/spi-mux.o
  CC [M]  drivers/net/pse-pd/pd692x0.o
  CC      drivers/scsi/scsi_sysctl.o
  AR      drivers/dma-buf/heaps/built-in.a
  CC [M]  drivers/net/mdio/mdio-i2c.o
  AR      drivers/gpu/vga/built-in.a
  CC [M]  drivers/net/phy/phy.o
  AR      drivers/char/tpm/built-in.a
  AR      drivers/char/built-in.a
  CC [M]  drivers/tty/serial/max310x.o
  CC [M]  drivers/tty/serial/rp2.o
  CC [M]  drivers/tty/serial/sc16is7xx.o
  CC [M]  drivers/tty/serial/sc16is7xx_spi.o
  CC      drivers/ata/libata-trace.o
  CC      drivers/ata/libata-sata.o
  CC      drivers/tty/serial/8250/8250_early.o
  CC      drivers/gpu/drm/drm_bridge.o
  CC [M]  drivers/net/wireless/ath/main.o
  CC [M]  drivers/spi/spidev.o
  CC [M]  drivers/net/ethernet/realtek/8139too.o
  CC      drivers/base/faux.o
  CC [M]  drivers/net/dummy.o
  CC      drivers/scsi/scsi_proc.o
  AR      drivers/dma-buf/built-in.a
  CC [M]  drivers/net/ethernet/realtek/r8169_main.o
  CC [M]  drivers/net/wireless/ath/regd.o
  CC [M]  drivers/net/wireless/ath/hw.o
  CC [M]  drivers/net/wireless/ath/key.o
  CC [M]  drivers/net/mdio/mdio-mscc-miim.o
  CC      drivers/tty/serial/8250/8250_pci.o
  CC [M]  drivers/net/mdio/mdio-mvusb.o
  CC      drivers/base/auxiliary.o
  CC      drivers/base/devtmpfs.o
  CC [M]  drivers/net/pse-pd/si3474.o
  CC      drivers/base/power/sysfs.o
  AR      drivers/nvme/host/built-in.a
  AR      drivers/nvme/built-in.a
  CC      drivers/base/firmware_loader/main.o
  CC [M]  drivers/spi/spi-loopback-test.o
  CC      drivers/base/firmware_loader/sysfs.o
  CC      drivers/base/firmware_loader/sysfs_upload.o
  CC      drivers/base/firmware_loader/builtin/main.o
  CC      drivers/ata/libata-pmp.o
  CC      drivers/base/power/generic_ops.o
  CC      drivers/base/power/common.o
  CC [M]  drivers/net/phy/phy-c45.o
  CC      drivers/gpu/drm/drm_cache.o
  CC      drivers/scsi/scsi_trace.o
  AR      drivers/base/firmware_loader/builtin/built-in.a
  CC      drivers/base/power/qos.o
  CC      drivers/gpu/drm/drm_color_mgmt.o
  CC      drivers/gpu/drm/drm_colorop.o
  CC [M]  drivers/net/phy/phy-core.o
  CC [M]  drivers/net/phy/phy_device.o
  CC [M]  drivers/net/ifb.o
  CC [M]  drivers/spi/spi-axi-spi-engine.o
  CC [M]  drivers/net/ethernet/realtek/r8169_firmware.o
  CC      drivers/base/module.o
  CC [M]  drivers/net/mdio/mdio-thunder.o
  CC [M]  drivers/net/pse-pd/tps23881.o
  CC [M]  drivers/net/phy/linkmode.o
  CC [M]  drivers/net/phy/phy_link_topology.o
  CC [M]  drivers/net/wireless/ath/dfs_pattern_detector.o
  CC      drivers/tty/serial/8250/8250_rt288x.o
  CC      drivers/ata/libata-acpi.o
  CC      drivers/ata/libata-zpodd.o
  CC [M]  drivers/tty/serial/8250/8250_dw.o
  AR      drivers/base/firmware_loader/built-in.a
  CC [M]  drivers/tty/serial/8250/8250_exar.o
  CC [M]  drivers/net/macsec.o
  CC      drivers/scsi/scsi_logging.o
  CC      drivers/scsi/scsi_pm.o
  CC      drivers/scsi/scsi_bsg.o
  CC [M]  drivers/net/phy/phy_caps.o
  CC      drivers/base/power/runtime.o
  CC [M]  drivers/net/ethernet/jme.o
  CC      drivers/gpu/drm/drm_connector.o
  CC [M]  drivers/tty/serial/sc16is7xx_i2c.o
  CC [M]  drivers/tty/serial/uartlite.o
  CC [M]  drivers/net/macvlan.o
  CC      drivers/ata/libata-pata-timings.o
  CC [M]  drivers/net/macvtap.o
  CC [M]  drivers/spi/spi-bitbang.o
  CC      drivers/base/auxiliary_sysfs.o
  CC [M]  drivers/tty/serial/8250/8250_lpss.o
  CC [M]  drivers/net/phy/mdio_bus_provider.o
  CC [M]  drivers/tty/serial/8250/8250_mid.o
  AR      drivers/net/pse-pd/built-in.a
  CC [M]  drivers/net/phy/phy_port.o
  CC [M]  drivers/net/wireless/ath/dfs_pri_detector.o
  CC      drivers/ata/ahci.o
  CC      drivers/base/power/wakeirq.o
  CC [M]  drivers/net/wireless/realtek/rtl818x/rtl8187/dev.o
  CC [M]  drivers/net/wireless/ralink/rt2x00/rt2x00dev.o
  CC      drivers/scsi/scsi_common.o
  CC [M]  drivers/net/wireless/realtek/rtl818x/rtl8187/rtl8225.o
  CC [M]  drivers/net/wireless/realtek/rtl818x/rtl8187/leds.o
  CC [M]  drivers/spi/spi-cadence.o
  CC      drivers/gpu/drm/drm_crtc.o
  CC      drivers/base/power/main.o
  CC      drivers/gpu/drm/drm_displayid.o
  CC [M]  drivers/net/mii.o
  CC [M]  drivers/net/wireless/realtek/rtl8xxxu/core.o
  CC [M]  drivers/net/ethernet/fealnx.o
  CC [M]  drivers/net/wireless/realtek/rtl8xxxu/8192e.o
  CC [M]  drivers/net/wireless/realtek/rtl818x/rtl8187/rfkill.o
  CC [M]  drivers/tty/serial/8250/8250_ni.o
  CC      drivers/scsi/sd.o
  CC [M]  drivers/net/ethernet/realtek/r8169_phy_config.o
  CC [M]  drivers/net/wireless/realtek/rtl8xxxu/8723b.o
  CC [M]  drivers/net/ethernet/realtek/r8169_leds.o
  CC [M]  drivers/net/phy/mdio_device.o
  CC [M]  drivers/spi/spi-ch341.o
  CC [M]  drivers/net/wireless/ath/ath9k/beacon.o
  CC      drivers/ata/libahci.o
  CC [M]  drivers/net/wireless/ath/ath9k/gpio.o
  CC [M]  drivers/net/wireless/ath/ath9k/init.o
  CC [M]  drivers/net/wireless/ath/ath9k/main.o
  CC [M]  drivers/spi/spi-cs42l43.o
  CC      drivers/gpu/drm/drm_drv.o
  CC [M]  drivers/net/wireless/ralink/rt2x00/rt2x00mac.o
  CC      drivers/gpu/drm/drm_dumb_buffers.o
  CC [M]  drivers/net/wireless/realtek/rtl8xxxu/8723a.o
  CC [M]  drivers/tty/serial/8250/8250_pci1xxxx.o
  CC [M]  drivers/net/wireless/realtek/rtl8xxxu/8192c.o
  CC [M]  drivers/net/wireless/realtek/rtl8xxxu/8188f.o
  LD [M]  drivers/net/wireless/realtek/rtl818x/rtl8187/rtl8187.o
  CC      drivers/base/power/wakeup.o
  CC      drivers/base/regmap/regmap.o
  CC      drivers/base/power/wakeup_stats.o
  CC [M]  drivers/net/phy/swphy.o
  CC [M]  drivers/net/phy/mdio_devres.o
  CC [M]  drivers/net/phy/phy_package.o
  CC [M]  drivers/net/phy/sfp.o
  CC      drivers/base/regmap/regcache.o
  CC [M]  drivers/net/ethernet/realtek/rtase/rtase_main.o
  CC      drivers/base/regmap/regcache-rbtree.o
  CC      drivers/scsi/sd_dif.o
  CC      drivers/usb/common/common.o
  CC [M]  drivers/spi/spi-dw-core.o
  CC      drivers/base/pinctrl.o
  CC [M]  drivers/tty/serial/8250/8250_pericom.o
  CC [M]  drivers/ata/ahci_platform.o
  CC      drivers/gpu/drm/drm_edid.o
  CC      drivers/base/devcoredump.o
  CC [M]  drivers/net/netconsole.o
  CC [M]  drivers/net/wireless/virtual/mac80211_hwsim.o
  CC      drivers/gpu/drm/drm_eld.o
  CC [M]  drivers/net/wireless/ath/ath9k/recv.o
  CC [M]  drivers/scsi/raid_class.o
  CC [M]  drivers/scsi/sg.o
  CC      drivers/base/power/clock_ops.o
  CC [M]  drivers/net/ethernet/ethoc.o
  CC      drivers/gpu/drm/drm_encoder.o
  CC [M]  drivers/net/wireless/ralink/rt2x00/rt2x00config.o
  CC      drivers/base/regmap/regcache-flat.o
  CC      drivers/base/regmap/regcache-maple.o
  CC [M]  drivers/spi/spi-dw-dma.o
  CC [M]  drivers/spi/spi-dw-mmio.o
  CC      drivers/usb/common/led.o
  CC [M]  drivers/spi/spi-dw-pci.o
  AR      drivers/tty/serial/8250/built-in.a
  CC [M]  drivers/tty/serial/jsm/jsm_driver.o
  CC      drivers/gpu/drm/drm_file.o
  CC [M]  drivers/net/wireless/realtek/rtl8xxxu/8188e.o
  CC [M]  drivers/ata/libahci_platform.o
  CC [M]  drivers/net/wireless/realtek/rtw88/main.o
  AR      drivers/base/power/built-in.a
  CC [M]  drivers/tty/serial/jsm/jsm_neo.o
  CC [M]  drivers/tty/serial/jsm/jsm_tty.o
  CC [M]  drivers/net/phy/ax88796b.o
  CC [M]  drivers/usb/common/ulpi.o
  CC      drivers/base/regmap/regmap-debugfs.o
  CC      drivers/base/regmap/regmap-mmio.o
  AR      drivers/tty/serial/built-in.a
  CC [M]  drivers/tty/serial/jsm/jsm_cls.o
  CC [M]  drivers/spi/spi-gpio.o
  LD [M]  drivers/net/ethernet/realtek/r8169.o
  CC [M]  drivers/net/wireless/ralink/rt2x00/rt2x00queue.o
  CC [M]  drivers/net/tun.o
  CC [M]  drivers/net/wireless/ath/ath9k/xmit.o
  CC [M]  drivers/net/tap.o
  CC [M]  drivers/spi/spi-intel.o
  CC [M]  drivers/scsi/vhba/vhba.o
  AR      drivers/scsi/built-in.a
  CC      drivers/base/regmap/regmap-irq.o
  AR      drivers/ata/built-in.a
  CC      drivers/usb/core/usb.o
  AR      drivers/usb/common/built-in.a
  LD [M]  drivers/net/ethernet/realtek/rtase/rtase.o
  CC [M]  drivers/net/wireless/ath/carl9170/main.o
  CC      drivers/usb/core/hub.o
  CC      drivers/input/serio/serio.o
  CC      drivers/usb/core/hcd.o
  CC [M]  drivers/net/wireless/realtek/rtw88/mac80211.o
  CC [M]  drivers/net/wireless/realtek/rtw88/util.o
  CC [M]  drivers/net/phy/dp83640.o
  CC [M]  drivers/net/wireless/ath/carl9170/usb.o
  CC [M]  drivers/net/wireless/ath/carl9170/cmd.o
  CC      drivers/input/input.o
  LD [M]  drivers/tty/serial/jsm/jsm.o
  CC      drivers/rtc/lib.o
  AR      drivers/tty/built-in.a
  CC      drivers/rtc/class.o
  CC [M]  drivers/net/wireless/realtek/rtl8xxxu/8710b.o
  CC      drivers/rtc/interface.o
  CC      drivers/gpu/drm/drm_fourcc.o
  CC      drivers/rtc/nvmem.o
  CC [M]  drivers/spi/spi-intel-pci.o
  CC [M]  drivers/net/wireless/ath/ar5523/ar5523.o
  CC [M]  drivers/net/wireless/ralink/rt2x00/rt2x00link.o
  CC      drivers/input/serio/i8042.o
  CC      drivers/input/serio/libps2.o
  CC [M]  drivers/net/wireless/ath/ath10k/mac.o
  CC [M]  drivers/base/regmap/regmap-i2c.o
  CC [M]  drivers/net/wireless/ath/ath10k/debug.o
  CC      drivers/gpu/drm/drm_framebuffer.o
  CC [M]  drivers/net/wireless/ath/ath10k/core.o
  CC [M]  drivers/net/wireless/virtual/virt_wifi.o
  CC [M]  drivers/input/serio/serport.o
  CC [M]  drivers/net/phy/fixed_phy.o
  CC [M]  drivers/net/wireless/ath/ath10k/htc.o
  CC [M]  drivers/net/wireless/realtek/rtw88/debug.o
  CC [M]  drivers/net/wireless/ath/carl9170/mac.o
  CC [M]  drivers/net/wireless/ath/ath10k/htt.o
  CC      drivers/rtc/dev.o
  CC [M]  drivers/spi/spi-intel-platform.o
  CC [M]  drivers/net/wireless/realtek/rtl8xxxu/8192f.o
  CC      drivers/input/input-compat.o
  CC      drivers/rtc/proc.o
  CC [M]  drivers/net/wireless/ath/ath9k/link.o
  CC [M]  drivers/net/wireless/ath/ath10k/htt_rx.o
  CC [M]  drivers/net/wireless/ralink/rt2x00/rt2x00crypto.o
  CC [M]  drivers/base/regmap/regmap-spi.o
  CC [M]  drivers/spi/spi-mxic.o
  CC [M]  drivers/net/wireless/ath/ath10k/htt_tx.o
  CC      drivers/gpu/drm/drm_gem.o
  CC      drivers/input/input-mt.o
  CC      drivers/usb/core/urb.o
  CC [M]  drivers/input/serio/pcips2.o
  CC [M]  drivers/net/wireless/ralink/rt2x00/rt2x00firmware.o
  CC [M]  drivers/spi/spi-oc-tiny.o
  CC [M]  drivers/spi/spi-pci1xxxx.o
  CC [M]  drivers/net/phy/mxl-gpy.o
  CC      drivers/usb/core/message.o
  CC      drivers/rtc/sysfs.o
  CC [M]  drivers/net/wireless/realtek/rtw88/tx.o
  CC [M]  drivers/net/wireless/ath/ath10k/txrx.o
  CC      drivers/i2c/i2c-boardinfo.o
  CC [M]  drivers/base/regmap/regmap-sdw.o
  CC [M]  drivers/net/wireless/ath/carl9170/phy.o
  LD [M]  drivers/net/wireless/realtek/rtl8xxxu/rtl8xxxu.o
  CC [M]  drivers/net/wireless/ath/carl9170/led.o
  CC [M]  drivers/base/regmap/regmap-sdw-mbq.o
  CC [M]  drivers/net/wireless/ath/ath9k/antenna.o
  CC      drivers/input/input-poller.o
  CC [M]  drivers/input/serio/ps2mult.o
  CC [M]  drivers/net/wireless/ralink/rt2x00/rt2x00leds.o
  CC [M]  drivers/net/phy/microchip.o
  CC [M]  drivers/net/phy/smsc.o
  CC [M]  drivers/net/phy/ste10Xp.o
  CC [M]  drivers/net/wireless/realtek/rtw89/core.o
  CC      drivers/rtc/rtc-mc146818-lib.o
  CC      drivers/rtc/rtc-cmos.o
  CC [M]  drivers/net/wireless/realtek/rtw89/mac80211.o
  CC      drivers/i2c/i2c-core-base.o
  CC [M]  drivers/spi/spi-pxa2xx.o
  CC      drivers/input/ff-core.o
  CC [M]  drivers/input/serio/serio_raw.o
  CC [M]  drivers/net/wireless/realtek/rtw89/mac.o
  CC [M]  drivers/net/wireless/realtek/rtw88/rx.o
  CC      drivers/gpu/drm/drm_ioctl.o
  CC      drivers/usb/core/driver.o
  CC [M]  drivers/net/veth.o
  CC [M]  drivers/net/geneve.o
  AR      drivers/base/regmap/built-in.a
  CC      drivers/base/platform-msi.o
  CC [M]  drivers/net/vrf.o
  CC [M]  drivers/net/wireless/ath/ath9k/channel.o
  CC [M]  drivers/net/mhi_net.o
  CC      drivers/i2c/i2c-core-smbus.o
  CC [M]  drivers/media/common/videobuf2/videobuf2-core.o
  CC [M]  drivers/net/phy/aquantia/aquantia_main.o
  AR      drivers/rtc/built-in.a
  CC [M]  drivers/media/common/videobuf2/frame_vector.o
  CC      drivers/input/touchscreen.o
  CC [M]  drivers/net/wireless/ralink/rt2x00/rt2x00usb.o
  CC [M]  drivers/input/serio/ps2-gpio.o
  CC [M]  drivers/media/common/videobuf2/videobuf2-memops.o
  CC [M]  drivers/net/wireless/ath/carl9170/fw.o
  CC      drivers/base/physical_location.o
  CC [M]  drivers/net/wireless/ath/ath10k/wmi.o
  CC [M]  drivers/spi/spi-pxa2xx-dma.o
  CC      drivers/gpu/drm/drm_lease.o
  CC [M]  drivers/net/wireless/realtek/rtw88/mac.o
  CC      drivers/usb/core/config.o
  CC      drivers/input/touch-overlay.o
  CC      drivers/gpu/drm/drm_managed.o
  CC [M]  drivers/input/serio/userio.o
  CC      drivers/gpu/drm/drm_mm.o
  CC [M]  drivers/net/wireless/ath/ath9k/mci.o
  CC      drivers/i2c/i2c-core-acpi.o
  CC [M]  drivers/net/wireless/ath/ath9k/pci.o
  CC [M]  drivers/net/wireless/ath/carl9170/tx.o
  AR      drivers/base/built-in.a
  CC [M]  drivers/net/phy/realtek/realtek_main.o
  CC [M]  drivers/net/phy/realtek/realtek_hwmon.o
  CC [M]  drivers/net/phy/aquantia/aquantia_firmware.o
  CC      drivers/input/vivaldi-fmap.o
  CC [M]  drivers/spi/spi-pxa2xx-platform.o
  AR      drivers/net/phy/built-in.a
  CC [M]  drivers/net/wireless/ralink/rt2x00/rt2800lib.o
  LD [M]  drivers/net/phy/libphy.o
  CC [M]  drivers/net/net_failover.o
  AR      drivers/input/serio/built-in.a
  CC [M]  drivers/net/wireless/ath/ath9k/ar9002_hw.o
  CC      drivers/usb/core/file.o
  CC [M]  drivers/media/common/uvc.o
  CC [M]  drivers/net/wireless/ath/carl9170/rx.o
  CC [M]  drivers/media/common/videobuf2/videobuf2-v4l2.o
  CC [M]  drivers/net/phy/aquantia/aquantia_leds.o
  CC [M]  drivers/net/wireless/ath/ath11k/core.o
  CC      drivers/input/input-leds.o
  CC      drivers/gpu/drm/drm_mode_config.o
  CC      drivers/i2c/i2c-core-slave.o
  CC [M]  drivers/net/wireless/realtek/rtw88/phy.o
  CC [M]  drivers/net/wireless/realtek/rtw88/coex.o
  CC [M]  drivers/media/usb/s2255/s2255drv.o
  CC [M]  drivers/net/wireless/ralink/rt2x00/rt2500usb.o
  CC [M]  drivers/spi/spi-pxa2xx-pci.o
  CC [M]  drivers/net/wireless/ralink/rt2x00/rt73usb.o
  CC [M]  drivers/net/wireless/ralink/rt2x00/rt2800usb.o
  CC      drivers/usb/core/buffer.o
  CC      drivers/usb/phy/phy.o
  LD [M]  drivers/net/phy/realtek/realtek.o
  CC      drivers/usb/host/pci-quirks.o
  CC [M]  drivers/usb/storage/uas.o
  CC      drivers/usb/host/xhci.o
  CC      drivers/input/evdev.o
  CC      drivers/gpu/drm/drm_mode_object.o
  CC [M]  drivers/net/phy/aquantia/aquantia_hwmon.o
  CC [M]  drivers/net/wireless/realtek/rtw89/mac_be.o
  CC      drivers/input/keyboard/atkbd.o
  CC [M]  drivers/net/wireless/ath/ath9k/ar9003_hw.o
  CC [M]  drivers/i2c/algos/i2c-algo-bit.o
  CC [M]  drivers/spi/spi-sc18is602.o
  CC [M]  drivers/media/common/videobuf2/videobuf2-vmalloc.o
  CC      drivers/usb/core/sysfs.o
  CC [M]  drivers/usb/phy/phy-generic.o
  LD [M]  drivers/net/wireless/ath/carl9170/carl9170.o
  CC [M]  drivers/usb/phy/phy-gpio-vbus-usb.o
  CC [M]  drivers/net/wireless/ath/ath11k/hal.o
  CC [M]  drivers/usb/phy/phy-isp1301.o
  CC      drivers/usb/host/xhci-mem.o
  CC      drivers/usb/host/xhci-ext-caps.o
  CC [M]  drivers/net/wireless/ath/ath10k/wmi-tlv.o
  CC [M]  drivers/media/usb/uvc/uvc_driver.o
  CC [M]  drivers/usb/storage/scsiglue.o
  CC [M]  drivers/usb/storage/protocol.o
  LD [M]  drivers/media/common/videobuf2/videobuf2-common.o
  CC [M]  drivers/net/wireless/realtek/rtw88/efuse.o
  CC      drivers/gpu/drm/drm_modes.o
  CC [M]  drivers/spi/spi-tle62x0.o
  CC      drivers/i2c/busses/i2c-ccgx-ucsi.o
  LD [M]  drivers/net/phy/aquantia/aquantia.o
  CC      drivers/i2c/busses/i2c-designware-common.o
  CC [M]  drivers/net/wireless/realtek/rtw89/phy.o
  CC      drivers/usb/core/endpoint.o
  CC [M]  drivers/input/keyboard/adp5588-keys.o
  CC [M]  drivers/media/usb/uvc/uvc_queue.o
  CC [M]  drivers/i2c/algos/i2c-algo-pca.o
  CC [M]  drivers/ptp/ptp_clock.o
  AR      drivers/usb/phy/built-in.a
  CC [M]  drivers/ptp/ptp_chardev.o
  CC [M]  drivers/ptp/ptp_sysfs.o
  CC [M]  drivers/net/wireless/ath/ath9k/hw.o
  CC [M]  drivers/net/wireless/realtek/rtw89/phy_be.o
  CC [M]  drivers/spi/spi-virtio.o
  CC [M]  drivers/usb/storage/transport.o
  CC      drivers/usb/core/devio.o
  CC [M]  drivers/usb/storage/usb.o
  CC [M]  drivers/usb/storage/initializers.o
  CC [M]  drivers/net/wireless/ath/ath11k/hal_tx.o
  CC [M]  drivers/usb/storage/sierra_ms.o
  CC [M]  drivers/net/wireless/realtek/rtw88/fw.o
  CC      drivers/i2c/busses/i2c-designware-master.o
  CC      drivers/usb/host/xhci-ring.o
  CC [M]  drivers/input/keyboard/cypress-sf.o
  CC [M]  drivers/input/mouse/cyapa.o
  CC [M]  drivers/net/wireless/realtek/rtw89/fw.o
  CC      drivers/gpu/drm/drm_modeset_lock.o
  CC [M]  drivers/net/bonding/bond_main.o
  CC [M]  drivers/i2c/muxes/i2c-mux-gpio.o
  CC [M]  drivers/ptp/ptp_vclock.o
  CC [M]  drivers/net/bonding/bond_3ad.o
  CC [M]  drivers/media/usb/uvc/uvc_v4l2.o
  CC [M]  drivers/spi/spi-xcomm.o
  CC [M]  drivers/i2c/muxes/i2c-mux-ltc4306.o
  CC [M]  drivers/i2c/i2c-smbus.o
  CC [M]  drivers/input/mouse/cyapa_gen3.o
  CC [M]  drivers/usb/storage/option_ms.o
  CC      drivers/gpu/drm/drm_plane.o
  CC      drivers/i2c/busses/i2c-designware-slave.o
  CC [M]  drivers/media/usb/uvc/uvc_video.o
  CC [M]  drivers/net/bonding/bond_alb.o
  CC [M]  drivers/input/keyboard/dlink-dir685-touchkeys.o
  CC [M]  drivers/net/wireless/ath/ath10k/bmi.o
  CC [M]  drivers/net/wireless/ath/ath11k/hal_rx.o
  CC      drivers/usb/core/notify.o
  CC [M]  drivers/ptp/ptp_ines.o
  CC [M]  drivers/spi/spi-slave-time.o
  CC [M]  drivers/net/wireless/ath/ath9k/ar9003_phy.o
  CC [M]  drivers/ptp/ptp_vmclock.o
  CC [M]  drivers/usb/storage/usual-tables.o
  CC [M]  drivers/net/bonding/bond_sysfs.o
  CC [M]  drivers/input/mouse/cyapa_gen5.o
  CC [M]  drivers/i2c/muxes/i2c-mux-mlxcpld.o
  CC [M]  drivers/input/keyboard/gpio_keys.o
  CC      drivers/i2c/busses/i2c-designware-platdrv.o
  CC      drivers/usb/serial/usb-serial.o
  CC      drivers/usb/host/xhci-hub.o
  CC      drivers/usb/serial/generic.o
  CC      drivers/gpu/drm/drm_prime.o
  CC [M]  drivers/net/wireless/realtek/rtw88/ps.o
  CC      drivers/usb/core/generic.o
  CC [M]  drivers/spi/spi-slave-system-control.o
  CC [M]  drivers/usb/storage/realtek_cr.o
  CC      drivers/i2c/busses/i2c-designware-baytrail.o
  CC [M]  drivers/i2c/muxes/i2c-mux-pca9541.o
  CC [M]  drivers/net/wireless/ath/ath10k/hw.o
  CC [M]  drivers/media/usb/uvc/uvc_ctrl.o
  CC [M]  drivers/media/usb/uvc/uvc_status.o
  CC [M]  drivers/net/wireless/ath/ath9k/ar9002_phy.o
  CC [M]  drivers/net/wireless/realtek/rtw89/cam.o
  CC [M]  drivers/ptp/ptp_clockmatrix.o
  CC [M]  drivers/input/keyboard/gpio_keys_polled.o
  CC      drivers/usb/core/quirks.o
  CC [M]  drivers/input/mouse/cyapa_gen6.o
  CC      drivers/i2c/busses/i2c-designware-pcidrv.o
  CC      drivers/gpu/drm/drm_print.o
  CC      drivers/usb/serial/bus.o
  CC      drivers/usb/serial/console.o
  CC [M]  drivers/net/bonding/bond_sysfs_slave.o
  CC [M]  drivers/spi/spi-offload-trigger-pwm.o
  LD [M]  drivers/usb/storage/usb-storage.o
  LD [M]  drivers/usb/storage/ums-realtek.o
  CC [M]  drivers/i2c/i2c-dev.o
  CC      drivers/power/reset/restart-poweroff.o
  CC      drivers/usb/host/xhci-dbg.o
  CC [M]  drivers/i2c/muxes/i2c-mux-pca954x.o
  CC [M]  drivers/net/wireless/realtek/rtw88/sec.o
  CC [M]  drivers/input/keyboard/tca8418_keypad.o
  CC      drivers/usb/core/devices.o
  CC      drivers/gpu/drm/drm_property.o
  CC [M]  drivers/net/wireless/ath/ath11k/wmi.o
  CC [M]  drivers/i2c/muxes/i2c-mux-reg.o
  CC [M]  drivers/input/mouse/elan_i2c_core.o
  CC      drivers/usb/core/phy.o
  CC [M]  drivers/usb/serial/ch341.o
  AR      drivers/power/reset/built-in.a
  CC [M]  drivers/spi/spi-offload-trigger-adi-util-sigma-delta.o
  CC      drivers/power/supply/power_supply_core.o
  CC [M]  drivers/net/wireless/ath/ath9k/ar5008_phy.o
  CC      drivers/usb/core/port.o
  CC      drivers/usb/host/xhci-trace.o
  CC [M]  drivers/i2c/busses/i2c-scmi.o
  CC [M]  drivers/net/wireless/ath/ath10k/p2p.o
  CC [M]  drivers/ptp/ptp_fc3.o
  CC [M]  drivers/net/bonding/bond_debugfs.o
  CC [M]  drivers/net/bonding/bond_netlink.o
  CC [M]  drivers/net/bonding/bond_options.o
  CC [M]  drivers/input/keyboard/lkkbd.o
  CC [M]  drivers/media/usb/uvc/uvc_isight.o
  CC [M]  drivers/net/bonding/bond_procfs.o
  CC [M]  drivers/i2c/i2c-mux.o
  AR      drivers/spi/built-in.a
  LD [M]  drivers/spi/spi-dw.o
  CC      drivers/gpu/drm/drm_rect.o
  LD [M]  drivers/spi/spi-pxa2xx-core.o
  CC      drivers/gpu/drm/drm_syncobj.o
  CC [M]  drivers/usb/serial/cp210x.o
  CC [M]  drivers/net/wireless/realtek/rtw88/bf.o
  CC [M]  drivers/usb/serial/ftdi_sio.o
  CC      drivers/usb/host/xhci-dbgcap.o
  CC [M]  drivers/net/wireless/realtek/rtw89/efuse.o
  CC [M]  drivers/usb/serial/option.o
  CC      drivers/usb/core/trace.o
  CC [M]  drivers/i2c/busses/i2c-ali1535.o
  CC [M]  drivers/input/mouse/elan_i2c_i2c.o
  CC      drivers/power/supply/power_supply_sysfs.o
  CC [M]  drivers/ptp/ptp_idt82p33.o
  CC [M]  drivers/input/keyboard/lm8323.o
  CC [M]  drivers/net/wireless/ath/ath9k/ar9002_calib.o
  CC      drivers/power/supply/power_supply_leds.o
  CC [M]  drivers/net/wireless/ath/ath10k/swap.o
  CC      drivers/usb/core/offload.o
  CC      drivers/usb/core/hcd-pci.o
  CC [M]  drivers/input/keyboard/lm8333.o
  CC [M]  drivers/input/keyboard/matrix_keypad.o
  LD [M]  drivers/net/wireless/ath/ath.o
  CC [M]  drivers/i2c/busses/i2c-ali1563.o
  CC [M]  drivers/media/usb/uvc/uvc_debugfs.o
  CC [M]  drivers/usb/serial/pl2303.o
  CC [M]  drivers/media/usb/uvc/uvc_metadata.o
  CC [M]  drivers/usb/misc/ezusb.o
  CC [M]  drivers/net/wireless/realtek/rtw88/sar.o
  CC      drivers/power/supply/power_supply_hwmon.o
  LD [M]  drivers/net/wireless/ralink/rt2x00/rt2x00lib.o
  CC [M]  drivers/net/wireless/realtek/rtw88/regd.o
  CC [M]  drivers/input/mouse/elan_i2c_smbus.o
  CC [M]  drivers/input/mouse/gpio_mouse.o
  CC      drivers/usb/host/xhci-dbgtty.o
  LD [M]  drivers/net/bonding/bonding.o
  CC      drivers/usb/host/xhci-debugfs.o
  CC      drivers/gpu/drm/drm_sysfs.o
  CC [M]  drivers/input/joystick/xpad.o
  CC [M]  drivers/media/mc/mc-device.o
  CC [M]  drivers/net/wireless/realtek/rtw89/efuse_be.o
  CC [M]  drivers/media/v4l2-core/v4l2-async.o
  CC [M]  drivers/ptp/ptp_mock.o
  CC [M]  drivers/net/wireless/ath/ath9k/ar9003_calib.o
  CC [M]  drivers/ptp/ptp_netc.o
  CC [M]  drivers/net/wireless/realtek/rtw88/wow.o
  CC [M]  drivers/input/keyboard/max7359_keypad.o
  CC [M]  drivers/i2c/busses/i2c-ali15x3.o
  CC [M]  drivers/i2c/busses/i2c-i801.o
  CC [M]  drivers/i2c/busses/i2c-isch.o
  CC      drivers/usb/core/usb-acpi.o
  CC [M]  drivers/usb/serial/qcserial.o
  CC [M]  drivers/power/supply/stc3117_fuel_gauge.o
  CC [M]  drivers/media/usb/uvc/uvc_entity.o
  CC [M]  drivers/net/wireless/ath/ath10k/thermal.o
  CC [M]  drivers/i2c/busses/i2c-ismt.o
  CC [M]  drivers/input/mouse/psmouse-base.o
  CC      drivers/usb/host/xhci-sideband.o
  CC [M]  drivers/input/mouse/synaptics.o
  CC      drivers/gpu/drm/drm_trace_points.o
  CC [M]  drivers/media/mc/mc-devnode.o
  CC [M]  drivers/net/wireless/ath/ath10k/leds.o
  CC [M]  drivers/power/supply/mm8013.o
  CC [M]  drivers/media/v4l2-core/v4l2-flash-led-class.o
  CC [M]  drivers/usb/serial/sierra.o
  LD [M]  drivers/ptp/ptp.o
  CC [M]  drivers/net/wireless/realtek/rtw89/regd.o
  CC [M]  drivers/net/ipvlan/ipvlan_core.o
  CC [M]  drivers/input/keyboard/mpr121_touchkey.o
  CC [M]  drivers/net/wireless/ath/ath11k/mac.o
  CC [M]  drivers/net/wireless/ath/ath11k/reg.o
  CC [M]  drivers/net/ipvlan/ipvlan_main.o
  CC [M]  drivers/usb/core/ledtrig-usbport.o
  CC [M]  drivers/net/ipvlan/ipvlan_l3s.o
  LD [M]  drivers/media/usb/uvc/uvcvideo.o
  CC [M]  drivers/input/keyboard/newtonkbd.o
  CC [M]  drivers/input/tablet/acecad.o
  CC      drivers/gpu/drm/drm_vblank.o
  CC [M]  drivers/net/wireless/ath/ath9k/calib.o
  CC [M]  drivers/net/wireless/realtek/rtw88/led.o
  CC      drivers/usb/host/xhci-pci.o
  CC [M]  drivers/input/keyboard/opencores-kbd.o
  CC [M]  drivers/i2c/busses/i2c-nforce2.o
  CC [M]  drivers/input/mouse/focaltech.o
  CC [M]  drivers/i2c/busses/i2c-nvidia-gpu.o
  CC [M]  drivers/usb/serial/usb-serial-simple.o
  CC [M]  drivers/media/mc/mc-entity.o
  CC [M]  drivers/input/mouse/alps.o
  AR      drivers/power/supply/built-in.a
  CC [M]  drivers/net/wireless/ath/ath10k/debugfs_sta.o
  AR      drivers/power/built-in.a
  CC [M]  drivers/input/mouse/byd.o
  CC [M]  drivers/input/tablet/aiptek.o
  CC [M]  drivers/i2c/busses/i2c-piix4.o
  CC [M]  drivers/input/keyboard/pinephone-keyboard.o
  AR      drivers/usb/core/built-in.a
  CC [M]  drivers/input/mouse/elantech.o
  CC [M]  drivers/media/v4l2-core/v4l2loopback.o
  CC [M]  drivers/usb/host/xhci-pci-renesas.o
  CC [M]  drivers/usb/serial/usb_wwan.o
  CC [M]  drivers/net/wireless/realtek/rtw89/sar.o
  CC [M]  drivers/net/wireless/realtek/rtw88/rtw8822c.o
  CC [M]  drivers/net/wireless/ath/ath11k/htc.o
  CC [M]  drivers/net/wireless/realtek/rtw88/rtw8822c_table.o
  CC      drivers/gpu/drm/drm_vblank_work.o
  CC [M]  drivers/net/wireless/ath/ath9k/eeprom.o
  CC      drivers/gpu/drm/drm_vma_manager.o
  CC      drivers/gpu/drm/drm_writeback.o
  CC      drivers/gpu/drm/drm_client.o
  CC      drivers/gpu/drm/drm_client_event.o
  CC      drivers/gpu/drm/drm_client_modeset.o
  CC [M]  drivers/net/ipvlan/ipvtap.o
  CC [M]  drivers/media/cec/core/cec-core.o
  CC [M]  drivers/input/keyboard/qt1050.o
  CC [M]  drivers/i2c/busses/i2c-sis5595.o
  CC [M]  drivers/input/tablet/hanwang.o
  CC [M]  drivers/input/keyboard/qt1070.o
  CC [M]  drivers/media/mc/mc-request.o
  CC [M]  drivers/net/wireless/ath/ath10k/wow.o
  CC [M]  drivers/input/keyboard/qt2160.o
  CC [M]  drivers/usb/host/xhci-plat.o
  CC [M]  drivers/input/keyboard/stowaway.o
  CC [M]  drivers/input/mouse/logips2pp.o
  AR      drivers/usb/serial/built-in.a
  CC [M]  drivers/media/mc/mc-dev-allocator.o
  CC [M]  drivers/input/keyboard/sunkbd.o
  CC [M]  drivers/media/cec/core/cec-adap.o
  CC [M]  drivers/input/keyboard/tm2-touchkey.o
  CC [M]  drivers/input/keyboard/xtkbd.o
  CC [M]  drivers/usb/mon/mon_main.o
  CC [M]  drivers/net/wireless/realtek/rtw89/coex.o
  CC [M]  drivers/input/tablet/kbtab.o
  CC [M]  drivers/media/v4l2-core/v4l2-dv-timings.o
  CC [M]  drivers/input/tablet/pegasus_notetaker.o
  CC [M]  drivers/input/tablet/wacom_serial4.o
  CC [M]  drivers/net/wireless/ath/ath10k/coredump.o
  LD [M]  drivers/net/ipvlan/ipvlan.o
  CC [M]  drivers/input/mouse/lifebook.o
  CC [M]  drivers/net/wireless/ath/ath9k/eeprom_def.o
  CC [M]  drivers/net/wireless/realtek/rtw88/rtw8822ce.o
  CC      drivers/gpu/drm/drm_client_sysrq.o
  CC      drivers/gpu/drm/drm_ioc32.o
  CC [M]  drivers/i2c/busses/i2c-sis630.o
  CC [M]  drivers/net/wireless/ath/ath9k/eeprom_4k.o
  CC      drivers/hwmon/hwmon.o
  CC      drivers/gpu/drm/drm_panel.o
  LD [M]  drivers/media/mc/mc.o
  AR      drivers/usb/host/built-in.a
  LD [M]  drivers/usb/host/xhci-plat-hcd.o
  CC [M]  drivers/hwmon/coretemp.o
  CC [M]  drivers/hwmon/drivetemp.o
  CC [M]  drivers/usb/mon/mon_stat.o
  CC [M]  drivers/hwmon/k10temp.o
  CC [M]  drivers/hwmon/max31827.o
  CC      drivers/gpu/drm/drm_pci.o
  AR      drivers/input/keyboard/built-in.a
  CC [M]  drivers/i2c/i2c-stub.o
  CC [M]  drivers/media/cec/core/cec-api.o
  CC [M]  drivers/input/mouse/sentelic.o
  CC [M]  drivers/input/mouse/trackpoint.o
  CC [M]  drivers/usb/mon/mon_text.o
  CC [M]  drivers/i2c/busses/i2c-sis96x.o
  CC [M]  drivers/net/wireguard/main.o
  CC [M]  drivers/media/v4l2-core/v4l2-dev.o
  CC [M]  drivers/net/wireguard/noise.o
  CC [M]  drivers/net/wireguard/device.o
  CC [M]  drivers/net/wireless/ath/ath9k/eeprom_9287.o
  CC [M]  drivers/input/mouse/touchkit_ps2.o
  CC      drivers/thermal/thermal_core.o
  CC [M]  drivers/net/wireless/ath/ath10k/ce.o
  CC [M]  drivers/media/v4l2-core/v4l2-ioctl.o
  CC [M]  drivers/net/wireless/ath/ath11k/qmi.o
  CC [M]  drivers/usb/class/cdc-acm.o
  CC [M]  drivers/net/wireless/realtek/rtw88/pci.o
  CC [M]  drivers/usb/typec/class.o
  CC [M]  drivers/hwmon/sht3x.o
  CC [M]  drivers/usb/typec/mux.o
  CC [M]  drivers/media/cec/core/cec-notifier.o
  CC [M]  drivers/usb/typec/bus.o
  CC      drivers/gpu/drm/drm_debugfs.o
  CC [M]  drivers/usb/mon/mon_bin.o
  CC [M]  drivers/usb/typec/pd.o
  CC [M]  drivers/i2c/busses/i2c-via.o
  CC [M]  drivers/input/mouse/cypress_ps2.o
  CC [M]  drivers/usb/typec/retimer.o
  CC [M]  drivers/net/wireguard/peer.o
  CC [M]  drivers/net/wireless/ath/ath9k/ani.o
  CC [M]  drivers/net/vxlan/vxlan_core.o
  CC [M]  drivers/net/vxlan/vxlan_multicast.o
  CC      drivers/thermal/thermal_sysfs.o
  CC [M]  drivers/usb/class/usblp.o
  CC [M]  drivers/media/v4l2-core/v4l2-device.o
  LD [M]  drivers/net/wireless/realtek/rtw88/rtw88_core.o
  LD [M]  drivers/media/cec/core/cec.o
  CC [M]  drivers/net/wireless/realtek/rtw89/ps.o
  CC [M]  drivers/input/mouse/psmouse-smbus.o
  CC [M]  drivers/usb/roles/class.o
  CC [M]  drivers/hwmon/sht4x.o
  CC [M]  drivers/usb/roles/intel-xhci-usb-role-switch.o
  CC [M]  drivers/net/wireless/ath/ath10k/pci.o
  CC [M]  drivers/usb/typec/mode_selection.o
  CC [M]  drivers/hwmon/spd5118.o
  CC [M]  drivers/usb/class/cdc-wdm.o
  LD [M]  drivers/usb/mon/usbmon.o
  CC [M]  drivers/i2c/busses/i2c-viapro.o
  AR      drivers/usb/built-in.a
  CC [M]  drivers/i2c/busses/i2c-viai2c-zhaoxin.o
  CC      drivers/gpu/drm/drm_debugfs_crc.o
  CC      drivers/thermal/thermal_trip.o
  CC      drivers/thermal/thermal_helpers.o
  CC [M]  drivers/net/wireless/ath/ath11k/dp.o
  LD [M]  drivers/net/wireless/realtek/rtw88/rtw88_8822c.o
  LD [M]  drivers/net/wireless/realtek/rtw88/rtw88_8822ce.o
  LD [M]  drivers/net/wireless/realtek/rtw88/rtw88_pci.o
  CC      drivers/thermal/thermal_thresholds.o
  CC      drivers/gpu/drm/drm_edid_load.o
  CC [M]  drivers/net/wireless/ath/ath9k/mac.o
  LD [M]  drivers/net/wireless/ath/ath10k/ath10k_core.o
  CC [M]  drivers/media/v4l2-core/v4l2-fh.o
  CC [M]  drivers/usb/typec/port-mapper.o
  LD [M]  drivers/usb/roles/roles.o
  CC [M]  drivers/media/v4l2-core/v4l2-event.o
  CC [M]  drivers/media/v4l2-core/v4l2-subdev.o
  CC [M]  drivers/net/wireless/ath/ath9k/ar9002_mac.o
  CC      drivers/watchdog/watchdog_core.o
  CC [M]  drivers/net/wireguard/timers.o
  CC [M]  drivers/net/wireless/ath/ath11k/dp_tx.o
  CC      drivers/edac/edac_mc.o
  CC [M]  drivers/i2c/busses/i2c-viai2c-common.o
  CC      drivers/md/dm-builtin.o
  CC [M]  drivers/input/mouse/sermouse.o
  CC [M]  drivers/hwmon/occ/common.o
  CC [M]  drivers/md/raid1.o
  CC      drivers/thermal/thermal_netlink.o
  CC [M]  drivers/md/raid10.o
  CC [M]  drivers/net/wireless/realtek/rtw89/chan.o
  CC      drivers/gpu/drm/drm_privacy_screen.o
  CC [M]  drivers/usb/typec/altmodes/displayport.o
  CC [M]  drivers/usb/typec/ucsi/ucsi.o
  CC [M]  drivers/net/wireless/ath/ath9k/ar9003_mac.o
  CC [M]  drivers/usb/typec/altmodes/nvidia.o
  CC [M]  drivers/net/wireguard/queueing.o
  CC      drivers/watchdog/watchdog_dev.o
  CC [M]  drivers/input/mouse/synaptics_i2c.o
  CC [M]  drivers/usb/typec/ucsi/debugfs.o
  CC [M]  drivers/hwmon/occ/sysfs.o
  CC [M]  drivers/i2c/busses/i2c-cbus-gpio.o
  LD [M]  drivers/net/wireless/ath/ath10k/ath10k_pci.o
  CC [M]  drivers/usb/typec/ucsi/psy.o
  CC      drivers/cpufreq/cpufreq.o
  CC      drivers/cpuidle/cpuidle.o
  CC [M]  drivers/hwmon/occ/p8_i2c.o
  CC      drivers/gpu/drm/drm_privacy_screen_x86.o
  CC      drivers/edac/edac_device.o
  CC      drivers/gpu/drm/../../accel/drm_accel.o
  CC [M]  drivers/media/v4l2-core/v4l2-common.o
  CC      drivers/edac/edac_mc_sysfs.o
  CC [M]  drivers/net/vxlan/vxlan_vnifilter.o
  CC [M]  drivers/net/vxlan/vxlan_mdb.o
  CC      drivers/thermal/thermal_hwmon.o
  CC      drivers/edac/edac_module.o
  CC [M]  drivers/net/wireless/ath/ath9k/ar9003_eeprom.o
  CC [M]  drivers/usb/typec/altmodes/thunderbolt.o
  LD [M]  drivers/hwmon/occ/occ-hwmon-common.o
  CC      drivers/edac/edac_device_sysfs.o
  CC [M]  drivers/usb/typec/ucsi/displayport.o
  CC      drivers/gpu/drm/drm_panic.o
  CC [M]  drivers/i2c/busses/i2c-emev2.o
  CC      drivers/watchdog/watchdog_pretimeout.o
  CC [M]  drivers/net/wireguard/send.o
  CC [M]  drivers/net/wireless/ath/ath11k/dp_rx.o
  LD [M]  drivers/hwmon/occ/occ-p8-hwmon.o
  CC [M]  drivers/input/mouse/synaptics_usb.o
  CC [M]  drivers/hwmon/pmbus/pmbus_core.o
  CC [M]  drivers/input/mouse/vsxxxaa.o
  CC [M]  drivers/usb/typec/ucsi/thunderbolt.o
  CC      drivers/thermal/gov_fair_share.o
  CC      drivers/cpuidle/driver.o
  CC      drivers/thermal/gov_bang_bang.o
  CC [M]  drivers/net/wireless/ath/ath9k/ar9003_paprd.o
  AR      drivers/hwmon/built-in.a
  CC [M]  drivers/md/raid5.o
  CC [M]  drivers/media/v4l2-core/v4l2-ctrls-core.o
  LD [M]  drivers/usb/typec/altmodes/typec_displayport.o
  CC [M]  drivers/media/v4l2-core/v4l2-ctrls-api.o
  LD [M]  drivers/usb/typec/altmodes/typec_nvidia.o
  CC [M]  drivers/net/wireless/realtek/rtw89/ser.o
  LD [M]  drivers/usb/typec/altmodes/typec_thunderbolt.o
  CC      drivers/watchdog/pretimeout_panic.o
  CC      drivers/edac/wq.o
  CC      drivers/cpufreq/freq_table.o
  CC      drivers/gpu/drm/drm_draw.o
  CC [M]  drivers/i2c/busses/i2c-gpio.o
  CC [M]  drivers/usb/typec/ucsi/ucsi_acpi.o
  CC [M]  drivers/i2c/busses/i2c-ocores.o
  CC      drivers/gpu/drm/drm_panel_orientation_quirks.o
  CC      drivers/gpu/drm/drm_gem_shmem_helper.o
  CC      drivers/cpuidle/governor.o
  CC      drivers/thermal/gov_step_wise.o
  CC [M]  drivers/usb/typec/ucsi/ucsi_ccg.o
  CC [M]  drivers/input/misc/ad714x.o
  LD [M]  drivers/input/mouse/cyapatp.o
  LD [M]  drivers/input/mouse/elan_i2c.o
  LD [M]  drivers/input/mouse/psmouse.o
  CC [M]  drivers/input/misc/ad714x-i2c.o
  CC [M]  drivers/watchdog/pretimeout_noop.o
  CC [M]  drivers/input/misc/ad714x-spi.o
  CC      drivers/edac/scrub.o
  LD [M]  drivers/net/vxlan/vxlan.o
  CC      drivers/edac/ecs.o
  CC      drivers/cpufreq/cpufreq_stats.o
  CC      drivers/edac/mem_repair.o
  CC      drivers/cpuidle/sysfs.o
  CC [M]  drivers/net/wireguard/receive.o
  CC [M]  drivers/net/wireguard/socket.o
  CC [M]  drivers/net/wireguard/peerlookup.o
  CC [M]  drivers/watchdog/iTCO_wdt.o
  CC [M]  drivers/i2c/busses/i2c-pca-platform.o
  LD [M]  drivers/usb/typec/typec.o
  CC [M]  drivers/net/wireless/ath/ath11k/debug.o
  CC [M]  drivers/md/raid5-cache.o
  CC      drivers/thermal/gov_user_space.o
  CC [M]  drivers/net/wireless/ath/ath11k/ce.o
  CC [M]  drivers/net/wireless/realtek/rtw89/acpi.o
  CC [M]  drivers/net/wireless/ath/ath11k/peer.o
  CC [M]  drivers/net/wireless/ath/ath11k/dbring.o
  CC [M]  drivers/input/misc/adxl34x.o
  CC      drivers/gpu/drm/drm_fbdev_shmem.o
  CC [M]  drivers/media/v4l2-core/v4l2-ctrls-request.o
  CC      drivers/gpu/drm/drm_atomic_helper.o
  CC [M]  drivers/input/misc/adxl34x-i2c.o
  CC      drivers/cpufreq/cpufreq_performance.o
  CC      drivers/cpuidle/governors/menu.o
  CC      drivers/edac/edac_pci.o
  CC [M]  drivers/usb/typec/ucsi/ucsi_stm32g0.o
  CC      drivers/thermal/gov_power_allocator.o
  CC [M]  drivers/watchdog/softdog.o
  CC [M]  drivers/i2c/busses/i2c-simtec.o
  CC [M]  drivers/net/wireless/ath/ath9k/btcoex.o
  CC [M]  drivers/net/wireless/ath/ath9k/ar9003_mci.o
  AR      drivers/cpuidle/governors/built-in.a
  CC      drivers/cpuidle/poll_state.o
  CC      drivers/cpufreq/cpufreq_governor_attr_set.o
  CC [M]  drivers/media/v4l2-core/v4l2-ctrls-defs.o
  CC [M]  drivers/net/wireless/ath/ath9k/ar9003_aic.o
  CC [M]  drivers/input/misc/adxl34x-spi.o
  CC [M]  drivers/i2c/i2c-slave-eeprom.o
  CC      drivers/cpufreq/amd-pstate.o
  AR      drivers/cpuidle/built-in.a
  CC [M]  drivers/net/wireless/ath/ath9k/ar9003_rtt.o
  CC      drivers/edac/edac_pci_sysfs.o
  AR      drivers/watchdog/built-in.a
  CC [M]  drivers/media/v4l2-core/v4l2-compat-ioctl32.o
  CC [M]  drivers/net/wireless/realtek/rtw89/util.o
  CC      drivers/edac/ghes_edac.o
  CC      drivers/thermal/intel/intel_tcc.o
  CC [M]  drivers/net/wireguard/allowedips.o
  CC [M]  drivers/input/misc/apanel.o
  CC [M]  drivers/input/misc/atlas_btns.o
  CC [M]  drivers/net/thunderbolt/main.o
  CC [M]  drivers/net/usb/catc.o
  LD [M]  drivers/usb/typec/ucsi/typec_ucsi.o
  CC [M]  drivers/i2c/busses/i2c-diolan-u2c.o
  CC [M]  drivers/net/thunderbolt/trace.o
  CC [M]  drivers/net/wireless/ath/ath11k/hw.o
  CC      drivers/thermal/intel/therm_throt.o
  CC [M]  drivers/input/misc/aw86927.o
  CC [M]  drivers/net/wireless/ath/ath11k/pcic.o
  CC [M]  drivers/input/ff-memless.o
  CC      drivers/gpu/drm/drm_atomic_state_helper.o
  CC [M]  drivers/net/usb/kaweth.o
  CC      drivers/cpufreq/amd-pstate-trace.o
  CC [M]  drivers/media/v4l2-core/v4l2-mc.o
  CC [M]  drivers/media/v4l2-core/v4l2-spi.o
  CC [M]  drivers/media/v4l2-core/v4l2-i2c.o
  AR      drivers/edac/built-in.a
  CC [M]  drivers/net/wireguard/ratelimiter.o
  CC [M]  drivers/input/misc/bma150.o
  CC [M]  drivers/net/wireless/ath/ath9k/common.o
  CC      drivers/thermal/intel/intel_hfi.o
  CC [M]  drivers/i2c/i2c-slave-testunit.o
  CC [M]  drivers/net/wireless/ath/ath9k/common-init.o
  CC [M]  drivers/md/raid5-ppl.o
  CC [M]  drivers/net/wireless/realtek/rtw89/wow.o
  CC [M]  drivers/net/wireless/ath/ath9k/common-beacon.o
  CC [M]  drivers/i2c/busses/i2c-cp2615.o
  CC [M]  drivers/net/wireless/realtek/rtw89/debug.o
  CC      drivers/gpu/drm/drm_bridge_helper.o
  CC [M]  drivers/md/md.o
  CC      drivers/cpufreq/intel_pstate.o
  CC [M]  drivers/net/wireless/ath/ath11k/fw.o
  CC [M]  drivers/net/usb/pegasus.o
  LD [M]  drivers/net/wireless/ath/ath9k/ath9k.o
  LD [M]  drivers/media/v4l2-core/videodev.o
  LD [M]  drivers/net/thunderbolt/thunderbolt_net.o
  CC [M]  drivers/md/md-bitmap.o
  CC [M]  drivers/net/wireless/ath/ath11k/p2p.o
  CC [M]  drivers/net/wireless/ath/ath11k/thermal.o
  CC [M]  drivers/net/wireless/ath/ath11k/wow.o
  CC [M]  drivers/input/misc/cm109.o
  CC [M]  drivers/i2c/busses/i2c-mchp-pci1xxxx.o
  CC [M]  drivers/thermal/intel/intel_powerclamp.o
  CC [M]  drivers/thermal/intel/x86_pkg_temp_thermal.o
  CC [M]  drivers/thermal/intel/intel_soc_dts_iosf.o
  CC [M]  drivers/thermal/intel/intel_soc_dts_thermal.o
  CC [M]  drivers/thermal/intel/intel_pch_thermal.o
  CC [M]  drivers/net/wireguard/cookie.o
  CC [M]  drivers/net/wireguard/netlink.o
  CC      drivers/gpu/drm/drm_crtc_helper.o
  CC [M]  drivers/net/wireguard/generated/netlink.o
  CC [M]  drivers/cpufreq/acpi-cpufreq.o
  LD [M]  drivers/net/wireless/ath/ath9k/ath9k_hw.o
  LD [M]  drivers/net/wireless/ath/ath9k/ath9k_common.o
  CC      drivers/gpu/drm/drm_damage_helper.o
  CC [M]  drivers/thermal/intel/intel_tcc_cooling.o
  CC [M]  drivers/input/misc/cma3000_d0x.o
  CC [M]  drivers/input/misc/cma3000_d0x_i2c.o
  CC [M]  drivers/input/misc/da7280.o
  CC [M]  drivers/i2c/busses/i2c-robotfuzz-osif.o
  CC [M]  drivers/md/dm-uevent.o
  CC [M]  drivers/net/wireless/realtek/rtw89/rtw8852a.o
  CC [M]  drivers/i2c/busses/i2c-taos-evm.o
  CC [M]  drivers/i2c/busses/i2c-tiny-usb.o
  CC [M]  drivers/md/dm.o
  CC [M]  drivers/net/usb/rtl8150.o
  CC [M]  drivers/net/usb/r8152.o
  CC [M]  drivers/net/usb/hso.o
  CC [M]  drivers/net/usb/lan78xx.o
  AR      drivers/thermal/intel/built-in.a
  CC [M]  drivers/thermal/intel/int340x_thermal/int3400_thermal.o
  CC [M]  drivers/input/misc/e3x0-button.o
  CC [M]  drivers/input/misc/drv260x.o
  CC      drivers/gpu/drm/drm_flip_work.o
  CC [M]  drivers/input/misc/drv2665.o
  CC [M]  drivers/net/wireless/ath/ath11k/coredump.o
  CC [M]  drivers/input/misc/drv2667.o
  CC [M]  drivers/input/misc/gpio-beeper.o
  CC [M]  drivers/thermal/intel/int340x_thermal/int340x_thermal_zone.o
  CC [M]  drivers/md/dm-table.o
  CC [M]  drivers/net/wireless/ath/ath11k/mhi.o
  CC [M]  drivers/net/wireless/ath/ath11k/pci.o
  CC      drivers/gpu/drm/drm_format_helper.o
  CC [M]  drivers/i2c/busses/i2c-mlxcpld.o
  LD [M]  drivers/net/wireguard/wireguard.o
  CC [M]  drivers/input/sparse-keymap.o
  CC [M]  drivers/input/misc/gpio_decoder.o
  CC [M]  drivers/input/misc/gpio-vibra.o
  AR      drivers/cpufreq/built-in.a
  CC      drivers/gpu/drm/drm_gem_atomic_helper.o
  CC      drivers/gpu/drm/drm_gem_framebuffer_helper.o
  CC [M]  drivers/net/wireless/realtek/rtw89/rtw8852a_table.o
  CC [M]  drivers/net/usb/asix_devices.o
  CC [M]  drivers/net/usb/asix_common.o
  CC [M]  drivers/i2c/busses/i2c-virtio.o
  CC [M]  drivers/input/matrix-keymap.o
  CC [M]  drivers/thermal/intel/int340x_thermal/int3402_thermal.o
  CC [M]  drivers/thermal/intel/int340x_thermal/int3403_thermal.o
  CC [M]  drivers/net/wireless/realtek/rtw89/rtw8852a_rfk.o
  CC [M]  drivers/input/mousedev.o
  CC [M]  drivers/input/misc/ibm-panel.o
  CC [M]  drivers/input/joydev.o
  CC      drivers/firmware/dmi_scan.o
  CC      drivers/firmware/dmi-sysfs.o
  CC      drivers/gpu/drm/drm_kms_helper_common.o
  LD [M]  drivers/net/wireless/ath/ath11k/ath11k.o
  CC [M]  drivers/thermal/intel/int340x_thermal/processor_thermal_device.o
  CC [M]  drivers/net/wireless/realtek/rtw89/rtw8852a_rfk_table.o
  CC [M]  drivers/md/dm-target.o
  CC [M]  drivers/md/dm-linear.o
  CC [M]  drivers/input/misc/ims-pcu.o
  CC      drivers/gpu/drm/drm_modeset_helper.o
  CC [M]  drivers/input/misc/iqs269a.o
  LD [M]  drivers/net/wireless/ath/ath11k/ath11k_pci.o
  CC      drivers/clocksource/acpi_pm.o
  CC [M]  drivers/thermal/testing/command.o
  CC [M]  drivers/net/usb/ax88172a.o
  CC [M]  drivers/net/usb/ax88179_178a.o
  AR      drivers/i2c/busses/built-in.a
  AR      drivers/i2c/built-in.a
  CC      drivers/clocksource/i8253.o
  CC [M]  drivers/thermal/testing/zone.o
  CC [M]  drivers/input/misc/iqs626a.o
  CC      drivers/gpu/drm/drm_plane_helper.o
  CC      drivers/gpu/drm/drm_probe_helper.o
  CC      drivers/gpu/drm/drm_self_refresh_helper.o
  CC [M]  drivers/thermal/intel/int340x_thermal/int3401_thermal.o
  CC [M]  drivers/thermal/intel/int340x_thermal/processor_thermal_device_pci_legacy.o
  CC      drivers/gpu/drm/drm_simple_kms_helper.o
  CC      drivers/firmware/dmi-id.o
  CC      drivers/gpu/drm/drm_vblank_helper.o
  CC      drivers/firmware/memmap.o
  CC      drivers/gpu/drm/bridge/panel.o
  CC [M]  drivers/md/dm-stripe.o
  CC      drivers/firmware/sysfb.o
  CC      drivers/firmware/sysfb_simplefb.o
  AR      drivers/clocksource/built-in.a
  CC [M]  drivers/input/misc/iqs7222.o
  LD [M]  drivers/thermal/testing/thermal-testing.o
  CC [M]  drivers/thermal/intel/int340x_thermal/processor_thermal_device_pci.o
  CC [M]  drivers/md/dm-ioctl.o
  CC      drivers/hid/hid-core.o
  CC [M]  drivers/input/rmi4/rmi_bus.o
  CC      drivers/hid/hid-input.o
  CC [M]  drivers/thermal/intel/int340x_thermal/processor_thermal_rapl.o
  CC      drivers/hid/hid-quirks.o
  CC [M]  drivers/md/dm-io.o
  CC      drivers/hid/hid-debug.o
  CC [M]  drivers/platform/x86/hp/hp-wmi.o
  CC      drivers/hid/hid-haptic.o
  CC      drivers/mailbox/mailbox.o
  CC      drivers/gpu/drm/drm_fb_helper.o
  CC      drivers/mailbox/pcc.o
  CC [M]  drivers/input/rmi4/rmi_driver.o
  CC [M]  drivers/net/usb/cdc_ether.o
  CC [M]  drivers/net/usb/cdc_eem.o
  CC [M]  drivers/platform/x86/hp/hp-bioscfg/bioscfg.o
  CC [M]  drivers/platform/x86/hp/hp-bioscfg/biosattr-interface.o
  CC [M]  drivers/input/rmi4/rmi_f01.o
  CC      drivers/gpu/drm/drm_mipi_dsi.o
  CC [M]  drivers/platform/x86/hp/hp-bioscfg/enum-attributes.o
  CC [M]  drivers/thermal/intel/int340x_thermal/processor_thermal_rfim.o
  CC      drivers/firmware/efi/efi-bgrt.o
  CC [M]  drivers/platform/x86/hp/hp-bioscfg/int-attributes.o
  CC [M]  drivers/net/wireless/realtek/rtw89/rtw8852ae.o
  CC [M]  drivers/md/dm-kcopyd.o
  CC [M]  drivers/input/misc/keyspan_remote.o
  AR      drivers/mailbox/built-in.a
  CC [M]  drivers/platform/x86/hp/hp-bioscfg/order-list-attributes.o
  CC [M]  drivers/net/usb/dm9601.o
  CC [M]  drivers/input/rmi4/rmi_2d_sensor.o
  CC      drivers/extcon/extcon.o
  CC [M]  drivers/md/dm-sysfs.o
  CC      drivers/extcon/devres.o
  CC [M]  drivers/md/dm-stats.o
  CC      drivers/gpu/drm/clients/drm_client_setup.o
  CC      drivers/gpu/drm/clients/drm_log.o
  CC      drivers/gpu/drm/clients/drm_fbdev_client.o
  CC [M]  drivers/input/misc/kxtj9.o
  CC [M]  drivers/platform/x86/lenovo/ideapad-laptop.o
  CC [M]  drivers/gpu/drm/display/drm_display_helper_mod.o
  CC      drivers/firmware/efi/efi.o
  CC      drivers/powercap/powercap_sys.o
  CC [M]  drivers/perf/dwc_pcie_pmu.o
  CC [M]  drivers/input/rmi4/rmi_f03.o
  CC      drivers/ras/ras.o
  CC [M]  drivers/input/rmi4/rmi_f11.o
  CC [M]  drivers/platform/x86/hp/hp-bioscfg/passwdobj-attributes.o
  CC      drivers/hid/hidraw.o
  CC      drivers/powercap/idle_inject.o
  CC [M]  drivers/powercap/intel_rapl_common.o
  CC [M]  drivers/powercap/intel_rapl_msr.o
  CC [M]  drivers/thermal/intel/int340x_thermal/platform_temperature_control.o
  CC [M]  drivers/thermal/intel/int340x_thermal/processor_thermal_mbox.o
  CC [M]  drivers/platform/wmi/core.o
  CC [M]  drivers/platform/wmi/marshalling.o
  CC [M]  drivers/gpu/drm/display/drm_dp_dual_mode_helper.o
  AR      drivers/extcon/built-in.a
  CC [M]  drivers/gpu/drm/display/drm_dp_helper.o
  CC [M]  drivers/gpu/drm/display/drm_dp_mst_topology.o
  CC [M]  drivers/platform/wmi/string.o
  CC [M]  drivers/net/wireless/realtek/rtw89/rtw8852b_common.o
  CC [M]  drivers/md/dm-rq.o
  CC [M]  drivers/input/misc/mma8450.o
  CC [M]  drivers/net/usb/sr9700.o
  CC [M]  drivers/input/misc/pcf8574_keypad.o
  AR      drivers/gpu/drm/clients/built-in.a
  CC [M]  drivers/input/misc/pcspkr.o
  CC [M]  drivers/input/misc/powermate.o
  CC      drivers/ras/debugfs.o
  CC [M]  drivers/platform/x86/hp/hp-bioscfg/spmobj-attributes.o
  CC      drivers/firmware/efi/vars.o
  CC [M]  drivers/platform/x86/lenovo/thinkpad_acpi.o
  CC [M]  drivers/input/rmi4/rmi_f12.o
  CC [M]  drivers/input/misc/pwm-beeper.o
  CC [M]  drivers/input/misc/pwm-vibra.o
  CC      drivers/hid/hid-generic.o
  CC      drivers/hid/usbhid/hid-core.o
  CC [M]  drivers/thermal/intel/int340x_thermal/processor_thermal_wt_req.o
  CC [M]  drivers/input/misc/regulator-haptic.o
  CC [M]  drivers/input/misc/rotary_encoder.o
  LD [M]  drivers/platform/wmi/wmi.o
  CC      drivers/ras/cec.o
  CC [M]  drivers/gpu/drm/display/drm_dp_tunnel.o
  CC [M]  drivers/platform/x86/hp/hp-bioscfg/string-attributes.o
  CC [M]  drivers/powercap/intel_rapl_tpmi.o
  CC      drivers/firmware/efi/reboot.o
  CC      drivers/platform/x86/intel/turbo_max_3.o
  CC [M]  drivers/platform/x86/intel/wmi/thunderbolt.o
  CC      drivers/hid/usbhid/hiddev.o
  CC [M]  drivers/net/usb/sr9800.o
  CC [M]  drivers/md/dm-io-rewind.o
  CC [M]  drivers/net/usb/smsc75xx.o
  CC [M]  drivers/input/rmi4/rmi_f1a.o
  CC [M]  drivers/input/rmi4/rmi_f21.o
  CC [M]  drivers/input/rmi4/rmi_f30.o
  CC [M]  drivers/input/rmi4/rmi_f34.o
  CC [M]  drivers/input/rmi4/rmi_f34v7.o
  CC [M]  drivers/hid/uhid.o
  CC [M]  drivers/thermal/intel/int340x_thermal/processor_thermal_wt_hint.o
  CC [M]  drivers/net/wireless/realtek/rtw89/rtw8852b.o
  CC [M]  drivers/net/wireless/realtek/rtw89/rtw8852b_table.o
  AR      drivers/ras/built-in.a
  CC [M]  drivers/hid/hid-axff.o
  CC [M]  drivers/input/misc/soc_button_array.o
  CC      drivers/firmware/efi/memattr.o
  LD [M]  drivers/platform/x86/intel/wmi/intel-wmi-thunderbolt.o
  CC [M]  drivers/platform/x86/intel/hid.o
  AR      drivers/powercap/built-in.a
  CC [M]  drivers/hid/hid-betopff.o
  CC [M]  drivers/platform/x86/hp/hp-bioscfg/surestart-attributes.o
  CC [M]  drivers/input/misc/uinput.o
  CC [M]  drivers/thermal/intel/int340x_thermal/processor_thermal_power_floor.o
  CC [M]  drivers/hid/hid-bigbenff.o
  CC [M]  drivers/hid/hid-cp2112.o
  CC      drivers/hid/usbhid/hid-pidff.o
  CC      drivers/firmware/efi/tpm.o
  CC [M]  drivers/md/dm-bufio.o
  CC [M]  drivers/input/misc/yealink.o
  CC [M]  drivers/input/rmi4/rmi_f3a.o
  CC [M]  drivers/input/misc/ideapad_slidebar.o
  CC [M]  drivers/net/usb/smsc95xx.o
  CC [M]  drivers/md/dm-crypt.o
  CC [M]  drivers/platform/x86/uniwill/uniwill-acpi.o
  CC [M]  drivers/platform/x86/intel/vbtn.o
  CC [M]  drivers/input/rmi4/rmi_f55.o
  LD [M]  drivers/platform/x86/hp/hp-bioscfg/hp-bioscfg.o
  CC [M]  drivers/net/usb/gl620a.o
  CC [M]  drivers/gpu/drm/display/drm_dsc_helper.o
  CC      drivers/platform/x86/p2sb.o
  CC [M]  drivers/thermal/intel/int340x_thermal/processor_thermal_soc_slider.o
  CC [M]  drivers/net/usb/net1080.o
  CC      drivers/platform/x86/intel_scu_ipc.o
  CC [M]  drivers/net/wireless/realtek/rtw89/rtw8852b_rfk.o
  CC [M]  drivers/md/dm-snap.o
  CC      drivers/nvmem/core.o
  CC [M]  drivers/md/dm-exception-store.o
  CC [M]  drivers/md/dm-snap-transient.o
  CC [M]  drivers/md/dm-snap-persistent.o
  CC      drivers/firmware/efi/memmap.o
  CC      drivers/platform/x86/intel_scu_pcidrv.o
  CC [M]  drivers/input/rmi4/rmi_i2c.o
  CC [M]  drivers/gpu/drm/display/drm_hdcp_helper.o
  CC      drivers/mux/core.o
  CC [M]  drivers/platform/x86/uniwill/uniwill-wmi.o
  CC [M]  drivers/net/usb/plusb.o
  CC [M]  drivers/hid/hid-dr.o
  CC [M]  drivers/thermal/intel/int340x_thermal/int3406_thermal.o
  CC [M]  drivers/platform/x86/intel/ehl_pse_io.o
  CC [M]  drivers/net/wireless/realtek/rtw89/rtw8852b_rfk_table.o
  CC [M]  drivers/md/dm-ebs-target.o
  AR      drivers/hid/usbhid/built-in.a
  CC      drivers/platform/x86/pmc_atom.o
  CC [M]  drivers/net/usb/rndis_host.o
  CC [M]  drivers/hid/hid-emsff.o
  AR      drivers/input/built-in.a
  CC [M]  drivers/thermal/intel/int340x_thermal/acpi_thermal_rel.o
  CC [M]  drivers/net/usb/cdc_subset.o
  CC [M]  drivers/platform/x86/intel/vsec.o
  CC      drivers/firmware/efi/capsule.o
  AR      drivers/nvmem/built-in.a
  CC [M]  drivers/hid/hid-ft260.o
  CC [M]  drivers/net/wireless/realtek/rtw89/rtw8852be.o
  CC [M]  drivers/hid/hid-google-stadiaff.o
  AR      drivers/mux/built-in.a
  CC [M]  drivers/hid/hid-holtek-kbd.o
  CC [M]  drivers/input/rmi4/rmi_spi.o
  CC [M]  drivers/gpu/drm/display/drm_hdmi_cec_notifier_helper.o
  CC [M]  drivers/platform/x86/wmi-bmof.o
  CC [M]  drivers/net/usb/zaurus.o
  LD [M]  drivers/platform/x86/uniwill/uniwill-laptop.o
  CC [M]  drivers/platform/x86/intel/punit_ipc.o
  AR      drivers/md/built-in.a
  LD [M]  drivers/md/raid456.o
  CC [M]  drivers/gpu/drm/display/drm_hdmi_helper.o
  CC [M]  drivers/platform/x86/mxm-wmi.o
  CC [M]  drivers/hid/hid-holtek-mouse.o
  LD [M]  drivers/md/md-mod.o
  CC [M]  drivers/net/wireless/realtek/rtw89/rtw8852bu.o
  LD [M]  drivers/md/dm-mod.o
  LD [M]  drivers/md/dm-snapshot.o
  CC [M]  drivers/net/usb/mcs7830.o
  LD [M]  drivers/md/dm-ebs.o
  CC [M]  drivers/gpu/drm/display/drm_scdc_helper.o
  AR      drivers/thermal/built-in.a
  CC      drivers/firmware/efi/esrt.o
  CC      drivers/firmware/efi/efi-pstore.o
  CC [M]  drivers/net/usb/usbnet.o
  CC [M]  drivers/platform/x86/intel/plr_tpmi.o
  CC [M]  drivers/net/usb/int51x1.o
  CC [M]  drivers/platform/x86/nvidia-wmi-ec-backlight.o
  CC [M]  drivers/platform/x86/intel/tpmi_power_domains.o
  CC [M]  drivers/platform/x86/acer-wmi.o
  CC [M]  drivers/platform/x86/asus-wmi.o
  CC [M]  drivers/input/rmi4/rmi_smbus.o
  CC [M]  drivers/net/usb/kalmia.o
  CC      drivers/firmware/efi/cper.o
  CC      drivers/firmware/efi/cper_cxl.o
  CC [M]  drivers/net/wireless/realtek/rtw89/rtw8852c.o
  CC [M]  drivers/platform/x86/asus-nb-wmi.o
  LD [M]  drivers/input/rmi4/rmi_core.o
  CC [M]  drivers/net/usb/ipheth.o
  CC [M]  drivers/gpu/drm/display/drm_dp_aux_dev.o
  CC [M]  drivers/gpu/drm/display/drm_dp_cec.o
  CC [M]  drivers/platform/x86/firmware_attributes_class.o
  CC      drivers/firmware/efi/runtime-wrappers.o
  CC      drivers/firmware/efi/dev-path-parser.o
  CC [M]  drivers/hid/hid-holtekff.o
  CC [M]  drivers/net/wireless/realtek/rtw89/rtw8852c_table.o
  CC [M]  drivers/nvdimm/core.o
  CC [M]  drivers/gpu/drm/bridge/analogix/analogix-anx78xx.o
  CC [M]  drivers/platform/x86/intel/vsec_tpmi.o
  CC [M]  drivers/platform/x86/quickstart.o
  CC [M]  drivers/platform/x86/msi-laptop.o
  CC [M]  drivers/net/usb/sierra_net.o
  CC [M]  drivers/nvdimm/bus.o
  CC [M]  drivers/hid/hid-jabra.o
  CC [M]  drivers/gpu/drm/bridge/analogix/analogix_dp_core.o
  CC [M]  drivers/net/wireless/realtek/rtw89/rtw8852c_rfk.o
  CC [M]  drivers/platform/x86/msi-wmi.o
  CC [M]  drivers/net/usb/cx82310_eth.o
  CC [M]  drivers/gpu/drm/bridge/analogix/analogix_dp_reg.o
  CC      drivers/firmware/efi/apple-properties.o
  CC [M]  drivers/net/usb/cdc_ncm.o
  CC [M]  drivers/gpu/drm/bridge/analogix/analogix-i2c-dptx.o
  LD [M]  drivers/gpu/drm/display/drm_display_helper.o
  CC [M]  drivers/nvdimm/dimm_devs.o
  CC [M]  drivers/platform/x86/samsung-laptop.o
  CC [M]  drivers/pps/pps.o
  CC [M]  drivers/net/wireless/realtek/rtw89/rtw8852c_rfk_table.o
  CC [M]  drivers/w1/w1.o
  CC      drivers/firmware/efi/rci2-table.o
  CC [M]  drivers/dca/dca-core.o
  CC [M]  drivers/bluetooth/hci_vhci.o
  CC [M]  drivers/hid/hid-lg.o
  CC [M]  drivers/nvdimm/nd_perf.o
  CC [M]  drivers/hid/hid-lgff.o
  CC [M]  drivers/soundwire/bus_type.o
  CC [M]  drivers/platform/x86/intel/rst.o
  CC [M]  drivers/bluetooth/hci_ldisc.o
  CC [M]  drivers/pps/kapi.o
  CC [M]  drivers/soundwire/bus.o
  CC [M]  drivers/pps/sysfs.o
  CC      drivers/firmware/efi/sysfb_efi.o
  LD [M]  drivers/gpu/drm/bridge/analogix/analogix_dp.o
  CC      drivers/firmware/efi/earlycon.o
  CC      drivers/gpu/drm/sysfb/drm_sysfb.o
  CC      drivers/gpu/drm/sysfb/drm_sysfb_modeset.o
  CC [M]  drivers/net/usb/huawei_cdc_ncm.o
  CC [M]  drivers/net/usb/lg-vl600.o
  CC [M]  drivers/platform/x86/toshiba-wmi.o
  CC [M]  drivers/platform/x86/system76_acpi.o
  CC [M]  drivers/dca/dca-sysfs.o
  CC [M]  drivers/platform/x86/intel_scu_pltdrv.o
  CC      drivers/gpu/drm/sysfb/drm_sysfb_screen_info.o
  CC [M]  drivers/platform/x86/intel/pmc/core.o
  CC [M]  drivers/net/wireless/realtek/rtw89/rtw8852ce.o
  CC [M]  drivers/platform/x86/intel/pmt/class.o
  CC [M]  drivers/platform/x86/intel_scu_ipcutil.o
  LD [M]  drivers/pps/pps_core.o
  CC [M]  drivers/nvdimm/dimm.o
  CC [M]  drivers/w1/w1_int.o
  CC [M]  drivers/thunderbolt/nhi.o
  CC [M]  drivers/hid/hid-lg2ff.o
  CC [M]  drivers/thunderbolt/nhi_ops.o
  CC [M]  drivers/platform/x86/intel/pmt/telemetry.o
  CC [M]  drivers/thunderbolt/ctl.o
  CC [M]  drivers/nvdimm/region_devs.o
  CC [M]  drivers/thunderbolt/tb.o
  CC [M]  drivers/thunderbolt/switch.o
  CC [M]  drivers/bluetooth/hci_serdev.o
  CC [M]  drivers/soundwire/master.o
  CC [M]  drivers/dibs/dibs_main.o
  LD [M]  drivers/dca/dca.o
  CC      drivers/firmware/efi/cper-x86.o
  CC [M]  drivers/nvdimm/region.o
  CC [M]  drivers/platform/x86/intel/uncore-frequency/uncore-frequency.o
  CC [M]  drivers/nvdimm/namespace_devs.o
  CC      drivers/gpu/drm/sysfb/simpledrm.o
  CC [M]  drivers/nvdimm/label.o
  CC [M]  drivers/net/usb/qmi_wwan.o
  CC [M]  drivers/hid/hid-lg3ff.o
  CC [M]  drivers/dibs/dibs_loopback.o
  AR      drivers/platform/x86/intel/built-in.a
  LD [M]  drivers/platform/x86/intel/intel-hid.o
  CC [M]  drivers/firmware/efi/efibc.o
  CC [M]  drivers/platform/x86/intel/pmc/spt.o
  CC [M]  drivers/w1/w1_family.o
  CC [M]  drivers/bluetooth/hci_h4.o
  CC [M]  drivers/w1/w1_netlink.o
  CC [M]  drivers/soundwire/slave.o
  CC [M]  drivers/hid/hid-lg4ff.o
  CC [M]  drivers/hid/hid-lg-g15.o
  CC [M]  drivers/soundwire/mipi_disco.o
  CC [M]  drivers/platform/x86/intel/pmt/crashlog.o
  CC [M]  drivers/platform/x86/intel/uncore-frequency/uncore-frequency-common.o
  CC [M]  drivers/net/wireless/realtek/rtw89/pci.o
  CC [M]  drivers/soundwire/stream.o
  CC [M]  drivers/bluetooth/hci_bcsp.o
  CC [M]  drivers/w1/w1_io.o
  CC [M]  drivers/soundwire/sysfs_slave.o
  AR      drivers/gpu/drm/sysfb/built-in.a
  CC [M]  drivers/firmware/efi/capsule-loader.o
  CC [M]  drivers/gpu/drm/drm_panel_backlight_quirks.o
  CC [M]  drivers/gpu/drm/drm_exec.o
  CC [M]  drivers/platform/x86/intel/uncore-frequency/uncore-frequency-tpmi.o
  CC [M]  drivers/platform/x86/intel/pmc/cnp.o
  LD [M]  drivers/dibs/dibs.o
  CC [M]  drivers/platform/x86/intel/pmc/icl.o
  CC [M]  drivers/net/wireless/realtek/rtw89/pci_be.o
  CC [M]  drivers/net/usb/cdc_mbim.o
  LD [M]  drivers/platform/x86/intel/intel-vbtn.o
  CC [M]  drivers/hid/hid-logitech-dj.o
  CC [M]  drivers/bluetooth/hci_ll.o
  CC [M]  drivers/platform/x86/intel/pmt/discovery.o
  CC [M]  drivers/thunderbolt/cap.o
  CC [M]  drivers/gpu/drm/drm_gpuvm.o
  CC [M]  drivers/soundwire/sysfs_slave_dpn.o
  CC [M]  drivers/platform/x86/intel/pmc/tgl.o
  CC [M]  drivers/platform/x86/intel/pmt/features.o
  CC [M]  drivers/hid/hid-logitech-hidpp.o
  LD [M]  drivers/platform/x86/intel/pmt/pmt_class.o
  CC [M]  drivers/bluetooth/hci_ath.o
  CC [M]  drivers/net/usb/ch9200.o
  CC [M]  drivers/w1/slaves/w1_ds2780.o
  CC [M]  drivers/w1/slaves/w1_ds2781.o
  CC [M]  drivers/nvdimm/badrange.o
  AR      drivers/firmware/efi/built-in.a
  AR      drivers/firmware/built-in.a
  CC [M]  drivers/net/wireless/realtek/rtw89/usb.o
  LD [M]  drivers/net/wireless/realtek/rtw89/rtw89_core.o
  LD [M]  drivers/net/wireless/realtek/rtw89/rtw89_8852a.o
  CC [M]  drivers/hid/hid-mcp2200.o
  LD [M]  drivers/platform/x86/intel/intel-ehl_pse_io.o
  CC [M]  drivers/net/usb/aqc111.o
  LD [M]  drivers/platform/x86/intel/uncore-frequency/intel-uncore-frequency.o
  CC [M]  drivers/bluetooth/hci_h5.o
  LD [M]  drivers/platform/x86/intel/uncore-frequency/intel-uncore-frequency-common.o
  LD [M]  drivers/net/wireless/realtek/rtw89/rtw89_8852ae.o
  CC [M]  drivers/bluetooth/hci_intel.o
  CC [M]  drivers/bluetooth/hci_bcm.o
  LD [M]  drivers/platform/x86/intel/uncore-frequency/intel-uncore-frequency-tpmi.o
  CC [M]  drivers/soundwire/debugfs.o
  CC [M]  drivers/hid/hid-mcp2221.o
  CC [M]  drivers/thunderbolt/path.o
  CC [M]  drivers/platform/x86/intel/pmc/adl.o
  LD [M]  drivers/platform/x86/intel/pmt/pmt_telemetry.o
  LD [M]  drivers/platform/x86/intel/pmt/pmt_crashlog.o
  LD [M]  drivers/w1/wire.o
  LD [M]  drivers/platform/x86/intel/pmt/pmt_discovery.o
  CC [M]  drivers/thunderbolt/tunnel.o
  LD [M]  drivers/net/wireless/realtek/rtw89/rtw89_8852b_common.o
  LD [M]  drivers/net/wireless/realtek/rtw89/rtw89_8852b.o
  CC [M]  drivers/net/usb/r8153_ecm.o
  CC [M]  drivers/thunderbolt/eeprom.o
  LD [M]  drivers/net/wireless/realtek/rtw89/rtw89_8852be.o
  CC [M]  drivers/platform/x86/intel/pmc/mtl.o
  CC [M]  drivers/platform/x86/intel/pmc/arl.o
  CC [M]  drivers/platform/x86/intel/pmc/lnl.o
  LD [M]  drivers/nvdimm/libnvdimm.o
  CC [M]  drivers/platform/x86/intel/pmc/ptl.o
  CC [M]  drivers/platform/x86/intel/pmc/wcl.o
  CC [M]  drivers/bluetooth/hci_qca.o
  CC [M]  drivers/bluetooth/hci_ag6xx.o
  CC [M]  drivers/gpu/drm/drm_gpusvm.o
  CC [M]  drivers/gpu/drm/drm_buddy.o
  CC [M]  drivers/thunderbolt/domain.o
  CC [M]  drivers/soundwire/irq.o
  LD [M]  drivers/platform/x86/intel/intel-vsec.o
  CC [M]  drivers/hid/hid-mf.o
  CC [M]  drivers/hid/hid-microsoft.o
  LD [M]  drivers/net/usb/asix.o
  CC [M]  drivers/hid/hid-multitouch.o
  LD [M]  drivers/platform/x86/intel/intel-punit_ipc.o
  CC [M]  drivers/hid/hid-nintendo.o
  CC [M]  drivers/bluetooth/hci_mrvl.o
  LD [M]  drivers/net/wireless/realtek/rtw89/rtw89_8852bu.o
  CC [M]  drivers/hid/hid-pl.o
  CC [M]  drivers/platform/x86/intel/pmc/pltdrv.o
  CC [M]  drivers/hid/hid-plantronics.o
  CC [M]  drivers/platform/x86/intel/pmc/ssram_telemetry.o
  CC [M]  drivers/thunderbolt/dma_port.o
  LD [M]  drivers/net/wireless/realtek/rtw89/rtw89_8852c.o
  CC [M]  drivers/hid/hid-playstation.o
  LD [M]  drivers/platform/x86/intel/intel-plr_tpmi.o
  CC [M]  drivers/gpu/drm/drm_suballoc.o
  CC [M]  drivers/soundwire/generic_bandwidth_allocation.o
  LD [M]  drivers/platform/x86/intel/intel-tpmi_power_domains.o
  CC [M]  drivers/bluetooth/hci_aml.o
  LD [M]  drivers/net/wireless/realtek/rtw89/rtw89_8852ce.o
  CC [M]  drivers/thunderbolt/icm.o
  LD [M]  drivers/platform/x86/intel/pmc/intel_pmc_core.o
  CC [M]  drivers/soundwire/cadence_master.o
  LD [M]  drivers/platform/x86/intel/intel-vsec_tpmi.o
  CC [M]  drivers/thunderbolt/property.o
  CC [M]  drivers/soundwire/intel.o
  CC [M]  drivers/soundwire/intel_ace2x.o
  LD [M]  drivers/net/wireless/realtek/rtw89/rtw89_usb.o
  LD [M]  drivers/net/wireless/realtek/rtw89/rtw89_pci.o
  CC [M]  drivers/thunderbolt/xdomain.o
  CC [M]  drivers/soundwire/intel_ace2x_debugfs.o
  AR      drivers/net/built-in.a
  LD [M]  drivers/platform/x86/intel/intel-rst.o
  CC [M]  drivers/hid/hid-sjoy.o
  CC [M]  drivers/hid/hid-sony.o
  CC [M]  drivers/bluetooth/hci_bcm4377.o
  CC [M]  drivers/gpu/drm/drm_gem_vram_helper.o
  LD [M]  drivers/platform/x86/intel/pmc/intel_pmc_core_pltdrv.o
  LD [M]  drivers/platform/x86/intel/pmc/intel_pmc_ssram_telemetry.o
  AR      drivers/platform/x86/built-in.a
  CC [M]  drivers/soundwire/intel_auxdevice.o
  AR      drivers/platform/built-in.a
  CC [M]  drivers/bluetooth/bpa10x.o
  CC [M]  drivers/soundwire/intel_init.o
  CC [M]  drivers/hid/hid-steam.o
  CC [M]  drivers/thunderbolt/lc.o
  CC [M]  drivers/soundwire/dmi-quirks.o
  CC [M]  drivers/soundwire/intel_bus_common.o
  CC [M]  drivers/thunderbolt/tmu.o
  CC [M]  drivers/thunderbolt/usb4.o
  CC [M]  drivers/thunderbolt/usb4_port.o
  CC [M]  drivers/thunderbolt/nvm.o
  CC [M]  drivers/hid/hid-gaff.o
  CC [M]  drivers/hid/hid-tmff.o
  CC [M]  drivers/hid/hid-thrustmaster.o
  CC [M]  drivers/thunderbolt/retimer.o
  CC [M]  drivers/gpu/drm/drm_gem_ttm_helper.o
  CC [M]  drivers/hid/hid-u2fzero.o
  LD [M]  drivers/soundwire/soundwire-bus.o
  CC [M]  drivers/bluetooth/bfusb.o
  LD [M]  drivers/soundwire/soundwire-generic-allocation.o
  CC [M]  drivers/bluetooth/btusb.o
  CC [M]  drivers/hid/hid-uclogic-core.o
  LD [M]  drivers/soundwire/soundwire-cadence.o
  CC [M]  drivers/gpu/drm/drm_fbdev_ttm.o
  CC [M]  drivers/bluetooth/btintel.o
  CC [M]  drivers/hid/hid-uclogic-rdesc.o
  CC [M]  drivers/thunderbolt/quirks.o
  CC [M]  drivers/thunderbolt/clx.o
  CC [M]  drivers/bluetooth/btbcm.o
  CC [M]  drivers/gpu/drm/ttm/ttm_tt.o
  CC [M]  drivers/gpu/drm/ttm/ttm_bo.o
  LD [M]  drivers/soundwire/soundwire-intel.o
  CC [M]  drivers/bluetooth/btrtl.o
  CC [M]  drivers/thunderbolt/acpi.o
  CC [M]  drivers/hid/hid-uclogic-params.o
  CC [M]  drivers/gpu/drm/ttm/ttm_bo_util.o
  CC [M]  drivers/gpu/drm/scheduler/sched_main.o
  CC [M]  drivers/hid/hid-universal-pidff.o
  CC [M]  drivers/gpu/drm/scheduler/sched_fence.o
  CC [M]  drivers/bluetooth/btqca.o
  CC [M]  drivers/bluetooth/btmtk.o
  CC [M]  drivers/gpu/drm/amd/amdxcp/amdgpu_xcp_drv.o
  CC [M]  drivers/hid/hid-led.o
  CC [M]  drivers/gpu/drm/scheduler/sched_entity.o
  CC [M]  drivers/thunderbolt/debugfs.o
  CC [M]  drivers/gpu/drm/radeon/radeon_drv.o
  CC [M]  drivers/gpu/drm/radeon/radeon_device.o
  CC [M]  drivers/bluetooth/virtio_bt.o
  CC [M]  drivers/gpu/drm/ttm/ttm_bo_vm.o
  CC [M]  drivers/hid/hid-zpff.o
  CC [M]  drivers/gpu/drm/radeon/radeon_asic.o
  CC [M]  drivers/bluetooth/hci_nokia.o
  LD [M]  drivers/gpu/drm/amd/amdxcp/amdxcp.o
  CC [M]  drivers/gpu/drm/radeon/radeon_kms.o
  CC [M]  drivers/gpu/drm/radeon/radeon_atombios.o
  CC [M]  drivers/gpu/drm/ttm/ttm_module.o
  CC [M]  drivers/gpu/drm/radeon/radeon_agp.o
  CC [M]  drivers/gpu/drm/radeon/atombios_crtc.o
  CC [M]  drivers/gpu/drm/ttm/ttm_execbuf_util.o
  LD [M]  drivers/gpu/drm/scheduler/gpu-sched.o
  CC [M]  drivers/gpu/drm/ttm/ttm_range_manager.o
  LD [M]  drivers/thunderbolt/thunderbolt.o
  CC [M]  drivers/gpu/drm/radeon/radeon_combios.o
  CC [M]  drivers/gpu/drm/radeon/atom.o
  CC [M]  drivers/hid/i2c-hid/i2c-hid-core.o
  CC [M]  drivers/gpu/drm/vboxvideo/hgsmi_base.o
  CC [M]  drivers/gpu/drm/xe/xe_bb.o
  CC [M]  drivers/gpu/drm/i915/i915_config.o
  CC [M]  drivers/gpu/drm/i915/i915_driver.o
  AR      drivers/hid/built-in.a
  CC [M]  drivers/gpu/drm/vboxvideo/modesetting.o
  CC [M]  drivers/gpu/drm/i915/i915_drm_client.o
  CC [M]  drivers/gpu/drm/i915/i915_edram.o
  AR      drivers/gpu/drm/built-in.a
  CC [M]  drivers/hid/i2c-hid/i2c-hid-dmi-quirks.o
  CC [M]  drivers/hid/i2c-hid/i2c-hid-acpi.o
  CC [M]  drivers/gpu/drm/ttm/ttm_resource.o
  CC [M]  drivers/gpu/drm/i915/i915_freq.o
  CC [M]  drivers/gpu/drm/ttm/ttm_pool.o
  CC [M]  drivers/gpu/drm/vboxvideo/vbva_base.o
  LD [M]  drivers/hid/hid-logitech.o
  CC [M]  drivers/gpu/drm/xe/xe_bo.o
  CC [M]  drivers/gpu/drm/xe/xe_bo_evict.o
  CC [M]  drivers/gpu/drm/i915/i915_getparam.o
  LD [M]  drivers/gpu/drm/drm_gpusvm_helper.o
  CC [M]  drivers/gpu/drm/i915/i915_gmch.o
  CC [M]  drivers/gpu/drm/xe/xe_dep_scheduler.o
  LD [M]  drivers/bluetooth/hci_uart.o
  CC [M]  drivers/gpu/drm/vboxvideo/vbox_drv.o
  LD [M]  drivers/hid/hid-uclogic.o
  CC [M]  drivers/gpu/drm/radeon/radeon_fence.o
  CC [M]  drivers/gpu/drm/xe/xe_devcoredump.o
  CC [M]  drivers/gpu/drm/radeon/radeon_ttm.o
  CC [M]  drivers/gpu/drm/vboxvideo/vbox_hgsmi.o
  CC [M]  drivers/gpu/drm/vboxvideo/vbox_irq.o
  LD [M]  drivers/hid/i2c-hid/i2c-hid.o
  CC [M]  drivers/gpu/drm/i915/i915_ioctl.o
  CC [M]  drivers/gpu/drm/ttm/ttm_device.o
  CC [M]  drivers/gpu/drm/radeon/radeon_object.o
  CC [M]  drivers/gpu/drm/amd/amdgpu/amdgpu_drv.o
  CC [M]  drivers/gpu/drm/amd/amdgpu/amdgpu_device.o
  CC [M]  drivers/gpu/drm/amd/amdgpu/amdgpu_reg_access.o
  CC [M]  drivers/gpu/drm/amd/amdgpu/amdgpu_doorbell_mgr.o
  CC [M]  drivers/gpu/drm/amd/amdgpu/amdgpu_kms.o
  CC [M]  drivers/gpu/drm/vboxvideo/vbox_main.o
  CC [M]  drivers/gpu/drm/xe/xe_device.o
  CC [M]  drivers/gpu/drm/amd/amdgpu/amdgpu_atombios.o
  CC [M]  drivers/gpu/drm/xe/xe_device_sysfs.o
  CC [M]  drivers/gpu/drm/nouveau/dispnv04/i2c/ch7006_drv.o
  CC [M]  drivers/gpu/drm/radeon/radeon_gart.o
  LD [M]  drivers/gpu/drm/drm_suballoc_helper.o
  CC [M]  drivers/gpu/drm/vboxvideo/vbox_mode.o
  CC [M]  drivers/gpu/drm/radeon/radeon_legacy_crtc.o
  CC [M]  drivers/gpu/drm/radeon/radeon_legacy_encoders.o
  CC [M]  drivers/gpu/drm/amd/amdgpu/atombios_crtc.o
  LD [M]  drivers/gpu/drm/drm_vram_helper.o
  CC [M]  drivers/gpu/drm/ttm/ttm_sys_manager.o
  CC [M]  drivers/gpu/drm/ttm/ttm_backup.o
  CC [M]  drivers/gpu/drm/i915/i915_irq.o
  CC [M]  drivers/gpu/drm/amd/amdgpu/amdgpu_connectors.o
  CC [M]  drivers/gpu/drm/vboxvideo/vbox_ttm.o
  LD [M]  drivers/gpu/drm/drm_ttm_helper.o
  CC [M]  drivers/gpu/drm/nouveau/dispnv04/i2c/ch7006_mode.o
  CC [M]  drivers/gpu/drm/radeon/radeon_connectors.o
  CC [M]  drivers/gpu/drm/nouveau/dispnv04/i2c/sil164_drv.o
  CC [M]  drivers/gpu/drm/radeon/radeon_encoders.o
  CC [M]  drivers/gpu/drm/radeon/radeon_display.o
  CC [M]  drivers/gpu/drm/xe/xe_dma_buf.o
  CC [M]  drivers/gpu/drm/radeon/radeon_cursor.o
  CC [M]  drivers/gpu/drm/i915/i915_mitigations.o
  CC [M]  drivers/gpu/drm/xe/xe_drm_client.o
  CC [M]  drivers/gpu/drm/i915/i915_mmio_range.o
  CC [M]  drivers/gpu/drm/amd/amdgpu/atom.o
  CC [M]  drivers/gpu/drm/nouveau/nvif/object.o
  CC [M]  drivers/gpu/drm/amd/amdgpu/amdgpu_fence.o
  LD [M]  drivers/gpu/drm/ttm/ttm.o
  CC [M]  drivers/gpu/drm/nouveau/nvif/client.o
  CC [M]  drivers/gpu/drm/nouveau/nvif/conn.o
  CC [M]  drivers/gpu/drm/xe/xe_drm_ras.o
  CC [M]  drivers/gpu/drm/xe/xe_eu_stall.o
  CC [M]  drivers/gpu/drm/xe/xe_exec.o
  LD [M]  drivers/gpu/drm/vboxvideo/vboxvideo.o
  CC [M]  drivers/gpu/drm/nouveau/nvif/device.o
  CC [M]  drivers/gpu/drm/i915/i915_module.o
  CC [M]  drivers/gpu/drm/nouveau/nvif/disp.o
  CC [M]  drivers/gpu/drm/amd/amdgpu/amdgpu_ttm.o
  CC [M]  drivers/gpu/drm/amd/amdgpu/amdgpu_object.o
  CC [M]  drivers/gpu/drm/radeon/radeon_i2c.o
  CC [M]  drivers/gpu/drm/i915/i915_params.o
  CC [M]  drivers/gpu/drm/amd/amdgpu/amdgpu_gart.o
  CC [M]  drivers/gpu/drm/xe/xe_exec_queue.o
  CC [M]  drivers/gpu/drm/i915/i915_pci.o
  CC [M]  drivers/gpu/drm/nouveau/nvif/driver.o
  CC [M]  drivers/gpu/drm/amd/amdgpu/amdgpu_encoders.o
  CC [M]  drivers/gpu/drm/xe/xe_execlist.o
  CC [M]  drivers/gpu/drm/amd/amdgpu/amdgpu_display.o
  CC [M]  drivers/gpu/drm/radeon/radeon_clocks.o
  CC [M]  drivers/gpu/drm/xe/xe_force_wake.o
  CC [M]  drivers/gpu/drm/i915/i915_scatterlist.o
  CC [M]  drivers/gpu/drm/nouveau/nvif/event.o
  CC [M]  drivers/gpu/drm/radeon/radeon_gem.o
  CC [M]  drivers/gpu/drm/amd/amdgpu/amdgpu_i2c.o
  CC [M]  drivers/gpu/drm/amd/amdgpu/amdgpu_gem.o
  CC [M]  drivers/gpu/drm/amd/amdgpu/amdgpu_ring.o
  CC [M]  drivers/gpu/drm/radeon/radeon_ring.o
  CC [M]  drivers/gpu/drm/i915/i915_switcheroo.o
  CC [M]  drivers/gpu/drm/amd/amdgpu/amdgpu_cs.o
  CC [M]  drivers/gpu/drm/nouveau/nvif/fifo.o
  CC [M]  drivers/gpu/drm/nouveau/nvif/head.o
  CC [M]  drivers/gpu/drm/i915/i915_sysfs.o
  CC [M]  drivers/gpu/drm/i915/i915_timer_util.o
  CC [M]  drivers/gpu/drm/amd/amdgpu/amdgpu_bios.o
  CC [M]  drivers/gpu/drm/amd/amdgpu/amdgpu_benchmark.o
  CC [M]  drivers/gpu/drm/radeon/radeon_irq_kms.o
  CC [M]  drivers/gpu/drm/amd/amdgpu/atombios_dp.o
  CC [M]  drivers/gpu/drm/amd/amdgpu/amdgpu_afmt.o
  CC [M]  drivers/gpu/drm/radeon/radeon_cs.o
  CC [M]  drivers/gpu/drm/amd/amdgpu/amdgpu_trace_points.o
  CC [M]  drivers/gpu/drm/xe/xe_ggtt.o
  CC [M]  drivers/gpu/drm/nouveau/nvif/mem.o
  CC [M]  drivers/gpu/drm/nouveau/nvif/mmu.o
  CC [M]  drivers/gpu/drm/i915/i915_utils.o
  CC [M]  drivers/gpu/drm/radeon/radeon_bios.o
  CC [M]  drivers/gpu/drm/i915/intel_clock_gating.o
  CC [M]  drivers/gpu/drm/i915/intel_cpu_info.o
  CC [M]  drivers/gpu/drm/xe/xe_gpu_scheduler.o
  CC [M]  drivers/gpu/drm/nouveau/nvif/outp.o
  CC [M]  drivers/gpu/drm/i915/intel_device_info.o
  CC [M]  drivers/gpu/drm/radeon/radeon_benchmark.o
  CC [M]  drivers/gpu/drm/xe/xe_gsc.o
  CC [M]  drivers/gpu/drm/nouveau/nvif/timer.o
  CC [M]  drivers/gpu/drm/amd/amdgpu/atombios_encoders.o
  CC [M]  drivers/gpu/drm/amd/amdgpu/amdgpu_sa.o
  CC [M]  drivers/gpu/drm/nouveau/nvif/vmm.o
  CC [M]  drivers/gpu/drm/xe/xe_gsc_debugfs.o
  CC [M]  drivers/gpu/drm/xe/xe_gsc_proxy.o
  CC [M]  drivers/gpu/drm/xe/xe_gsc_submit.o
  CC [M]  drivers/gpu/drm/nouveau/nvif/chan.o
  CC [M]  drivers/gpu/drm/amd/amdgpu/atombios_i2c.o
  CC [M]  drivers/gpu/drm/i915/intel_memory_region.o
  CC [M]  drivers/gpu/drm/i915/intel_pcode.o
  CC [M]  drivers/gpu/drm/xe/xe_gt.o
  CC [M]  drivers/gpu/drm/i915/intel_region_ttm.o
  CC [M]  drivers/gpu/drm/i915/intel_runtime_pm.o
  CC [M]  drivers/gpu/drm/i915/intel_step.o
  CC [M]  drivers/gpu/drm/xe/xe_gt_ccs_mode.o
  CC [M]  drivers/gpu/drm/i915/intel_uncore.o
  CC [M]  drivers/gpu/drm/nouveau/nvif/chan506f.o
  CC [M]  drivers/gpu/drm/nouveau/nvif/chan906f.o
  CC [M]  drivers/gpu/drm/nouveau/nvif/chanc36f.o
  CC [M]  drivers/gpu/drm/amd/amdgpu/amdgpu_dma_buf.o
  CC [M]  drivers/gpu/drm/radeon/r100.o
  CC [M]  drivers/gpu/drm/xe/xe_gt_clock.o
  CC [M]  drivers/gpu/drm/xe/xe_gt_freq.o
  CC [M]  drivers/gpu/drm/xe/xe_gt_idle.o
  CC [M]  drivers/gpu/drm/i915/intel_uncore_trace.o
  CC [M]  drivers/gpu/drm/amd/amdgpu/amdgpu_vm.o
  CC [M]  drivers/gpu/drm/amd/amdgpu/amdgpu_vm_pt.o
  CC [M]  drivers/gpu/drm/amd/amdgpu/amdgpu_vm_tlb_fence.o
  CC [M]  drivers/gpu/drm/i915/intel_wakeref.o
  CC [M]  drivers/gpu/drm/radeon/r300.o
  CC [M]  drivers/gpu/drm/nouveau/nvif/user.o
  CC [M]  drivers/gpu/drm/i915/vlv_iosf_sb.o
  CC [M]  drivers/gpu/drm/nouveau/nvif/userc361.o
  CC [M]  drivers/gpu/drm/nouveau/nvkm/core/client.o
  CC [M]  drivers/gpu/drm/amd/amdgpu/amdgpu_ib.o
  CC [M]  drivers/gpu/drm/i915/vlv_suspend.o
  CC [M]  drivers/gpu/drm/i915/i915_memcpy.o
  CC [M]  drivers/gpu/drm/amd/amdgpu/amdgpu_pll.o
  CC [M]  drivers/gpu/drm/radeon/r420.o
  CC [M]  drivers/gpu/drm/nouveau/nvkm/core/engine.o
  CC [M]  drivers/gpu/drm/nouveau/nvkm/core/enum.o
  CC [M]  drivers/gpu/drm/amd/amdgpu/amdgpu_ucode.o
  CC [M]  drivers/gpu/drm/radeon/rs400.o
  CC [M]  drivers/gpu/drm/xe/xe_gt_mcr.o
  CC [M]  drivers/gpu/drm/nouveau/nvkm/core/event.o
  CC [M]  drivers/gpu/drm/amd/amdgpu/amdgpu_bo_list.o
  CC [M]  drivers/gpu/drm/amd/amdgpu/amdgpu_ctx.o
  CC [M]  drivers/gpu/drm/amd/amdgpu/amdgpu_sync.o
  CC [M]  drivers/gpu/drm/radeon/rs600.o
  CC [M]  drivers/gpu/drm/radeon/rs690.o
  CC [M]  drivers/gpu/drm/amd/amdgpu/amdgpu_gtt_mgr.o
  CC [M]  drivers/gpu/drm/i915/i915_mm.o
  CC [M]  drivers/gpu/drm/xe/xe_gt_sysfs.o
  CC [M]  drivers/gpu/drm/nouveau/nvkm/core/firmware.o
  CC [M]  drivers/gpu/drm/amd/amdgpu/amdgpu_preempt_mgr.o
  CC [M]  drivers/gpu/drm/xe/xe_gt_throttle.o
  CC [M]  drivers/gpu/drm/i915/i915_sw_fence.o
  CC [M]  drivers/gpu/drm/i915/i915_sw_fence_work.o
  CC [M]  drivers/gpu/drm/amd/amdgpu/amdgpu_vram_mgr.o
  CC [M]  drivers/gpu/drm/xe/xe_gt_topology.o
  CC [M]  drivers/gpu/drm/i915/i915_syncmap.o
  CC [M]  drivers/gpu/drm/amd/amdgpu/amdgpu_virt.o
  CC [M]  drivers/gpu/drm/radeon/rv515.o
  CC [M]  drivers/gpu/drm/xe/xe_guc.o
  CC [M]  drivers/gpu/drm/i915/i915_user_extensions.o
  CC [M]  drivers/gpu/drm/nouveau/nvkm/core/gpuobj.o
  CC [M]  drivers/gpu/drm/nouveau/nvkm/core/intr.o
  CC [M]  drivers/gpu/drm/radeon/r520.o
  CC [M]  drivers/gpu/drm/i915/i915_ioc32.o
  CC [M]  drivers/gpu/drm/radeon/r600.o
  CC [M]  drivers/gpu/drm/i915/i915_debugfs.o
  CC [M]  drivers/gpu/drm/nouveau/nvkm/core/ioctl.o
  CC [M]  drivers/gpu/drm/xe/xe_guc_ads.o
  CC [M]  drivers/gpu/drm/xe/xe_guc_buf.o
  CC [M]  drivers/gpu/drm/xe/xe_guc_capture.o
  CC [M]  drivers/gpu/drm/nouveau/nvkm/core/memory.o
  CC [M]  drivers/gpu/drm/radeon/rv770.o
  CC [M]  drivers/gpu/drm/nouveau/nvkm/core/mm.o
  CC [M]  drivers/gpu/drm/amd/amdgpu/amdgpu_atomfirmware.o
  CC [M]  drivers/gpu/drm/radeon/radeon_test.o
  CC [M]  drivers/gpu/drm/nouveau/nvkm/core/object.o
  CC [M]  drivers/gpu/drm/nouveau/nvkm/core/oproxy.o
  CC [M]  drivers/gpu/drm/nouveau/nvkm/core/option.o
  CC [M]  drivers/gpu/drm/xe/xe_guc_ct.o
  CC [M]  drivers/gpu/drm/amd/amdgpu/amdgpu_vf_error.o
  CC [M]  drivers/gpu/drm/amd/amdgpu/amdgpu_sched.o
  CC [M]  drivers/gpu/drm/nouveau/nvkm/core/ramht.o
  CC [M]  drivers/gpu/drm/radeon/r200.o
  CC [M]  drivers/gpu/drm/nouveau/nvkm/core/subdev.o
  CC [M]  drivers/gpu/drm/xe/xe_guc_db_mgr.o
  CC [M]  drivers/gpu/drm/xe/xe_guc_engine_activity.o
  CC [M]  drivers/gpu/drm/amd/amdgpu/amdgpu_debugfs.o
  CC [M]  drivers/gpu/drm/i915/i915_debugfs_params.o
  CC [M]  drivers/gpu/drm/nouveau/nvkm/core/uevent.o
  CC [M]  drivers/gpu/drm/radeon/radeon_legacy_tv.o
  CC [M]  drivers/gpu/drm/i915/i915_pmu.o
  CC [M]  drivers/gpu/drm/amd/amdgpu/amdgpu_ids.o
  CC [M]  drivers/gpu/drm/nouveau/nvkm/nvfw/fw.o
  CC [M]  drivers/gpu/drm/amd/amdgpu/amdgpu_gmc.o
  CC [M]  drivers/gpu/drm/amd/amdgpu/amdgpu_mmhub.o
  CC [M]  drivers/gpu/drm/radeon/r600_cs.o
  CC [M]  drivers/gpu/drm/nouveau/nvkm/nvfw/hs.o
  CC [M]  drivers/gpu/drm/xe/xe_guc_hwconfig.o
  CC [M]  drivers/gpu/drm/i915/i915_bo.o
  CC [M]  drivers/gpu/drm/nouveau/nvkm/nvfw/ls.o
  CC [M]  drivers/gpu/drm/amd/amdgpu/amdgpu_hdp.o
  CC [M]  drivers/gpu/drm/radeon/radeon_pm.o
  CC [M]  drivers/gpu/drm/i915/i915_display_pc8.o
  CC [M]  drivers/gpu/drm/i915/i915_dpt.o
  CC [M]  drivers/gpu/drm/i915/i915_dsb_buffer.o
  CC [M]  drivers/gpu/drm/amd/amdgpu/amdgpu_xgmi.o
  CC [M]  drivers/gpu/drm/radeon/atombios_dp.o
  CC [M]  drivers/gpu/drm/amd/amdgpu/amdgpu_csa.o
  CC [M]  drivers/gpu/drm/i915/i915_hdcp_gsc.o
  CC [M]  drivers/gpu/drm/radeon/r600_hdmi.o
  CC [M]  drivers/gpu/drm/radeon/dce3_1_afmt.o
  CC [M]  drivers/gpu/drm/xe/xe_guc_id_mgr.o
  CC [M]  drivers/gpu/drm/i915/i915_initial_plane.o
  CC [M]  drivers/gpu/drm/amd/amdgpu/amdgpu_ras.o
  CC [M]  drivers/gpu/drm/amd/amdgpu/amdgpu_vm_cpu.o
  CC [M]  drivers/gpu/drm/nouveau/nvkm/nvfw/acr.o
  CC [M]  drivers/gpu/drm/nouveau/nvkm/nvfw/flcn.o
  CC [M]  drivers/gpu/drm/radeon/evergreen.o
  CC [M]  drivers/gpu/drm/nouveau/nvkm/falcon/base.o
  CC [M]  drivers/gpu/drm/nouveau/nvkm/falcon/cmdq.o
  CC [M]  drivers/gpu/drm/amd/amdgpu/amdgpu_vm_sdma.o
  CC [M]  drivers/gpu/drm/xe/xe_guc_klv_helpers.o
  CC [M]  drivers/gpu/drm/xe/xe_guc_log.o
  CC [M]  drivers/gpu/drm/i915/i915_overlay.o
  CC [M]  drivers/gpu/drm/nouveau/nvkm/falcon/fw.o
  CC [M]  drivers/gpu/drm/nouveau/nvkm/falcon/msgq.o
  CC [M]  drivers/gpu/drm/amd/amdgpu/amdgpu_discovery.o
  CC [M]  drivers/gpu/drm/xe/xe_guc_pagefault.o
  CC [M]  drivers/gpu/drm/nouveau/nvkm/falcon/qmgr.o
  CC [M]  drivers/gpu/drm/xe/xe_guc_pc.o
  CC [M]  drivers/gpu/drm/i915/i915_panic.o
  CC [M]  drivers/gpu/drm/i915/gt/gen2_engine_cs.o
  CC [M]  drivers/gpu/drm/i915/gt/gen6_engine_cs.o
  CC [M]  drivers/gpu/drm/radeon/evergreen_cs.o
  CC [M]  drivers/gpu/drm/xe/xe_guc_rc.o
  CC [M]  drivers/gpu/drm/amd/amdgpu/amdgpu_ras_eeprom.o
  CC [M]  drivers/gpu/drm/nouveau/nvkm/falcon/v1.o
  CC [M]  drivers/gpu/drm/xe/xe_guc_submit.o
  CC [M]  drivers/gpu/drm/i915/gt/gen6_ppgtt.o
  CC [M]  drivers/gpu/drm/amd/amdgpu/amdgpu_nbio.o
  CC [M]  drivers/gpu/drm/amd/amdgpu/amdgpu_umc.o
  CC [M]  drivers/gpu/drm/amd/amdgpu/smu_v11_0_i2c.o
  CC [M]  drivers/gpu/drm/i915/gt/gen7_renderclear.o
  CC [M]  drivers/gpu/drm/xe/xe_guc_tlb_inval.o
  CC [M]  drivers/gpu/drm/xe/xe_heci_gsc.o
  CC [M]  drivers/gpu/drm/i915/gt/gen8_engine_cs.o
  CC [M]  drivers/gpu/drm/radeon/evergreen_hdmi.o
  CC [M]  drivers/gpu/drm/radeon/radeon_trace_points.o
  CC [M]  drivers/gpu/drm/radeon/ni.o
  CC [M]  drivers/gpu/drm/i915/gt/gen8_ppgtt.o
  CC [M]  drivers/gpu/drm/amd/amdgpu/amdgpu_fru_eeprom.o
  CC [M]  drivers/gpu/drm/xe/xe_huc.o
  CC [M]  drivers/gpu/drm/amd/amdgpu/amdgpu_rap.o
  CC [M]  drivers/gpu/drm/nouveau/nvkm/falcon/gm200.o
  CC [M]  drivers/gpu/drm/nouveau/nvkm/falcon/gp102.o
  CC [M]  drivers/gpu/drm/radeon/atombios_encoders.o
  CC [M]  drivers/gpu/drm/nouveau/nvkm/falcon/tu102.o
  CC [M]  drivers/gpu/drm/amd/amdgpu/amdgpu_fw_attestation.o
  CC [M]  drivers/gpu/drm/i915/gt/intel_breadcrumbs.o
  CC [M]  drivers/gpu/drm/xe/xe_hw_engine.o
  CC [M]  drivers/gpu/drm/xe/xe_hw_engine_class_sysfs.o
  CC [M]  drivers/gpu/drm/radeon/radeon_semaphore.o
  CC [M]  drivers/gpu/drm/nouveau/nvkm/falcon/ga100.o
  CC [M]  drivers/gpu/drm/radeon/radeon_sa.o
  CC [M]  drivers/gpu/drm/nouveau/nvkm/falcon/ga102.o
  CC [M]  drivers/gpu/drm/radeon/atombios_i2c.o
  CC [M]  drivers/gpu/drm/nouveau/nvkm/subdev/acr/base.o
  CC [M]  drivers/gpu/drm/i915/gt/intel_context.o
  CC [M]  drivers/gpu/drm/i915/gt/intel_context_sseu.o
  CC [M]  drivers/gpu/drm/amd/amdgpu/amdgpu_securedisplay.o
  CC [M]  drivers/gpu/drm/radeon/si.o
  CC [M]  drivers/gpu/drm/nouveau/nvkm/subdev/acr/lsfw.o
  CC [M]  drivers/gpu/drm/i915/gt/intel_engine_cs.o
  CC [M]  drivers/gpu/drm/amd/amdgpu/amdgpu_eeprom.o
  CC [M]  drivers/gpu/drm/xe/xe_hw_engine_group.o
  CC [M]  drivers/gpu/drm/radeon/radeon_prime.o
  CC [M]  drivers/gpu/drm/amd/amdgpu/amdgpu_mca.o
  CC [M]  drivers/gpu/drm/radeon/cik.o
  CC [M]  drivers/gpu/drm/nouveau/nvkm/subdev/acr/gm200.o
  CC [M]  drivers/gpu/drm/i915/gt/intel_engine_heartbeat.o
  CC [M]  drivers/gpu/drm/i915/gt/intel_engine_pm.o
  CC [M]  drivers/gpu/drm/i915/gt/intel_engine_user.o
  CC [M]  drivers/gpu/drm/i915/gt/intel_execlists_submission.o
  CC [M]  drivers/gpu/drm/i915/gt/intel_ggtt.o
  CC [M]  drivers/gpu/drm/xe/xe_hw_error.o
  CC [M]  drivers/gpu/drm/radeon/r600_dpm.o
  CC [M]  drivers/gpu/drm/amd/amdgpu/amdgpu_psp_ta.o
  CC [M]  drivers/gpu/drm/xe/xe_hw_fence.o
  CC [M]  drivers/gpu/drm/i915/gt/intel_ggtt_fencing.o
  CC [M]  drivers/gpu/drm/i915/gt/intel_gt.o
  CC [M]  drivers/gpu/drm/nouveau/nvkm/subdev/acr/gm20b.o
  CC [M]  drivers/gpu/drm/nouveau/nvkm/subdev/acr/gp102.o
  CC [M]  drivers/gpu/drm/i915/gt/intel_gt_buffer_pool.o
  CC [M]  drivers/gpu/drm/radeon/rs780_dpm.o
  CC [M]  drivers/gpu/drm/radeon/rv6xx_dpm.o
  CC [M]  drivers/gpu/drm/amd/amdgpu/amdgpu_lsdma.o
  CC [M]  drivers/gpu/drm/amd/amdgpu/amdgpu_ring_mux.o
  CC [M]  drivers/gpu/drm/nouveau/nvkm/subdev/acr/gp108.o
  CC [M]  drivers/gpu/drm/nouveau/nvkm/subdev/acr/gv100.o
  CC [M]  drivers/gpu/drm/amd/amdgpu/amdgpu_xcp.o
  CC [M]  drivers/gpu/drm/radeon/rv770_dpm.o
  CC [M]  drivers/gpu/drm/radeon/rv730_dpm.o
  CC [M]  drivers/gpu/drm/xe/xe_irq.o
  CC [M]  drivers/gpu/drm/nouveau/nvkm/subdev/acr/gp10b.o
  CC [M]  drivers/gpu/drm/radeon/rv740_dpm.o
  CC [M]  drivers/gpu/drm/amd/amdgpu/amdgpu_seq64.o
  CC [M]  drivers/gpu/drm/nouveau/nvkm/subdev/acr/tu102.o
  CC [M]  drivers/gpu/drm/nouveau/nvkm/subdev/acr/ga100.o
  CC [M]  drivers/gpu/drm/nouveau/nvkm/subdev/acr/ga102.o
  CC [M]  drivers/gpu/drm/amd/amdgpu/amdgpu_aca.o
  CC [M]  drivers/gpu/drm/amd/amdgpu/amdgpu_dev_coredump.o
  CC [M]  drivers/gpu/drm/i915/gt/intel_gt_ccs_mode.o
  CC [M]  drivers/gpu/drm/i915/gt/intel_gt_clock_utils.o
  CC [M]  drivers/gpu/drm/radeon/rv770_smc.o
  CC [M]  drivers/gpu/drm/radeon/cypress_dpm.o
  CC [M]  drivers/gpu/drm/nouveau/nvkm/subdev/bar/base.o
  CC [M]  drivers/gpu/drm/i915/gt/intel_gt_debugfs.o
  CC [M]  drivers/gpu/drm/xe/xe_late_bind_fw.o
  CC [M]  drivers/gpu/drm/nouveau/nvkm/subdev/bar/nv50.o
  CC [M]  drivers/gpu/drm/amd/amdgpu/amdgpu_cper.o
  CC [M]  drivers/gpu/drm/nouveau/nvkm/subdev/bar/g84.o
  CC [M]  drivers/gpu/drm/xe/xe_lrc.o
  CC [M]  drivers/gpu/drm/i915/gt/intel_gt_engines_debugfs.o
  CC [M]  drivers/gpu/drm/amd/amdgpu/amdgpu_userq_fence.o
  CC [M]  drivers/gpu/drm/xe/xe_mem_pool.o
  CC [M]  drivers/gpu/drm/i915/gt/intel_gt_irq.o
  CC [M]  drivers/gpu/drm/i915/gt/intel_gt_mcr.o
  CC [M]  drivers/gpu/drm/nouveau/nvkm/subdev/bar/gf100.o
  CC [M]  drivers/gpu/drm/xe/xe_migrate.o
  CC [M]  drivers/gpu/drm/i915/gt/intel_gt_pm.o
  CC [M]  drivers/gpu/drm/nouveau/nvkm/subdev/bar/gk20a.o
  CC [M]  drivers/gpu/drm/nouveau/nvkm/subdev/bar/gm107.o
  CC [M]  drivers/gpu/drm/radeon/btc_dpm.o
  CC [M]  drivers/gpu/drm/amd/amdgpu/amdgpu_eviction_fence.o
  CC [M]  drivers/gpu/drm/xe/xe_mmio.o
  CC [M]  drivers/gpu/drm/i915/gt/intel_gt_pm_debugfs.o
  CC [M]  drivers/gpu/drm/amd/amdgpu/amdgpu_ip.o
  CC [M]  drivers/gpu/drm/amd/amdgpu/amdgpu_fdinfo.o
  CC [M]  drivers/gpu/drm/amd/amdgpu/amdgpu_pmu.o
  CC [M]  drivers/gpu/drm/radeon/sumo_dpm.o
  CC [M]  drivers/gpu/drm/amd/amdgpu/cik.o
  CC [M]  drivers/gpu/drm/xe/xe_mmio_gem.o
  CC [M]  drivers/gpu/drm/radeon/sumo_smc.o
  CC [M]  drivers/gpu/drm/xe/xe_mocs.o
  CC [M]  drivers/gpu/drm/xe/xe_module.o
  CC [M]  drivers/gpu/drm/xe/xe_nvm.o
  CC [M]  drivers/gpu/drm/nouveau/nvkm/subdev/bar/gm20b.o
  CC [M]  drivers/gpu/drm/i915/gt/intel_gt_pm_irq.o
  CC [M]  drivers/gpu/drm/radeon/trinity_dpm.o
  CC [M]  drivers/gpu/drm/amd/amdgpu/cik_ih.o
  CC [M]  drivers/gpu/drm/amd/amdgpu/dce_v8_0.o
  CC [M]  drivers/gpu/drm/i915/gt/intel_gt_requests.o
  CC [M]  drivers/gpu/drm/radeon/trinity_smc.o
  CC [M]  drivers/gpu/drm/xe/xe_oa.o
  CC [M]  drivers/gpu/drm/nouveau/nvkm/subdev/bar/tu102.o
  CC [M]  drivers/gpu/drm/amd/amdgpu/gfx_v7_0.o
  CC [M]  drivers/gpu/drm/xe/xe_observation.o
  CC [M]  drivers/gpu/drm/xe/xe_pagefault.o
  CC [M]  drivers/gpu/drm/radeon/ni_dpm.o
  CC [M]  drivers/gpu/drm/nouveau/nvkm/subdev/bios/base.o
  CC [M]  drivers/gpu/drm/nouveau/nvkm/subdev/bios/bit.o
  CC [M]  drivers/gpu/drm/i915/gt/intel_gt_sysfs.o
  CC [M]  drivers/gpu/drm/radeon/si_smc.o
  CC [M]  drivers/gpu/drm/nouveau/nvkm/subdev/bios/boost.o
  CC [M]  drivers/gpu/drm/nouveau/nvkm/subdev/bios/conn.o
  CC [M]  drivers/gpu/drm/nouveau/nvkm/subdev/bios/cstep.o
  CC [M]  drivers/gpu/drm/i915/gt/intel_gt_sysfs_pm.o
  CC [M]  drivers/gpu/drm/amd/amdgpu/cik_sdma.o
  CC [M]  drivers/gpu/drm/amd/amdgpu/uvd_v4_2.o
  CC [M]  drivers/gpu/drm/nouveau/nvkm/subdev/bios/dcb.o
  CC [M]  drivers/gpu/drm/i915/gt/intel_gtt.o
  CC [M]  drivers/gpu/drm/i915/gt/intel_llc.o
  CC [M]  drivers/gpu/drm/xe/xe_page_reclaim.o
  CC [M]  drivers/gpu/drm/amd/amdgpu/vce_v2_0.o
  CC [M]  drivers/gpu/drm/radeon/si_dpm.o
  CC [M]  drivers/gpu/drm/xe/xe_pat.o
  CC [M]  drivers/gpu/drm/xe/xe_pci.o
  CC [M]  drivers/gpu/drm/xe/xe_pci_rebar.o
  CC [M]  drivers/gpu/drm/nouveau/nvkm/subdev/bios/disp.o
  CC [M]  drivers/gpu/drm/radeon/kv_smc.o
  CC [M]  drivers/gpu/drm/amd/amdgpu/si.o
  CC [M]  drivers/gpu/drm/amd/amdgpu/gmc_v6_0.o
  CC [M]  drivers/gpu/drm/xe/xe_pcode.o
  CC [M]  drivers/gpu/drm/i915/gt/intel_lrc.o
  CC [M]  drivers/gpu/drm/radeon/kv_dpm.o
  CC [M]  drivers/gpu/drm/xe/xe_pm.o
  CC [M]  drivers/gpu/drm/i915/gt/intel_migrate.o
  CC [M]  drivers/gpu/drm/i915/gt/intel_mocs.o
  CC [M]  drivers/gpu/drm/amd/amdgpu/gfx_v6_0.o
  CC [M]  drivers/gpu/drm/nouveau/nvkm/subdev/bios/dp.o
  CC [M]  drivers/gpu/drm/radeon/ci_smc.o
  CC [M]  drivers/gpu/drm/radeon/ci_dpm.o
  CC [M]  drivers/gpu/drm/i915/gt/intel_ppgtt.o
  CC [M]  drivers/gpu/drm/nouveau/nvkm/subdev/bios/extdev.o
  CC [M]  drivers/gpu/drm/nouveau/nvkm/subdev/bios/fan.o
  CC [M]  drivers/gpu/drm/xe/xe_preempt_fence.o
  CC [M]  drivers/gpu/drm/radeon/dce6_afmt.o
  CC [M]  drivers/gpu/drm/i915/gt/intel_rc6.o
  CC [M]  drivers/gpu/drm/amd/amdgpu/si_ih.o
  CC [M]  drivers/gpu/drm/xe/xe_psmi.o
  CC [M]  drivers/gpu/drm/xe/xe_pt.o
  CC [M]  drivers/gpu/drm/nouveau/nvkm/subdev/bios/gpio.o
  CC [M]  drivers/gpu/drm/i915/gt/intel_region_lmem.o
  CC [M]  drivers/gpu/drm/amd/amdgpu/si_dma.o
  CC [M]  drivers/gpu/drm/nouveau/nvkm/subdev/bios/i2c.o
  CC [M]  drivers/gpu/drm/i915/gt/intel_renderstate.o
  CC [M]  drivers/gpu/drm/xe/xe_pt_walk.o
  CC [M]  drivers/gpu/drm/nouveau/nvkm/subdev/bios/iccsense.o
  CC [M]  drivers/gpu/drm/radeon/radeon_vm.o
  CC [M]  drivers/gpu/drm/i915/gt/intel_reset.o
  CC [M]  drivers/gpu/drm/amd/amdgpu/dce_v6_0.o
  CC [M]  drivers/gpu/drm/amd/amdgpu/uvd_v3_1.o
  CC [M]  drivers/gpu/drm/nouveau/nvkm/subdev/bios/image.o
  CC [M]  drivers/gpu/drm/nouveau/nvkm/subdev/bios/init.o
  CC [M]  drivers/gpu/drm/nouveau/nvkm/subdev/bios/mxm.o
  CC [M]  drivers/gpu/drm/xe/xe_pxp.o
  CC [M]  drivers/gpu/drm/amd/amdgpu/vce_v1_0.o
  CC [M]  drivers/gpu/drm/nouveau/nvkm/subdev/bios/npde.o
  CC [M]  drivers/gpu/drm/i915/gt/intel_ring.o
  CC [M]  drivers/gpu/drm/radeon/radeon_ucode.o
  CC [M]  drivers/gpu/drm/nouveau/nvkm/subdev/bios/pcir.o
  CC [M]  drivers/gpu/drm/amd/amdgpu/vi.o
  CC [M]  drivers/gpu/drm/radeon/radeon_ib.o
  CC [M]  drivers/gpu/drm/radeon/radeon_sync.o
  CC [M]  drivers/gpu/drm/i915/gt/intel_ring_submission.o
  CC [M]  drivers/gpu/drm/amd/amdgpu/mxgpu_vi.o
  CC [M]  drivers/gpu/drm/radeon/radeon_audio.o
  CC [M]  drivers/gpu/drm/amd/amdgpu/nbio_v6_1.o
  CC [M]  drivers/gpu/drm/radeon/radeon_dp_auxch.o
  CC [M]  drivers/gpu/drm/xe/xe_pxp_debugfs.o
  CC [M]  drivers/gpu/drm/amd/amdgpu/soc15.o
  CC [M]  drivers/gpu/drm/i915/gt/intel_rps.o
  CC [M]  drivers/gpu/drm/i915/gt/intel_sa_media.o
  CC [M]  drivers/gpu/drm/amd/amdgpu/emu_soc.o
  CC [M]  drivers/gpu/drm/amd/amdgpu/mxgpu_ai.o
  CC [M]  drivers/gpu/drm/nouveau/nvkm/subdev/bios/perf.o
  CC [M]  drivers/gpu/drm/xe/xe_pxp_submit.o
  CC [M]  drivers/gpu/drm/i915/gt/intel_sseu.o
  CC [M]  drivers/gpu/drm/radeon/radeon_mn.o
  CC [M]  drivers/gpu/drm/radeon/r600_dma.o
  CC [M]  drivers/gpu/drm/radeon/rv770_dma.o
  CC [M]  drivers/gpu/drm/nouveau/nvkm/subdev/bios/pll.o
  CC [M]  drivers/gpu/drm/xe/xe_query.o
  CC [M]  drivers/gpu/drm/nouveau/nvkm/subdev/bios/pmu.o
  CC [M]  drivers/gpu/drm/nouveau/nvkm/subdev/bios/power_budget.o
  CC [M]  drivers/gpu/drm/xe/xe_range_fence.o
  CC [M]  drivers/gpu/drm/nouveau/nvkm/subdev/bios/ramcfg.o
  CC [M]  drivers/gpu/drm/radeon/evergreen_dma.o
  CC [M]  drivers/gpu/drm/nouveau/nvkm/subdev/bios/rammap.o
  CC [M]  drivers/gpu/drm/nouveau/nvkm/subdev/bios/shadow.o
  CC [M]  drivers/gpu/drm/amd/amdgpu/nbio_v7_0.o
  CC [M]  drivers/gpu/drm/amd/amdgpu/vega10_reg_init.o
  CC [M]  drivers/gpu/drm/i915/gt/intel_sseu_debugfs.o
  CC [M]  drivers/gpu/drm/nouveau/nvkm/subdev/bios/shadowacpi.o
  CC [M]  drivers/gpu/drm/nouveau/nvkm/subdev/bios/shadowof.o
  CC [M]  drivers/gpu/drm/i915/gt/intel_timeline.o
  CC [M]  drivers/gpu/drm/i915/gt/intel_tlb.o
  CC [M]  drivers/gpu/drm/nouveau/nvkm/subdev/bios/shadowpci.o
  CC [M]  drivers/gpu/drm/xe/xe_reg_sr.o
  CC [M]  drivers/gpu/drm/amd/amdgpu/vega20_reg_init.o
  CC [M]  drivers/gpu/drm/radeon/ni_dma.o
  CC [M]  drivers/gpu/drm/i915/gt/intel_wopcm.o
  CC [M]  drivers/gpu/drm/nouveau/nvkm/subdev/bios/shadowramin.o
  CC [M]  drivers/gpu/drm/xe/xe_reg_whitelist.o
  CC [M]  drivers/gpu/drm/amd/amdgpu/nbio_v7_4.o
  CC [M]  drivers/gpu/drm/i915/gt/intel_workarounds.o
  CC [M]  drivers/gpu/drm/i915/gt/shmem_utils.o
  CC [M]  drivers/gpu/drm/radeon/si_dma.o
  CC [M]  drivers/gpu/drm/xe/xe_ring_ops.o
  CC [M]  drivers/gpu/drm/i915/gt/sysfs_engines.o
  CC [M]  drivers/gpu/drm/i915/gt/intel_ggtt_gmch.o
  CC [M]  drivers/gpu/drm/nouveau/nvkm/subdev/bios/shadowrom.o
  CC [M]  drivers/gpu/drm/radeon/cik_sdma.o
  CC [M]  drivers/gpu/drm/i915/gt/gen6_renderstate.o
  CC [M]  drivers/gpu/drm/radeon/radeon_uvd.o
  CC [M]  drivers/gpu/drm/radeon/uvd_v1_0.o
  CC [M]  drivers/gpu/drm/radeon/uvd_v2_2.o
  CC [M]  drivers/gpu/drm/radeon/uvd_v3_1.o
  CC [M]  drivers/gpu/drm/radeon/uvd_v4_2.o
  CC [M]  drivers/gpu/drm/xe/xe_rtp.o
  CC [M]  drivers/gpu/drm/amd/amdgpu/nbio_v2_3.o
  CC [M]  drivers/gpu/drm/amd/amdgpu/nv.o
  CC [M]  drivers/gpu/drm/radeon/radeon_vce.o
  CC [M]  drivers/gpu/drm/radeon/vce_v1_0.o
  CC [M]  drivers/gpu/drm/radeon/vce_v2_0.o
  CC [M]  drivers/gpu/drm/amd/amdgpu/arct_reg_init.o
  CC [M]  drivers/gpu/drm/i915/gt/gen7_renderstate.o
  CC [M]  drivers/gpu/drm/i915/gt/gen8_renderstate.o
  CC [M]  drivers/gpu/drm/radeon/radeon_fbdev.o
  CC [M]  drivers/gpu/drm/nouveau/nvkm/subdev/bios/timing.o
  CC [M]  drivers/gpu/drm/nouveau/nvkm/subdev/bios/therm.o
  CC [M]  drivers/gpu/drm/i915/gt/gen9_renderstate.o
  CC [M]  drivers/gpu/drm/xe/xe_sa.o
  CC [M]  drivers/gpu/drm/xe/xe_sched_job.o
  CC [M]  drivers/gpu/drm/i915/gem/i915_gem_busy.o
  CC [M]  drivers/gpu/drm/nouveau/nvkm/subdev/bios/vmap.o
  CC [M]  drivers/gpu/drm/radeon/radeon_atpx_handler.o
  CC [M]  drivers/gpu/drm/amd/amdgpu/mxgpu_nv.o
  CC [M]  drivers/gpu/drm/amd/amdgpu/nbio_v7_2.o
  CC [M]  drivers/gpu/drm/amd/amdgpu/hdp_v4_0.o
  CC [M]  drivers/gpu/drm/nouveau/nvkm/subdev/bios/volt.o
  CC [M]  drivers/gpu/drm/xe/xe_shrinker.o
  CC [M]  drivers/gpu/drm/i915/gem/i915_gem_clflush.o
  CC [M]  drivers/gpu/drm/nouveau/nvkm/subdev/bios/vpstate.o
  CC [M]  drivers/gpu/drm/radeon/radeon_acpi.o
  CC [M]  drivers/gpu/drm/i915/gem/i915_gem_context.o
  CC [M]  drivers/gpu/drm/xe/xe_soc_remapper.o
  CC [M]  drivers/gpu/drm/amd/amdgpu/hdp_v5_0.o
  CC [M]  drivers/gpu/drm/xe/xe_step.o
  CC [M]  drivers/gpu/drm/nouveau/nvkm/subdev/bios/xpio.o
  CC [M]  drivers/gpu/drm/nouveau/nvkm/subdev/bios/M0203.o
  CC [M]  drivers/gpu/drm/i915/gem/i915_gem_create.o
  CC [M]  drivers/gpu/drm/i915/gem/i915_gem_dmabuf.o
  CC [M]  drivers/gpu/drm/i915/gem/i915_gem_domain.o
  CC [M]  drivers/gpu/drm/amd/amdgpu/aldebaran_reg_init.o
  CC [M]  drivers/gpu/drm/i915/gem/i915_gem_execbuffer.o
  CC [M]  drivers/gpu/drm/amd/amdgpu/aldebaran.o
  CC [M]  drivers/gpu/drm/i915/gem/i915_gem_internal.o
  CC [M]  drivers/gpu/drm/amd/amdgpu/soc21.o
  CC [M]  drivers/gpu/drm/i915/gem/i915_gem_lmem.o
  CC [M]  drivers/gpu/drm/amd/amdgpu/soc24.o
  CC [M]  drivers/gpu/drm/i915/gem/i915_gem_mman.o
  CC [M]  drivers/gpu/drm/amd/amdgpu/sienna_cichlid.o
  CC [M]  drivers/gpu/drm/nouveau/nvkm/subdev/bios/M0205.o
  CC [M]  drivers/gpu/drm/i915/gem/i915_gem_object.o
  CC [M]  drivers/gpu/drm/nouveau/nvkm/subdev/bios/M0209.o
  CC [M]  drivers/gpu/drm/nouveau/nvkm/subdev/bios/P0260.o
  CC [M]  drivers/gpu/drm/xe/xe_survivability_mode.o
  CC [M]  drivers/gpu/drm/amd/amdgpu/smu_v13_0_10.o
  CC [M]  drivers/gpu/drm/amd/amdgpu/nbio_v4_3.o
  CC [M]  drivers/gpu/drm/nouveau/nvkm/subdev/bus/base.o
  LD [M]  drivers/gpu/drm/radeon/radeon.o
  CC [M]  drivers/gpu/drm/xe/xe_sync.o
  CC [M]  drivers/gpu/drm/amd/amdgpu/hdp_v6_0.o
  CC [M]  drivers/gpu/drm/amd/amdgpu/nbio_v7_7.o
  CC [M]  drivers/gpu/drm/nouveau/nvkm/subdev/bus/hwsq.o
  CC [M]  drivers/gpu/drm/nouveau/nvkm/subdev/bus/nv04.o
  CC [M]  drivers/gpu/drm/amd/amdgpu/hdp_v5_2.o
  CC [M]  drivers/gpu/drm/nouveau/nvkm/subdev/bus/nv31.o
  CC [M]  drivers/gpu/drm/nouveau/nvkm/subdev/bus/nv50.o
  CC [M]  drivers/gpu/drm/i915/gem/i915_gem_object_frontbuffer.o
  CC [M]  drivers/gpu/drm/xe/xe_tile.o
  CC [M]  drivers/gpu/drm/i915/gem/i915_gem_pages.o
  CC [M]  drivers/gpu/drm/i915/gem/i915_gem_phys.o
  CC [M]  drivers/gpu/drm/amd/amdgpu/lsdma_v6_0.o
  CC [M]  drivers/gpu/drm/xe/xe_tile_sysfs.o
  CC [M]  drivers/gpu/drm/xe/xe_tlb_inval.o
  CC [M]  drivers/gpu/drm/i915/gem/i915_gem_pm.o
  CC [M]  drivers/gpu/drm/xe/xe_tlb_inval_job.o
  CC [M]  drivers/gpu/drm/xe/xe_trace.o
  CC [M]  drivers/gpu/drm/nouveau/nvkm/subdev/bus/g94.o
  CC [M]  drivers/gpu/drm/amd/amdgpu/nbio_v7_9.o
  CC [M]  drivers/gpu/drm/nouveau/nvkm/subdev/bus/gf100.o
  CC [M]  drivers/gpu/drm/amd/amdgpu/aqua_vanjaram.o
  CC [M]  drivers/gpu/drm/amd/amdgpu/nbio_v7_11.o
  CC [M]  drivers/gpu/drm/i915/gem/i915_gem_region.o
  CC [M]  drivers/gpu/drm/i915/gem/i915_gem_shmem.o
  CC [M]  drivers/gpu/drm/amd/amdgpu/lsdma_v7_0.o
  CC [M]  drivers/gpu/drm/amd/amdgpu/hdp_v7_0.o
  CC [M]  drivers/gpu/drm/amd/amdgpu/nbif_v6_3_1.o
  CC [M]  drivers/gpu/drm/amd/amdgpu/cyan_skillfish_reg_init.o
  CC [M]  drivers/gpu/drm/amd/amdgpu/soc_v1_0.o
  CC [M]  drivers/gpu/drm/xe/xe_trace_bo.o
  CC [M]  drivers/gpu/drm/nouveau/nvkm/subdev/clk/base.o
  CC [M]  drivers/gpu/drm/amd/amdgpu/lsdma_v7_1.o
  CC [M]  drivers/gpu/drm/nouveau/nvkm/subdev/clk/nv04.o
  CC [M]  drivers/gpu/drm/amd/amdgpu/df_v1_7.o
  CC [M]  drivers/gpu/drm/i915/gem/i915_gem_shrinker.o
  CC [M]  drivers/gpu/drm/amd/amdgpu/df_v3_6.o
  CC [M]  drivers/gpu/drm/xe/xe_trace_guc.o
  CC [M]  drivers/gpu/drm/i915/gem/i915_gem_stolen.o
  CC [M]  drivers/gpu/drm/nouveau/nvkm/subdev/clk/nv40.o
  CC [M]  drivers/gpu/drm/nouveau/nvkm/subdev/clk/nv50.o
  CC [M]  drivers/gpu/drm/amd/amdgpu/df_v4_3.o
  CC [M]  drivers/gpu/drm/xe/xe_trace_lrc.o
  CC [M]  drivers/gpu/drm/nouveau/nvkm/subdev/clk/g84.o
  CC [M]  drivers/gpu/drm/xe/xe_ttm_stolen_mgr.o
  CC [M]  drivers/gpu/drm/i915/gem/i915_gem_throttle.o
  CC [M]  drivers/gpu/drm/nouveau/nvkm/subdev/clk/gt215.o
  CC [M]  drivers/gpu/drm/xe/xe_ttm_sys_mgr.o
  CC [M]  drivers/gpu/drm/xe/xe_ttm_vram_mgr.o
  CC [M]  drivers/gpu/drm/amd/amdgpu/df_v4_6_2.o
  CC [M]  drivers/gpu/drm/nouveau/nvkm/subdev/clk/mcp77.o
  CC [M]  drivers/gpu/drm/amd/amdgpu/df_v4_15.o
  CC [M]  drivers/gpu/drm/amd/amdgpu/gmc_v7_0.o
  CC [M]  drivers/gpu/drm/xe/xe_tuning.o
  CC [M]  drivers/gpu/drm/xe/xe_uc.o
  CC [M]  drivers/gpu/drm/nouveau/nvkm/subdev/clk/gf100.o
  CC [M]  drivers/gpu/drm/i915/gem/i915_gem_tiling.o
  CC [M]  drivers/gpu/drm/nouveau/nvkm/subdev/clk/gk104.o
  CC [M]  drivers/gpu/drm/nouveau/nvkm/subdev/clk/gk20a.o
  CC [M]  drivers/gpu/drm/i915/gem/i915_gem_ttm.o
  CC [M]  drivers/gpu/drm/i915/gem/i915_gem_ttm_move.o
  CC [M]  drivers/gpu/drm/xe/xe_uc_fw.o
  CC [M]  drivers/gpu/drm/xe/xe_validation.o
  CC [M]  drivers/gpu/drm/xe/xe_vm.o
  CC [M]  drivers/gpu/drm/i915/gem/i915_gem_ttm_pm.o
  CC [M]  drivers/gpu/drm/nouveau/nvkm/subdev/clk/gm20b.o
  CC [M]  drivers/gpu/drm/xe/xe_vm_madvise.o
  CC [M]  drivers/gpu/drm/i915/gem/i915_gem_userptr.o
  CC [M]  drivers/gpu/drm/nouveau/nvkm/subdev/clk/gp10b.o
  CC [M]  drivers/gpu/drm/amd/amdgpu/gmc_v8_0.o
  CC [M]  drivers/gpu/drm/i915/gem/i915_gem_wait.o
  CC [M]  drivers/gpu/drm/amd/amdgpu/gfxhub_v1_0.o
  CC [M]  drivers/gpu/drm/amd/amdgpu/mmhub_v1_0.o
  CC [M]  drivers/gpu/drm/xe/xe_vram.o
  CC [M]  drivers/gpu/drm/i915/i915_active.o
  CC [M]  drivers/gpu/drm/i915/i915_cmd_parser.o
  CC [M]  drivers/gpu/drm/amd/amdgpu/gmc_v9_0.o
  CC [M]  drivers/gpu/drm/amd/amdgpu/gfxhub_v1_1.o
  CC [M]  drivers/gpu/drm/amd/amdgpu/mmhub_v9_4.o
  CC [M]  drivers/gpu/drm/i915/i915_deps.o
  CC [M]  drivers/gpu/drm/i915/i915_gem.o
  CC [M]  drivers/gpu/drm/nouveau/nvkm/subdev/clk/pllnv04.o
  CC [M]  drivers/gpu/drm/nouveau/nvkm/subdev/clk/pllgt215.o
  CC [M]  drivers/gpu/drm/nouveau/nvkm/subdev/devinit/base.o
  CC [M]  drivers/gpu/drm/i915/i915_gem_evict.o
  CC [M]  drivers/gpu/drm/nouveau/nvkm/subdev/devinit/nv04.o
  CC [M]  drivers/gpu/drm/xe/xe_vram_freq.o
  CC [M]  drivers/gpu/drm/xe/xe_vsec.o
  CC [M]  drivers/gpu/drm/amd/amdgpu/gfxhub_v2_0.o
  CC [M]  drivers/gpu/drm/nouveau/nvkm/subdev/devinit/nv05.o
  CC [M]  drivers/gpu/drm/xe/xe_wa.o
  CC [M]  drivers/gpu/drm/amd/amdgpu/mmhub_v2_0.o
  CC [M]  drivers/gpu/drm/i915/i915_gem_gtt.o
  CC [M]  drivers/gpu/drm/i915/i915_gem_ww.o
  CC [M]  drivers/gpu/drm/nouveau/nvkm/subdev/devinit/nv10.o
  CC [M]  drivers/gpu/drm/xe/xe_wait_user_fence.o
  CC [M]  drivers/gpu/drm/nouveau/nvkm/subdev/devinit/nv1a.o
  CC [M]  drivers/gpu/drm/i915/i915_query.o
  CC [M]  drivers/gpu/drm/amd/amdgpu/gmc_v10_0.o
  CC [M]  drivers/gpu/drm/xe/xe_wopcm.o
  CC [M]  drivers/gpu/drm/amd/amdgpu/gfxhub_v2_1.o
  CC [M]  drivers/gpu/drm/amd/amdgpu/mmhub_v2_3.o
  CC [M]  drivers/gpu/drm/nouveau/nvkm/subdev/devinit/nv20.o
  CC [M]  drivers/gpu/drm/amd/amdgpu/mmhub_v1_7.o
  CC [M]  drivers/gpu/drm/nouveau/nvkm/subdev/devinit/nv50.o
  CC [M]  drivers/gpu/drm/xe/xe_i2c.o
  CC [M]  drivers/gpu/drm/i915/i915_request.o
  CC [M]  drivers/gpu/drm/xe/xe_hwmon.o
  CC [M]  drivers/gpu/drm/nouveau/nvkm/subdev/devinit/g84.o
  CC [M]  drivers/gpu/drm/xe/xe_pmu.o
  CC [M]  drivers/gpu/drm/amd/amdgpu/gfxhub_v3_0.o
  CC [M]  drivers/gpu/drm/nouveau/nvkm/subdev/devinit/g98.o
  CC [M]  drivers/gpu/drm/amd/amdgpu/mmhub_v3_0.o
  CC [M]  drivers/gpu/drm/i915/i915_scheduler.o
  CC [M]  drivers/gpu/drm/amd/amdgpu/mmhub_v3_0_2.o
  CC [M]  drivers/gpu/drm/xe/xe_configfs.o
  CC [M]  drivers/gpu/drm/xe/xe_gt_sriov_vf.o
  CC [M]  drivers/gpu/drm/xe/xe_guc_relay.o
  CC [M]  drivers/gpu/drm/i915/i915_trace_points.o
  CC [M]  drivers/gpu/drm/nouveau/nvkm/subdev/devinit/gt215.o
  CC [M]  drivers/gpu/drm/xe/xe_memirq.o
  CC [M]  drivers/gpu/drm/xe/xe_sriov.o
  CC [M]  drivers/gpu/drm/i915/i915_ttm_buddy_manager.o
  CC [M]  drivers/gpu/drm/xe/xe_sriov_vf.o
  CC [M]  drivers/gpu/drm/amd/amdgpu/gmc_v11_0.o
  CC [M]  drivers/gpu/drm/nouveau/nvkm/subdev/devinit/mcp89.o
  CC [M]  drivers/gpu/drm/nouveau/nvkm/subdev/devinit/gf100.o
  CC [M]  drivers/gpu/drm/nouveau/nvkm/subdev/devinit/gm107.o
  CC [M]  drivers/gpu/drm/i915/i915_vma.o
  CC [M]  drivers/gpu/drm/xe/xe_sriov_vf_ccs.o
  CC [M]  drivers/gpu/drm/nouveau/nvkm/subdev/devinit/gm200.o
  CC [M]  drivers/gpu/drm/i915/i915_vma_resource.o
  CC [M]  drivers/gpu/drm/amd/amdgpu/mmhub_v3_0_1.o
  CC [M]  drivers/gpu/drm/amd/amdgpu/gfxhub_v3_0_3.o
  CC [M]  drivers/gpu/drm/xe/xe_tile_sriov_vf.o
  CC [M]  drivers/gpu/drm/nouveau/nvkm/subdev/devinit/gv100.o
  CC [M]  drivers/gpu/drm/amd/amdgpu/gfxhub_v1_2.o
  CC [M]  drivers/gpu/drm/amd/amdgpu/mmhub_v1_8.o
  CC [M]  drivers/gpu/drm/i915/gt/uc/intel_gsc_fw.o
  CC [M]  drivers/gpu/drm/nouveau/nvkm/subdev/devinit/tu102.o
  CC [M]  drivers/gpu/drm/amd/amdgpu/mmhub_v3_3.o
  CC [M]  drivers/gpu/drm/nouveau/nvkm/subdev/devinit/ga100.o
  CC [M]  drivers/gpu/drm/i915/gt/uc/intel_gsc_proxy.o
  CC [M]  drivers/gpu/drm/xe/display/intel_fbdev_fb.o
  CC [M]  drivers/gpu/drm/amd/amdgpu/gfxhub_v11_5_0.o
  CC [M]  drivers/gpu/drm/i915/gt/uc/intel_gsc_uc.o
  CC [M]  drivers/gpu/drm/amd/amdgpu/mmhub_v4_1_0.o
  CC [M]  drivers/gpu/drm/nouveau/nvkm/subdev/devinit/r535.o
  CC [M]  drivers/gpu/drm/xe/display/xe_display.o
  CC [M]  drivers/gpu/drm/i915/gt/uc/intel_gsc_uc_debugfs.o
  CC [M]  drivers/gpu/drm/amd/amdgpu/gfxhub_v12_0.o
  CC [M]  drivers/gpu/drm/amd/amdgpu/gmc_v12_0.o
  CC [M]  drivers/gpu/drm/amd/amdgpu/mmhub_v4_2_0.o
  CC [M]  drivers/gpu/drm/amd/amdgpu/gfxhub_v12_1.o
  CC [M]  drivers/gpu/drm/i915/gt/uc/intel_gsc_uc_heci_cmd_submit.o
  CC [M]  drivers/gpu/drm/i915/gt/uc/intel_guc.o
  CC [M]  drivers/gpu/drm/nouveau/nvkm/subdev/fault/base.o
  CC [M]  drivers/gpu/drm/xe/display/xe_display_bo.o
  CC [M]  drivers/gpu/drm/amd/amdgpu/gmc_v12_1.o
  CC [M]  drivers/gpu/drm/amd/amdgpu/umc_v6_0.o
  CC [M]  drivers/gpu/drm/amd/amdgpu/umc_v6_1.o
  CC [M]  drivers/gpu/drm/amd/amdgpu/umc_v6_7.o
  CC [M]  drivers/gpu/drm/xe/display/xe_display_pcode.o
  CC [M]  drivers/gpu/drm/nouveau/nvkm/subdev/fault/user.o
  CC [M]  drivers/gpu/drm/i915/gt/uc/intel_guc_ads.o
  CC [M]  drivers/gpu/drm/xe/display/xe_display_rpm.o
  CC [M]  drivers/gpu/drm/nouveau/nvkm/subdev/fault/gp100.o
  CC [M]  drivers/gpu/drm/nouveau/nvkm/subdev/fault/gp10b.o
  CC [M]  drivers/gpu/drm/nouveau/nvkm/subdev/fault/gv100.o
  CC [M]  drivers/gpu/drm/nouveau/nvkm/subdev/fault/tu102.o
  CC [M]  drivers/gpu/drm/nouveau/nvkm/subdev/fb/base.o
  CC [M]  drivers/gpu/drm/nouveau/nvkm/subdev/fb/nv04.o
  CC [M]  drivers/gpu/drm/nouveau/nvkm/subdev/fb/nv10.o
  CC [M]  drivers/gpu/drm/amd/amdgpu/umc_v8_7.o
  CC [M]  drivers/gpu/drm/amd/amdgpu/umc_v8_10.o
  CC [M]  drivers/gpu/drm/i915/gt/uc/intel_guc_capture.o
  CC [M]  drivers/gpu/drm/amd/amdgpu/umc_v12_0.o
  CC [M]  drivers/gpu/drm/amd/amdgpu/umc_v8_14.o
  CC [M]  drivers/gpu/drm/i915/gt/uc/intel_guc_ct.o
  CC [M]  drivers/gpu/drm/amd/amdgpu/amdgpu_irq.o
  CC [M]  drivers/gpu/drm/xe/display/xe_display_wa.o
  CC [M]  drivers/gpu/drm/i915/gt/uc/intel_guc_debugfs.o
  CC [M]  drivers/gpu/drm/amd/amdgpu/amdgpu_ih.o
  CC [M]  drivers/gpu/drm/xe/display/xe_dsb_buffer.o
  CC [M]  drivers/gpu/drm/i915/gt/uc/intel_guc_fw.o
  CC [M]  drivers/gpu/drm/i915/gt/uc/intel_guc_hwconfig.o
  CC [M]  drivers/gpu/drm/amd/amdgpu/iceland_ih.o
  CC [M]  drivers/gpu/drm/amd/amdgpu/tonga_ih.o
  CC [M]  drivers/gpu/drm/amd/amdgpu/cz_ih.o
  CC [M]  drivers/gpu/drm/nouveau/nvkm/subdev/fb/nv1a.o
  CC [M]  drivers/gpu/drm/i915/gt/uc/intel_guc_log.o
  CC [M]  drivers/gpu/drm/xe/display/xe_fb_pin.o
  CC [M]  drivers/gpu/drm/amd/amdgpu/vega10_ih.o
  CC [M]  drivers/gpu/drm/i915/gt/uc/intel_guc_log_debugfs.o
  CC [M]  drivers/gpu/drm/amd/amdgpu/vega20_ih.o
  CC [M]  drivers/gpu/drm/nouveau/nvkm/subdev/fb/nv20.o
  CC [M]  drivers/gpu/drm/amd/amdgpu/navi10_ih.o
  CC [M]  drivers/gpu/drm/i915/gt/uc/intel_guc_rc.o
  CC [M]  drivers/gpu/drm/i915/gt/uc/intel_guc_slpc.o
  CC [M]  drivers/gpu/drm/nouveau/nvkm/subdev/fb/nv25.o
  CC [M]  drivers/gpu/drm/xe/display/xe_frontbuffer.o
  CC [M]  drivers/gpu/drm/amd/amdgpu/ih_v6_0.o
  CC [M]  drivers/gpu/drm/nouveau/nvkm/subdev/fb/nv30.o
  CC [M]  drivers/gpu/drm/amd/amdgpu/ih_v6_1.o
  CC [M]  drivers/gpu/drm/i915/gt/uc/intel_guc_submission.o
  CC [M]  drivers/gpu/drm/xe/display/xe_hdcp_gsc.o
  CC [M]  drivers/gpu/drm/nouveau/nvkm/subdev/fb/nv35.o
  CC [M]  drivers/gpu/drm/xe/display/xe_initial_plane.o
  CC [M]  drivers/gpu/drm/amd/amdgpu/ih_v7_0.o
  CC [M]  drivers/gpu/drm/nouveau/nvkm/subdev/fb/nv36.o
  CC [M]  drivers/gpu/drm/nouveau/nvkm/subdev/fb/nv40.o
  CC [M]  drivers/gpu/drm/nouveau/nvkm/subdev/fb/nv41.o
  CC [M]  drivers/gpu/drm/xe/display/xe_panic.o
  CC [M]  drivers/gpu/drm/xe/display/xe_stolen.o
  CC [M]  drivers/gpu/drm/xe/display/xe_tdf.o
  CC [M]  drivers/gpu/drm/xe/i915-display/icl_dsi.o
  CC [M]  drivers/gpu/drm/xe/i915-display/intel_alpm.o
  CC [M]  drivers/gpu/drm/xe/i915-display/intel_atomic.o
  CC [M]  drivers/gpu/drm/i915/gt/uc/intel_huc.o
  CC [M]  drivers/gpu/drm/xe/i915-display/intel_audio.o
  CC [M]  drivers/gpu/drm/amd/amdgpu/amdgpu_psp.o
  CC [M]  drivers/gpu/drm/amd/amdgpu/psp_v3_1.o
  CC [M]  drivers/gpu/drm/nouveau/nvkm/subdev/fb/nv44.o
  CC [M]  drivers/gpu/drm/i915/gt/uc/intel_huc_debugfs.o
  CC [M]  drivers/gpu/drm/xe/i915-display/intel_backlight.o
  CC [M]  drivers/gpu/drm/xe/i915-display/intel_bios.o
  CC [M]  drivers/gpu/drm/xe/i915-display/intel_bo.o
  CC [M]  drivers/gpu/drm/amd/amdgpu/psp_v10_0.o
  CC [M]  drivers/gpu/drm/nouveau/nvkm/subdev/fb/nv46.o
  CC [M]  drivers/gpu/drm/nouveau/nvkm/subdev/fb/nv47.o
  CC [M]  drivers/gpu/drm/xe/i915-display/intel_bw.o
  CC [M]  drivers/gpu/drm/i915/gt/uc/intel_huc_fw.o
  CC [M]  drivers/gpu/drm/i915/gt/uc/intel_uc.o
  CC [M]  drivers/gpu/drm/nouveau/nvkm/subdev/fb/nv49.o
  CC [M]  drivers/gpu/drm/amd/amdgpu/psp_v11_0.o
  CC [M]  drivers/gpu/drm/xe/i915-display/intel_casf.o
  CC [M]  drivers/gpu/drm/i915/gt/uc/intel_uc_debugfs.o
  CC [M]  drivers/gpu/drm/i915/gt/uc/intel_uc_fw.o
  CC [M]  drivers/gpu/drm/xe/i915-display/intel_cdclk.o
  CC [M]  drivers/gpu/drm/nouveau/nvkm/subdev/fb/nv4e.o
  CC [M]  drivers/gpu/drm/amd/amdgpu/psp_v11_0_8.o
  CC [M]  drivers/gpu/drm/i915/gt/intel_gsc.o
  CC [M]  drivers/gpu/drm/amd/amdgpu/psp_v12_0.o
  CC [M]  drivers/gpu/drm/amd/amdgpu/psp_v13_0.o
  CC [M]  drivers/gpu/drm/nouveau/nvkm/subdev/fb/nv50.o
  CC [M]  drivers/gpu/drm/i915/i915_hwmon.o
  CC [M]  drivers/gpu/drm/amd/amdgpu/psp_v13_0_4.o
  CC [M]  drivers/gpu/drm/i915/display/hsw_ips.o
  CC [M]  drivers/gpu/drm/xe/i915-display/intel_cmtg.o
  CC [M]  drivers/gpu/drm/nouveau/nvkm/subdev/fb/g84.o
  CC [M]  drivers/gpu/drm/i915/display/i9xx_display_sr.o
  CC [M]  drivers/gpu/drm/xe/i915-display/intel_color.o
  CC [M]  drivers/gpu/drm/i915/display/i9xx_plane.o
  CC [M]  drivers/gpu/drm/amd/amdgpu/psp_v14_0.o
  CC [M]  drivers/gpu/drm/amd/amdgpu/psp_v15_0.o
  CC [M]  drivers/gpu/drm/amd/amdgpu/psp_v15_0_8.o
  CC [M]  drivers/gpu/drm/i915/display/i9xx_wm.o
  CC [M]  drivers/gpu/drm/nouveau/nvkm/subdev/fb/gt215.o
  CC [M]  drivers/gpu/drm/amd/amdgpu/dce_v10_0.o
  CC [M]  drivers/gpu/drm/amd/amdgpu/amdgpu_vkms.o
  CC [M]  drivers/gpu/drm/xe/i915-display/intel_colorop.o
  CC [M]  drivers/gpu/drm/xe/i915-display/intel_color_pipeline.o
  CC [M]  drivers/gpu/drm/i915/display/intel_alpm.o
  CC [M]  drivers/gpu/drm/nouveau/nvkm/subdev/fb/mcp77.o
  CC [M]  drivers/gpu/drm/xe/i915-display/intel_combo_phy.o
  CC [M]  drivers/gpu/drm/i915/display/intel_atomic.o
  CC [M]  drivers/gpu/drm/i915/display/intel_audio.o
  CC [M]  drivers/gpu/drm/xe/i915-display/intel_connector.o
  CC [M]  drivers/gpu/drm/amd/amdgpu/amdgpu_gfx.o
  CC [M]  drivers/gpu/drm/xe/i915-display/intel_crtc.o
  CC [M]  drivers/gpu/drm/xe/i915-display/intel_crtc_state_dump.o
  CC [M]  drivers/gpu/drm/i915/display/intel_bios.o
  CC [M]  drivers/gpu/drm/xe/i915-display/intel_cursor.o
  CC [M]  drivers/gpu/drm/xe/i915-display/intel_cx0_phy.o
  CC [M]  drivers/gpu/drm/amd/amdgpu/amdgpu_rlc.o
  CC [M]  drivers/gpu/drm/nouveau/nvkm/subdev/fb/mcp89.o
  CC [M]  drivers/gpu/drm/i915/display/intel_bo.o
  CC [M]  drivers/gpu/drm/nouveau/nvkm/subdev/fb/gf100.o
  CC [M]  drivers/gpu/drm/nouveau/nvkm/subdev/fb/gf108.o
  CC [M]  drivers/gpu/drm/xe/i915-display/intel_dbuf_bw.o
  CC [M]  drivers/gpu/drm/amd/amdgpu/gfx_v8_0.o
  CC [M]  drivers/gpu/drm/amd/amdgpu/gfx_v9_0.o
  CC [M]  drivers/gpu/drm/nouveau/nvkm/subdev/fb/gk104.o
  CC [M]  drivers/gpu/drm/xe/i915-display/intel_ddi.o
  CC [M]  drivers/gpu/drm/nouveau/nvkm/subdev/fb/gk110.o
  CC [M]  drivers/gpu/drm/i915/display/intel_bw.o
  CC [M]  drivers/gpu/drm/amd/amdgpu/gfx_v9_4.o
  CC [M]  drivers/gpu/drm/amd/amdgpu/gfx_v9_4_2.o
  CC [M]  drivers/gpu/drm/i915/display/intel_casf.o
  CC [M]  drivers/gpu/drm/nouveau/nvkm/subdev/fb/gk20a.o
  CC [M]  drivers/gpu/drm/i915/display/intel_cdclk.o
  CC [M]  drivers/gpu/drm/i915/display/intel_cmtg.o
  CC [M]  drivers/gpu/drm/xe/i915-display/intel_ddi_buf_trans.o
  CC [M]  drivers/gpu/drm/amd/amdgpu/gfx_v9_4_3.o
  CC [M]  drivers/gpu/drm/i915/display/intel_color.o
  CC [M]  drivers/gpu/drm/i915/display/intel_colorop.o
  CC [M]  drivers/gpu/drm/nouveau/nvkm/subdev/fb/gm107.o
  CC [M]  drivers/gpu/drm/nouveau/nvkm/subdev/fb/gm200.o
  CC [M]  drivers/gpu/drm/i915/display/intel_color_pipeline.o
  CC [M]  drivers/gpu/drm/amd/amdgpu/gfx_v10_0.o
  CC [M]  drivers/gpu/drm/amd/amdgpu/imu_v11_0.o
  CC [M]  drivers/gpu/drm/nouveau/nvkm/subdev/fb/gm20b.o
  CC [M]  drivers/gpu/drm/i915/display/intel_combo_phy.o
  CC [M]  drivers/gpu/drm/xe/i915-display/intel_de.o
  CC [M]  drivers/gpu/drm/i915/display/intel_connector.o
  CC [M]  drivers/gpu/drm/xe/i915-display/intel_display.o
  CC [M]  drivers/gpu/drm/nouveau/nvkm/subdev/fb/gp100.o
  CC [M]  drivers/gpu/drm/nouveau/nvkm/subdev/fb/gp102.o
  CC [M]  drivers/gpu/drm/i915/display/intel_crtc.o
  CC [M]  drivers/gpu/drm/i915/display/intel_crtc_state_dump.o
  CC [M]  drivers/gpu/drm/xe/i915-display/intel_display_conversion.o
  CC [M]  drivers/gpu/drm/amd/amdgpu/gfx_v11_0.o
  CC [M]  drivers/gpu/drm/amd/amdgpu/gfx_v11_0_3.o
  CC [M]  drivers/gpu/drm/xe/i915-display/intel_display_device.o
  CC [M]  drivers/gpu/drm/nouveau/nvkm/subdev/fb/gp10b.o
  CC [M]  drivers/gpu/drm/i915/display/intel_cursor.o
  CC [M]  drivers/gpu/drm/amd/amdgpu/imu_v11_0_3.o
  CC [M]  drivers/gpu/drm/xe/i915-display/intel_display_driver.o
  CC [M]  drivers/gpu/drm/i915/display/intel_dbuf_bw.o
  CC [M]  drivers/gpu/drm/i915/display/intel_de.o
  CC [M]  drivers/gpu/drm/nouveau/nvkm/subdev/fb/gv100.o
  CC [M]  drivers/gpu/drm/amd/amdgpu/gfx_v12_0.o
  CC [M]  drivers/gpu/drm/amd/amdgpu/gfx_v12_1.o
  CC [M]  drivers/gpu/drm/amd/amdgpu/imu_v12_0.o
  CC [M]  drivers/gpu/drm/nouveau/nvkm/subdev/fb/tu102.o
  CC [M]  drivers/gpu/drm/amd/amdgpu/imu_v12_1.o
  CC [M]  drivers/gpu/drm/nouveau/nvkm/subdev/fb/ga100.o
  CC [M]  drivers/gpu/drm/amd/amdgpu/amdgpu_sdma.o
  CC [M]  drivers/gpu/drm/amd/amdgpu/sdma_v2_4.o
  CC [M]  drivers/gpu/drm/xe/i915-display/intel_display_irq.o
  CC [M]  drivers/gpu/drm/nouveau/nvkm/subdev/fb/ga102.o
  CC [M]  drivers/gpu/drm/i915/display/intel_display.o
  CC [M]  drivers/gpu/drm/amd/amdgpu/sdma_v3_0.o
  CC [M]  drivers/gpu/drm/amd/amdgpu/sdma_v4_0.o
  CC [M]  drivers/gpu/drm/nouveau/nvkm/subdev/fb/gh100.o
  CC [M]  drivers/gpu/drm/nouveau/nvkm/subdev/fb/gb100.o
  CC [M]  drivers/gpu/drm/amd/amdgpu/sdma_v4_4.o
  CC [M]  drivers/gpu/drm/nouveau/nvkm/subdev/fb/gb202.o
  CC [M]  drivers/gpu/drm/nouveau/nvkm/subdev/fb/r535.o
  CC [M]  drivers/gpu/drm/xe/i915-display/intel_display_params.o
  CC [M]  drivers/gpu/drm/i915/display/intel_display_conversion.o
  CC [M]  drivers/gpu/drm/i915/display/intel_display_driver.o
  CC [M]  drivers/gpu/drm/amd/amdgpu/sdma_v4_4_2.o
  CC [M]  drivers/gpu/drm/xe/i915-display/intel_display_power.o
  CC [M]  drivers/gpu/drm/nouveau/nvkm/subdev/fb/ram.o
  CC [M]  drivers/gpu/drm/nouveau/nvkm/subdev/fb/ramnv04.o
  CC [M]  drivers/gpu/drm/xe/i915-display/intel_display_power_map.o
  CC [M]  drivers/gpu/drm/amd/amdgpu/sdma_v5_0.o
  CC [M]  drivers/gpu/drm/i915/display/intel_display_irq.o
  CC [M]  drivers/gpu/drm/xe/i915-display/intel_display_power_well.o
  CC [M]  drivers/gpu/drm/xe/i915-display/intel_display_rpm.o
  CC [M]  drivers/gpu/drm/nouveau/nvkm/subdev/fb/ramnv10.o
  CC [M]  drivers/gpu/drm/i915/display/intel_display_params.o
  CC [M]  drivers/gpu/drm/i915/display/intel_display_power.o
  CC [M]  drivers/gpu/drm/xe/i915-display/intel_display_rps.o
  CC [M]  drivers/gpu/drm/i915/display/intel_display_power_map.o
  CC [M]  drivers/gpu/drm/nouveau/nvkm/subdev/fb/ramnv1a.o
  CC [M]  drivers/gpu/drm/xe/i915-display/intel_display_trace.o
  CC [M]  drivers/gpu/drm/xe/i915-display/intel_display_utils.o
  CC [M]  drivers/gpu/drm/amd/amdgpu/sdma_v5_2.o
  CC [M]  drivers/gpu/drm/amd/amdgpu/sdma_v6_0.o
  CC [M]  drivers/gpu/drm/amd/amdgpu/sdma_v7_0.o
  CC [M]  drivers/gpu/drm/amd/amdgpu/sdma_v7_1.o
  CC [M]  drivers/gpu/drm/nouveau/nvkm/subdev/fb/ramnv20.o
  CC [M]  drivers/gpu/drm/i915/display/intel_display_power_well.o
  CC [M]  drivers/gpu/drm/i915/display/intel_display_reset.o
  CC [M]  drivers/gpu/drm/nouveau/nvkm/subdev/fb/ramnv40.o
  CC [M]  drivers/gpu/drm/amd/amdgpu/amdgpu_mes.o
  CC [M]  drivers/gpu/drm/i915/display/intel_display_rpm.o
  CC [M]  drivers/gpu/drm/xe/i915-display/intel_display_wa.o
  CC [M]  drivers/gpu/drm/nouveau/nvkm/subdev/fb/ramnv41.o
  CC [M]  drivers/gpu/drm/nouveau/nvkm/subdev/fb/ramnv44.o
  CC [M]  drivers/gpu/drm/i915/display/intel_display_rps.o
  CC [M]  drivers/gpu/drm/nouveau/nvkm/subdev/fb/ramnv49.o
  CC [M]  drivers/gpu/drm/nouveau/nvkm/subdev/fb/ramnv4e.o
  CC [M]  drivers/gpu/drm/xe/i915-display/intel_dkl_phy.o
  CC [M]  drivers/gpu/drm/amd/amdgpu/mes_v11_0.o
  CC [M]  drivers/gpu/drm/i915/display/intel_display_snapshot.o
  CC [M]  drivers/gpu/drm/amd/amdgpu/mes_v12_0.o
  CC [M]  drivers/gpu/drm/nouveau/nvkm/subdev/fb/ramnv50.o
  CC [M]  drivers/gpu/drm/nouveau/nvkm/subdev/fb/ramgt215.o
  CC [M]  drivers/gpu/drm/xe/i915-display/intel_dmc.o
  CC [M]  drivers/gpu/drm/xe/i915-display/intel_dmc_wl.o
  CC [M]  drivers/gpu/drm/nouveau/nvkm/subdev/fb/rammcp77.o
  CC [M]  drivers/gpu/drm/amd/amdgpu/mes_v12_1.o
  CC [M]  drivers/gpu/drm/amd/amdgpu/mes_userqueue.o
  CC [M]  drivers/gpu/drm/xe/i915-display/intel_dp.o
  CC [M]  drivers/gpu/drm/i915/display/intel_display_utils.o
  CC [M]  drivers/gpu/drm/nouveau/nvkm/subdev/fb/ramgf100.o
  CC [M]  drivers/gpu/drm/i915/display/intel_display_wa.o
  CC [M]  drivers/gpu/drm/xe/i915-display/intel_dp_aux.o
  CC [M]  drivers/gpu/drm/i915/display/intel_dmc.o
  CC [M]  drivers/gpu/drm/amd/amdgpu/amdgpu_uvd.o
  CC [M]  drivers/gpu/drm/amd/amdgpu/uvd_v5_0.o
  CC [M]  drivers/gpu/drm/xe/i915-display/intel_dp_aux_backlight.o
  CC [M]  drivers/gpu/drm/xe/i915-display/intel_dp_hdcp.o
  CC [M]  drivers/gpu/drm/i915/display/intel_dmc_wl.o
  CC [M]  drivers/gpu/drm/i915/display/intel_dpio_phy.o
  CC [M]  drivers/gpu/drm/amd/amdgpu/uvd_v6_0.o
  CC [M]  drivers/gpu/drm/amd/amdgpu/uvd_v7_0.o
  CC [M]  drivers/gpu/drm/amd/amdgpu/amdgpu_vce.o
  CC [M]  drivers/gpu/drm/i915/display/intel_dpll.o
  CC [M]  drivers/gpu/drm/xe/i915-display/intel_dp_link_training.o
  CC [M]  drivers/gpu/drm/i915/display/intel_dpll_mgr.o
  CC [M]  drivers/gpu/drm/amd/amdgpu/vce_v3_0.o
  CC [M]  drivers/gpu/drm/nouveau/nvkm/subdev/fb/ramgf108.o
  CC [M]  drivers/gpu/drm/amd/amdgpu/vce_v4_0.o
  CC [M]  drivers/gpu/drm/amd/amdgpu/amdgpu_vcn.o
  CC [M]  drivers/gpu/drm/xe/i915-display/intel_dp_mst.o
  CC [M]  drivers/gpu/drm/nouveau/nvkm/subdev/fb/ramgk104.o
  CC [M]  drivers/gpu/drm/nouveau/nvkm/subdev/fb/ramgm107.o
  CC [M]  drivers/gpu/drm/amd/amdgpu/vcn_sw_ring.o
  CC [M]  drivers/gpu/drm/amd/amdgpu/vcn_v1_0.o
  CC [M]  drivers/gpu/drm/amd/amdgpu/vcn_v2_0.o
  CC [M]  drivers/gpu/drm/xe/i915-display/intel_dp_test.o
  CC [M]  drivers/gpu/drm/nouveau/nvkm/subdev/fb/ramgm200.o
  CC [M]  drivers/gpu/drm/i915/display/intel_dpt.o
  CC [M]  drivers/gpu/drm/amd/amdgpu/vcn_v2_5.o
  CC [M]  drivers/gpu/drm/amd/amdgpu/vcn_v3_0.o
  CC [M]  drivers/gpu/drm/xe/i915-display/intel_dpll.o
  CC [M]  drivers/gpu/drm/nouveau/nvkm/subdev/fb/ramgp100.o
  CC [M]  drivers/gpu/drm/xe/i915-display/intel_dpll_mgr.o
  CC [M]  drivers/gpu/drm/nouveau/nvkm/subdev/fb/ramgp102.o
  CC [M]  drivers/gpu/drm/xe/i915-display/intel_dpt.o
  CC [M]  drivers/gpu/drm/i915/display/intel_dram.o
  CC [M]  drivers/gpu/drm/i915/display/intel_drrs.o
  CC [M]  drivers/gpu/drm/nouveau/nvkm/subdev/fb/sddr2.o
  CC [M]  drivers/gpu/drm/xe/i915-display/intel_dram.o
  CC [M]  drivers/gpu/drm/xe/i915-display/intel_drrs.o
  CC [M]  drivers/gpu/drm/nouveau/nvkm/subdev/fb/sddr3.o
  CC [M]  drivers/gpu/drm/i915/display/intel_dsb.o
  CC [M]  drivers/gpu/drm/xe/i915-display/intel_dsb.o
  CC [M]  drivers/gpu/drm/amd/amdgpu/vcn_v4_0.o
  CC [M]  drivers/gpu/drm/i915/display/intel_fb.o
  CC [M]  drivers/gpu/drm/xe/i915-display/intel_dsi.o
  CC [M]  drivers/gpu/drm/nouveau/nvkm/subdev/fb/gddr3.o
  CC [M]  drivers/gpu/drm/i915/display/intel_fb_pin.o
  CC [M]  drivers/gpu/drm/amd/amdgpu/vcn_v4_0_3.o
  CC [M]  drivers/gpu/drm/i915/display/intel_fbc.o
  CC [M]  drivers/gpu/drm/i915/display/intel_fdi.o
  CC [M]  drivers/gpu/drm/nouveau/nvkm/subdev/fb/gddr5.o
  CC [M]  drivers/gpu/drm/amd/amdgpu/vcn_v4_0_5.o
  CC [M]  drivers/gpu/drm/amd/amdgpu/vcn_v5_0_0.o
  CC [M]  drivers/gpu/drm/nouveau/nvkm/subdev/fuse/base.o
  CC [M]  drivers/gpu/drm/xe/i915-display/intel_dsi_dcs_backlight.o
  CC [M]  drivers/gpu/drm/amd/amdgpu/vcn_v5_0_1.o
  CC [M]  drivers/gpu/drm/nouveau/nvkm/subdev/fuse/nv50.o
  CC [M]  drivers/gpu/drm/amd/amdgpu/vcn_v5_0_2.o
  CC [M]  drivers/gpu/drm/i915/display/intel_fifo_underrun.o
  CC [M]  drivers/gpu/drm/nouveau/nvkm/subdev/fuse/gf100.o
  CC [M]  drivers/gpu/drm/nouveau/nvkm/subdev/fuse/gm107.o
  CC [M]  drivers/gpu/drm/i915/display/intel_flipq.o
  CC [M]  drivers/gpu/drm/i915/display/intel_frontbuffer.o
  CC [M]  drivers/gpu/drm/amd/amdgpu/amdgpu_jpeg.o
  CC [M]  drivers/gpu/drm/xe/i915-display/intel_dsi_vbt.o
  CC [M]  drivers/gpu/drm/nouveau/nvkm/subdev/gpio/base.o
  CC [M]  drivers/gpu/drm/i915/display/intel_global_state.o
  CC [M]  drivers/gpu/drm/xe/i915-display/intel_encoder.o
  CC [M]  drivers/gpu/drm/nouveau/nvkm/subdev/gpio/nv10.o
  CC [M]  drivers/gpu/drm/i915/display/intel_hdcp.o
  CC [M]  drivers/gpu/drm/amd/amdgpu/jpeg_v1_0.o
  CC [M]  drivers/gpu/drm/xe/i915-display/intel_fb.o
  CC [M]  drivers/gpu/drm/amd/amdgpu/jpeg_v2_0.o
  CC [M]  drivers/gpu/drm/nouveau/nvkm/subdev/gpio/nv50.o
  CC [M]  drivers/gpu/drm/xe/i915-display/intel_fbc.o
  CC [M]  drivers/gpu/drm/amd/amdgpu/jpeg_v2_5.o
  CC [M]  drivers/gpu/drm/amd/amdgpu/jpeg_v3_0.o
  CC [M]  drivers/gpu/drm/nouveau/nvkm/subdev/gpio/g94.o
  CC [M]  drivers/gpu/drm/nouveau/nvkm/subdev/gpio/gf119.o
  CC [M]  drivers/gpu/drm/amd/amdgpu/jpeg_v4_0.o
  CC [M]  drivers/gpu/drm/xe/i915-display/intel_fdi.o
  CC [M]  drivers/gpu/drm/xe/i915-display/intel_fifo_underrun.o
  CC [M]  drivers/gpu/drm/i915/display/intel_hdcp_gsc_message.o
  CC [M]  drivers/gpu/drm/amd/amdgpu/jpeg_v4_0_3.o
  CC [M]  drivers/gpu/drm/amd/amdgpu/jpeg_v4_0_5.o
  CC [M]  drivers/gpu/drm/xe/i915-display/intel_flipq.o
  CC [M]  drivers/gpu/drm/amd/amdgpu/jpeg_v5_0_0.o
  CC [M]  drivers/gpu/drm/nouveau/nvkm/subdev/gpio/gk104.o
  CC [M]  drivers/gpu/drm/amd/amdgpu/jpeg_v5_0_1.o
  CC [M]  drivers/gpu/drm/amd/amdgpu/jpeg_v5_0_2.o
  CC [M]  drivers/gpu/drm/i915/display/intel_hotplug.o
  CC [M]  drivers/gpu/drm/i915/display/intel_hotplug_irq.o
  CC [M]  drivers/gpu/drm/xe/i915-display/intel_frontbuffer.o
  CC [M]  drivers/gpu/drm/xe/i915-display/intel_global_state.o
  CC [M]  drivers/gpu/drm/nouveau/nvkm/subdev/gpio/ga102.o
  CC [M]  drivers/gpu/drm/nouveau/nvkm/subdev/fsp/base.o
  CC [M]  drivers/gpu/drm/xe/i915-display/intel_gmbus.o
  CC [M]  drivers/gpu/drm/xe/i915-display/intel_hdcp.o
  CC [M]  drivers/gpu/drm/xe/i915-display/intel_hdcp_gsc_message.o
  CC [M]  drivers/gpu/drm/xe/i915-display/intel_hdmi.o
  CC [M]  drivers/gpu/drm/i915/display/intel_hti.o
  CC [M]  drivers/gpu/drm/xe/i915-display/intel_hotplug.o
  CC [M]  drivers/gpu/drm/amd/amdgpu/jpeg_v5_3_0.o
  CC [M]  drivers/gpu/drm/amd/amdgpu/amdgpu_vpe.o
  CC [M]  drivers/gpu/drm/nouveau/nvkm/subdev/fsp/gh100.o
  CC [M]  drivers/gpu/drm/i915/display/intel_initial_plane.o
  CC [M]  drivers/gpu/drm/i915/display/intel_link_bw.o
  CC [M]  drivers/gpu/drm/nouveau/nvkm/subdev/fsp/gb100.o
  CC [M]  drivers/gpu/drm/amd/amdgpu/vpe_v6_1.o
  CC [M]  drivers/gpu/drm/xe/i915-display/intel_hotplug_irq.o
  CC [M]  drivers/gpu/drm/i915/display/intel_load_detect.o
  CC [M]  drivers/gpu/drm/nouveau/nvkm/subdev/fsp/gb202.o
  CC [M]  drivers/gpu/drm/i915/display/intel_lpe_audio.o
  CC [M]  drivers/gpu/drm/amd/amdgpu/amdgpu_umsch_mm.o
  CC [M]  drivers/gpu/drm/nouveau/nvkm/subdev/gsp/base.o
  CC [M]  drivers/gpu/drm/xe/i915-display/intel_hti.o
  CC [M]  drivers/gpu/drm/i915/display/intel_modeset_lock.o
  CC [M]  drivers/gpu/drm/nouveau/nvkm/subdev/gsp/fwsec.o
  CC [M]  drivers/gpu/drm/xe/i915-display/intel_initial_plane.o
  CC [M]  drivers/gpu/drm/nouveau/nvkm/subdev/gsp/gv100.o
  CC [M]  drivers/gpu/drm/amd/amdgpu/umsch_mm_v4_0.o
  CC [M]  drivers/gpu/drm/i915/display/intel_modeset_setup.o
  CC [M]  drivers/gpu/drm/nouveau/nvkm/subdev/gsp/tu102.o
  CC [M]  drivers/gpu/drm/nouveau/nvkm/subdev/gsp/tu116.o
  CC [M]  drivers/gpu/drm/amd/amdgpu/athub_v1_0.o
  CC [M]  drivers/gpu/drm/nouveau/nvkm/subdev/gsp/ga100.o
  CC [M]  drivers/gpu/drm/xe/i915-display/intel_link_bw.o
  CC [M]  drivers/gpu/drm/xe/i915-display/intel_lspcon.o
  CC [M]  drivers/gpu/drm/xe/i915-display/intel_lt_phy.o
  CC [M]  drivers/gpu/drm/amd/amdgpu/athub_v2_0.o
  CC [M]  drivers/gpu/drm/i915/display/intel_modeset_verify.o
  CC [M]  drivers/gpu/drm/xe/i915-display/intel_modeset_lock.o
  CC [M]  drivers/gpu/drm/nouveau/nvkm/subdev/gsp/ga102.o
  CC [M]  drivers/gpu/drm/nouveau/nvkm/subdev/gsp/gh100.o
  CC [M]  drivers/gpu/drm/amd/amdgpu/athub_v2_1.o
  CC [M]  drivers/gpu/drm/nouveau/nvkm/subdev/gsp/ad102.o
  CC [M]  drivers/gpu/drm/i915/display/intel_overlay.o
  CC [M]  drivers/gpu/drm/amd/amdgpu/athub_v3_0.o
  CC [M]  drivers/gpu/drm/amd/amdgpu/athub_v4_1_0.o
  CC [M]  drivers/gpu/drm/xe/i915-display/intel_modeset_setup.o
  CC [M]  drivers/gpu/drm/i915/display/intel_parent.o
  CC [M]  drivers/gpu/drm/i915/display/intel_pch.o
  CC [M]  drivers/gpu/drm/xe/i915-display/intel_modeset_verify.o
  CC [M]  drivers/gpu/drm/amd/amdgpu/smuio_v9_0.o
  CC [M]  drivers/gpu/drm/xe/i915-display/intel_overlay.o
  CC [M]  drivers/gpu/drm/amd/amdgpu/smuio_v11_0.o
  CC [M]  drivers/gpu/drm/i915/display/intel_pch_display.o
  CC [M]  drivers/gpu/drm/amd/amdgpu/smuio_v11_0_6.o
  CC [M]  drivers/gpu/drm/xe/i915-display/intel_panel.o
  CC [M]  drivers/gpu/drm/nouveau/nvkm/subdev/gsp/gb100.o
  CC [M]  drivers/gpu/drm/xe/i915-display/intel_parent.o
  CC [M]  drivers/gpu/drm/nouveau/nvkm/subdev/gsp/gb202.o
  CC [M]  drivers/gpu/drm/i915/display/intel_pch_refclk.o
  CC [M]  drivers/gpu/drm/xe/i915-display/intel_pch.o
  CC [M]  drivers/gpu/drm/amd/amdgpu/smuio_v13_0.o
  CC [M]  drivers/gpu/drm/amd/amdgpu/smuio_v13_0_3.o
  CC [M]  drivers/gpu/drm/amd/amdgpu/smuio_v13_0_6.o
  CC [M]  drivers/gpu/drm/xe/i915-display/intel_pfit.o
  CC [M]  drivers/gpu/drm/amd/amdgpu/smuio_v14_0_2.o
  CC [M]  drivers/gpu/drm/amd/amdgpu/smuio_v15_0_0.o
  CC [M]  drivers/gpu/drm/xe/i915-display/intel_plane.o
  CC [M]  drivers/gpu/drm/xe/i915-display/intel_pmdemand.o
  CC [M]  drivers/gpu/drm/nouveau/nvkm/subdev/gsp/rm/client.o
  CC [M]  drivers/gpu/drm/xe/i915-display/intel_pps.o
  CC [M]  drivers/gpu/drm/amd/amdgpu/smuio_v15_0_8.o
  CC [M]  drivers/gpu/drm/i915/display/intel_plane.o
  CC [M]  drivers/gpu/drm/nouveau/nvkm/subdev/gsp/rm/engine.o
  CC [M]  drivers/gpu/drm/amd/amdgpu/amdgpu_reset.o
  CC [M]  drivers/gpu/drm/amd/amdgpu/mca_v3_0.o
  CC [M]  drivers/gpu/drm/amd/amdgpu/amdgpu_amdkfd.o
  CC [M]  drivers/gpu/drm/amd/amdgpu/amdgpu_userq.o
  CC [M]  drivers/gpu/drm/xe/i915-display/intel_psr.o
  CC [M]  drivers/gpu/drm/nouveau/nvkm/subdev/gsp/rm/gr.o
  CC [M]  drivers/gpu/drm/nouveau/nvkm/subdev/gsp/rm/nvdec.o
  CC [M]  drivers/gpu/drm/amd/amdgpu/amdgpu_cgs.o
  CC [M]  drivers/gpu/drm/amd/amdgpu/amdgpu_job.o
  CC [M]  drivers/gpu/drm/i915/display/intel_pmdemand.o
  CC [M]  drivers/gpu/drm/i915/display/intel_psr.o
  CC [M]  drivers/gpu/drm/nouveau/nvkm/subdev/gsp/rm/nvenc.o
  CC [M]  drivers/gpu/drm/xe/i915-display/intel_qp_tables.o
  CC [M]  drivers/gpu/drm/amd/amdgpu/amdgpu_ioc32.o
  CC [M]  drivers/gpu/drm/amd/amdgpu/amdgpu_atpx_handler.o
  CC [M]  drivers/gpu/drm/i915/display/intel_quirks.o
  CC [M]  drivers/gpu/drm/nouveau/nvkm/subdev/gsp/rm/tu1xx.o
  CC [M]  drivers/gpu/drm/i915/display/intel_rom.o
  CC [M]  drivers/gpu/drm/i915/display/intel_sbi.o
  CC [M]  drivers/gpu/drm/i915/display/intel_sprite.o
  CC [M]  drivers/gpu/drm/i915/display/intel_sprite_uapi.o
  CC [M]  drivers/gpu/drm/nouveau/nvkm/subdev/gsp/rm/ga100.o
  CC [M]  drivers/gpu/drm/i915/display/intel_tc.o
  CC [M]  drivers/gpu/drm/xe/i915-display/intel_quirks.o
  CC [M]  drivers/gpu/drm/i915/display/intel_vblank.o
  CC [M]  drivers/gpu/drm/amd/amdgpu/amdgpu_acpi.o
  CC [M]  drivers/gpu/drm/i915/display/intel_vga.o
  CC [M]  drivers/gpu/drm/i915/display/intel_wm.o
  CC [M]  drivers/gpu/drm/nouveau/nvkm/subdev/gsp/rm/ga1xx.o
  CC [M]  drivers/gpu/drm/i915/display/skl_prefill.o
  CC [M]  drivers/gpu/drm/xe/i915-display/intel_rom.o
  CC [M]  drivers/gpu/drm/i915/display/skl_scaler.o
  CC [M]  drivers/gpu/drm/nouveau/nvkm/subdev/gsp/rm/ad10x.o
  CC [M]  drivers/gpu/drm/nouveau/nvkm/subdev/gsp/rm/gh100.o
  CC [M]  drivers/gpu/drm/i915/display/skl_universal_plane.o
  CC [M]  drivers/gpu/drm/nouveau/nvkm/subdev/gsp/rm/gb10x.o
  CC [M]  drivers/gpu/drm/nouveau/nvkm/subdev/gsp/rm/gb20x.o
  CC [M]  drivers/gpu/drm/xe/i915-display/intel_snps_hdmi_pll.o
  CC [M]  drivers/gpu/drm/nouveau/nvkm/subdev/gsp/rm/r535/rm.o
  CC [M]  drivers/gpu/drm/amd/amdgpu/amdgpu_hmm.o
  CC [M]  drivers/gpu/drm/amd/amdgpu/../pm/swsmu/smu11/arcturus_ppt.o
  CC [M]  drivers/gpu/drm/amd/amdgpu/../pm/swsmu/smu11/navi10_ppt.o
  CC [M]  drivers/gpu/drm/xe/i915-display/intel_snps_phy.o
  CC [M]  drivers/gpu/drm/amd/amdgpu/../pm/swsmu/smu11/sienna_cichlid_ppt.o
  CC [M]  drivers/gpu/drm/amd/amdgpu/../pm/swsmu/smu11/vangogh_ppt.o
  CC [M]  drivers/gpu/drm/xe/i915-display/intel_tc.o
  CC [M]  drivers/gpu/drm/xe/i915-display/intel_vblank.o
  CC [M]  drivers/gpu/drm/amd/amdgpu/../pm/swsmu/smu11/cyan_skillfish_ppt.o
  CC [M]  drivers/gpu/drm/amd/amdgpu/../pm/swsmu/smu11/smu_v11_0.o
  CC [M]  drivers/gpu/drm/amd/amdgpu/../pm/swsmu/smu12/renoir_ppt.o
  CC [M]  drivers/gpu/drm/nouveau/nvkm/subdev/gsp/rm/r535/gsp.o
  CC [M]  drivers/gpu/drm/nouveau/nvkm/subdev/gsp/rm/r535/rpc.o
  CC [M]  drivers/gpu/drm/xe/i915-display/intel_vdsc.o
  CC [M]  drivers/gpu/drm/nouveau/nvkm/subdev/gsp/rm/r535/ctrl.o
  CC [M]  drivers/gpu/drm/amd/amdgpu/../pm/swsmu/smu12/smu_v12_0.o
  CC [M]  drivers/gpu/drm/i915/display/skl_watermark.o
  CC [M]  drivers/gpu/drm/i915/display/vlv_clock.o
  CC [M]  drivers/gpu/drm/xe/i915-display/intel_vga.o
  CC [M]  drivers/gpu/drm/xe/i915-display/intel_vrr.o
  CC [M]  drivers/gpu/drm/xe/i915-display/intel_wm.o
  CC [M]  drivers/gpu/drm/amd/amdgpu/../pm/swsmu/smu13/smu_v13_0.o
  CC [M]  drivers/gpu/drm/amd/amdgpu/../pm/swsmu/smu13/aldebaran_ppt.o
  CC [M]  drivers/gpu/drm/nouveau/nvkm/subdev/gsp/rm/r535/alloc.o
  CC [M]  drivers/gpu/drm/xe/i915-display/skl_prefill.o
  CC [M]  drivers/gpu/drm/nouveau/nvkm/subdev/gsp/rm/r535/client.o
  CC [M]  drivers/gpu/drm/amd/amdgpu/../pm/swsmu/smu13/yellow_carp_ppt.o
  CC [M]  drivers/gpu/drm/xe/i915-display/skl_scaler.o
  CC [M]  drivers/gpu/drm/xe/i915-display/skl_universal_plane.o
  CC [M]  drivers/gpu/drm/amd/amdgpu/../pm/swsmu/smu13/smu_v13_0_0_ppt.o
  CC [M]  drivers/gpu/drm/amd/amdgpu/../pm/swsmu/smu13/smu_v13_0_4_ppt.o
  CC [M]  drivers/gpu/drm/amd/amdgpu/../pm/swsmu/smu13/smu_v13_0_5_ppt.o
  CC [M]  drivers/gpu/drm/i915/display/vlv_sideband.o
  CC [M]  drivers/gpu/drm/i915/display/intel_acpi.o
  CC [M]  drivers/gpu/drm/xe/i915-display/skl_watermark.o
  CC [M]  drivers/gpu/drm/xe/i915-display/intel_acpi.o
  CC [M]  drivers/gpu/drm/nouveau/nvkm/subdev/gsp/rm/r535/device.o
  CC [M]  drivers/gpu/drm/i915/display/intel_opregion.o
  CC [M]  drivers/gpu/drm/xe/i915-display/intel_opregion.o
  CC [M]  drivers/gpu/drm/i915/display/intel_fbdev.o
  CC [M]  drivers/gpu/drm/i915/display/intel_fbdev_fb.o
  CC [M]  drivers/gpu/drm/nouveau/nvkm/subdev/gsp/rm/r535/bar.o
  CC [M]  drivers/gpu/drm/nouveau/nvkm/subdev/gsp/rm/r535/fbsr.o
  CC [M]  drivers/gpu/drm/nouveau/nvkm/subdev/gsp/rm/r535/vmm.o
  CC [M]  drivers/gpu/drm/i915/display/intel_display_debugfs.o
  CC [M]  drivers/gpu/drm/i915/display/intel_display_debugfs_params.o
  CC [M]  drivers/gpu/drm/i915/display/intel_pipe_crc.o
  CC [M]  drivers/gpu/drm/nouveau/nvkm/subdev/gsp/rm/r535/disp.o
  CC [M]  drivers/gpu/drm/xe/i915-display/intel_fbdev.o
  CC [M]  drivers/gpu/drm/i915/display/dvo_ch7017.o
  CC [M]  drivers/gpu/drm/nouveau/nvkm/subdev/gsp/rm/r535/fifo.o
  CC [M]  drivers/gpu/drm/xe/xe_debugfs.o
  CC [M]  drivers/gpu/drm/xe/xe_gt_debugfs.o
  CC [M]  drivers/gpu/drm/xe/xe_gt_sriov_vf_debugfs.o
  CC [M]  drivers/gpu/drm/xe/xe_gt_stats.o
  CC [M]  drivers/gpu/drm/amd/amdgpu/../pm/swsmu/smu13/smu_v13_0_7_ppt.o
  CC [M]  drivers/gpu/drm/amd/amdgpu/../pm/swsmu/smu13/smu_v13_0_6_ppt.o
  CC [M]  drivers/gpu/drm/xe/xe_guc_debugfs.o
  CC [M]  drivers/gpu/drm/nouveau/nvkm/subdev/gsp/rm/r535/ce.o
  CC [M]  drivers/gpu/drm/amd/amdgpu/../pm/swsmu/smu13/smu_v13_0_12_ppt.o
  CC [M]  drivers/gpu/drm/nouveau/nvkm/subdev/gsp/rm/r535/gr.o
  CC [M]  drivers/gpu/drm/amd/amdgpu/../pm/swsmu/smu14/smu_v14_0.o
  CC [M]  drivers/gpu/drm/amd/amdgpu/../pm/swsmu/smu14/smu_v14_0_0_ppt.o
  CC [M]  drivers/gpu/drm/amd/amdgpu/../pm/swsmu/smu14/smu_v14_0_2_ppt.o
  CC [M]  drivers/gpu/drm/xe/xe_huc_debugfs.o
  CC [M]  drivers/gpu/drm/xe/xe_tile_debugfs.o
  CC [M]  drivers/gpu/drm/amd/amdgpu/../pm/swsmu/smu15/smu_v15_0.o
  CC [M]  drivers/gpu/drm/nouveau/nvkm/subdev/gsp/rm/r535/nvdec.o
  CC [M]  drivers/gpu/drm/i915/display/dvo_ch7xxx.o
  CC [M]  drivers/gpu/drm/amd/amdgpu/../pm/swsmu/smu15/smu_v15_0_0_ppt.o
  CC [M]  drivers/gpu/drm/i915/display/dvo_ivch.o
  CC [M]  drivers/gpu/drm/nouveau/nvkm/subdev/gsp/rm/r535/nvenc.o
  CC [M]  drivers/gpu/drm/i915/display/dvo_ns2501.o
  CC [M]  drivers/gpu/drm/i915/display/dvo_sil164.o
  CC [M]  drivers/gpu/drm/amd/amdgpu/../pm/swsmu/smu15/smu_v15_0_8_ppt.o
  CC [M]  drivers/gpu/drm/amd/amdgpu/../pm/swsmu/amdgpu_smu.o
  CC [M]  drivers/gpu/drm/xe/xe_uc_debugfs.o
  CC [M]  drivers/gpu/drm/xe/i915-display/intel_display_debugfs.o
  CC [M]  drivers/gpu/drm/i915/display/dvo_tfp410.o
  CC [M]  drivers/gpu/drm/i915/display/g4x_dp.o
  CC [M]  drivers/gpu/drm/nouveau/nvkm/subdev/gsp/rm/r535/nvjpg.o
  CC [M]  drivers/gpu/drm/amd/amdgpu/../pm/swsmu/smu_cmn.o
  CC [M]  drivers/gpu/drm/nouveau/nvkm/subdev/gsp/rm/r535/ofa.o
  CC [M]  drivers/gpu/drm/i915/display/g4x_hdmi.o
  CC [M]  drivers/gpu/drm/xe/i915-display/intel_display_debugfs_params.o
  CC [M]  drivers/gpu/drm/xe/i915-display/intel_pipe_crc.o
  CC [M]  drivers/gpu/drm/i915/display/icl_dsi.o
  CC [M]  drivers/gpu/drm/xe/i915-display/intel_dp_tunnel.o
  CC [M]  drivers/gpu/drm/amd/amdgpu/../pm/powerplay/smumgr/smumgr.o
  CC [M]  drivers/gpu/drm/nouveau/nvkm/subdev/gsp/rm/r570/rm.o
  CC [M]  drivers/gpu/drm/i915/display/intel_backlight.o
  CC [M]  drivers/gpu/drm/i915/display/intel_crt.o
  CC [M]  drivers/gpu/drm/amd/amdgpu/../pm/powerplay/smumgr/smu8_smumgr.o
  CC [M]  drivers/gpu/drm/nouveau/nvkm/subdev/gsp/rm/r570/gsp.o
  CC [M]  drivers/gpu/drm/amd/amdgpu/../pm/powerplay/smumgr/tonga_smumgr.o
  CC [M]  drivers/gpu/drm/amd/amdgpu/../pm/powerplay/smumgr/fiji_smumgr.o
  CC [M]  drivers/gpu/drm/xe/xe_userptr.o
  CC [M]  drivers/gpu/drm/nouveau/nvkm/subdev/gsp/rm/r570/client.o
  CC [M]  drivers/gpu/drm/i915/display/intel_cx0_phy.o
  CC [M]  drivers/gpu/drm/amd/amdgpu/../pm/powerplay/smumgr/polaris10_smumgr.o
  CC [M]  drivers/gpu/drm/amd/amdgpu/../pm/powerplay/smumgr/iceland_smumgr.o
  CC [M]  drivers/gpu/drm/i915/display/intel_ddi.o
  CC [M]  drivers/gpu/drm/nouveau/nvkm/subdev/gsp/rm/r570/fbsr.o
  CC [M]  drivers/gpu/drm/amd/amdgpu/../pm/powerplay/smumgr/smu7_smumgr.o
  CC [M]  drivers/gpu/drm/nouveau/nvkm/subdev/gsp/rm/r570/disp.o
  CC [M]  drivers/gpu/drm/i915/display/intel_ddi_buf_trans.o
  CC [M]  drivers/gpu/drm/amd/amdgpu/../pm/powerplay/smumgr/vega10_smumgr.o
  CC [M]  drivers/gpu/drm/nouveau/nvkm/subdev/gsp/rm/r570/fifo.o
  CC [M]  drivers/gpu/drm/i915/display/intel_display_device.o
  CC [M]  drivers/gpu/drm/i915/display/intel_display_trace.o
  CC [M]  drivers/gpu/drm/amd/amdgpu/../pm/powerplay/smumgr/smu10_smumgr.o
  CC [M]  drivers/gpu/drm/amd/amdgpu/../pm/powerplay/smumgr/ci_smumgr.o
  CC [M]  drivers/gpu/drm/nouveau/nvkm/subdev/gsp/rm/r570/gr.o
  CC [M]  drivers/gpu/drm/amd/amdgpu/../pm/powerplay/smumgr/vega12_smumgr.o
  CC [M]  drivers/gpu/drm/amd/amdgpu/../pm/powerplay/smumgr/vegam_smumgr.o
  CC [M]  drivers/gpu/drm/amd/amdgpu/../pm/powerplay/smumgr/smu9_smumgr.o
  LD [M]  drivers/gpu/drm/xe/xe.o
  CC [M]  drivers/gpu/drm/nouveau/nvkm/subdev/gsp/rm/r570/ofa.o
  CC [M]  drivers/gpu/drm/amd/amdgpu/../pm/powerplay/smumgr/vega20_smumgr.o
  CC [M]  drivers/gpu/drm/i915/display/intel_dkl_phy.o
  CC [M]  drivers/gpu/drm/i915/display/intel_dp.o
  CC [M]  drivers/gpu/drm/nouveau/nvkm/subdev/i2c/base.o
  CC [M]  drivers/gpu/drm/amd/amdgpu/../pm/powerplay/hwmgr/hwmgr.o
  CC [M]  drivers/gpu/drm/i915/display/intel_dp_aux.o
  CC [M]  drivers/gpu/drm/nouveau/nvkm/subdev/i2c/nv04.o
  CC [M]  drivers/gpu/drm/amd/amdgpu/../pm/powerplay/hwmgr/processpptables.o
  CC [M]  drivers/gpu/drm/nouveau/nvkm/subdev/i2c/nv4e.o
  CC [M]  drivers/gpu/drm/nouveau/nvkm/subdev/i2c/nv50.o
  CC [M]  drivers/gpu/drm/nouveau/nvkm/subdev/i2c/g94.o
  CC [M]  drivers/gpu/drm/nouveau/nvkm/subdev/i2c/gf117.o
  CC [M]  drivers/gpu/drm/i915/display/intel_dp_aux_backlight.o
  CC [M]  drivers/gpu/drm/nouveau/nvkm/subdev/i2c/gf119.o
  CC [M]  drivers/gpu/drm/i915/display/intel_dp_hdcp.o
  CC [M]  drivers/gpu/drm/nouveau/nvkm/subdev/i2c/gk104.o
  CC [M]  drivers/gpu/drm/i915/display/intel_dp_link_training.o
  CC [M]  drivers/gpu/drm/nouveau/nvkm/subdev/i2c/gk110.o
  CC [M]  drivers/gpu/drm/amd/amdgpu/../pm/powerplay/hwmgr/hardwaremanager.o
  CC [M]  drivers/gpu/drm/nouveau/nvkm/subdev/i2c/gm200.o
  CC [M]  drivers/gpu/drm/nouveau/nvkm/subdev/i2c/pad.o
  CC [M]  drivers/gpu/drm/amd/amdgpu/../pm/powerplay/hwmgr/smu8_hwmgr.o
  CC [M]  drivers/gpu/drm/i915/display/intel_dp_mst.o
  CC [M]  drivers/gpu/drm/nouveau/nvkm/subdev/i2c/padnv04.o
  CC [M]  drivers/gpu/drm/nouveau/nvkm/subdev/i2c/padnv4e.o
  CC [M]  drivers/gpu/drm/nouveau/nvkm/subdev/i2c/padnv50.o
  CC [M]  drivers/gpu/drm/i915/display/intel_dp_test.o
  CC [M]  drivers/gpu/drm/i915/display/intel_dsi.o
  CC [M]  drivers/gpu/drm/i915/display/intel_dsi_dcs_backlight.o
  CC [M]  drivers/gpu/drm/amd/amdgpu/../pm/powerplay/hwmgr/pppcielanes.o
  CC [M]  drivers/gpu/drm/nouveau/nvkm/subdev/i2c/padg94.o
  CC [M]  drivers/gpu/drm/amd/amdgpu/../pm/powerplay/hwmgr/process_pptables_v1_0.o
  CC [M]  drivers/gpu/drm/nouveau/nvkm/subdev/i2c/padgf119.o
  CC [M]  drivers/gpu/drm/i915/display/intel_dsi_vbt.o
  CC [M]  drivers/gpu/drm/i915/display/intel_dvo.o
  CC [M]  drivers/gpu/drm/amd/amdgpu/../pm/powerplay/hwmgr/ppatomctrl.o
  CC [M]  drivers/gpu/drm/i915/display/intel_encoder.o
  CC [M]  drivers/gpu/drm/i915/display/intel_gmbus.o
  CC [M]  drivers/gpu/drm/i915/display/intel_hdmi.o
  CC [M]  drivers/gpu/drm/nouveau/nvkm/subdev/i2c/padgm200.o
  CC [M]  drivers/gpu/drm/amd/amdgpu/../pm/powerplay/hwmgr/ppatomfwctrl.o
  CC [M]  drivers/gpu/drm/amd/amdgpu/../pm/powerplay/hwmgr/smu7_hwmgr.o
  CC [M]  drivers/gpu/drm/amd/amdgpu/../pm/powerplay/hwmgr/smu7_powertune.o
  CC [M]  drivers/gpu/drm/i915/display/intel_lspcon.o
  CC [M]  drivers/gpu/drm/i915/display/intel_lt_phy.o
  CC [M]  drivers/gpu/drm/i915/display/intel_lvds.o
  CC [M]  drivers/gpu/drm/amd/amdgpu/../pm/powerplay/hwmgr/smu7_thermal.o
  CC [M]  drivers/gpu/drm/i915/display/intel_panel.o
  CC [M]  drivers/gpu/drm/nouveau/nvkm/subdev/i2c/bus.o
  CC [M]  drivers/gpu/drm/amd/amdgpu/../pm/powerplay/hwmgr/smu7_clockpowergating.o
  CC [M]  drivers/gpu/drm/amd/amdgpu/../pm/powerplay/hwmgr/vega10_processpptables.o
  CC [M]  drivers/gpu/drm/amd/amdgpu/../pm/powerplay/hwmgr/vega10_hwmgr.o
  CC [M]  drivers/gpu/drm/nouveau/nvkm/subdev/i2c/busnv04.o
  CC [M]  drivers/gpu/drm/amd/amdgpu/../pm/powerplay/hwmgr/vega10_powertune.o
  CC [M]  drivers/gpu/drm/amd/amdgpu/../pm/powerplay/hwmgr/vega10_thermal.o
  CC [M]  drivers/gpu/drm/nouveau/nvkm/subdev/i2c/busnv4e.o
  CC [M]  drivers/gpu/drm/amd/amdgpu/../pm/powerplay/hwmgr/smu10_hwmgr.o
  CC [M]  drivers/gpu/drm/amd/amdgpu/../pm/powerplay/hwmgr/pp_psm.o
  CC [M]  drivers/gpu/drm/amd/amdgpu/../pm/powerplay/hwmgr/vega12_processpptables.o
  CC [M]  drivers/gpu/drm/amd/amdgpu/../pm/powerplay/hwmgr/vega12_hwmgr.o
  CC [M]  drivers/gpu/drm/i915/display/intel_pfit.o
  CC [M]  drivers/gpu/drm/amd/amdgpu/../pm/powerplay/hwmgr/vega12_thermal.o
  CC [M]  drivers/gpu/drm/nouveau/nvkm/subdev/i2c/busnv50.o
  CC [M]  drivers/gpu/drm/amd/amdgpu/../pm/powerplay/hwmgr/pp_overdriver.o
  CC [M]  drivers/gpu/drm/i915/display/intel_pps.o
  CC [M]  drivers/gpu/drm/nouveau/nvkm/subdev/i2c/busgf119.o
  CC [M]  drivers/gpu/drm/amd/amdgpu/../pm/powerplay/hwmgr/smu_helper.o
  CC [M]  drivers/gpu/drm/amd/amdgpu/../pm/powerplay/hwmgr/vega20_processpptables.o
  CC [M]  drivers/gpu/drm/nouveau/nvkm/subdev/i2c/bit.o
  CC [M]  drivers/gpu/drm/nouveau/nvkm/subdev/i2c/auxch.o
  CC [M]  drivers/gpu/drm/nouveau/nvkm/subdev/i2c/auxg94.o
  CC [M]  drivers/gpu/drm/amd/amdgpu/../pm/powerplay/hwmgr/vega20_hwmgr.o
  CC [M]  drivers/gpu/drm/i915/display/intel_qp_tables.o
  CC [M]  drivers/gpu/drm/nouveau/nvkm/subdev/i2c/auxgf119.o
  CC [M]  drivers/gpu/drm/amd/amdgpu/../pm/powerplay/hwmgr/vega20_powertune.o
  CC [M]  drivers/gpu/drm/nouveau/nvkm/subdev/i2c/auxgm200.o
  CC [M]  drivers/gpu/drm/amd/amdgpu/../pm/powerplay/hwmgr/vega20_thermal.o
  CC [M]  drivers/gpu/drm/nouveau/nvkm/subdev/i2c/anx9805.o
  CC [M]  drivers/gpu/drm/amd/amdgpu/../pm/powerplay/hwmgr/common_baco.o
  CC [M]  drivers/gpu/drm/i915/display/intel_sdvo.o
  CC [M]  drivers/gpu/drm/nouveau/nvkm/subdev/iccsense/base.o
  CC [M]  drivers/gpu/drm/i915/display/intel_snps_hdmi_pll.o
  CC [M]  drivers/gpu/drm/nouveau/nvkm/subdev/iccsense/gf100.o
  CC [M]  drivers/gpu/drm/amd/amdgpu/../pm/powerplay/hwmgr/vega10_baco.o
  CC [M]  drivers/gpu/drm/i915/display/intel_snps_phy.o
  CC [M]  drivers/gpu/drm/nouveau/nvkm/subdev/instmem/base.o
  CC [M]  drivers/gpu/drm/amd/amdgpu/../pm/powerplay/hwmgr/vega20_baco.o
  CC [M]  drivers/gpu/drm/i915/display/intel_tv.o
  CC [M]  drivers/gpu/drm/i915/display/intel_vdsc.o
  CC [M]  drivers/gpu/drm/amd/amdgpu/../pm/powerplay/hwmgr/vega12_baco.o
  CC [M]  drivers/gpu/drm/amd/amdgpu/../pm/powerplay/hwmgr/smu9_baco.o
  CC [M]  drivers/gpu/drm/amd/amdgpu/../pm/powerplay/hwmgr/tonga_baco.o
  CC [M]  drivers/gpu/drm/i915/display/intel_vrr.o
  CC [M]  drivers/gpu/drm/nouveau/nvkm/subdev/instmem/nv04.o
  CC [M]  drivers/gpu/drm/i915/display/vlv_dsi.o
  CC [M]  drivers/gpu/drm/amd/amdgpu/../pm/powerplay/hwmgr/polaris_baco.o
  CC [M]  drivers/gpu/drm/i915/display/vlv_dsi_pll.o
  CC [M]  drivers/gpu/drm/i915/display/intel_dp_tunnel.o
  CC [M]  drivers/gpu/drm/nouveau/nvkm/subdev/instmem/nv40.o
  CC [M]  drivers/gpu/drm/i915/i915_perf.o
  CC [M]  drivers/gpu/drm/amd/amdgpu/../pm/powerplay/hwmgr/fiji_baco.o
  CC [M]  drivers/gpu/drm/amd/amdgpu/../pm/powerplay/hwmgr/ci_baco.o
  CC [M]  drivers/gpu/drm/nouveau/nvkm/subdev/instmem/nv50.o
  CC [M]  drivers/gpu/drm/i915/pxp/intel_pxp.o
  CC [M]  drivers/gpu/drm/i915/pxp/intel_pxp_huc.o
  CC [M]  drivers/gpu/drm/amd/amdgpu/../pm/powerplay/hwmgr/smu7_baco.o
  CC [M]  drivers/gpu/drm/amd/amdgpu/../pm/powerplay/amd_powerplay.o
  CC [M]  drivers/gpu/drm/nouveau/nvkm/subdev/instmem/gk20a.o
  CC [M]  drivers/gpu/drm/amd/amdgpu/../pm/legacy-dpm/legacy_dpm.o
  CC [M]  drivers/gpu/drm/i915/pxp/intel_pxp_tee.o
  CC [M]  drivers/gpu/drm/nouveau/nvkm/subdev/instmem/gh100.o
  CC [M]  drivers/gpu/drm/i915/i915_gpu_error.o
  CC [M]  drivers/gpu/drm/nouveau/nvkm/subdev/ltc/base.o
  CC [M]  drivers/gpu/drm/amd/amdgpu/../pm/legacy-dpm/kv_dpm.o
  CC [M]  drivers/gpu/drm/i915/i915_vgpu.o
  CC [M]  drivers/gpu/drm/amd/amdgpu/../pm/legacy-dpm/kv_smc.o
  CC [M]  drivers/gpu/drm/amd/amdgpu/../pm/legacy-dpm/si_dpm.o
  CC [M]  drivers/gpu/drm/nouveau/nvkm/subdev/ltc/gf100.o
  CC [M]  drivers/gpu/drm/nouveau/nvkm/subdev/ltc/gk104.o
  CC [M]  drivers/gpu/drm/amd/amdgpu/../pm/legacy-dpm/si_smc.o
  CC [M]  drivers/gpu/drm/nouveau/nvkm/subdev/ltc/gm107.o
  CC [M]  drivers/gpu/drm/amd/amdgpu/../pm/amdgpu_dpm.o
  CC [M]  drivers/gpu/drm/amd/amdgpu/../pm/amdgpu_pm.o
  CC [M]  drivers/gpu/drm/nouveau/nvkm/subdev/ltc/gm200.o
  CC [M]  drivers/gpu/drm/amd/amdgpu/../pm/amdgpu_dpm_internal.o
  CC [M]  drivers/gpu/drm/amd/amdgpu/../display/amdgpu_dm/amdgpu_dm.o
  CC [M]  drivers/gpu/drm/nouveau/nvkm/subdev/ltc/gp100.o
  CC [M]  drivers/gpu/drm/nouveau/nvkm/subdev/ltc/gp102.o
  CC [M]  drivers/gpu/drm/amd/amdgpu/../display/amdgpu_dm/amdgpu_dm_plane.o
  CC [M]  drivers/gpu/drm/nouveau/nvkm/subdev/ltc/gp10b.o
  CC [M]  drivers/gpu/drm/nouveau/nvkm/subdev/ltc/ga102.o
  CC [M]  drivers/gpu/drm/nouveau/nvkm/subdev/mc/base.o
  CC [M]  drivers/gpu/drm/amd/amdgpu/../display/amdgpu_dm/amdgpu_dm_crtc.o
  CC [M]  drivers/gpu/drm/amd/amdgpu/../display/amdgpu_dm/amdgpu_dm_irq.o
  CC [M]  drivers/gpu/drm/nouveau/nvkm/subdev/mc/nv04.o
  CC [M]  drivers/gpu/drm/amd/amdgpu/../display/amdgpu_dm/amdgpu_dm_mst_types.o
  CC [M]  drivers/gpu/drm/nouveau/nvkm/subdev/mc/nv11.o
  CC [M]  drivers/gpu/drm/amd/amdgpu/../display/amdgpu_dm/amdgpu_dm_color.o
  CC [M]  drivers/gpu/drm/amd/amdgpu/../display/amdgpu_dm/amdgpu_dm_services.o
  CC [M]  drivers/gpu/drm/amd/amdgpu/../display/amdgpu_dm/amdgpu_dm_helpers.o
  CC [M]  drivers/gpu/drm/nouveau/nvkm/subdev/mc/nv17.o
  CC [M]  drivers/gpu/drm/nouveau/nvkm/subdev/mc/nv44.o
  CC [M]  drivers/gpu/drm/nouveau/nvkm/subdev/mc/nv50.o
  CC [M]  drivers/gpu/drm/nouveau/nvkm/subdev/mc/g84.o
  CC [M]  drivers/gpu/drm/amd/amdgpu/../display/amdgpu_dm/amdgpu_dm_pp_smu.o
  CC [M]  drivers/gpu/drm/nouveau/nvkm/subdev/mc/g98.o
  CC [M]  drivers/gpu/drm/nouveau/nvkm/subdev/mc/gt215.o
  CC [M]  drivers/gpu/drm/amd/amdgpu/../display/amdgpu_dm/amdgpu_dm_psr.o
  CC [M]  drivers/gpu/drm/amd/amdgpu/../display/amdgpu_dm/amdgpu_dm_replay.o
  CC [M]  drivers/gpu/drm/nouveau/nvkm/subdev/mc/gf100.o
  CC [M]  drivers/gpu/drm/amd/amdgpu/../display/amdgpu_dm/amdgpu_dm_quirks.o
  CC [M]  drivers/gpu/drm/nouveau/nvkm/subdev/mc/gk104.o
  CC [M]  drivers/gpu/drm/amd/amdgpu/../display/amdgpu_dm/amdgpu_dm_wb.o
  CC [M]  drivers/gpu/drm/amd/amdgpu/../display/amdgpu_dm/amdgpu_dm_colorop.o
  CC [M]  drivers/gpu/drm/amd/amdgpu/../display/amdgpu_dm/amdgpu_dm_ism.o
  CC [M]  drivers/gpu/drm/amd/amdgpu/../display/amdgpu_dm/dc_fpu.o
  CC [M]  drivers/gpu/drm/nouveau/nvkm/subdev/mc/gk20a.o
  CC [M]  drivers/gpu/drm/amd/amdgpu/../display/amdgpu_dm/amdgpu_dm_hdcp.o
  CC [M]  drivers/gpu/drm/nouveau/nvkm/subdev/mc/gp100.o
  CC [M]  drivers/gpu/drm/amd/amdgpu/../display/amdgpu_dm/amdgpu_dm_crc.o
  CC [M]  drivers/gpu/drm/nouveau/nvkm/subdev/mc/gp10b.o
  CC [M]  drivers/gpu/drm/amd/amdgpu/../display/amdgpu_dm/amdgpu_dm_debugfs.o
  CC [M]  drivers/gpu/drm/amd/amdgpu/../display/dc/dc_spl_translate.o
  CC [M]  drivers/gpu/drm/amd/amdgpu/../display/dc/basics/conversion.o
  CC [M]  drivers/gpu/drm/amd/amdgpu/../display/dc/basics/fixpt31_32.o
  CC [M]  drivers/gpu/drm/nouveau/nvkm/subdev/mc/ga100.o
  CC [M]  drivers/gpu/drm/amd/amdgpu/../display/dc/basics/vector.o
  CC [M]  drivers/gpu/drm/amd/amdgpu/../display/dc/basics/dc_common.o
  CC [M]  drivers/gpu/drm/nouveau/nvkm/subdev/mmu/base.o
  CC [M]  drivers/gpu/drm/nouveau/nvkm/subdev/mmu/nv04.o
  LD [M]  drivers/gpu/drm/i915/i915.o
  CC [M]  drivers/gpu/drm/nouveau/nvkm/subdev/mmu/nv41.o
  CC [M]  drivers/gpu/drm/amd/amdgpu/../display/dc/basics/dce_calcs.o
  CC [M]  drivers/gpu/drm/nouveau/nvkm/subdev/mmu/nv44.o
  CC [M]  drivers/gpu/drm/nouveau/nvkm/subdev/mmu/nv50.o
  CC [M]  drivers/gpu/drm/amd/amdgpu/../display/dc/basics/custom_float.o
  CC [M]  drivers/gpu/drm/amd/amdgpu/../display/dc/basics/bw_fixed.o
  CC [M]  drivers/gpu/drm/nouveau/nvkm/subdev/mmu/g84.o
  CC [M]  drivers/gpu/drm/amd/amdgpu/../display/dc/bios/bios_parser.o
  CC [M]  drivers/gpu/drm/nouveau/nvkm/subdev/mmu/mcp77.o
  CC [M]  drivers/gpu/drm/nouveau/nvkm/subdev/mmu/gf100.o
  CC [M]  drivers/gpu/drm/amd/amdgpu/../display/dc/bios/bios_parser_interface.o
  CC [M]  drivers/gpu/drm/nouveau/nvkm/subdev/mmu/gk104.o
  CC [M]  drivers/gpu/drm/nouveau/nvkm/subdev/mmu/gk20a.o
  CC [M]  drivers/gpu/drm/nouveau/nvkm/subdev/mmu/gm200.o
  CC [M]  drivers/gpu/drm/amd/amdgpu/../display/dc/bios/bios_parser_helper.o
  CC [M]  drivers/gpu/drm/amd/amdgpu/../display/dc/bios/command_table.o
  CC [M]  drivers/gpu/drm/nouveau/nvkm/subdev/mmu/gm20b.o
  CC [M]  drivers/gpu/drm/amd/amdgpu/../display/dc/bios/command_table_helper.o
  CC [M]  drivers/gpu/drm/nouveau/nvkm/subdev/mmu/gp100.o
  CC [M]  drivers/gpu/drm/nouveau/nvkm/subdev/mmu/gp10b.o
  CC [M]  drivers/gpu/drm/amd/amdgpu/../display/dc/bios/bios_parser_common.o
  CC [M]  drivers/gpu/drm/nouveau/nvkm/subdev/mmu/gv100.o
  CC [M]  drivers/gpu/drm/amd/amdgpu/../display/dc/bios/command_table2.o
  CC [M]  drivers/gpu/drm/nouveau/nvkm/subdev/mmu/tu102.o
  CC [M]  drivers/gpu/drm/amd/amdgpu/../display/dc/bios/command_table_helper2.o
  CC [M]  drivers/gpu/drm/amd/amdgpu/../display/dc/bios/bios_parser2.o
  CC [M]  drivers/gpu/drm/amd/amdgpu/../display/dc/bios/dce80/command_table_helper_dce80.o
  CC [M]  drivers/gpu/drm/amd/amdgpu/../display/dc/bios/dce110/command_table_helper_dce110.o
  CC [M]  drivers/gpu/drm/nouveau/nvkm/subdev/mmu/gh100.o
  CC [M]  drivers/gpu/drm/amd/amdgpu/../display/dc/bios/dce112/command_table_helper_dce112.o
  CC [M]  drivers/gpu/drm/amd/amdgpu/../display/dc/bios/dce112/command_table_helper2_dce112.o
  CC [M]  drivers/gpu/drm/amd/amdgpu/../display/dc/dml/display_mode_lib.o
  CC [M]  drivers/gpu/drm/amd/amdgpu/../display/dc/dml/display_rq_dlg_helpers.o
  CC [M]  drivers/gpu/drm/nouveau/nvkm/subdev/mmu/mem.o
  CC [M]  drivers/gpu/drm/amd/amdgpu/../display/dc/dml/dml1_display_rq_dlg_calc.o
  CC [M]  drivers/gpu/drm/nouveau/nvkm/subdev/mmu/memnv04.o
  CC [M]  drivers/gpu/drm/amd/amdgpu/../display/dc/dml/dcn10/dcn10_fpu.o
  CC [M]  drivers/gpu/drm/amd/amdgpu/../display/dc/dml/dcn20/dcn20_fpu.o
  CC [M]  drivers/gpu/drm/nouveau/nvkm/subdev/mmu/memnv50.o
  CC [M]  drivers/gpu/drm/amd/amdgpu/../display/dc/dml/display_mode_vba.o
  CC [M]  drivers/gpu/drm/amd/amdgpu/../display/dc/dml/dcn20/display_rq_dlg_calc_20.o
  CC [M]  drivers/gpu/drm/nouveau/nvkm/subdev/mmu/memgf100.o
  CC [M]  drivers/gpu/drm/amd/amdgpu/../display/dc/dml/dcn20/display_mode_vba_20.o
  CC [M]  drivers/gpu/drm/amd/amdgpu/../display/dc/dml/dcn20/display_rq_dlg_calc_20v2.o
  CC [M]  drivers/gpu/drm/nouveau/nvkm/subdev/mmu/vmm.o
  CC [M]  drivers/gpu/drm/nouveau/nvkm/subdev/mmu/vmmnv04.o
  CC [M]  drivers/gpu/drm/amd/amdgpu/../display/dc/dml/dcn20/display_mode_vba_20v2.o
  CC [M]  drivers/gpu/drm/amd/amdgpu/../display/dc/dml/dcn21/display_rq_dlg_calc_21.o
  CC [M]  drivers/gpu/drm/amd/amdgpu/../display/dc/dml/dcn21/display_mode_vba_21.o
  CC [M]  drivers/gpu/drm/amd/amdgpu/../display/dc/dml/dcn30/dcn30_fpu.o
  CC [M]  drivers/gpu/drm/amd/amdgpu/../display/dc/dml/dcn30/display_mode_vba_30.o
  CC [M]  drivers/gpu/drm/amd/amdgpu/../display/dc/dml/dcn30/display_rq_dlg_calc_30.o
  CC [M]  drivers/gpu/drm/nouveau/nvkm/subdev/mmu/vmmnv41.o
  CC [M]  drivers/gpu/drm/nouveau/nvkm/subdev/mmu/vmmnv44.o
  CC [M]  drivers/gpu/drm/amd/amdgpu/../display/dc/dml/dcn31/display_mode_vba_31.o
  CC [M]  drivers/gpu/drm/amd/amdgpu/../display/dc/dml/dcn31/display_rq_dlg_calc_31.o
  CC [M]  drivers/gpu/drm/nouveau/nvkm/subdev/mmu/vmmnv50.o
  CC [M]  drivers/gpu/drm/amd/amdgpu/../display/dc/dml/dcn314/display_mode_vba_314.o
  CC [M]  drivers/gpu/drm/amd/amdgpu/../display/dc/dml/dcn314/display_rq_dlg_calc_314.o
  CC [M]  drivers/gpu/drm/nouveau/nvkm/subdev/mmu/vmmmcp77.o
  CC [M]  drivers/gpu/drm/amd/amdgpu/../display/dc/dml/dcn32/display_mode_vba_32.o
  CC [M]  drivers/gpu/drm/nouveau/nvkm/subdev/mmu/vmmgf100.o
  CC [M]  drivers/gpu/drm/amd/amdgpu/../display/dc/dml/dcn32/display_rq_dlg_calc_32.o
  CC [M]  drivers/gpu/drm/amd/amdgpu/../display/dc/dml/dcn32/display_mode_vba_util_32.o
  CC [M]  drivers/gpu/drm/nouveau/nvkm/subdev/mmu/vmmgk104.o
  CC [M]  drivers/gpu/drm/nouveau/nvkm/subdev/mmu/vmmgk20a.o
  CC [M]  drivers/gpu/drm/amd/amdgpu/../display/dc/dml/dcn31/dcn31_fpu.o
  CC [M]  drivers/gpu/drm/nouveau/nvkm/subdev/mmu/vmmgm200.o
  CC [M]  drivers/gpu/drm/amd/amdgpu/../display/dc/dml/dcn32/dcn32_fpu.o
  CC [M]  drivers/gpu/drm/nouveau/nvkm/subdev/mmu/vmmgm20b.o
  CC [M]  drivers/gpu/drm/nouveau/nvkm/subdev/mmu/vmmgp100.o
  CC [M]  drivers/gpu/drm/nouveau/nvkm/subdev/mmu/vmmgp10b.o
  CC [M]  drivers/gpu/drm/amd/amdgpu/../display/dc/dml/dcn321/dcn321_fpu.o
  CC [M]  drivers/gpu/drm/nouveau/nvkm/subdev/mmu/vmmgv100.o
  CC [M]  drivers/gpu/drm/nouveau/nvkm/subdev/mmu/vmmtu102.o
  CC [M]  drivers/gpu/drm/nouveau/nvkm/subdev/mmu/vmmgh100.o
  CC [M]  drivers/gpu/drm/amd/amdgpu/../display/dc/dml/dcn301/dcn301_fpu.o
  CC [M]  drivers/gpu/drm/amd/amdgpu/../display/dc/dml/dcn302/dcn302_fpu.o
  CC [M]  drivers/gpu/drm/amd/amdgpu/../display/dc/dml/dcn303/dcn303_fpu.o
  CC [M]  drivers/gpu/drm/nouveau/nvkm/subdev/mmu/umem.o
  CC [M]  drivers/gpu/drm/amd/amdgpu/../display/dc/dml/dcn314/dcn314_fpu.o
  CC [M]  drivers/gpu/drm/nouveau/nvkm/subdev/mmu/ummu.o
  CC [M]  drivers/gpu/drm/amd/amdgpu/../display/dc/dml/dcn35/dcn35_fpu.o
  CC [M]  drivers/gpu/drm/nouveau/nvkm/subdev/mmu/uvmm.o
  CC [M]  drivers/gpu/drm/nouveau/nvkm/subdev/mxm/base.o
  CC [M]  drivers/gpu/drm/amd/amdgpu/../display/dc/dml/dcn351/dcn351_fpu.o
  CC [M]  drivers/gpu/drm/nouveau/nvkm/subdev/mxm/mxms.o
  CC [M]  drivers/gpu/drm/amd/amdgpu/../display/dc/dml/dsc/rc_calc_fpu.o
  CC [M]  drivers/gpu/drm/nouveau/nvkm/subdev/mxm/nv50.o
  CC [M]  drivers/gpu/drm/amd/amdgpu/../display/dc/dml/calcs/dcn_calcs.o
  CC [M]  drivers/gpu/drm/nouveau/nvkm/subdev/pci/agp.o
  CC [M]  drivers/gpu/drm/amd/amdgpu/../display/dc/dml/calcs/dcn_calc_math.o
  CC [M]  drivers/gpu/drm/amd/amdgpu/../display/dc/dml/calcs/dcn_calc_auto.o
  CC [M]  drivers/gpu/drm/nouveau/nvkm/subdev/pci/base.o
  CC [M]  drivers/gpu/drm/amd/amdgpu/../display/dc/clk_mgr/clk_mgr.o
  CC [M]  drivers/gpu/drm/nouveau/nvkm/subdev/pci/pcie.o
  CC [M]  drivers/gpu/drm/amd/amdgpu/../display/dc/clk_mgr/dce100/dce_clk_mgr.o
  CC [M]  drivers/gpu/drm/amd/amdgpu/../display/dc/clk_mgr/dce110/dce110_clk_mgr.o
  CC [M]  drivers/gpu/drm/nouveau/nvkm/subdev/pci/nv04.o
  CC [M]  drivers/gpu/drm/nouveau/nvkm/subdev/pci/nv40.o
  CC [M]  drivers/gpu/drm/amd/amdgpu/../display/dc/clk_mgr/dce112/dce112_clk_mgr.o
  CC [M]  drivers/gpu/drm/amd/amdgpu/../display/dc/clk_mgr/dce120/dce120_clk_mgr.o
  CC [M]  drivers/gpu/drm/nouveau/nvkm/subdev/pci/nv46.o
  CC [M]  drivers/gpu/drm/nouveau/nvkm/subdev/pci/nv4c.o
  CC [M]  drivers/gpu/drm/amd/amdgpu/../display/dc/clk_mgr/dcn10/rv1_clk_mgr.o
  CC [M]  drivers/gpu/drm/nouveau/nvkm/subdev/pci/g84.o
  CC [M]  drivers/gpu/drm/nouveau/nvkm/subdev/pci/g92.o
  CC [M]  drivers/gpu/drm/amd/amdgpu/../display/dc/clk_mgr/dcn10/rv1_clk_mgr_vbios_smu.o
  CC [M]  drivers/gpu/drm/nouveau/nvkm/subdev/pci/g94.o
  CC [M]  drivers/gpu/drm/amd/amdgpu/../display/dc/clk_mgr/dcn10/rv2_clk_mgr.o
  CC [M]  drivers/gpu/drm/amd/amdgpu/../display/dc/clk_mgr/dcn20/dcn20_clk_mgr.o
  CC [M]  drivers/gpu/drm/nouveau/nvkm/subdev/pci/gf100.o
  CC [M]  drivers/gpu/drm/amd/amdgpu/../display/dc/clk_mgr/dcn201/dcn201_clk_mgr.o
  CC [M]  drivers/gpu/drm/amd/amdgpu/../display/dc/clk_mgr/dcn21/rn_clk_mgr.o
  CC [M]  drivers/gpu/drm/nouveau/nvkm/subdev/pci/gf106.o
  CC [M]  drivers/gpu/drm/amd/amdgpu/../display/dc/clk_mgr/dcn21/rn_clk_mgr_vbios_smu.o
  CC [M]  drivers/gpu/drm/nouveau/nvkm/subdev/pci/gk104.o
  CC [M]  drivers/gpu/drm/nouveau/nvkm/subdev/pci/gp100.o
  CC [M]  drivers/gpu/drm/nouveau/nvkm/subdev/pci/gh100.o
  CC [M]  drivers/gpu/drm/nouveau/nvkm/subdev/pmu/base.o
  CC [M]  drivers/gpu/drm/amd/amdgpu/../display/dc/clk_mgr/dcn30/dcn30_clk_mgr.o
  CC [M]  drivers/gpu/drm/amd/amdgpu/../display/dc/clk_mgr/dcn30/dcn30_clk_mgr_smu_msg.o
  CC [M]  drivers/gpu/drm/amd/amdgpu/../display/dc/clk_mgr/dcn30/dcn30m_clk_mgr.o
  CC [M]  drivers/gpu/drm/amd/amdgpu/../display/dc/clk_mgr/dcn30/dcn30m_clk_mgr_smu_msg.o
  CC [M]  drivers/gpu/drm/nouveau/nvkm/subdev/pmu/memx.o
  CC [M]  drivers/gpu/drm/amd/amdgpu/../display/dc/clk_mgr/dcn301/vg_clk_mgr.o
  CC [M]  drivers/gpu/drm/amd/amdgpu/../display/dc/clk_mgr/dcn301/dcn301_smu.o
  CC [M]  drivers/gpu/drm/amd/amdgpu/../display/dc/clk_mgr/dcn31/dcn31_smu.o
  CC [M]  drivers/gpu/drm/amd/amdgpu/../display/dc/clk_mgr/dcn31/dcn31_clk_mgr.o
  CC [M]  drivers/gpu/drm/amd/amdgpu/../display/dc/clk_mgr/dcn314/dcn314_smu.o
  CC [M]  drivers/gpu/drm/nouveau/nvkm/subdev/pmu/gt215.o
  CC [M]  drivers/gpu/drm/amd/amdgpu/../display/dc/clk_mgr/dcn314/dcn314_clk_mgr.o
  CC [M]  drivers/gpu/drm/nouveau/nvkm/subdev/pmu/gf100.o
  CC [M]  drivers/gpu/drm/amd/amdgpu/../display/dc/clk_mgr/dcn315/dcn315_smu.o
  CC [M]  drivers/gpu/drm/nouveau/nvkm/subdev/pmu/gf119.o
  CC [M]  drivers/gpu/drm/nouveau/nvkm/subdev/pmu/gk104.o
  CC [M]  drivers/gpu/drm/amd/amdgpu/../display/dc/clk_mgr/dcn315/dcn315_clk_mgr.o
  CC [M]  drivers/gpu/drm/nouveau/nvkm/subdev/pmu/gk110.o
  CC [M]  drivers/gpu/drm/nouveau/nvkm/subdev/pmu/gk208.o
  CC [M]  drivers/gpu/drm/amd/amdgpu/../display/dc/clk_mgr/dcn316/dcn316_smu.o
  CC [M]  drivers/gpu/drm/nouveau/nvkm/subdev/pmu/gk20a.o
  CC [M]  drivers/gpu/drm/amd/amdgpu/../display/dc/clk_mgr/dcn316/dcn316_clk_mgr.o
  CC [M]  drivers/gpu/drm/amd/amdgpu/../display/dc/clk_mgr/dcn32/dcn32_clk_mgr.o
  CC [M]  drivers/gpu/drm/nouveau/nvkm/subdev/pmu/gm107.o
  CC [M]  drivers/gpu/drm/nouveau/nvkm/subdev/pmu/gm200.o
  CC [M]  drivers/gpu/drm/amd/amdgpu/../display/dc/clk_mgr/dcn32/dcn32_clk_mgr_smu_msg.o
  CC [M]  drivers/gpu/drm/nouveau/nvkm/subdev/pmu/gm20b.o
  CC [M]  drivers/gpu/drm/amd/amdgpu/../display/dc/clk_mgr/dcn35/dcn35_smu.o
  CC [M]  drivers/gpu/drm/amd/amdgpu/../display/dc/clk_mgr/dcn35/dcn351_clk_mgr.o
  CC [M]  drivers/gpu/drm/nouveau/nvkm/subdev/pmu/gp102.o
  CC [M]  drivers/gpu/drm/nouveau/nvkm/subdev/pmu/gp10b.o
  CC [M]  drivers/gpu/drm/nouveau/nvkm/subdev/privring/gf100.o
  CC [M]  drivers/gpu/drm/nouveau/nvkm/subdev/privring/gf117.o
  CC [M]  drivers/gpu/drm/amd/amdgpu/../display/dc/clk_mgr/dcn35/dcn35_clk_mgr.o
  CC [M]  drivers/gpu/drm/nouveau/nvkm/subdev/privring/gk104.o
  CC [M]  drivers/gpu/drm/nouveau/nvkm/subdev/privring/gm200.o
  CC [M]  drivers/gpu/drm/nouveau/nvkm/subdev/privring/gk20a.o
  CC [M]  drivers/gpu/drm/nouveau/nvkm/subdev/privring/gp10b.o
  CC [M]  drivers/gpu/drm/amd/amdgpu/../display/dc/clk_mgr/dcn401/dcn401_clk_mgr.o
  CC [M]  drivers/gpu/drm/nouveau/nvkm/subdev/therm/base.o
  CC [M]  drivers/gpu/drm/nouveau/nvkm/subdev/therm/fan.o
  CC [M]  drivers/gpu/drm/nouveau/nvkm/subdev/therm/fannil.o
  CC [M]  drivers/gpu/drm/nouveau/nvkm/subdev/therm/fanpwm.o
  CC [M]  drivers/gpu/drm/nouveau/nvkm/subdev/therm/fantog.o
  CC [M]  drivers/gpu/drm/nouveau/nvkm/subdev/therm/ic.o
  CC [M]  drivers/gpu/drm/nouveau/nvkm/subdev/therm/temp.o
  CC [M]  drivers/gpu/drm/amd/amdgpu/../display/dc/clk_mgr/dcn401/dcn401_clk_mgr_smu_msg.o
  CC [M]  drivers/gpu/drm/nouveau/nvkm/subdev/therm/nv40.o
  CC [M]  drivers/gpu/drm/amd/amdgpu/../display/dc/clk_mgr/dcn42/dcn42_smu.o
  CC [M]  drivers/gpu/drm/nouveau/nvkm/subdev/therm/nv50.o
  CC [M]  drivers/gpu/drm/amd/amdgpu/../display/dc/clk_mgr/dcn42/dcn42_clk_mgr.o
  CC [M]  drivers/gpu/drm/nouveau/nvkm/subdev/therm/g84.o
  CC [M]  drivers/gpu/drm/nouveau/nvkm/subdev/therm/gt215.o
  CC [M]  drivers/gpu/drm/nouveau/nvkm/subdev/therm/gf100.o
  CC [M]  drivers/gpu/drm/nouveau/nvkm/subdev/therm/gf119.o
  CC [M]  drivers/gpu/drm/nouveau/nvkm/subdev/therm/gk104.o
  CC [M]  drivers/gpu/drm/nouveau/nvkm/subdev/therm/gm107.o
  CC [M]  drivers/gpu/drm/nouveau/nvkm/subdev/therm/gm200.o
  CC [M]  drivers/gpu/drm/amd/amdgpu/../display/dc/dce/dce_audio.o
  CC [M]  drivers/gpu/drm/amd/amdgpu/../display/dc/dce/dce_stream_encoder.o
  CC [M]  drivers/gpu/drm/amd/amdgpu/../display/dc/dce/dce_link_encoder.o
  CC [M]  drivers/gpu/drm/amd/amdgpu/../display/dc/dce/dce_mem_input.o
  CC [M]  drivers/gpu/drm/amd/amdgpu/../display/dc/dce/dce_clock_source.o
  CC [M]  drivers/gpu/drm/nouveau/nvkm/subdev/therm/gp100.o
  CC [M]  drivers/gpu/drm/nouveau/nvkm/subdev/timer/base.o
  CC [M]  drivers/gpu/drm/amd/amdgpu/../display/dc/dce/dce_scl_filters.o
  CC [M]  drivers/gpu/drm/amd/amdgpu/../display/dc/dce/dce_transform.o
  CC [M]  drivers/gpu/drm/nouveau/nvkm/subdev/timer/nv04.o
  CC [M]  drivers/gpu/drm/nouveau/nvkm/subdev/timer/nv40.o
  CC [M]  drivers/gpu/drm/amd/amdgpu/../display/dc/dce/dce_opp.o
  CC [M]  drivers/gpu/drm/amd/amdgpu/../display/dc/dce/dce_dmcu.o
  CC [M]  drivers/gpu/drm/amd/amdgpu/../display/dc/dce/dce_abm.o
  CC [M]  drivers/gpu/drm/nouveau/nvkm/subdev/timer/nv41.o
  CC [M]  drivers/gpu/drm/amd/amdgpu/../display/dc/dce/dce_ipp.o
  CC [M]  drivers/gpu/drm/nouveau/nvkm/subdev/timer/gk20a.o
  CC [M]  drivers/gpu/drm/amd/amdgpu/../display/dc/dce/dce_aux.o
  CC [M]  drivers/gpu/drm/amd/amdgpu/../display/dc/dce/dce_i2c.o
  CC [M]  drivers/gpu/drm/amd/amdgpu/../display/dc/dce/dce_i2c_hw.o
  CC [M]  drivers/gpu/drm/nouveau/nvkm/subdev/top/base.o
  CC [M]  drivers/gpu/drm/amd/amdgpu/../display/dc/dce/dce_i2c_sw.o
  CC [M]  drivers/gpu/drm/amd/amdgpu/../display/dc/dce/dmub_psr.o
  CC [M]  drivers/gpu/drm/nouveau/nvkm/subdev/top/gk104.o
  CC [M]  drivers/gpu/drm/amd/amdgpu/../display/dc/dce/dmub_abm.o
  CC [M]  drivers/gpu/drm/amd/amdgpu/../display/dc/dce/dmub_abm_lcd.o
  CC [M]  drivers/gpu/drm/nouveau/nvkm/subdev/top/ga100.o
  CC [M]  drivers/gpu/drm/nouveau/nvkm/subdev/vfn/base.o
  CC [M]  drivers/gpu/drm/nouveau/nvkm/subdev/vfn/uvfn.o
  CC [M]  drivers/gpu/drm/nouveau/nvkm/subdev/vfn/gv100.o
  CC [M]  drivers/gpu/drm/nouveau/nvkm/subdev/vfn/tu102.o
  CC [M]  drivers/gpu/drm/nouveau/nvkm/subdev/vfn/ga100.o
  CC [M]  drivers/gpu/drm/nouveau/nvkm/subdev/vfn/r535.o
  CC [M]  drivers/gpu/drm/amd/amdgpu/../display/dc/dce/dce_panel_cntl.o
  CC [M]  drivers/gpu/drm/nouveau/nvkm/subdev/volt/base.o
  CC [M]  drivers/gpu/drm/amd/amdgpu/../display/dc/dce/dmub_hw_lock_mgr.o
  CC [M]  drivers/gpu/drm/nouveau/nvkm/subdev/volt/gpio.o
  CC [M]  drivers/gpu/drm/amd/amdgpu/../display/dc/dce/dmub_outbox.o
  CC [M]  drivers/gpu/drm/nouveau/nvkm/subdev/volt/nv40.o
  CC [M]  drivers/gpu/drm/amd/amdgpu/../display/dc/dce/dmub_replay.o
  CC [M]  drivers/gpu/drm/nouveau/nvkm/subdev/volt/gf100.o
  CC [M]  drivers/gpu/drm/nouveau/nvkm/subdev/volt/gf117.o
  CC [M]  drivers/gpu/drm/amd/amdgpu/../display/dc/gpio/gpio_base.o
  CC [M]  drivers/gpu/drm/amd/amdgpu/../display/dc/gpio/gpio_service.o
  CC [M]  drivers/gpu/drm/nouveau/nvkm/subdev/volt/gk104.o
  CC [M]  drivers/gpu/drm/nouveau/nvkm/subdev/volt/gk20a.o
  CC [M]  drivers/gpu/drm/amd/amdgpu/../display/dc/gpio/hw_factory.o
  CC [M]  drivers/gpu/drm/amd/amdgpu/../display/dc/gpio/hw_gpio.o
  CC [M]  drivers/gpu/drm/nouveau/nvkm/subdev/volt/gm20b.o
  CC [M]  drivers/gpu/drm/amd/amdgpu/../display/dc/gpio/hw_hpd.o
  CC [M]  drivers/gpu/drm/amd/amdgpu/../display/dc/gpio/hw_ddc.o
  CC [M]  drivers/gpu/drm/nouveau/nvkm/engine/falcon.o
  CC [M]  drivers/gpu/drm/nouveau/nvkm/engine/xtensa.o
  CC [M]  drivers/gpu/drm/amd/amdgpu/../display/dc/gpio/hw_generic.o
  CC [M]  drivers/gpu/drm/amd/amdgpu/../display/dc/gpio/hw_translate.o
  CC [M]  drivers/gpu/drm/amd/amdgpu/../display/dc/gpio/dce80/hw_translate_dce80.o
  CC [M]  drivers/gpu/drm/amd/amdgpu/../display/dc/gpio/dce80/hw_factory_dce80.o
  CC [M]  drivers/gpu/drm/amd/amdgpu/../display/dc/gpio/dce110/hw_translate_dce110.o
  CC [M]  drivers/gpu/drm/nouveau/nvkm/engine/bsp/g84.o
  CC [M]  drivers/gpu/drm/amd/amdgpu/../display/dc/gpio/dce110/hw_factory_dce110.o
  CC [M]  drivers/gpu/drm/amd/amdgpu/../display/dc/gpio/dce120/hw_translate_dce120.o
  CC [M]  drivers/gpu/drm/nouveau/nvkm/engine/ce/gt215.o
  CC [M]  drivers/gpu/drm/amd/amdgpu/../display/dc/gpio/dce120/hw_factory_dce120.o
  CC [M]  drivers/gpu/drm/amd/amdgpu/../display/dc/gpio/dcn10/hw_translate_dcn10.o
  CC [M]  drivers/gpu/drm/amd/amdgpu/../display/dc/gpio/dcn10/hw_factory_dcn10.o
  CC [M]  drivers/gpu/drm/amd/amdgpu/../display/dc/gpio/dcn20/hw_translate_dcn20.o
  CC [M]  drivers/gpu/drm/nouveau/nvkm/engine/ce/gf100.o
  CC [M]  drivers/gpu/drm/nouveau/nvkm/engine/ce/gk104.o
  CC [M]  drivers/gpu/drm/nouveau/nvkm/engine/ce/gm107.o
  CC [M]  drivers/gpu/drm/nouveau/nvkm/engine/ce/gm200.o
  CC [M]  drivers/gpu/drm/amd/amdgpu/../display/dc/gpio/dcn20/hw_factory_dcn20.o
  CC [M]  drivers/gpu/drm/amd/amdgpu/../display/dc/gpio/dcn21/hw_translate_dcn21.o
  CC [M]  drivers/gpu/drm/nouveau/nvkm/engine/ce/gp100.o
  CC [M]  drivers/gpu/drm/nouveau/nvkm/engine/ce/gp102.o
  CC [M]  drivers/gpu/drm/nouveau/nvkm/engine/ce/gv100.o
  CC [M]  drivers/gpu/drm/nouveau/nvkm/engine/ce/tu102.o
  CC [M]  drivers/gpu/drm/amd/amdgpu/../display/dc/gpio/dcn21/hw_factory_dcn21.o
  CC [M]  drivers/gpu/drm/nouveau/nvkm/engine/ce/ga100.o
  CC [M]  drivers/gpu/drm/nouveau/nvkm/engine/ce/ga102.o
  CC [M]  drivers/gpu/drm/nouveau/nvkm/engine/ce/gb202.o
  CC [M]  drivers/gpu/drm/amd/amdgpu/../display/dc/gpio/dcn30/hw_translate_dcn30.o
  CC [M]  drivers/gpu/drm/amd/amdgpu/../display/dc/gpio/dcn30/hw_factory_dcn30.o
  CC [M]  drivers/gpu/drm/amd/amdgpu/../display/dc/gpio/dcn315/hw_translate_dcn315.o
  CC [M]  drivers/gpu/drm/amd/amdgpu/../display/dc/gpio/dcn315/hw_factory_dcn315.o
  CC [M]  drivers/gpu/drm/nouveau/nvkm/engine/cipher/g84.o
  CC [M]  drivers/gpu/drm/amd/amdgpu/../display/dc/gpio/dcn32/hw_translate_dcn32.o
  CC [M]  drivers/gpu/drm/nouveau/nvkm/engine/device/acpi.o
  CC [M]  drivers/gpu/drm/nouveau/nvkm/engine/device/base.o
  CC [M]  drivers/gpu/drm/amd/amdgpu/../display/dc/gpio/dcn32/hw_factory_dcn32.o
  CC [M]  drivers/gpu/drm/nouveau/nvkm/engine/device/ctrl.o
  CC [M]  drivers/gpu/drm/amd/amdgpu/../display/dc/gpio/dcn401/hw_translate_dcn401.o
  CC [M]  drivers/gpu/drm/nouveau/nvkm/engine/device/pci.o
  CC [M]  drivers/gpu/drm/nouveau/nvkm/engine/device/tegra.o
  CC [M]  drivers/gpu/drm/amd/amdgpu/../display/dc/gpio/dcn401/hw_factory_dcn401.o
  CC [M]  drivers/gpu/drm/nouveau/nvkm/engine/device/user.o
  CC [M]  drivers/gpu/drm/nouveau/nvkm/engine/disp/base.o
  CC [M]  drivers/gpu/drm/amd/amdgpu/../display/dc/gpio/dcn42/hw_translate_dcn42.o
  CC [M]  drivers/gpu/drm/nouveau/nvkm/engine/disp/chan.o
  CC [M]  drivers/gpu/drm/amd/amdgpu/../display/dc/gpio/dcn42/hw_factory_dcn42.o
  CC [M]  drivers/gpu/drm/amd/amdgpu/../display/dc/hwss/dce80/dce80_hwseq.o
  CC [M]  drivers/gpu/drm/nouveau/nvkm/engine/disp/conn.o
  CC [M]  drivers/gpu/drm/amd/amdgpu/../display/dc/hwss/dce/dce_hwseq.o
  CC [M]  drivers/gpu/drm/nouveau/nvkm/engine/disp/dp.o
  CC [M]  drivers/gpu/drm/nouveau/nvkm/engine/disp/hdmi.o
  CC [M]  drivers/gpu/drm/amd/amdgpu/../display/dc/hwss/dce100/dce100_hwseq.o
  CC [M]  drivers/gpu/drm/amd/amdgpu/../display/dc/hwss/dce110/dce110_hwseq.o
  CC [M]  drivers/gpu/drm/amd/amdgpu/../display/dc/hwss/dce112/dce112_hwseq.o
  CC [M]  drivers/gpu/drm/amd/amdgpu/../display/dc/hwss/dce120/dce120_hwseq.o
  CC [M]  drivers/gpu/drm/nouveau/nvkm/engine/disp/head.o
  CC [M]  drivers/gpu/drm/nouveau/nvkm/engine/disp/ior.o
  CC [M]  drivers/gpu/drm/nouveau/nvkm/engine/disp/outp.o
  CC [M]  drivers/gpu/drm/amd/amdgpu/../display/dc/hwss/dcn10/dcn10_hwseq.o
  CC [M]  drivers/gpu/drm/amd/amdgpu/../display/dc/hwss/dcn10/dcn10_init.o
  CC [M]  drivers/gpu/drm/amd/amdgpu/../display/dc/hwss/dcn20/dcn20_hwseq.o
  CC [M]  drivers/gpu/drm/nouveau/nvkm/engine/disp/vga.o
  CC [M]  drivers/gpu/drm/amd/amdgpu/../display/dc/hwss/dcn20/dcn20_init.o
  CC [M]  drivers/gpu/drm/nouveau/nvkm/engine/disp/nv04.o
  CC [M]  drivers/gpu/drm/amd/amdgpu/../display/dc/hwss/dcn201/dcn201_hwseq.o
  CC [M]  drivers/gpu/drm/nouveau/nvkm/engine/disp/nv50.o
  CC [M]  drivers/gpu/drm/amd/amdgpu/../display/dc/hwss/dcn201/dcn201_init.o
  CC [M]  drivers/gpu/drm/nouveau/nvkm/engine/disp/g84.o
  CC [M]  drivers/gpu/drm/amd/amdgpu/../display/dc/hwss/dcn21/dcn21_hwseq.o
  CC [M]  drivers/gpu/drm/amd/amdgpu/../display/dc/hwss/dcn21/dcn21_init.o
  CC [M]  drivers/gpu/drm/amd/amdgpu/../display/dc/hwss/dcn30/dcn30_hwseq.o
  CC [M]  drivers/gpu/drm/nouveau/nvkm/engine/disp/g94.o
  CC [M]  drivers/gpu/drm/amd/amdgpu/../display/dc/hwss/dcn30/dcn30_init.o
  CC [M]  drivers/gpu/drm/amd/amdgpu/../display/dc/hwss/dcn301/dcn301_hwseq.o
  CC [M]  drivers/gpu/drm/nouveau/nvkm/engine/disp/gt200.o
  CC [M]  drivers/gpu/drm/nouveau/nvkm/engine/disp/mcp77.o
  CC [M]  drivers/gpu/drm/nouveau/nvkm/engine/disp/gt215.o
  CC [M]  drivers/gpu/drm/nouveau/nvkm/engine/disp/mcp89.o
  CC [M]  drivers/gpu/drm/amd/amdgpu/../display/dc/hwss/dcn301/dcn301_init.o
  CC [M]  drivers/gpu/drm/nouveau/nvkm/engine/disp/gf119.o
  CC [M]  drivers/gpu/drm/nouveau/nvkm/engine/disp/gk104.o
  CC [M]  drivers/gpu/drm/nouveau/nvkm/engine/disp/gk110.o
  CC [M]  drivers/gpu/drm/amd/amdgpu/../display/dc/hwss/dcn302/dcn302_hwseq.o
  CC [M]  drivers/gpu/drm/amd/amdgpu/../display/dc/hwss/dcn302/dcn302_init.o
  CC [M]  drivers/gpu/drm/nouveau/nvkm/engine/disp/gm107.o
  CC [M]  drivers/gpu/drm/amd/amdgpu/../display/dc/hwss/dcn303/dcn303_hwseq.o
  CC [M]  drivers/gpu/drm/nouveau/nvkm/engine/disp/gm200.o
  CC [M]  drivers/gpu/drm/amd/amdgpu/../display/dc/hwss/dcn303/dcn303_init.o
  CC [M]  drivers/gpu/drm/nouveau/nvkm/engine/disp/gp100.o
  CC [M]  drivers/gpu/drm/amd/amdgpu/../display/dc/hwss/dcn31/dcn31_hwseq.o
  CC [M]  drivers/gpu/drm/amd/amdgpu/../display/dc/hwss/dcn31/dcn31_init.o
  CC [M]  drivers/gpu/drm/amd/amdgpu/../display/dc/hwss/dcn314/dcn314_hwseq.o
  CC [M]  drivers/gpu/drm/amd/amdgpu/../display/dc/hwss/dcn314/dcn314_init.o
  CC [M]  drivers/gpu/drm/nouveau/nvkm/engine/disp/gp102.o
  CC [M]  drivers/gpu/drm/amd/amdgpu/../display/dc/hwss/dcn32/dcn32_hwseq.o
  CC [M]  drivers/gpu/drm/amd/amdgpu/../display/dc/hwss/dcn32/dcn32_init.o
  CC [M]  drivers/gpu/drm/nouveau/nvkm/engine/disp/gv100.o
  CC [M]  drivers/gpu/drm/nouveau/nvkm/engine/disp/tu102.o
  CC [M]  drivers/gpu/drm/amd/amdgpu/../display/dc/hwss/dcn35/dcn35_hwseq.o
  CC [M]  drivers/gpu/drm/nouveau/nvkm/engine/disp/ga102.o
  CC [M]  drivers/gpu/drm/amd/amdgpu/../display/dc/hwss/dcn35/dcn35_init.o
  CC [M]  drivers/gpu/drm/amd/amdgpu/../display/dc/hwss/dcn351/dcn351_hwseq.o
  CC [M]  drivers/gpu/drm/amd/amdgpu/../display/dc/hwss/dcn351/dcn351_init.o
  CC [M]  drivers/gpu/drm/amd/amdgpu/../display/dc/hwss/dcn401/dcn401_hwseq.o
  CC [M]  drivers/gpu/drm/nouveau/nvkm/engine/disp/udisp.o
  CC [M]  drivers/gpu/drm/nouveau/nvkm/engine/disp/uconn.o
  CC [M]  drivers/gpu/drm/nouveau/nvkm/engine/disp/uoutp.o
  CC [M]  drivers/gpu/drm/amd/amdgpu/../display/dc/hwss/dcn401/dcn401_init.o
  CC [M]  drivers/gpu/drm/amd/amdgpu/../display/dc/hwss/dcn42/dcn42_hwseq.o
  CC [M]  drivers/gpu/drm/amd/amdgpu/../display/dc/hwss/dcn42/dcn42_init.o
  CC [M]  drivers/gpu/drm/nouveau/nvkm/engine/disp/uhead.o
  CC [M]  drivers/gpu/drm/nouveau/nvkm/engine/dma/base.o
  CC [M]  drivers/gpu/drm/nouveau/nvkm/engine/dma/nv04.o
  CC [M]  drivers/gpu/drm/amd/amdgpu/../display/dc/irq/irq_service.o
  CC [M]  drivers/gpu/drm/amd/amdgpu/../display/dc/irq/dce80/irq_service_dce80.o
  CC [M]  drivers/gpu/drm/amd/amdgpu/../display/dc/irq/dce110/irq_service_dce110.o
  CC [M]  drivers/gpu/drm/nouveau/nvkm/engine/dma/nv50.o
  CC [M]  drivers/gpu/drm/amd/amdgpu/../display/dc/irq/dce120/irq_service_dce120.o
  CC [M]  drivers/gpu/drm/nouveau/nvkm/engine/dma/gf100.o
  CC [M]  drivers/gpu/drm/amd/amdgpu/../display/dc/irq/dcn10/irq_service_dcn10.o
  CC [M]  drivers/gpu/drm/nouveau/nvkm/engine/dma/gf119.o
  CC [M]  drivers/gpu/drm/amd/amdgpu/../display/dc/irq/dcn20/irq_service_dcn20.o
  CC [M]  drivers/gpu/drm/nouveau/nvkm/engine/dma/gv100.o
  CC [M]  drivers/gpu/drm/amd/amdgpu/../display/dc/irq/dcn21/irq_service_dcn21.o
  CC [M]  drivers/gpu/drm/nouveau/nvkm/engine/dma/user.o
  CC [M]  drivers/gpu/drm/nouveau/nvkm/engine/dma/usernv04.o
  CC [M]  drivers/gpu/drm/nouveau/nvkm/engine/dma/usernv50.o
  CC [M]  drivers/gpu/drm/amd/amdgpu/../display/dc/irq/dcn201/irq_service_dcn201.o
  CC [M]  drivers/gpu/drm/nouveau/nvkm/engine/dma/usergf100.o
  CC [M]  drivers/gpu/drm/amd/amdgpu/../display/dc/irq/dcn30/irq_service_dcn30.o
  CC [M]  drivers/gpu/drm/nouveau/nvkm/engine/dma/usergf119.o
  CC [M]  drivers/gpu/drm/nouveau/nvkm/engine/dma/usergv100.o
  CC [M]  drivers/gpu/drm/amd/amdgpu/../display/dc/irq/dcn302/irq_service_dcn302.o
  CC [M]  drivers/gpu/drm/nouveau/nvkm/engine/fifo/base.o
  CC [M]  drivers/gpu/drm/amd/amdgpu/../display/dc/irq/dcn303/irq_service_dcn303.o
  CC [M]  drivers/gpu/drm/amd/amdgpu/../display/dc/irq/dcn31/irq_service_dcn31.o
  CC [M]  drivers/gpu/drm/nouveau/nvkm/engine/fifo/cgrp.o
  CC [M]  drivers/gpu/drm/amd/amdgpu/../display/dc/irq/dcn314/irq_service_dcn314.o
  CC [M]  drivers/gpu/drm/amd/amdgpu/../display/dc/irq/dcn315/irq_service_dcn315.o
  CC [M]  drivers/gpu/drm/nouveau/nvkm/engine/fifo/chan.o
  CC [M]  drivers/gpu/drm/nouveau/nvkm/engine/fifo/chid.o
  CC [M]  drivers/gpu/drm/amd/amdgpu/../display/dc/irq/dcn32/irq_service_dcn32.o
  CC [M]  drivers/gpu/drm/nouveau/nvkm/engine/fifo/runl.o
  CC [M]  drivers/gpu/drm/nouveau/nvkm/engine/fifo/runq.o
  CC [M]  drivers/gpu/drm/amd/amdgpu/../display/dc/irq/dcn35/irq_service_dcn35.o
  CC [M]  drivers/gpu/drm/nouveau/nvkm/engine/fifo/nv04.o
  CC [M]  drivers/gpu/drm/nouveau/nvkm/engine/fifo/nv10.o
  CC [M]  drivers/gpu/drm/nouveau/nvkm/engine/fifo/nv17.o
  CC [M]  drivers/gpu/drm/nouveau/nvkm/engine/fifo/nv40.o
  CC [M]  drivers/gpu/drm/amd/amdgpu/../display/dc/irq/dcn351/irq_service_dcn351.o
  CC [M]  drivers/gpu/drm/amd/amdgpu/../display/dc/irq/dcn36/irq_service_dcn36.o
  CC [M]  drivers/gpu/drm/nouveau/nvkm/engine/fifo/nv50.o
  CC [M]  drivers/gpu/drm/amd/amdgpu/../display/dc/irq/dcn401/irq_service_dcn401.o
  CC [M]  drivers/gpu/drm/nouveau/nvkm/engine/fifo/g84.o
  CC [M]  drivers/gpu/drm/nouveau/nvkm/engine/fifo/g98.o
  CC [M]  drivers/gpu/drm/nouveau/nvkm/engine/fifo/gf100.o
  CC [M]  drivers/gpu/drm/nouveau/nvkm/engine/fifo/gk104.o
  CC [M]  drivers/gpu/drm/nouveau/nvkm/engine/fifo/gk110.o
  CC [M]  drivers/gpu/drm/nouveau/nvkm/engine/fifo/gk208.o
  CC [M]  drivers/gpu/drm/nouveau/nvkm/engine/fifo/gk20a.o
  CC [M]  drivers/gpu/drm/nouveau/nvkm/engine/fifo/gm107.o
  CC [M]  drivers/gpu/drm/amd/amdgpu/../display/dc/irq/dcn42/irq_service_dcn42.o
  CC [M]  drivers/gpu/drm/amd/amdgpu/../display/dc/link/link_detection.o
  CC [M]  drivers/gpu/drm/amd/amdgpu/../display/dc/link/link_dpms.o
  CC [M]  drivers/gpu/drm/nouveau/nvkm/engine/fifo/gm200.o
  CC [M]  drivers/gpu/drm/nouveau/nvkm/engine/fifo/gp100.o
  CC [M]  drivers/gpu/drm/nouveau/nvkm/engine/fifo/gv100.o
  CC [M]  drivers/gpu/drm/amd/amdgpu/../display/dc/link/link_factory.o
  CC [M]  drivers/gpu/drm/amd/amdgpu/../display/dc/link/link_resource.o
  CC [M]  drivers/gpu/drm/amd/amdgpu/../display/dc/link/link_validation.o
  CC [M]  drivers/gpu/drm/amd/amdgpu/../display/dc/link/accessories/link_dp_trace.o
  CC [M]  drivers/gpu/drm/nouveau/nvkm/engine/fifo/tu102.o
  CC [M]  drivers/gpu/drm/amd/amdgpu/../display/dc/link/accessories/link_dp_cts.o
  CC [M]  drivers/gpu/drm/nouveau/nvkm/engine/fifo/ga100.o
  CC [M]  drivers/gpu/drm/nouveau/nvkm/engine/fifo/ga102.o
  CC [M]  drivers/gpu/drm/amd/amdgpu/../display/dc/link/hwss/link_hwss_dio.o
  CC [M]  drivers/gpu/drm/amd/amdgpu/../display/dc/link/hwss/link_hwss_dpia.o
  CC [M]  drivers/gpu/drm/nouveau/nvkm/engine/fifo/gb202.o
  CC [M]  drivers/gpu/drm/amd/amdgpu/../display/dc/link/hwss/link_hwss_hpo_dp.o
  CC [M]  drivers/gpu/drm/amd/amdgpu/../display/dc/link/hwss/link_hwss_dio_fixed_vs_pe_retimer.o
  CC [M]  drivers/gpu/drm/amd/amdgpu/../display/dc/link/hwss/link_hwss_hpo_fixed_vs_pe_retimer_dp.o
  CC [M]  drivers/gpu/drm/amd/amdgpu/../display/dc/link/hwss/link_hwss_virtual.o
  CC [M]  drivers/gpu/drm/amd/amdgpu/../display/dc/link/protocols/link_hpd.o
  CC [M]  drivers/gpu/drm/amd/amdgpu/../display/dc/link/protocols/link_ddc.o
  CC [M]  drivers/gpu/drm/amd/amdgpu/../display/dc/link/protocols/link_dpcd.o
  CC [M]  drivers/gpu/drm/nouveau/nvkm/engine/fifo/ucgrp.o
  CC [M]  drivers/gpu/drm/amd/amdgpu/../display/dc/link/protocols/link_dp_dpia.o
  CC [M]  drivers/gpu/drm/amd/amdgpu/../display/dc/link/protocols/link_dp_training.o
  CC [M]  drivers/gpu/drm/amd/amdgpu/../display/dc/link/protocols/link_dp_training_8b_10b.o
  CC [M]  drivers/gpu/drm/amd/amdgpu/../display/dc/link/protocols/link_dp_training_128b_132b.o
  CC [M]  drivers/gpu/drm/amd/amdgpu/../display/dc/link/protocols/link_dp_training_dpia.o
  CC [M]  drivers/gpu/drm/nouveau/nvkm/engine/fifo/uchan.o
  CC [M]  drivers/gpu/drm/amd/amdgpu/../display/dc/link/protocols/link_dp_training_auxless.o
  CC [M]  drivers/gpu/drm/amd/amdgpu/../display/dc/link/protocols/link_dp_training_fixed_vs_pe_retimer.o
  CC [M]  drivers/gpu/drm/nouveau/nvkm/engine/gr/base.o
  CC [M]  drivers/gpu/drm/amd/amdgpu/../display/dc/link/protocols/link_dp_phy.o
  CC [M]  drivers/gpu/drm/nouveau/nvkm/engine/gr/nv04.o
  CC [M]  drivers/gpu/drm/amd/amdgpu/../display/dc/link/protocols/link_dp_capability.o
  CC [M]  drivers/gpu/drm/nouveau/nvkm/engine/gr/nv10.o
  CC [M]  drivers/gpu/drm/nouveau/nvkm/engine/gr/nv15.o
  CC [M]  drivers/gpu/drm/amd/amdgpu/../display/dc/link/protocols/link_edp_panel_control.o
  CC [M]  drivers/gpu/drm/nouveau/nvkm/engine/gr/nv17.o
  CC [M]  drivers/gpu/drm/amd/amdgpu/../display/dc/link/protocols/link_dp_panel_replay.o
  CC [M]  drivers/gpu/drm/nouveau/nvkm/engine/gr/nv20.o
  CC [M]  drivers/gpu/drm/amd/amdgpu/../display/dc/link/protocols/link_dp_irq_handler.o
  CC [M]  drivers/gpu/drm/nouveau/nvkm/engine/gr/nv25.o
  CC [M]  drivers/gpu/drm/nouveau/nvkm/engine/gr/nv2a.o
  CC [M]  drivers/gpu/drm/amd/amdgpu/../display/dc/link/protocols/link_dp_dpia_bw.o
  CC [M]  drivers/gpu/drm/amd/amdgpu/../display/dc/dsc/dcn20/dcn20_dsc.o
  CC [M]  drivers/gpu/drm/nouveau/nvkm/engine/gr/nv30.o
  CC [M]  drivers/gpu/drm/nouveau/nvkm/engine/gr/nv34.o
  CC [M]  drivers/gpu/drm/nouveau/nvkm/engine/gr/nv35.o
  CC [M]  drivers/gpu/drm/nouveau/nvkm/engine/gr/nv40.o
  CC [M]  drivers/gpu/drm/amd/amdgpu/../display/dc/dsc/dcn35/dcn35_dsc.o
  CC [M]  drivers/gpu/drm/amd/amdgpu/../display/dc/dsc/dcn401/dcn401_dsc.o
  CC [M]  drivers/gpu/drm/nouveau/nvkm/engine/gr/nv44.o
  CC [M]  drivers/gpu/drm/nouveau/nvkm/engine/gr/nv50.o
  CC [M]  drivers/gpu/drm/amd/amdgpu/../display/dc/dsc/dc_dsc.o
  CC [M]  drivers/gpu/drm/nouveau/nvkm/engine/gr/g84.o
  CC [M]  drivers/gpu/drm/amd/amdgpu/../display/dc/dsc/rc_calc.o
  CC [M]  drivers/gpu/drm/nouveau/nvkm/engine/gr/gt200.o
  CC [M]  drivers/gpu/drm/amd/amdgpu/../display/dc/dsc/rc_calc_dpi.o
  CC [M]  drivers/gpu/drm/amd/amdgpu/../display/dc/resource/dce80/dce80_resource.o
  CC [M]  drivers/gpu/drm/nouveau/nvkm/engine/gr/mcp79.o
  CC [M]  drivers/gpu/drm/nouveau/nvkm/engine/gr/gt215.o
  CC [M]  drivers/gpu/drm/amd/amdgpu/../display/dc/resource/dce100/dce100_resource.o
  CC [M]  drivers/gpu/drm/amd/amdgpu/../display/dc/resource/dce110/dce110_resource.o
  CC [M]  drivers/gpu/drm/nouveau/nvkm/engine/gr/mcp89.o
  CC [M]  drivers/gpu/drm/nouveau/nvkm/engine/gr/gf100.o
  CC [M]  drivers/gpu/drm/amd/amdgpu/../display/dc/resource/dce112/dce112_resource.o
  CC [M]  drivers/gpu/drm/amd/amdgpu/../display/dc/resource/dce120/dce120_resource.o
  CC [M]  drivers/gpu/drm/amd/amdgpu/../display/dc/resource/dcn10/dcn10_resource.o
  CC [M]  drivers/gpu/drm/amd/amdgpu/../display/dc/resource/dcn20/dcn20_resource.o
  CC [M]  drivers/gpu/drm/nouveau/nvkm/engine/gr/gf104.o
  CC [M]  drivers/gpu/drm/amd/amdgpu/../display/dc/resource/dcn201/dcn201_resource.o
  CC [M]  drivers/gpu/drm/nouveau/nvkm/engine/gr/gf108.o
  CC [M]  drivers/gpu/drm/nouveau/nvkm/engine/gr/gf110.o
  CC [M]  drivers/gpu/drm/amd/amdgpu/../display/dc/resource/dcn21/dcn21_resource.o
  CC [M]  drivers/gpu/drm/amd/amdgpu/../display/dc/resource/dcn30/dcn30_resource.o
  CC [M]  drivers/gpu/drm/amd/amdgpu/../display/dc/resource/dcn301/dcn301_resource.o
  CC [M]  drivers/gpu/drm/nouveau/nvkm/engine/gr/gf117.o
  CC [M]  drivers/gpu/drm/amd/amdgpu/../display/dc/resource/dcn302/dcn302_resource.o
  CC [M]  drivers/gpu/drm/nouveau/nvkm/engine/gr/gf119.o
  CC [M]  drivers/gpu/drm/nouveau/nvkm/engine/gr/gk104.o
  CC [M]  drivers/gpu/drm/amd/amdgpu/../display/dc/resource/dcn303/dcn303_resource.o
  CC [M]  drivers/gpu/drm/amd/amdgpu/../display/dc/resource/dcn31/dcn31_resource.o
  CC [M]  drivers/gpu/drm/amd/amdgpu/../display/dc/resource/dcn314/dcn314_resource.o
  CC [M]  drivers/gpu/drm/nouveau/nvkm/engine/gr/gk110.o
  CC [M]  drivers/gpu/drm/nouveau/nvkm/engine/gr/gk110b.o
  CC [M]  drivers/gpu/drm/nouveau/nvkm/engine/gr/gk208.o
  CC [M]  drivers/gpu/drm/nouveau/nvkm/engine/gr/gk20a.o
  CC [M]  drivers/gpu/drm/amd/amdgpu/../display/dc/resource/dcn315/dcn315_resource.o
  CC [M]  drivers/gpu/drm/amd/amdgpu/../display/dc/resource/dcn316/dcn316_resource.o
  CC [M]  drivers/gpu/drm/amd/amdgpu/../display/dc/resource/dcn32/dcn32_resource.o
  CC [M]  drivers/gpu/drm/nouveau/nvkm/engine/gr/gm107.o
  CC [M]  drivers/gpu/drm/nouveau/nvkm/engine/gr/gm200.o
  CC [M]  drivers/gpu/drm/amd/amdgpu/../display/dc/resource/dcn32/dcn32_resource_helpers.o
  CC [M]  drivers/gpu/drm/nouveau/nvkm/engine/gr/gm20b.o
  CC [M]  drivers/gpu/drm/nouveau/nvkm/engine/gr/gp100.o
  CC [M]  drivers/gpu/drm/amd/amdgpu/../display/dc/resource/dcn321/dcn321_resource.o
  CC [M]  drivers/gpu/drm/amd/amdgpu/../display/dc/resource/dcn35/dcn35_resource.o
  CC [M]  drivers/gpu/drm/nouveau/nvkm/engine/gr/gp102.o
  CC [M]  drivers/gpu/drm/nouveau/nvkm/engine/gr/gp104.o
  CC [M]  drivers/gpu/drm/amd/amdgpu/../display/dc/resource/dcn351/dcn351_resource.o
  CC [M]  drivers/gpu/drm/nouveau/nvkm/engine/gr/gp107.o
  CC [M]  drivers/gpu/drm/amd/amdgpu/../display/dc/resource/dcn36/dcn36_resource.o
  CC [M]  drivers/gpu/drm/nouveau/nvkm/engine/gr/gp108.o
  CC [M]  drivers/gpu/drm/amd/amdgpu/../display/dc/resource/dcn401/dcn401_resource.o
  CC [M]  drivers/gpu/drm/amd/amdgpu/../display/dc/resource/dcn42/dcn42_resource.o
  CC [M]  drivers/gpu/drm/amd/amdgpu/../display/dc/resource/dcn42/dcn42_resource_fpu.o
  CC [M]  drivers/gpu/drm/nouveau/nvkm/engine/gr/gp10b.o
  CC [M]  drivers/gpu/drm/nouveau/nvkm/engine/gr/gv100.o
  CC [M]  drivers/gpu/drm/amd/amdgpu/../display/dc/optc/dcn10/dcn10_optc.o
  CC [M]  drivers/gpu/drm/nouveau/nvkm/engine/gr/tu102.o
  CC [M]  drivers/gpu/drm/nouveau/nvkm/engine/gr/ga102.o
  CC [M]  drivers/gpu/drm/nouveau/nvkm/engine/gr/ctxnv40.o
  CC [M]  drivers/gpu/drm/nouveau/nvkm/engine/gr/ctxnv50.o
  CC [M]  drivers/gpu/drm/amd/amdgpu/../display/dc/optc/dcn20/dcn20_optc.o
  CC [M]  drivers/gpu/drm/nouveau/nvkm/engine/gr/ctxgf100.o
  CC [M]  drivers/gpu/drm/nouveau/nvkm/engine/gr/ctxgf104.o
  CC [M]  drivers/gpu/drm/nouveau/nvkm/engine/gr/ctxgf108.o
  CC [M]  drivers/gpu/drm/amd/amdgpu/../display/dc/optc/dcn201/dcn201_optc.o
  CC [M]  drivers/gpu/drm/amd/amdgpu/../display/dc/optc/dcn30/dcn30_optc.o
  CC [M]  drivers/gpu/drm/amd/amdgpu/../display/dc/optc/dcn301/dcn301_optc.o
  CC [M]  drivers/gpu/drm/amd/amdgpu/../display/dc/optc/dcn31/dcn31_optc.o
  CC [M]  drivers/gpu/drm/amd/amdgpu/../display/dc/optc/dcn314/dcn314_optc.o
  CC [M]  drivers/gpu/drm/amd/amdgpu/../display/dc/optc/dcn32/dcn32_optc.o
  CC [M]  drivers/gpu/drm/amd/amdgpu/../display/dc/optc/dcn35/dcn35_optc.o
  CC [M]  drivers/gpu/drm/amd/amdgpu/../display/dc/optc/dcn401/dcn401_optc.o
  CC [M]  drivers/gpu/drm/amd/amdgpu/../display/dc/optc/dcn42/dcn42_optc.o
  CC [M]  drivers/gpu/drm/amd/amdgpu/../display/dc/dpp/dcn10/dcn10_dpp.o
  CC [M]  drivers/gpu/drm/amd/amdgpu/../display/dc/dpp/dcn10/dcn10_dpp_dscl.o
  CC [M]  drivers/gpu/drm/amd/amdgpu/../display/dc/dpp/dcn10/dcn10_dpp_cm.o
  CC [M]  drivers/gpu/drm/nouveau/nvkm/engine/gr/ctxgf110.o
  CC [M]  drivers/gpu/drm/amd/amdgpu/../display/dc/dpp/dcn20/dcn20_dpp.o
  CC [M]  drivers/gpu/drm/nouveau/nvkm/engine/gr/ctxgf117.o
  CC [M]  drivers/gpu/drm/nouveau/nvkm/engine/gr/ctxgf119.o
  CC [M]  drivers/gpu/drm/nouveau/nvkm/engine/gr/ctxgk104.o
  CC [M]  drivers/gpu/drm/nouveau/nvkm/engine/gr/ctxgk110.o
  CC [M]  drivers/gpu/drm/nouveau/nvkm/engine/gr/ctxgk110b.o
  CC [M]  drivers/gpu/drm/nouveau/nvkm/engine/gr/ctxgk208.o
  CC [M]  drivers/gpu/drm/nouveau/nvkm/engine/gr/ctxgk20a.o
  CC [M]  drivers/gpu/drm/amd/amdgpu/../display/dc/dpp/dcn20/dcn20_dpp_cm.o
  CC [M]  drivers/gpu/drm/nouveau/nvkm/engine/gr/ctxgm107.o
  CC [M]  drivers/gpu/drm/nouveau/nvkm/engine/gr/ctxgm200.o
  CC [M]  drivers/gpu/drm/amd/amdgpu/../display/dc/dpp/dcn201/dcn201_dpp.o
  CC [M]  drivers/gpu/drm/nouveau/nvkm/engine/gr/ctxgm20b.o
  CC [M]  drivers/gpu/drm/nouveau/nvkm/engine/gr/ctxgp100.o
  CC [M]  drivers/gpu/drm/amd/amdgpu/../display/dc/dpp/dcn30/dcn30_dpp.o
  CC [M]  drivers/gpu/drm/nouveau/nvkm/engine/gr/ctxgp102.o
  CC [M]  drivers/gpu/drm/amd/amdgpu/../display/dc/dpp/dcn30/dcn30_dpp_cm.o
  CC [M]  drivers/gpu/drm/amd/amdgpu/../display/dc/dpp/dcn32/dcn32_dpp.o
  CC [M]  drivers/gpu/drm/nouveau/nvkm/engine/gr/ctxgp104.o
  CC [M]  drivers/gpu/drm/amd/amdgpu/../display/dc/dpp/dcn35/dcn35_dpp.o
  CC [M]  drivers/gpu/drm/amd/amdgpu/../display/dc/dpp/dcn401/dcn401_dpp.o
  CC [M]  drivers/gpu/drm/amd/amdgpu/../display/dc/dpp/dcn401/dcn401_dpp_cm.o
  CC [M]  drivers/gpu/drm/nouveau/nvkm/engine/gr/ctxgp107.o
  CC [M]  drivers/gpu/drm/nouveau/nvkm/engine/gr/ctxgv100.o
  CC [M]  drivers/gpu/drm/nouveau/nvkm/engine/gr/ctxtu102.o
  CC [M]  drivers/gpu/drm/amd/amdgpu/../display/dc/dpp/dcn401/dcn401_dpp_dscl.o
  CC [M]  drivers/gpu/drm/amd/amdgpu/../display/dc/dpp/dcn42/dcn42_dpp.o
  CC [M]  drivers/gpu/drm/nouveau/nvkm/engine/gr/ctxga102.o
  CC [M]  drivers/gpu/drm/amd/amdgpu/../display/dc/hubbub/dcn10/dcn10_hubbub.o
  CC [M]  drivers/gpu/drm/amd/amdgpu/../display/dc/hubbub/dcn20/dcn20_hubbub.o
  CC [M]  drivers/gpu/drm/nouveau/nvkm/engine/mpeg/nv31.o
  CC [M]  drivers/gpu/drm/amd/amdgpu/../display/dc/hubbub/dcn201/dcn201_hubbub.o
  CC [M]  drivers/gpu/drm/amd/amdgpu/../display/dc/hubbub/dcn21/dcn21_hubbub.o
  CC [M]  drivers/gpu/drm/nouveau/nvkm/engine/mpeg/nv40.o
  CC [M]  drivers/gpu/drm/nouveau/nvkm/engine/mpeg/nv44.o
  CC [M]  drivers/gpu/drm/nouveau/nvkm/engine/mpeg/nv50.o
  CC [M]  drivers/gpu/drm/amd/amdgpu/../display/dc/hubbub/dcn30/dcn30_hubbub.o
  CC [M]  drivers/gpu/drm/nouveau/nvkm/engine/mpeg/g84.o
  CC [M]  drivers/gpu/drm/nouveau/nvkm/engine/mspdec/base.o
  CC [M]  drivers/gpu/drm/nouveau/nvkm/engine/mspdec/g98.o
  CC [M]  drivers/gpu/drm/nouveau/nvkm/engine/mspdec/gt215.o
  CC [M]  drivers/gpu/drm/nouveau/nvkm/engine/mspdec/gf100.o
  CC [M]  drivers/gpu/drm/nouveau/nvkm/engine/mspdec/gk104.o
  CC [M]  drivers/gpu/drm/amd/amdgpu/../display/dc/hubbub/dcn301/dcn301_hubbub.o
  CC [M]  drivers/gpu/drm/nouveau/nvkm/engine/msppp/base.o
  CC [M]  drivers/gpu/drm/amd/amdgpu/../display/dc/hubbub/dcn31/dcn31_hubbub.o
  CC [M]  drivers/gpu/drm/nouveau/nvkm/engine/msppp/g98.o
  CC [M]  drivers/gpu/drm/nouveau/nvkm/engine/msppp/gt215.o
  CC [M]  drivers/gpu/drm/amd/amdgpu/../display/dc/hubbub/dcn32/dcn32_hubbub.o
  CC [M]  drivers/gpu/drm/nouveau/nvkm/engine/msppp/gf100.o
  CC [M]  drivers/gpu/drm/nouveau/nvkm/engine/msvld/base.o
  CC [M]  drivers/gpu/drm/amd/amdgpu/../display/dc/hubbub/dcn35/dcn35_hubbub.o
  CC [M]  drivers/gpu/drm/nouveau/nvkm/engine/msvld/g98.o
  CC [M]  drivers/gpu/drm/amd/amdgpu/../display/dc/hubbub/dcn401/dcn401_hubbub.o
  CC [M]  drivers/gpu/drm/nouveau/nvkm/engine/msvld/gt215.o
  CC [M]  drivers/gpu/drm/amd/amdgpu/../display/dc/hubbub/dcn42/dcn42_hubbub.o
  CC [M]  drivers/gpu/drm/nouveau/nvkm/engine/msvld/mcp89.o
  CC [M]  drivers/gpu/drm/amd/amdgpu/../display/dc/dccg/dcn20/dcn20_dccg.o
  CC [M]  drivers/gpu/drm/amd/amdgpu/../display/dc/dccg/dcn201/dcn201_dccg.o
  CC [M]  drivers/gpu/drm/nouveau/nvkm/engine/msvld/gf100.o
  CC [M]  drivers/gpu/drm/amd/amdgpu/../display/dc/dccg/dcn21/dcn21_dccg.o
  CC [M]  drivers/gpu/drm/nouveau/nvkm/engine/msvld/gk104.o
  CC [M]  drivers/gpu/drm/amd/amdgpu/../display/dc/dccg/dcn30/dcn30_dccg.o
  CC [M]  drivers/gpu/drm/nouveau/nvkm/engine/nvenc/base.o
  CC [M]  drivers/gpu/drm/amd/amdgpu/../display/dc/dccg/dcn301/dcn301_dccg.o
  CC [M]  drivers/gpu/drm/amd/amdgpu/../display/dc/dccg/dcn31/dcn31_dccg.o
  CC [M]  drivers/gpu/drm/nouveau/nvkm/engine/nvenc/gm107.o
  CC [M]  drivers/gpu/drm/amd/amdgpu/../display/dc/dccg/dcn314/dcn314_dccg.o
  CC [M]  drivers/gpu/drm/nouveau/nvkm/engine/nvenc/tu102.o
  CC [M]  drivers/gpu/drm/amd/amdgpu/../display/dc/dccg/dcn32/dcn32_dccg.o
  CC [M]  drivers/gpu/drm/nouveau/nvkm/engine/nvdec/base.o
  CC [M]  drivers/gpu/drm/nouveau/nvkm/engine/nvdec/gm107.o
  CC [M]  drivers/gpu/drm/nouveau/nvkm/engine/nvdec/tu102.o
  CC [M]  drivers/gpu/drm/amd/amdgpu/../display/dc/dccg/dcn35/dcn35_dccg.o
  CC [M]  drivers/gpu/drm/amd/amdgpu/../display/dc/dccg/dcn401/dcn401_dccg.o
  CC [M]  drivers/gpu/drm/amd/amdgpu/../display/dc/dccg/dcn42/dcn42_dccg.o
  CC [M]  drivers/gpu/drm/amd/amdgpu/../display/dc/hubp/dcn10/dcn10_hubp.o
  CC [M]  drivers/gpu/drm/amd/amdgpu/../display/dc/hubp/dcn20/dcn20_hubp.o
  CC [M]  drivers/gpu/drm/amd/amdgpu/../display/dc/hubp/dcn201/dcn201_hubp.o
  CC [M]  drivers/gpu/drm/nouveau/nvkm/engine/nvdec/ga102.o
  CC [M]  drivers/gpu/drm/amd/amdgpu/../display/dc/hubp/dcn21/dcn21_hubp.o
  CC [M]  drivers/gpu/drm/nouveau/nvkm/engine/sec/g98.o
  CC [M]  drivers/gpu/drm/amd/amdgpu/../display/dc/hubp/dcn30/dcn30_hubp.o
  CC [M]  drivers/gpu/drm/amd/amdgpu/../display/dc/hubp/dcn31/dcn31_hubp.o
  CC [M]  drivers/gpu/drm/amd/amdgpu/../display/dc/hubp/dcn32/dcn32_hubp.o
  CC [M]  drivers/gpu/drm/nouveau/nvkm/engine/sec2/base.o
  CC [M]  drivers/gpu/drm/amd/amdgpu/../display/dc/hubp/dcn35/dcn35_hubp.o
  CC [M]  drivers/gpu/drm/amd/amdgpu/../display/dc/hubp/dcn401/dcn401_hubp.o
  CC [M]  drivers/gpu/drm/nouveau/nvkm/engine/sec2/gp102.o
  CC [M]  drivers/gpu/drm/amd/amdgpu/../display/dc/hubp/dcn42/dcn42_hubp.o
  CC [M]  drivers/gpu/drm/amd/amdgpu/../display/dc/dio/virtual/virtual_link_encoder.o
  CC [M]  drivers/gpu/drm/nouveau/nvkm/engine/sec2/gp108.o
  CC [M]  drivers/gpu/drm/amd/amdgpu/../display/dc/dio/virtual/virtual_stream_encoder.o
  CC [M]  drivers/gpu/drm/nouveau/nvkm/engine/sec2/tu102.o
  CC [M]  drivers/gpu/drm/nouveau/nvkm/engine/sec2/ga102.o
  CC [M]  drivers/gpu/drm/nouveau/nvkm/engine/sec2/r535.o
  CC [M]  drivers/gpu/drm/nouveau/nvkm/engine/sw/base.o
  CC [M]  drivers/gpu/drm/amd/amdgpu/../display/dc/dio/dcn10/dcn10_link_encoder.o
  CC [M]  drivers/gpu/drm/nouveau/nvkm/engine/sw/nv04.o
  CC [M]  drivers/gpu/drm/nouveau/nvkm/engine/sw/nv10.o
  CC [M]  drivers/gpu/drm/nouveau/nvkm/engine/sw/nv50.o
  CC [M]  drivers/gpu/drm/nouveau/nvkm/engine/sw/gf100.o
  CC [M]  drivers/gpu/drm/amd/amdgpu/../display/dc/dio/dcn10/dcn10_stream_encoder.o
  CC [M]  drivers/gpu/drm/amd/amdgpu/../display/dc/dio/dcn10/dcn10_dio.o
  CC [M]  drivers/gpu/drm/nouveau/nvkm/engine/sw/chan.o
  CC [M]  drivers/gpu/drm/amd/amdgpu/../display/dc/dio/dcn20/dcn20_link_encoder.o
  CC [M]  drivers/gpu/drm/nouveau/nvkm/engine/sw/nvsw.o
  CC [M]  drivers/gpu/drm/amd/amdgpu/../display/dc/dio/dcn20/dcn20_stream_encoder.o
  CC [M]  drivers/gpu/drm/amd/amdgpu/../display/dc/dio/dcn30/dcn30_dio_link_encoder.o
  CC [M]  drivers/gpu/drm/amd/amdgpu/../display/dc/dio/dcn30/dcn30_dio_stream_encoder.o
  CC [M]  drivers/gpu/drm/amd/amdgpu/../display/dc/dio/dcn301/dcn301_dio_link_encoder.o
  CC [M]  drivers/gpu/drm/nouveau/nvkm/engine/vp/g84.o
  CC [M]  drivers/gpu/drm/nouveau/nouveau_acpi.o
  CC [M]  drivers/gpu/drm/nouveau/nouveau_debugfs.o
  CC [M]  drivers/gpu/drm/amd/amdgpu/../display/dc/dio/dcn31/dcn31_dio_link_encoder.o
  CC [M]  drivers/gpu/drm/amd/amdgpu/../display/dc/dio/dcn314/dcn314_dio_stream_encoder.o
  CC [M]  drivers/gpu/drm/nouveau/nouveau_drm.o
  CC [M]  drivers/gpu/drm/nouveau/nouveau_hwmon.o
  CC [M]  drivers/gpu/drm/nouveau/nouveau_ioc32.o
  CC [M]  drivers/gpu/drm/nouveau/nouveau_led.o
  CC [M]  drivers/gpu/drm/amd/amdgpu/../display/dc/dio/dcn32/dcn32_dio_link_encoder.o
  CC [M]  drivers/gpu/drm/amd/amdgpu/../display/dc/dio/dcn32/dcn32_dio_stream_encoder.o
  CC [M]  drivers/gpu/drm/amd/amdgpu/../display/dc/dio/dcn35/dcn35_dio_link_encoder.o
  CC [M]  drivers/gpu/drm/amd/amdgpu/../display/dc/dio/dcn35/dcn35_dio_stream_encoder.o
  CC [M]  drivers/gpu/drm/nouveau/nouveau_nvif.o
  CC [M]  drivers/gpu/drm/nouveau/nouveau_vga.o
  CC [M]  drivers/gpu/drm/amd/amdgpu/../display/dc/dio/dcn321/dcn321_dio_link_encoder.o
  CC [M]  drivers/gpu/drm/nouveau/nouveau_bo.o
  CC [M]  drivers/gpu/drm/amd/amdgpu/../display/dc/dio/dcn401/dcn401_dio_link_encoder.o
  CC [M]  drivers/gpu/drm/amd/amdgpu/../display/dc/dio/dcn401/dcn401_dio_stream_encoder.o
  CC [M]  drivers/gpu/drm/nouveau/nouveau_bo0039.o
  CC [M]  drivers/gpu/drm/nouveau/nouveau_bo5039.o
  CC [M]  drivers/gpu/drm/nouveau/nouveau_bo74c1.o
  CC [M]  drivers/gpu/drm/amd/amdgpu/../display/dc/dio/dcn42/dcn42_dio_link_encoder.o
  CC [M]  drivers/gpu/drm/nouveau/nouveau_bo85b5.o
  CC [M]  drivers/gpu/drm/nouveau/nouveau_bo9039.o
  CC [M]  drivers/gpu/drm/nouveau/nouveau_bo90b5.o
  CC [M]  drivers/gpu/drm/amd/amdgpu/../display/dc/dio/dcn42/dcn42_dio_stream_encoder.o
  CC [M]  drivers/gpu/drm/nouveau/nouveau_boa0b5.o
  CC [M]  drivers/gpu/drm/amd/amdgpu/../display/dc/dwb/dcn30/dcn30_dwb.o
  CC [M]  drivers/gpu/drm/nouveau/nouveau_gem.o
  CC [M]  drivers/gpu/drm/nouveau/nouveau_mem.o
  CC [M]  drivers/gpu/drm/amd/amdgpu/../display/dc/dwb/dcn30/dcn30_dwb_cm.o
  CC [M]  drivers/gpu/drm/nouveau/nouveau_prime.o
  CC [M]  drivers/gpu/drm/nouveau/nouveau_sgdma.o
  CC [M]  drivers/gpu/drm/amd/amdgpu/../display/dc/dwb/dcn35/dcn35_dwb.o
  CC [M]  drivers/gpu/drm/amd/amdgpu/../display/dc/hpo/dcn31/dcn31_hpo_dp_stream_encoder.o
  CC [M]  drivers/gpu/drm/nouveau/nouveau_ttm.o
  CC [M]  drivers/gpu/drm/amd/amdgpu/../display/dc/hpo/dcn31/dcn31_hpo_dp_link_encoder.o
  CC [M]  drivers/gpu/drm/amd/amdgpu/../display/dc/hpo/dcn32/dcn32_hpo_dp_link_encoder.o
  CC [M]  drivers/gpu/drm/nouveau/nouveau_vmm.o
  CC [M]  drivers/gpu/drm/nouveau/nouveau_exec.o
  CC [M]  drivers/gpu/drm/amd/amdgpu/../display/dc/hpo/dcn42/dcn42_hpo_dp_link_encoder.o
  CC [M]  drivers/gpu/drm/amd/amdgpu/../display/dc/mmhubbub/dcn20/dcn20_mmhubbub.o
  CC [M]  drivers/gpu/drm/amd/amdgpu/../display/dc/mmhubbub/dcn32/dcn32_mmhubbub.o
  CC [M]  drivers/gpu/drm/nouveau/nouveau_sched.o
  CC [M]  drivers/gpu/drm/nouveau/nouveau_uvmm.o
  CC [M]  drivers/gpu/drm/amd/amdgpu/../display/dc/mmhubbub/dcn35/dcn35_mmhubbub.o
  CC [M]  drivers/gpu/drm/nouveau/nouveau_backlight.o
  CC [M]  drivers/gpu/drm/nouveau/nouveau_bios.o
  CC [M]  drivers/gpu/drm/nouveau/nouveau_connector.o
  CC [M]  drivers/gpu/drm/nouveau/nouveau_display.o
  CC [M]  drivers/gpu/drm/nouveau/nouveau_dp.o
  CC [M]  drivers/gpu/drm/amd/amdgpu/../display/dc/mmhubbub/dcn42/dcn42_mmhubbub.o
  CC [M]  drivers/gpu/drm/nouveau/dispnv04/arb.o
  CC [M]  drivers/gpu/drm/amd/amdgpu/../display/dc/mpc/dcn10/dcn10_mpc.o
  CC [M]  drivers/gpu/drm/amd/amdgpu/../display/dc/mpc/dcn20/dcn20_mpc.o
  CC [M]  drivers/gpu/drm/amd/amdgpu/../display/dc/mpc/dcn30/dcn30_mpc.o
  CC [M]  drivers/gpu/drm/amd/amdgpu/../display/dc/mpc/dcn32/dcn32_mpc.o
  CC [M]  drivers/gpu/drm/nouveau/dispnv04/crtc.o
  CC [M]  drivers/gpu/drm/amd/amdgpu/../display/dc/mpc/dcn401/dcn401_mpc.o
  CC [M]  drivers/gpu/drm/amd/amdgpu/../display/dc/mpc/dcn42/dcn42_mpc.o
  CC [M]  drivers/gpu/drm/nouveau/dispnv04/cursor.o
  CC [M]  drivers/gpu/drm/amd/amdgpu/../display/dc/opp/dcn10/dcn10_opp.o
  CC [M]  drivers/gpu/drm/amd/amdgpu/../display/dc/opp/dcn20/dcn20_opp.o
  CC [M]  drivers/gpu/drm/nouveau/dispnv04/dac.o
  CC [M]  drivers/gpu/drm/amd/amdgpu/../display/dc/opp/dcn35/dcn35_opp.o
  CC [M]  drivers/gpu/drm/amd/amdgpu/../display/dc/pg/dcn35/dcn35_pg_cntl.o
  CC [M]  drivers/gpu/drm/amd/amdgpu/../display/dc/pg/dcn42/dcn42_pg_cntl.o
  CC [M]  drivers/gpu/drm/nouveau/dispnv04/dfp.o
  CC [M]  drivers/gpu/drm/amd/amdgpu/../display/dc/dcn10/dcn10_ipp.o
  CC [M]  drivers/gpu/drm/amd/amdgpu/../display/dc/dcn10/dcn10_hw_sequencer_debug.o
  CC [M]  drivers/gpu/drm/amd/amdgpu/../display/dc/dcn10/dcn10_cm_common.o
  CC [M]  drivers/gpu/drm/amd/amdgpu/../display/dc/dcn20/dcn20_vmid.o
  CC [M]  drivers/gpu/drm/nouveau/dispnv04/disp.o
  CC [M]  drivers/gpu/drm/amd/amdgpu/../display/dc/dcn20/dcn20_dwb.o
  CC [M]  drivers/gpu/drm/amd/amdgpu/../display/dc/dcn20/dcn20_dwb_scl.o
  CC [M]  drivers/gpu/drm/nouveau/dispnv04/hw.o
  CC [M]  drivers/gpu/drm/nouveau/dispnv04/nouveau_i2c_encoder.o
  CC [M]  drivers/gpu/drm/amd/amdgpu/../display/dc/dcn21/dcn21_link_encoder.o
  CC [M]  drivers/gpu/drm/nouveau/dispnv04/overlay.o
  CC [M]  drivers/gpu/drm/amd/amdgpu/../display/dc/dcn201/dcn201_mpc.o
  CC [M]  drivers/gpu/drm/amd/amdgpu/../display/dc/dcn201/dcn201_opp.o
  CC [M]  drivers/gpu/drm/nouveau/dispnv04/tvmodesnv17.o
  CC [M]  drivers/gpu/drm/nouveau/dispnv04/tvnv04.o
  CC [M]  drivers/gpu/drm/amd/amdgpu/../display/dc/dcn201/dcn201_link_encoder.o
  CC [M]  drivers/gpu/drm/nouveau/dispnv04/tvnv17.o
  CC [M]  drivers/gpu/drm/amd/amdgpu/../display/dc/dcn30/dcn30_vpg.o
  CC [M]  drivers/gpu/drm/nouveau/dispnv50/disp.o
  CC [M]  drivers/gpu/drm/amd/amdgpu/../display/dc/dcn30/dcn30_afmt.o
  CC [M]  drivers/gpu/drm/amd/amdgpu/../display/dc/dcn30/dcn30_cm_common.o
  CC [M]  drivers/gpu/drm/amd/amdgpu/../display/dc/dcn30/dcn30_mmhubbub.o
  CC [M]  drivers/gpu/drm/nouveau/dispnv50/lut.o
  CC [M]  drivers/gpu/drm/nouveau/dispnv50/core.o
  CC [M]  drivers/gpu/drm/nouveau/dispnv50/core507d.o
  CC [M]  drivers/gpu/drm/nouveau/dispnv50/core827d.o
  CC [M]  drivers/gpu/drm/amd/amdgpu/../display/dc/dcn301/dcn301_panel_cntl.o
  CC [M]  drivers/gpu/drm/nouveau/dispnv50/core907d.o
  CC [M]  drivers/gpu/drm/amd/amdgpu/../display/dc/dcn31/dcn31_panel_cntl.o
  CC [M]  drivers/gpu/drm/amd/amdgpu/../display/dc/dcn31/dcn31_apg.o
  CC [M]  drivers/gpu/drm/nouveau/dispnv50/core917d.o
  CC [M]  drivers/gpu/drm/nouveau/dispnv50/corec37d.o
  CC [M]  drivers/gpu/drm/nouveau/dispnv50/corec57d.o
  CC [M]  drivers/gpu/drm/amd/amdgpu/../display/dc/dcn31/dcn31_afmt.o
  CC [M]  drivers/gpu/drm/nouveau/dispnv50/coreca7d.o
  CC [M]  drivers/gpu/drm/nouveau/dispnv50/crc.o
  CC [M]  drivers/gpu/drm/nouveau/dispnv50/crc907d.o
  CC [M]  drivers/gpu/drm/nouveau/dispnv50/crcc37d.o
  CC [M]  drivers/gpu/drm/amd/amdgpu/../display/dc/dcn31/dcn31_vpg.o
  CC [M]  drivers/gpu/drm/amd/amdgpu/../display/dc/dml2_0/display_mode_core.o
  CC [M]  drivers/gpu/drm/amd/amdgpu/../display/dc/dml2_0/display_mode_util.o
  CC [M]  drivers/gpu/drm/amd/amdgpu/../display/dc/dml2_0/dml2_wrapper_fpu.o
  CC [M]  drivers/gpu/drm/amd/amdgpu/../display/dc/dml2_0/dml2_wrapper.o
  CC [M]  drivers/gpu/drm/nouveau/dispnv50/crcc57d.o
  CC [M]  drivers/gpu/drm/nouveau/dispnv50/crcca7d.o
  CC [M]  drivers/gpu/drm/amd/amdgpu/../display/dc/dml2_0/dml2_utils.o
  CC [M]  drivers/gpu/drm/amd/amdgpu/../display/dc/dml2_0/dml2_policy.o
  CC [M]  drivers/gpu/drm/nouveau/dispnv50/dac507d.o
  CC [M]  drivers/gpu/drm/amd/amdgpu/../display/dc/dml2_0/dml2_translation_helper.o
  CC [M]  drivers/gpu/drm/nouveau/dispnv50/dac907d.o
  CC [M]  drivers/gpu/drm/nouveau/dispnv50/pior507d.o
  CC [M]  drivers/gpu/drm/nouveau/dispnv50/sor507d.o
  CC [M]  drivers/gpu/drm/amd/amdgpu/../display/dc/dml2_0/dml2_dc_resource_mgmt.o
  CC [M]  drivers/gpu/drm/amd/amdgpu/../display/dc/dml2_0/dml2_mall_phantom.o
  CC [M]  drivers/gpu/drm/nouveau/dispnv50/sor907d.o
  CC [M]  drivers/gpu/drm/amd/amdgpu/../display/dc/dml2_0/dml_display_rq_dlg_calc.o
  CC [M]  drivers/gpu/drm/amd/amdgpu/../display/dc/dml2_0/dml21/src/dml2_top/dml2_top_interfaces.o
  CC [M]  drivers/gpu/drm/amd/amdgpu/../display/dc/dml2_0/dml21/src/dml2_top/dml2_top_soc15.o
  CC [M]  drivers/gpu/drm/nouveau/dispnv50/sorc37d.o
  CC [M]  drivers/gpu/drm/nouveau/dispnv50/head.o
  CC [M]  drivers/gpu/drm/amd/amdgpu/../display/dc/dml2_0/dml21/src/dml2_core/dml2_core_dcn4.o
  CC [M]  drivers/gpu/drm/amd/amdgpu/../display/dc/dml2_0/dml21/src/dml2_core/dml2_core_utils.o
  CC [M]  drivers/gpu/drm/amd/amdgpu/../display/dc/dml2_0/dml21/src/dml2_core/dml2_core_factory.o
  CC [M]  drivers/gpu/drm/nouveau/dispnv50/head507d.o
  CC [M]  drivers/gpu/drm/nouveau/dispnv50/head827d.o
  CC [M]  drivers/gpu/drm/amd/amdgpu/../display/dc/dml2_0/dml21/src/dml2_core/dml2_core_dcn4_calcs.o
  CC [M]  drivers/gpu/drm/amd/amdgpu/../display/dc/dml2_0/dml21/src/dml2_dpmm/dml2_dpmm_dcn4.o
  CC [M]  drivers/gpu/drm/nouveau/dispnv50/head907d.o
  CC [M]  drivers/gpu/drm/nouveau/dispnv50/head917d.o
  CC [M]  drivers/gpu/drm/nouveau/dispnv50/headc37d.o
  CC [M]  drivers/gpu/drm/amd/amdgpu/../display/dc/dml2_0/dml21/src/dml2_dpmm/dml2_dpmm_factory.o
  CC [M]  drivers/gpu/drm/nouveau/dispnv50/headc57d.o
  CC [M]  drivers/gpu/drm/nouveau/dispnv50/headca7d.o
  CC [M]  drivers/gpu/drm/nouveau/dispnv50/wimm.o
  CC [M]  drivers/gpu/drm/nouveau/dispnv50/wimmc37b.o
  CC [M]  drivers/gpu/drm/nouveau/dispnv50/wndw.o
  CC [M]  drivers/gpu/drm/amd/amdgpu/../display/dc/dml2_0/dml21/src/dml2_mcg/dml2_mcg_dcn4.o
  CC [M]  drivers/gpu/drm/nouveau/dispnv50/wndwc37e.o
  CC [M]  drivers/gpu/drm/amd/amdgpu/../display/dc/dml2_0/dml21/src/dml2_mcg/dml2_mcg_dcn42.o
  CC [M]  drivers/gpu/drm/nouveau/dispnv50/wndwc57e.o
  CC [M]  drivers/gpu/drm/amd/amdgpu/../display/dc/dml2_0/dml21/src/dml2_mcg/dml2_mcg_factory.o
  CC [M]  drivers/gpu/drm/nouveau/dispnv50/wndwc67e.o
  CC [M]  drivers/gpu/drm/nouveau/dispnv50/wndwca7e.o
  CC [M]  drivers/gpu/drm/nouveau/dispnv50/base.o
  CC [M]  drivers/gpu/drm/nouveau/dispnv50/base507c.o
  CC [M]  drivers/gpu/drm/amd/amdgpu/../display/dc/dml2_0/dml21/src/dml2_pmo/dml2_pmo_dcn3.o
  CC [M]  drivers/gpu/drm/amd/amdgpu/../display/dc/dml2_0/dml21/src/dml2_pmo/dml2_pmo_factory.o
  CC [M]  drivers/gpu/drm/amd/amdgpu/../display/dc/dml2_0/dml21/src/dml2_pmo/dml2_pmo_dcn4_fams2.o
  CC [M]  drivers/gpu/drm/nouveau/dispnv50/base827c.o
  CC [M]  drivers/gpu/drm/amd/amdgpu/../display/dc/dml2_0/dml21/src/dml2_pmo/dml2_pmo_dcn42.o
  CC [M]  drivers/gpu/drm/nouveau/dispnv50/base907c.o
  CC [M]  drivers/gpu/drm/amd/amdgpu/../display/dc/dml2_0/dml21/src/dml2_standalone_libraries/lib_float_math.o
  CC [M]  drivers/gpu/drm/nouveau/dispnv50/base917c.o
  CC [M]  drivers/gpu/drm/amd/amdgpu/../display/dc/dml2_0/dml21/dml21_translation_helper.o
  CC [M]  drivers/gpu/drm/amd/amdgpu/../display/dc/dml2_0/dml21/dml21_wrapper.o
  CC [M]  drivers/gpu/drm/amd/amdgpu/../display/dc/dml2_0/dml21/dml21_wrapper_fpu.o
  CC [M]  drivers/gpu/drm/amd/amdgpu/../display/dc/dml2_0/dml21/dml21_utils.o
  CC [M]  drivers/gpu/drm/amd/amdgpu/../display/dc/soc_and_ip_translator/soc_and_ip_translator.o
  CC [M]  drivers/gpu/drm/nouveau/dispnv50/curs.o
  CC [M]  drivers/gpu/drm/nouveau/dispnv50/curs507a.o
  CC [M]  drivers/gpu/drm/nouveau/dispnv50/curs907a.o
  CC [M]  drivers/gpu/drm/nouveau/dispnv50/cursc37a.o
  CC [M]  drivers/gpu/drm/nouveau/dispnv50/oimm.o
  CC [M]  drivers/gpu/drm/amd/amdgpu/../display/dc/soc_and_ip_translator/dcn401/dcn401_soc_and_ip_translator.o
  CC [M]  drivers/gpu/drm/amd/amdgpu/../display/dc/soc_and_ip_translator/dcn42/dcn42_soc_and_ip_translator.o
  CC [M]  drivers/gpu/drm/nouveau/dispnv50/oimm507b.o
  CC [M]  drivers/gpu/drm/nouveau/dispnv50/ovly.o
  CC [M]  drivers/gpu/drm/amd/amdgpu/../display/dc/dce120/dce120_timing_generator.o
  CC [M]  drivers/gpu/drm/amd/amdgpu/../display/dc/dce112/dce112_compressor.o
  CC [M]  drivers/gpu/drm/nouveau/dispnv50/ovly507e.o
  CC [M]  drivers/gpu/drm/nouveau/dispnv50/ovly827e.o
  CC [M]  drivers/gpu/drm/nouveau/dispnv50/ovly907e.o
  CC [M]  drivers/gpu/drm/amd/amdgpu/../display/dc/dce110/dce110_timing_generator.o
  CC [M]  drivers/gpu/drm/nouveau/dispnv50/ovly917e.o
  CC [M]  drivers/gpu/drm/nouveau/nouveau_abi16.o
  CC [M]  drivers/gpu/drm/nouveau/nouveau_chan.o
  CC [M]  drivers/gpu/drm/amd/amdgpu/../display/dc/dce110/dce110_compressor.o
  CC [M]  drivers/gpu/drm/amd/amdgpu/../display/dc/dce110/dce110_opp_regamma_v.o
  CC [M]  drivers/gpu/drm/nouveau/nouveau_dma.o
  CC [M]  drivers/gpu/drm/amd/amdgpu/../display/dc/dce110/dce110_opp_csc_v.o
  CC [M]  drivers/gpu/drm/amd/amdgpu/../display/dc/dce110/dce110_timing_generator_v.o
  CC [M]  drivers/gpu/drm/nouveau/nouveau_fence.o
  CC [M]  drivers/gpu/drm/amd/amdgpu/../display/dc/dce110/dce110_mem_input_v.o
  CC [M]  drivers/gpu/drm/amd/amdgpu/../display/dc/dce110/dce110_opp_v.o
  CC [M]  drivers/gpu/drm/amd/amdgpu/../display/dc/dce110/dce110_transform_v.o
  CC [M]  drivers/gpu/drm/amd/amdgpu/../display/dc/dce80/dce80_timing_generator.o
  CC [M]  drivers/gpu/drm/nouveau/nv04_fence.o
  CC [M]  drivers/gpu/drm/amd/amdgpu/../display/dc/hdcp/hdcp_msg.o
  CC [M]  drivers/gpu/drm/nouveau/nv10_fence.o
  CC [M]  drivers/gpu/drm/nouveau/nv17_fence.o
  CC [M]  drivers/gpu/drm/nouveau/nv50_fence.o
  CC [M]  drivers/gpu/drm/amd/amdgpu/../display/dc/sspl/dc_spl.o
  CC [M]  drivers/gpu/drm/nouveau/nv84_fence.o
  CC [M]  drivers/gpu/drm/nouveau/nvc0_fence.o
  CC [M]  drivers/gpu/drm/nouveau/gv100_fence.o
  LD [M]  drivers/gpu/drm/nouveau/ch7006.o
  CC [M]  drivers/gpu/drm/amd/amdgpu/../display/dc/sspl/dc_spl_scl_filters.o
  LD [M]  drivers/gpu/drm/nouveau/sil164.o
  CC [M]  drivers/gpu/drm/amd/amdgpu/../display/dc/sspl/dc_spl_scl_easf_filters.o
  CC [M]  drivers/gpu/drm/amd/amdgpu/../display/dc/sspl/dc_spl_isharp_filters.o
  CC [M]  drivers/gpu/drm/amd/amdgpu/../display/dc/sspl/dc_spl_filters.o
  CC [M]  drivers/gpu/drm/amd/amdgpu/../display/dc/sspl/spl_fixpt31_32.o
  CC [M]  drivers/gpu/drm/amd/amdgpu/../display/dc/sspl/spl_custom_float.o
  CC [M]  drivers/gpu/drm/amd/amdgpu/../display/dc/dc_dmub_srv.o
  CC [M]  drivers/gpu/drm/amd/amdgpu/../display/dc/dc_edid_parser.o
  CC [M]  drivers/gpu/drm/amd/amdgpu/../display/dc/dc_fused_io.o
  CC [M]  drivers/gpu/drm/amd/amdgpu/../display/dc/dc_helper.o
  CC [M]  drivers/gpu/drm/amd/amdgpu/../display/dc/core/dc.o
  CC [M]  drivers/gpu/drm/amd/amdgpu/../display/dc/core/dc_debug.o
  CC [M]  drivers/gpu/drm/amd/amdgpu/../display/dc/core/dc_hw_sequencer.o
  CC [M]  drivers/gpu/drm/amd/amdgpu/../display/dc/core/dc_link_enc_cfg.o
  CC [M]  drivers/gpu/drm/amd/amdgpu/../display/dc/core/dc_link_exports.o
  CC [M]  drivers/gpu/drm/amd/amdgpu/../display/dc/core/dc_resource.o
  CC [M]  drivers/gpu/drm/amd/amdgpu/../display/dc/core/dc_sink.o
  CC [M]  drivers/gpu/drm/amd/amdgpu/../display/dc/core/dc_stat.o
  CC [M]  drivers/gpu/drm/amd/amdgpu/../display/dc/core/dc_state.o
  CC [M]  drivers/gpu/drm/amd/amdgpu/../display/dc/core/dc_stream.o
  CC [M]  drivers/gpu/drm/amd/amdgpu/../display/dc/core/dc_surface.o
  CC [M]  drivers/gpu/drm/amd/amdgpu/../display/dc/core/dc_vm_helper.o
  CC [M]  drivers/gpu/drm/amd/amdgpu/../display/modules/freesync/freesync.o
  CC [M]  drivers/gpu/drm/amd/amdgpu/../display/modules/color/color_gamma.o
  CC [M]  drivers/gpu/drm/amd/amdgpu/../display/modules/color/color_table.o
  CC [M]  drivers/gpu/drm/amd/amdgpu/../display/modules/info_packet/info_packet.o
  CC [M]  drivers/gpu/drm/amd/amdgpu/../display/modules/power/power_helpers.o
  CC [M]  drivers/gpu/drm/amd/amdgpu/../display/dmub/src/dmub_srv.o
  CC [M]  drivers/gpu/drm/amd/amdgpu/../display/dmub/src/dmub_srv_stat.o
  LD [M]  drivers/gpu/drm/nouveau/nouveau.o
  CC [M]  drivers/gpu/drm/amd/amdgpu/../display/dmub/src/dmub_reg.o
  CC [M]  drivers/gpu/drm/amd/amdgpu/../display/dmub/src/dmub_dcn20.o
  CC [M]  drivers/gpu/drm/amd/amdgpu/../display/dmub/src/dmub_dcn21.o
  CC [M]  drivers/gpu/drm/amd/amdgpu/../display/dmub/src/dmub_dcn30.o
  CC [M]  drivers/gpu/drm/amd/amdgpu/../display/dmub/src/dmub_dcn301.o
  CC [M]  drivers/gpu/drm/amd/amdgpu/../display/dmub/src/dmub_dcn302.o
  CC [M]  drivers/gpu/drm/amd/amdgpu/../display/dmub/src/dmub_dcn303.o
  CC [M]  drivers/gpu/drm/amd/amdgpu/../display/dmub/src/dmub_dcn31.o
  CC [M]  drivers/gpu/drm/amd/amdgpu/../display/dmub/src/dmub_dcn314.o
  CC [M]  drivers/gpu/drm/amd/amdgpu/../display/dmub/src/dmub_dcn315.o
  CC [M]  drivers/gpu/drm/amd/amdgpu/../display/dmub/src/dmub_dcn316.o
  CC [M]  drivers/gpu/drm/amd/amdgpu/../display/dmub/src/dmub_dcn32.o
  CC [M]  drivers/gpu/drm/amd/amdgpu/../display/dmub/src/dmub_dcn35.o
  CC [M]  drivers/gpu/drm/amd/amdgpu/../display/dmub/src/dmub_dcn351.o
  CC [M]  drivers/gpu/drm/amd/amdgpu/../display/dmub/src/dmub_dcn36.o
  CC [M]  drivers/gpu/drm/amd/amdgpu/../display/dmub/src/dmub_dcn401.o
  CC [M]  drivers/gpu/drm/amd/amdgpu/../display/dmub/src/dmub_dcn42.o
  CC [M]  drivers/gpu/drm/amd/amdgpu/../display/modules/hdcp/hdcp_ddc.o
  CC [M]  drivers/gpu/drm/amd/amdgpu/../display/modules/hdcp/hdcp_log.o
  CC [M]  drivers/gpu/drm/amd/amdgpu/../display/modules/hdcp/hdcp_psp.o
  CC [M]  drivers/gpu/drm/amd/amdgpu/../display/modules/hdcp/hdcp.o
  CC [M]  drivers/gpu/drm/amd/amdgpu/../display/modules/hdcp/hdcp1_execution.o
  CC [M]  drivers/gpu/drm/amd/amdgpu/../display/modules/hdcp/hdcp1_transition.o
  CC [M]  drivers/gpu/drm/amd/amdgpu/../display/modules/hdcp/hdcp2_execution.o
  CC [M]  drivers/gpu/drm/amd/amdgpu/../display/modules/hdcp/hdcp2_transition.o
  CC [M]  drivers/gpu/drm/amd/amdgpu/../ras/ras_mgr/amdgpu_ras_sys.o
  CC [M]  drivers/gpu/drm/amd/amdgpu/../ras/ras_mgr/amdgpu_ras_mgr.o
  CC [M]  drivers/gpu/drm/amd/amdgpu/../ras/ras_mgr/amdgpu_ras_eeprom_i2c.o
  CC [M]  drivers/gpu/drm/amd/amdgpu/../ras/ras_mgr/amdgpu_ras_mp1_v13_0.o
  CC [M]  drivers/gpu/drm/amd/amdgpu/../ras/ras_mgr/amdgpu_ras_cmd.o
  CC [M]  drivers/gpu/drm/amd/amdgpu/../ras/ras_mgr/amdgpu_virt_ras_cmd.o
  CC [M]  drivers/gpu/drm/amd/amdgpu/../ras/ras_mgr/amdgpu_ras_process.o
  CC [M]  drivers/gpu/drm/amd/amdgpu/../ras/ras_mgr/amdgpu_ras_nbio_v7_9.o
  CC [M]  drivers/gpu/drm/amd/amdgpu/../ras/rascore/ras_core.o
  CC [M]  drivers/gpu/drm/amd/amdgpu/../ras/rascore/ras_mp1.o
  CC [M]  drivers/gpu/drm/amd/amdgpu/../ras/rascore/ras_mp1_v13_0.o
  CC [M]  drivers/gpu/drm/amd/amdgpu/../ras/rascore/ras_aca.o
  CC [M]  drivers/gpu/drm/amd/amdgpu/../ras/rascore/ras_aca_v1_0.o
  CC [M]  drivers/gpu/drm/amd/amdgpu/../ras/rascore/ras_eeprom.o
  CC [M]  drivers/gpu/drm/amd/amdgpu/../ras/rascore/ras_umc.o
  CC [M]  drivers/gpu/drm/amd/amdgpu/../ras/rascore/ras_umc_v12_0.o
  CC [M]  drivers/gpu/drm/amd/amdgpu/../ras/rascore/ras_cmd.o
  CC [M]  drivers/gpu/drm/amd/amdgpu/../ras/rascore/ras_gfx.o
  CC [M]  drivers/gpu/drm/amd/amdgpu/../ras/rascore/ras_gfx_v9_0.o
  CC [M]  drivers/gpu/drm/amd/amdgpu/../ras/rascore/ras_process.o
  CC [M]  drivers/gpu/drm/amd/amdgpu/../ras/rascore/ras_nbio.o
  CC [M]  drivers/gpu/drm/amd/amdgpu/../ras/rascore/ras_nbio_v7_9.o
  CC [M]  drivers/gpu/drm/amd/amdgpu/../ras/rascore/ras_log_ring.o
  CC [M]  drivers/gpu/drm/amd/amdgpu/../ras/rascore/ras_cper.o
  CC [M]  drivers/gpu/drm/amd/amdgpu/../ras/rascore/ras_psp.o
  CC [M]  drivers/gpu/drm/amd/amdgpu/../ras/rascore/ras_psp_v13_0.o
  CC [M]  drivers/gpu/drm/amd/amdgpu/../ras/rascore/ras_eeprom_fw.o
  LD [M]  drivers/gpu/drm/amd/amdgpu/amdgpu.o
  AR      drivers/gpu/built-in.a
  AR      drivers/built-in.a
  AR      built-in.a
  AR      built-in-fixup.a
  COPY    vmlinux.a
  LD      vmlinux.o
  MODPOST Module.symvers
  CC      .vmlinux.export.o
  CC [M]  arch/x86/events/intel/intel-uncore.mod.o
  CC [M]  .module-common.o
  CC [M]  arch/x86/events/intel/intel-cstate.mod.o
  CC [M]  arch/x86/events/rapl.mod.o
  CC [M]  arch/x86/crypto/aesni-intel.mod.o
  CC [M]  fs/nls/nls_cp437.mod.o
  CC [M]  fs/nls/nls_cp850.mod.o
  CC [M]  fs/nls/nls_cp852.mod.o
  CC [M]  fs/nls/nls_cp855.mod.o
  CC [M]  fs/nls/nls_cp866.mod.o
  CC [M]  fs/nls/nls_iso8859-5.mod.o
  CC [M]  fs/nls/nls_koi8-r.mod.o
  CC [M]  fs/nls/nls_koi8-u.mod.o
  CC [M]  fs/nls/nls_koi8-ru.mod.o
  CC [M]  fs/nls/nls_utf8.mod.o
  CC [M]  fs/fuse/cuse.mod.o
  CC [M]  fs/pstore/ramoops.mod.o
  CC [M]  fs/pstore/pstore_zone.mod.o
  CC [M]  fs/pstore/pstore_blk.mod.o
  CC [M]  fs/squashfs/squashfs.mod.o
  CC [M]  fs/fat/fat.mod.o
  CC [M]  fs/fat/vfat.mod.o
  UPD     include/generated/utsversion.h
  CC [M]  fs/exfat/exfat.mod.o
  CC      init/version-timestamp.o
  CC [M]  fs/ntfs3/ntfs3.mod.o
  CC [M]  crypto/aead.mod.o
  CC [M]  crypto/geniv.mod.o
  CC [M]  crypto/seqiv.mod.o
  CC [M]  crypto/echainiv.mod.o
  CC [M]  crypto/crypto_user.mod.o
  CC [M]  crypto/cmac.mod.o
  CC [M]  crypto/xcbc.mod.o
  CC [M]  crypto/crypto_null.mod.o
  CC [M]  crypto/gcm.mod.o
  CC [M]  crypto/ccm.mod.o
  CC [M]  crypto/chacha20poly1305.mod.o
  CC [M]  crypto/cryptd.mod.o
  CC [M]  crypto/chacha.mod.o
  CC [M]  crypto/deflate.mod.o
  CC [M]  crypto/crc32-cryptoapi.mod.o
  CC [M]  crypto/authenc.mod.o
  CC [M]  crypto/authencesn.mod.o
  KSYMS   .tmp_vmlinux0.kallsyms.S
  AS      .tmp_vmlinux0.kallsyms.o
  CC [M]  crypto/rng.mod.o
  CC [M]  crypto/af_alg.mod.o
  CC [M]  crypto/algif_hash.mod.o
  LD      .tmp_vmlinux1
  CC [M]  crypto/algif_skcipher.mod.o
  CC [M]  crypto/algif_rng.mod.o
  CC [M]  crypto/algif_aead.mod.o
  CC [M]  crypto/essiv.mod.o
  CC [M]  crypto/async_tx/async_tx.mod.o
  CC [M]  crypto/async_tx/async_memcpy.mod.o
  CC [M]  crypto/async_tx/async_xor.mod.o
  CC [M]  crypto/async_tx/async_pq.mod.o
  CC [M]  crypto/async_tx/async_raid6_recov.mod.o
  CC [M]  lib/math/cordic.mod.o
  CC [M]  lib/math/polynomial.mod.o
  CC [M]  lib/crc/crc8.mod.o
  CC [M]  lib/crc/crc-ccitt.mod.o
  CC [M]  lib/crc/crc-itu-t.mod.o
  CC [M]  lib/crypto/libarc4.mod.o
  CC [M]  lib/crypto/gf128mul.mod.o
  CC [M]  lib/crypto/libcurve25519.mod.o
  CC [M]  lib/crypto/libgf128hash.mod.o
  CC [M]  lib/crypto/libmd5.mod.o
  CC [M]  lib/reed_solomon/reed_solomon.mod.o
  CC [M]  lib/lz4/lz4_decompress.mod.o
  CC [M]  lib/ts_kmp.mod.o
  CC [M]  lib/ts_bm.mod.o
  CC [M]  lib/ts_fsm.mod.o
  CC [M]  lib/asn1_decoder.mod.o
  CC [M]  drivers/bus/mhi/host/mhi.mod.o
  CC [M]  drivers/pinctrl/cirrus/pinctrl-cs42l43.mod.o
  CC [M]  drivers/pinctrl/intel/pinctrl-lynxpoint.mod.o
  CC [M]  drivers/pinctrl/intel/pinctrl-intel-platform.mod.o
  CC [M]  drivers/pinctrl/intel/pinctrl-alderlake.mod.o
  CC [M]  drivers/pinctrl/intel/pinctrl-broxton.mod.o
  CC [M]  drivers/pinctrl/intel/pinctrl-cannonlake.mod.o
  CC [M]  drivers/pinctrl/intel/pinctrl-denverton.mod.o
  CC [M]  drivers/pinctrl/intel/pinctrl-cedarfork.mod.o
  CC [M]  drivers/pinctrl/intel/pinctrl-elkhartlake.mod.o
  CC [M]  drivers/pinctrl/intel/pinctrl-emmitsburg.mod.o
  CC [M]  drivers/pinctrl/intel/pinctrl-geminilake.mod.o
  CC [M]  drivers/pinctrl/intel/pinctrl-icelake.mod.o
  CC [M]  drivers/pinctrl/intel/pinctrl-jasperlake.mod.o
  CC [M]  drivers/pinctrl/intel/pinctrl-lakefield.mod.o
  CC [M]  drivers/pinctrl/intel/pinctrl-lewisburg.mod.o
  CC [M]  drivers/pinctrl/intel/pinctrl-meteorlake.mod.o
  NM      .tmp_vmlinux1.syms
  CC [M]  drivers/pinctrl/intel/pinctrl-meteorpoint.mod.o
  CC [M]  drivers/pinctrl/intel/pinctrl-sunrisepoint.mod.o
  CC [M]  drivers/pinctrl/intel/pinctrl-tigerlake.mod.o
  CC [M]  drivers/pinctrl/pinctrl-cy8c95x0.mod.o
  CC [M]  drivers/pinctrl/pinctrl-mcp23s08_i2c.mod.o
  CC [M]  drivers/pinctrl/pinctrl-mcp23s08_spi.mod.o
  CC [M]  drivers/pinctrl/pinctrl-mcp23s08.mod.o
  CC [M]  drivers/pwm/pwm-lpss.mod.o
  CC [M]  drivers/pwm/pwm-lpss-pci.mod.o
  CC [M]  drivers/pwm/pwm-lpss-platform.mod.o
  CC [M]  drivers/leds/trigger/ledtrig-timer.mod.o
  CC [M]  drivers/leds/trigger/ledtrig-oneshot.mod.o
  CC [M]  drivers/leds/trigger/ledtrig-heartbeat.mod.o
  CC [M]  drivers/leds/trigger/ledtrig-backlight.mod.o
  CC [M]  drivers/leds/trigger/ledtrig-gpio.mod.o
  CC [M]  drivers/leds/trigger/ledtrig-activity.mod.o
  CC [M]  drivers/leds/trigger/ledtrig-default-on.mod.o
  CC [M]  drivers/leds/trigger/ledtrig-transient.mod.o
  CC [M]  drivers/leds/trigger/ledtrig-camera.mod.o
  KSYMS   .tmp_vmlinux1.kallsyms.S
  CC [M]  drivers/leds/trigger/ledtrig-netdev.mod.o
  CC [M]  drivers/leds/trigger/ledtrig-pattern.mod.o
  CC [M]  drivers/leds/trigger/ledtrig-tty.mod.o
  CC [M]  drivers/leds/trigger/ledtrig-input-events.mod.o
  CC [M]  drivers/leds/led-class-flash.mod.o
  CC [M]  drivers/leds/led-class-multicolor.mod.o
  CC [M]  drivers/leds/uleds.mod.o
  CC [M]  drivers/pci/hotplug/cpcihp_zt5550.mod.o
  CC [M]  drivers/pci/hotplug/cpcihp_generic.mod.o
  CC [M]  drivers/pci/hotplug/acpiphp_ibm.mod.o
  AS      .tmp_vmlinux1.kallsyms.o
  CC [M]  drivers/pci/controller/vmd.mod.o
  CC [M]  drivers/char/ipmi/ssif_bmc.mod.o
  CC [M]  drivers/acpi/dptf/dptf_power.mod.o
  CC [M]  drivers/acpi/dptf/dptf_pch_fivr.mod.o
  CC [M]  drivers/acpi/video.mod.o
  CC [M]  drivers/acpi/nfit/nfit.mod.o
  CC [M]  drivers/acpi/sbshc.mod.o
  CC [M]  drivers/acpi/sbs.mod.o
  CC [M]  drivers/acpi/ec_sys.mod.o
  CC [M]  drivers/acpi/pfr_update.mod.o
  CC [M]  drivers/acpi/pfr_telemetry.mod.o
  CC [M]  drivers/acpi/acpi_pad.mod.o
  CC [M]  drivers/acpi/acpi_extlog.mod.o
  CC [M]  drivers/acpi/acpi_configfs.mod.o
  CC [M]  drivers/dma/virt-dma.mod.o
  CC [M]  drivers/dma/hsu/hsu_dma.mod.o
  CC [M]  drivers/dma/idma64.mod.o
  CC [M]  drivers/dma/ioat/ioatdma.mod.o
  CC [M]  drivers/soc/qcom/qmi_helpers.mod.o
  CC [M]  drivers/virtio/virtio.mod.o
  LD      .tmp_vmlinux2
  CC [M]  drivers/virtio/virtio_ring.mod.o
  CC [M]  drivers/regulator/fixed.mod.o
  CC [M]  drivers/regulator/virtual.mod.o
  CC [M]  drivers/regulator/userspace-consumer.mod.o
  CC [M]  drivers/regulator/gpio-regulator.mod.o
  CC [M]  drivers/tty/serial/8250/8250_dw.mod.o
  CC [M]  drivers/tty/serial/8250/8250_exar.mod.o
  CC [M]  drivers/tty/serial/8250/8250_lpss.mod.o
  CC [M]  drivers/tty/serial/8250/8250_mid.mod.o
  CC [M]  drivers/tty/serial/8250/8250_ni.mod.o
  CC [M]  drivers/tty/serial/8250/8250_pci1xxxx.mod.o
  CC [M]  drivers/tty/serial/8250/8250_pericom.mod.o
  CC [M]  drivers/tty/serial/arc_uart.mod.o
  CC [M]  drivers/tty/serial/jsm/jsm.mod.o
  CC [M]  drivers/tty/serial/max3100.mod.o
  CC [M]  drivers/tty/serial/max310x.mod.o
  CC [M]  drivers/tty/serial/rp2.mod.o
  CC [M]  drivers/tty/serial/sc16is7xx.mod.o
  CC [M]  drivers/tty/serial/sc16is7xx_spi.mod.o
  CC [M]  drivers/tty/serial/sc16is7xx_i2c.mod.o
  CC [M]  drivers/tty/serial/uartlite.mod.o
  CC [M]  drivers/tty/n_hdlc.mod.o
  CC [M]  drivers/char/hw_random/intel-rng.mod.o
  CC [M]  drivers/char/agp/intel-gtt.mod.o
  CC [M]  drivers/char/hangcheck-timer.mod.o
  CC [M]  drivers/iommu/iommufd/iommufd.mod.o
  CC [M]  drivers/base/regmap/regmap-i2c.mod.o
  CC [M]  drivers/base/regmap/regmap-spi.mod.o
  CC [M]  drivers/base/regmap/regmap-sdw.mod.o
  CC [M]  drivers/base/regmap/regmap-sdw-mbq.mod.o
  CC [M]  drivers/block/brd.mod.o
  CC [M]  drivers/block/loop.mod.o
  CC [M]  drivers/block/nbd.mod.o
  CC [M]  drivers/block/mtip32xx/mtip32xx.mod.o
  CC [M]  drivers/block/zram/zram.mod.o
  CC [M]  drivers/block/null_blk/null_blk.mod.o
  CC [M]  drivers/block/ublk_drv.mod.o
  CC [M]  drivers/misc/eeprom/eeprom_93cx6.mod.o
  CC [M]  drivers/misc/cardreader/rtsx_pci.mod.o
  CC [M]  drivers/misc/cardreader/rtsx_usb.mod.o
  CC [M]  drivers/misc/mei/mei.mod.o
  CC [M]  drivers/misc/mei/mei-me.mod.o
  CC [M]  drivers/misc/mei/hdcp/mei_hdcp.mod.o
  CC [M]  drivers/misc/ntsync.mod.o
  CC [M]  drivers/mfd/cs42l43.mod.o
  CC [M]  drivers/mfd/cs42l43-sdw.mod.o
  NM      .tmp_vmlinux2.syms
  CC [M]  drivers/mfd/mfd-core.mod.o
  CC [M]  drivers/mfd/ocelot-soc.mod.o
  CC [M]  drivers/mfd/lpc_sch.mod.o
  CC [M]  drivers/mfd/lpc_ich.mod.o
  CC [M]  drivers/mfd/rdc321x-southbridge.mod.o
  CC [M]  drivers/mfd/vx855.mod.o
  CC [M]  drivers/scsi/raid_class.mod.o
  CC [M]  drivers/scsi/sg.mod.o
  CC [M]  drivers/scsi/vhba/vhba.mod.o
  CC [M]  drivers/ata/ahci_platform.mod.o
  CC [M]  drivers/ata/libahci_platform.mod.o
  CC [M]  drivers/gpu/drm/display/drm_display_helper.mod.o
  CC [M]  drivers/gpu/drm/bridge/analogix/analogix-anx78xx.mod.o
  CC [M]  drivers/gpu/drm/bridge/analogix/analogix_dp.mod.o
  CC [M]  drivers/gpu/drm/drm_panel_backlight_quirks.mod.o
  CC [M]  drivers/gpu/drm/drm_exec.mod.o
  CC [M]  drivers/gpu/drm/drm_gpuvm.mod.o
  CC [M]  drivers/gpu/drm/drm_gpusvm_helper.mod.o
  CC [M]  drivers/gpu/drm/drm_buddy.mod.o
  KSYMS   .tmp_vmlinux2.kallsyms.S
  CC [M]  drivers/gpu/drm/drm_suballoc_helper.mod.o
  CC [M]  drivers/gpu/drm/drm_vram_helper.mod.o
  CC [M]  drivers/gpu/drm/drm_ttm_helper.mod.o
  CC [M]  drivers/gpu/drm/ttm/ttm.mod.o
  CC [M]  drivers/gpu/drm/scheduler/gpu-sched.mod.o
  CC [M]  drivers/gpu/drm/radeon/radeon.mod.o
  CC [M]  drivers/gpu/drm/amd/amdgpu/amdgpu.mod.o
  CC [M]  drivers/gpu/drm/amd/amdxcp/amdxcp.mod.o
  CC [M]  drivers/gpu/drm/i915/i915.mod.o
  CC [M]  drivers/gpu/drm/xe/xe.mod.o
  AS      .tmp_vmlinux2.kallsyms.o
  CC [M]  drivers/gpu/drm/nouveau/ch7006.mod.o
  CC [M]  drivers/gpu/drm/nouveau/sil164.mod.o
  CC [M]  drivers/gpu/drm/nouveau/nouveau.mod.o
  CC [M]  drivers/gpu/drm/vboxvideo/vboxvideo.mod.o
  CC [M]  drivers/spi/spi-mux.mod.o
  CC [M]  drivers/spi/spidev.mod.o
  CC [M]  drivers/spi/spi-loopback-test.mod.o
  CC [M]  drivers/spi/spi-axi-spi-engine.mod.o
  CC [M]  drivers/spi/spi-bitbang.mod.o
  CC [M]  drivers/spi/spi-cadence.mod.o
  CC [M]  drivers/spi/spi-ch341.mod.o
  CC [M]  drivers/spi/spi-cs42l43.mod.o
  CC [M]  drivers/spi/spi-dw.mod.o
  CC [M]  drivers/spi/spi-dw-mmio.mod.o
  CC [M]  drivers/spi/spi-dw-pci.mod.o
  CC [M]  drivers/spi/spi-gpio.mod.o
  LD      vmlinux.unstripped
  CC [M]  drivers/spi/spi-intel.mod.o
  CC [M]  drivers/spi/spi-intel-pci.mod.o
  CC [M]  drivers/spi/spi-intel-platform.mod.o
  CC [M]  drivers/spi/spi-mxic.mod.o
  CC [M]  drivers/spi/spi-oc-tiny.mod.o
  CC [M]  drivers/spi/spi-pci1xxxx.mod.o
  CC [M]  drivers/spi/spi-pxa2xx-core.mod.o
  CC [M]  drivers/spi/spi-pxa2xx-platform.mod.o
  CC [M]  drivers/spi/spi-pxa2xx-pci.mod.o
  CC [M]  drivers/spi/spi-sc18is602.mod.o
  CC [M]  drivers/spi/spi-tle62x0.mod.o
  CC [M]  drivers/spi/spi-virtio.mod.o
  CC [M]  drivers/spi/spi-xcomm.mod.o
  CC [M]  drivers/spi/spi-slave-time.mod.o
  CC [M]  drivers/spi/spi-slave-system-control.mod.o
  CC [M]  drivers/spi/spi-offload-trigger-pwm.mod.o
  CC [M]  drivers/spi/spi-offload-trigger-adi-util-sigma-delta.mod.o
  CC [M]  drivers/net/phy/mdio_bus.mod.o
  CC [M]  drivers/net/phy/phylink.mod.o
  CC [M]  drivers/net/phy/libphy.mod.o
  CC [M]  drivers/net/phy/mdio_devres.mod.o
  CC [M]  drivers/net/phy/phy_package.mod.o
  CC [M]  drivers/net/phy/sfp.mod.o
  CC [M]  drivers/net/phy/aquantia/aquantia.mod.o
  CC [M]  drivers/net/phy/ax88796b.mod.o
  CC [M]  drivers/net/phy/dp83640.mod.o
  CC [M]  drivers/net/phy/fixed_phy.mod.o
  CC [M]  drivers/net/phy/mxl-gpy.mod.o
  CC [M]  drivers/net/phy/microchip.mod.o
  CC [M]  drivers/net/phy/realtek/realtek.mod.o
  CC [M]  drivers/net/phy/smsc.mod.o
  CC [M]  drivers/net/phy/ste10Xp.mod.o
  CC [M]  drivers/net/pse-pd/pse_regulator.mod.o
  CC [M]  drivers/net/pse-pd/pd692x0.mod.o
  CC [M]  drivers/net/pse-pd/si3474.mod.o
  CC [M]  drivers/net/pse-pd/tps23881.mod.o
  CC [M]  drivers/net/mdio/acpi_mdio.mod.o
  CC [M]  drivers/net/mdio/fwnode_mdio.mod.o
  CC [M]  drivers/net/mdio/mdio-bitbang.mod.o
  CC [M]  drivers/net/mdio/mdio-cavium.mod.o
  CC [M]  drivers/net/mdio/mdio-gpio.mod.o
  CC [M]  drivers/net/mdio/mdio-i2c.mod.o
  CC [M]  drivers/net/mdio/mdio-mscc-miim.mod.o
  CC [M]  drivers/net/mdio/mdio-mvusb.mod.o
  CC [M]  drivers/net/mdio/mdio-thunder.mod.o
  CC [M]  drivers/net/pcs/pcs_xpcs.mod.o
  CC [M]  drivers/net/ethernet/realtek/8139cp.mod.o
  CC [M]  drivers/net/ethernet/realtek/8139too.mod.o
  CC [M]  drivers/net/ethernet/realtek/r8169.mod.o
  CC [M]  drivers/net/ethernet/realtek/rtase/rtase.mod.o
  CC [M]  drivers/net/ethernet/ec_bhf.mod.o
  CC [M]  drivers/net/ethernet/jme.mod.o
  CC [M]  drivers/net/ethernet/fealnx.mod.o
  CC [M]  drivers/net/ethernet/ethoc.mod.o
  CC [M]  drivers/net/wireless/ath/ath9k/ath9k.mod.o
  CC [M]  drivers/net/wireless/ath/ath9k/ath9k_hw.mod.o
  CC [M]  drivers/net/wireless/ath/ath9k/ath9k_common.mod.o
  CC [M]  drivers/net/wireless/ath/carl9170/carl9170.mod.o
  CC [M]  drivers/net/wireless/ath/ar5523/ar5523.mod.o
  CC [M]  drivers/net/wireless/ath/ath10k/ath10k_core.mod.o
  CC [M]  drivers/net/wireless/ath/ath10k/ath10k_pci.mod.o
  CC [M]  drivers/net/wireless/ath/ath11k/ath11k.mod.o
  CC [M]  drivers/net/wireless/ath/ath11k/ath11k_pci.mod.o
  CC [M]  drivers/net/wireless/ath/ath.mod.o
  CC [M]  drivers/net/wireless/ralink/rt2x00/rt2x00lib.mod.o
  CC [M]  drivers/net/wireless/ralink/rt2x00/rt2x00usb.mod.o
  CC [M]  drivers/net/wireless/ralink/rt2x00/rt2800lib.mod.o
  CC [M]  drivers/net/wireless/ralink/rt2x00/rt2500usb.mod.o
  CC [M]  drivers/net/wireless/ralink/rt2x00/rt73usb.mod.o
  CC [M]  drivers/net/wireless/ralink/rt2x00/rt2800usb.mod.o
  CC [M]  drivers/net/wireless/realtek/rtl818x/rtl8187/rtl8187.mod.o
  CC [M]  drivers/net/wireless/realtek/rtl8xxxu/rtl8xxxu.mod.o
  CC [M]  drivers/net/wireless/realtek/rtw88/rtw88_core.mod.o
  CC [M]  drivers/net/wireless/realtek/rtw88/rtw88_8822c.mod.o
  CC [M]  drivers/net/wireless/realtek/rtw88/rtw88_8822ce.mod.o
  CC [M]  drivers/net/wireless/realtek/rtw88/rtw88_pci.mod.o
  CC [M]  drivers/net/wireless/realtek/rtw89/rtw89_core.mod.o
  CC [M]  drivers/net/wireless/realtek/rtw89/rtw89_8852a.mod.o
  CC [M]  drivers/net/wireless/realtek/rtw89/rtw89_8852ae.mod.o
  CC [M]  drivers/net/wireless/realtek/rtw89/rtw89_8852b_common.mod.o
  CC [M]  drivers/net/wireless/realtek/rtw89/rtw89_8852b.mod.o
  CC [M]  drivers/net/wireless/realtek/rtw89/rtw89_8852be.mod.o
  CC [M]  drivers/net/wireless/realtek/rtw89/rtw89_8852bu.mod.o
  CC [M]  drivers/net/wireless/realtek/rtw89/rtw89_8852c.mod.o
  CC [M]  drivers/net/wireless/realtek/rtw89/rtw89_8852ce.mod.o
  CC [M]  drivers/net/wireless/realtek/rtw89/rtw89_pci.mod.o
  CC [M]  drivers/net/wireless/realtek/rtw89/rtw89_usb.mod.o
  CC [M]  drivers/net/wireless/virtual/mac80211_hwsim.mod.o
  CC [M]  drivers/net/wireless/virtual/virt_wifi.mod.o
  CC [M]  drivers/net/bonding/bonding.mod.o
  CC [M]  drivers/net/ipvlan/ipvlan.mod.o
  CC [M]  drivers/net/ipvlan/ipvtap.mod.o
  CC [M]  drivers/net/dummy.mod.o
  CC [M]  drivers/net/wireguard/wireguard.mod.o
  CC [M]  drivers/net/ifb.mod.o
  CC [M]  drivers/net/macsec.mod.o
  CC [M]  drivers/net/macvlan.mod.o
  CC [M]  drivers/net/macvtap.mod.o
  CC [M]  drivers/net/mii.mod.o
  CC [M]  drivers/net/netconsole.mod.o
  CC [M]  drivers/net/tun.mod.o
  CC [M]  drivers/net/tap.mod.o
  CC [M]  drivers/net/veth.mod.o
  CC [M]  drivers/net/vxlan/vxlan.mod.o
  CC [M]  drivers/net/geneve.mod.o
  CC [M]  drivers/net/vrf.mod.o
  CC [M]  drivers/net/mhi_net.mod.o
  CC [M]  drivers/net/usb/catc.mod.o
  CC [M]  drivers/net/usb/kaweth.mod.o
  CC [M]  drivers/net/usb/pegasus.mod.o
  CC [M]  drivers/net/usb/rtl8150.mod.o
  CC [M]  drivers/net/usb/r8152.mod.o
  CC [M]  drivers/net/usb/hso.mod.o
  CC [M]  drivers/net/usb/lan78xx.mod.o
  CC [M]  drivers/net/usb/asix.mod.o
  CC [M]  drivers/net/usb/ax88179_178a.mod.o
  CC [M]  drivers/net/usb/cdc_ether.mod.o
  CC [M]  drivers/net/usb/cdc_eem.mod.o
  CC [M]  drivers/net/usb/dm9601.mod.o
  CC [M]  drivers/net/usb/sr9700.mod.o
  CC [M]  drivers/net/usb/sr9800.mod.o
  CC [M]  drivers/net/usb/smsc75xx.mod.o
  CC [M]  drivers/net/usb/smsc95xx.mod.o
  CC [M]  drivers/net/usb/gl620a.mod.o
  CC [M]  drivers/net/usb/net1080.mod.o
  CC [M]  drivers/net/usb/plusb.mod.o
  CC [M]  drivers/net/usb/rndis_host.mod.o
  CC [M]  drivers/net/usb/cdc_subset.mod.o
  CC [M]  drivers/net/usb/zaurus.mod.o
  CC [M]  drivers/net/usb/mcs7830.mod.o
  CC [M]  drivers/net/usb/usbnet.mod.o
  CC [M]  drivers/net/usb/int51x1.mod.o
  CC [M]  drivers/net/usb/kalmia.mod.o
  CC [M]  drivers/net/usb/ipheth.mod.o
  CC [M]  drivers/net/usb/sierra_net.mod.o
  CC [M]  drivers/net/usb/cx82310_eth.mod.o
  CC [M]  drivers/net/usb/cdc_ncm.mod.o
  CC [M]  drivers/net/usb/huawei_cdc_ncm.mod.o
  CC [M]  drivers/net/usb/lg-vl600.mod.o
  CC [M]  drivers/net/usb/qmi_wwan.mod.o
  CC [M]  drivers/net/usb/cdc_mbim.mod.o
  CC [M]  drivers/net/usb/ch9200.mod.o
  CC [M]  drivers/net/usb/aqc111.mod.o
  CC [M]  drivers/net/thunderbolt/thunderbolt_net.mod.o
  CC [M]  drivers/net/usb/r8153_ecm.mod.o
  CC [M]  drivers/net/net_failover.mod.o
  CC [M]  drivers/usb/common/ulpi.mod.o
  CC [M]  drivers/usb/core/ledtrig-usbport.mod.o
  CC [M]  drivers/usb/phy/phy-generic.mod.o
  CC [M]  drivers/usb/phy/phy-gpio-vbus-usb.mod.o
  CC [M]  drivers/usb/phy/phy-isp1301.mod.o
  CC [M]  drivers/usb/host/xhci-pci-renesas.mod.o
  CC [M]  drivers/usb/host/xhci-plat-hcd.mod.o
  CC [M]  drivers/usb/storage/uas.mod.o
  CC [M]  drivers/usb/storage/usb-storage.mod.o
  CC [M]  drivers/usb/storage/ums-realtek.mod.o
  CC [M]  drivers/usb/serial/ch341.mod.o
  CC [M]  drivers/usb/serial/cp210x.mod.o
  CC [M]  drivers/usb/serial/ftdi_sio.mod.o
  CC [M]  drivers/usb/serial/option.mod.o
  CC [M]  drivers/usb/serial/pl2303.mod.o
  CC [M]  drivers/usb/serial/qcserial.mod.o
  CC [M]  drivers/usb/serial/sierra.mod.o
  CC [M]  drivers/usb/serial/usb-serial-simple.mod.o
  CC [M]  drivers/usb/serial/usb_wwan.mod.o
  CC [M]  drivers/usb/misc/ezusb.mod.o
  CC [M]  drivers/usb/mon/usbmon.mod.o
  CC [M]  drivers/usb/class/cdc-acm.mod.o
  CC [M]  drivers/usb/class/usblp.mod.o
  CC [M]  drivers/usb/class/cdc-wdm.mod.o
  CC [M]  drivers/usb/typec/typec.mod.o
  CC [M]  drivers/usb/typec/altmodes/typec_displayport.mod.o
  CC [M]  drivers/usb/typec/altmodes/typec_nvidia.mod.o
  CC [M]  drivers/usb/typec/altmodes/typec_thunderbolt.mod.o
  CC [M]  drivers/usb/typec/ucsi/typec_ucsi.mod.o
  CC [M]  drivers/usb/typec/ucsi/ucsi_acpi.mod.o
  CC [M]  drivers/usb/typec/ucsi/ucsi_ccg.mod.o
  CC [M]  drivers/usb/typec/ucsi/ucsi_stm32g0.mod.o
  CC [M]  drivers/usb/roles/roles.mod.o
  CC [M]  drivers/usb/roles/intel-xhci-usb-role-switch.mod.o
  CC [M]  drivers/input/serio/serport.mod.o
  CC [M]  drivers/input/serio/pcips2.mod.o
  CC [M]  drivers/input/serio/ps2mult.mod.o
  CC [M]  drivers/input/serio/serio_raw.mod.o
  CC [M]  drivers/input/serio/ps2-gpio.mod.o
  CC [M]  drivers/input/serio/userio.mod.o
  CC [M]  drivers/input/keyboard/adp5588-keys.mod.o
  CC [M]  drivers/input/keyboard/cypress-sf.mod.o
  CC [M]  drivers/input/keyboard/dlink-dir685-touchkeys.mod.o
  CC [M]  drivers/input/keyboard/gpio_keys.mod.o
  CC [M]  drivers/input/keyboard/gpio_keys_polled.mod.o
  CC [M]  drivers/input/keyboard/tca8418_keypad.mod.o
  CC [M]  drivers/input/keyboard/lkkbd.mod.o
  CC [M]  drivers/input/keyboard/lm8323.mod.o
  CC [M]  drivers/input/keyboard/lm8333.mod.o
  CC [M]  drivers/input/keyboard/matrix_keypad.mod.o
  CC [M]  drivers/input/keyboard/max7359_keypad.mod.o
  CC [M]  drivers/input/keyboard/mpr121_touchkey.mod.o
  CC [M]  drivers/input/keyboard/newtonkbd.mod.o
  CC [M]  drivers/input/keyboard/opencores-kbd.mod.o
  CC [M]  drivers/input/keyboard/pinephone-keyboard.mod.o
  CC [M]  drivers/input/keyboard/qt1050.mod.o
  CC [M]  drivers/input/keyboard/qt1070.mod.o
  CC [M]  drivers/input/keyboard/qt2160.mod.o
  CC [M]  drivers/input/keyboard/stowaway.mod.o
  CC [M]  drivers/input/keyboard/sunkbd.mod.o
  CC [M]  drivers/input/keyboard/tm2-touchkey.mod.o
  CC [M]  drivers/input/keyboard/xtkbd.mod.o
  CC [M]  drivers/input/mouse/cyapatp.mod.o
  CC [M]  drivers/input/mouse/elan_i2c.mod.o
  CC [M]  drivers/input/mouse/gpio_mouse.mod.o
  CC [M]  drivers/input/mouse/psmouse.mod.o
  CC [M]  drivers/input/mouse/sermouse.mod.o
  CC [M]  drivers/input/mouse/synaptics_i2c.mod.o
  CC [M]  drivers/input/mouse/synaptics_usb.mod.o
  CC [M]  drivers/input/mouse/vsxxxaa.mod.o
  CC [M]  drivers/input/joystick/xpad.mod.o
  CC [M]  drivers/input/tablet/acecad.mod.o
  CC [M]  drivers/input/tablet/aiptek.mod.o
  CC [M]  drivers/input/tablet/hanwang.mod.o
  CC [M]  drivers/input/tablet/kbtab.mod.o
  CC [M]  drivers/input/tablet/pegasus_notetaker.mod.o
  CC [M]  drivers/input/tablet/wacom_serial4.mod.o
  CC [M]  drivers/input/misc/ad714x.mod.o
  CC [M]  drivers/input/misc/ad714x-spi.mod.o
  CC [M]  drivers/input/misc/ad714x-i2c.mod.o
  CC [M]  drivers/input/misc/adxl34x.mod.o
  CC [M]  drivers/input/misc/adxl34x-i2c.mod.o
  CC [M]  drivers/input/misc/adxl34x-spi.mod.o
  CC [M]  drivers/input/misc/apanel.mod.o
  CC [M]  drivers/input/misc/atlas_btns.mod.o
  CC [M]  drivers/input/misc/aw86927.mod.o
  CC [M]  drivers/input/misc/bma150.mod.o
  CC [M]  drivers/input/misc/cm109.mod.o
  CC [M]  drivers/input/misc/cma3000_d0x.mod.o
  CC [M]  drivers/input/misc/cma3000_d0x_i2c.mod.o
  CC [M]  drivers/input/misc/da7280.mod.o
  CC [M]  drivers/input/misc/e3x0-button.mod.o
  CC [M]  drivers/input/misc/drv260x.mod.o
  CC [M]  drivers/input/misc/drv2665.mod.o
  CC [M]  drivers/input/misc/drv2667.mod.o
  CC [M]  drivers/input/misc/gpio-beeper.mod.o
  CC [M]  drivers/input/misc/gpio_decoder.mod.o
  CC [M]  drivers/input/misc/gpio-vibra.mod.o
  CC [M]  drivers/input/misc/ibm-panel.mod.o
  CC [M]  drivers/input/misc/ims-pcu.mod.o
  CC [M]  drivers/input/misc/iqs269a.mod.o
  CC [M]  drivers/input/misc/iqs626a.mod.o
  CC [M]  drivers/input/misc/iqs7222.mod.o
  CC [M]  drivers/input/misc/keyspan_remote.mod.o
  CC [M]  drivers/input/misc/kxtj9.mod.o
  CC [M]  drivers/input/misc/mma8450.mod.o
  CC [M]  drivers/input/misc/pcf8574_keypad.mod.o
  CC [M]  drivers/input/misc/pcspkr.mod.o
  CC [M]  drivers/input/misc/powermate.mod.o
  CC [M]  drivers/input/misc/pwm-beeper.mod.o
  CC [M]  drivers/input/misc/pwm-vibra.mod.o
  CC [M]  drivers/input/misc/regulator-haptic.mod.o
  CC [M]  drivers/input/misc/rotary_encoder.mod.o
  CC [M]  drivers/input/misc/soc_button_array.mod.o
  CC [M]  drivers/input/misc/uinput.mod.o
  CC [M]  drivers/input/misc/yealink.mod.o
  CC [M]  drivers/input/misc/ideapad_slidebar.mod.o
  CC [M]  drivers/input/ff-memless.mod.o
  CC [M]  drivers/input/sparse-keymap.mod.o
  CC [M]  drivers/input/matrix-keymap.mod.o
  CC [M]  drivers/input/mousedev.mod.o
  CC [M]  drivers/input/joydev.mod.o
  CC [M]  drivers/input/rmi4/rmi_core.mod.o
  CC [M]  drivers/input/rmi4/rmi_i2c.mod.o
  CC [M]  drivers/input/rmi4/rmi_spi.mod.o
  CC [M]  drivers/input/rmi4/rmi_smbus.mod.o
  CC [M]  drivers/i2c/algos/i2c-algo-bit.mod.o
  CC [M]  drivers/i2c/algos/i2c-algo-pca.mod.o
  CC [M]  drivers/i2c/busses/i2c-scmi.mod.o
  CC [M]  drivers/i2c/busses/i2c-ali1535.mod.o
  CC [M]  drivers/i2c/busses/i2c-ali1563.mod.o
  CC [M]  drivers/i2c/busses/i2c-ali15x3.mod.o
  CC [M]  drivers/i2c/busses/i2c-i801.mod.o
  CC [M]  drivers/i2c/busses/i2c-isch.mod.o
  CC [M]  drivers/i2c/busses/i2c-ismt.mod.o
  CC [M]  drivers/i2c/busses/i2c-nforce2.mod.o
  CC [M]  drivers/i2c/busses/i2c-nvidia-gpu.mod.o
  CC [M]  drivers/i2c/busses/i2c-piix4.mod.o
  CC [M]  drivers/i2c/busses/i2c-sis5595.mod.o
  CC [M]  drivers/i2c/busses/i2c-sis630.mod.o
  CC [M]  drivers/i2c/busses/i2c-sis96x.mod.o
  CC [M]  drivers/i2c/busses/i2c-via.mod.o
  CC [M]  drivers/i2c/busses/i2c-viapro.mod.o
  CC [M]  drivers/i2c/busses/i2c-viai2c-zhaoxin.mod.o
  CC [M]  drivers/i2c/busses/i2c-viai2c-common.mod.o
  CC [M]  drivers/i2c/busses/i2c-cbus-gpio.mod.o
  CC [M]  drivers/i2c/busses/i2c-emev2.mod.o
  CC [M]  drivers/i2c/busses/i2c-gpio.mod.o
  CC [M]  drivers/i2c/busses/i2c-ocores.mod.o
  CC [M]  drivers/i2c/busses/i2c-pca-platform.mod.o
  CC [M]  drivers/i2c/busses/i2c-simtec.mod.o
  CC [M]  drivers/i2c/busses/i2c-diolan-u2c.mod.o
  CC [M]  drivers/i2c/busses/i2c-cp2615.mod.o
  CC [M]  drivers/i2c/busses/i2c-mchp-pci1xxxx.mod.o
  CC [M]  drivers/i2c/busses/i2c-taos-evm.mod.o
  CC [M]  drivers/i2c/busses/i2c-robotfuzz-osif.mod.o
  CC [M]  drivers/i2c/busses/i2c-tiny-usb.mod.o
  CC [M]  drivers/i2c/busses/i2c-mlxcpld.mod.o
  CC [M]  drivers/i2c/busses/i2c-virtio.mod.o
  CC [M]  drivers/i2c/muxes/i2c-mux-gpio.mod.o
  CC [M]  drivers/i2c/muxes/i2c-mux-ltc4306.mod.o
  CC [M]  drivers/i2c/muxes/i2c-mux-mlxcpld.mod.o
  CC [M]  drivers/i2c/muxes/i2c-mux-pca9541.mod.o
  CC [M]  drivers/i2c/muxes/i2c-mux-pca954x.mod.o
  CC [M]  drivers/i2c/muxes/i2c-mux-reg.mod.o
  CC [M]  drivers/i2c/i2c-smbus.mod.o
  CC [M]  drivers/i2c/i2c-dev.mod.o
  CC [M]  drivers/i2c/i2c-mux.mod.o
  CC [M]  drivers/i2c/i2c-stub.mod.o
  CC [M]  drivers/i2c/i2c-slave-eeprom.mod.o
  CC [M]  drivers/i2c/i2c-slave-testunit.mod.o
  CC [M]  drivers/media/common/videobuf2/videobuf2-common.mod.o
  CC [M]  drivers/media/common/videobuf2/videobuf2-memops.mod.o
  CC [M]  drivers/media/common/videobuf2/videobuf2-v4l2.mod.o
  CC [M]  drivers/media/common/videobuf2/videobuf2-vmalloc.mod.o
  CC [M]  drivers/media/common/uvc.mod.o
  CC [M]  drivers/media/usb/s2255/s2255drv.mod.o
  CC [M]  drivers/media/usb/uvc/uvcvideo.mod.o
  CC [M]  drivers/media/mc/mc.mod.o
  CC [M]  drivers/media/v4l2-core/v4l2-async.mod.o
  CC [M]  drivers/media/v4l2-core/v4l2-flash-led-class.mod.o
  CC [M]  drivers/media/v4l2-core/v4l2loopback.mod.o
  CC [M]  drivers/media/v4l2-core/v4l2-dv-timings.mod.o
  CC [M]  drivers/media/v4l2-core/videodev.mod.o
  CC [M]  drivers/media/cec/core/cec.mod.o
  CC [M]  drivers/ptp/ptp.mod.o
  CC [M]  drivers/ptp/ptp_ines.mod.o
  CC [M]  drivers/ptp/ptp_vmclock.mod.o
  CC [M]  drivers/ptp/ptp_clockmatrix.mod.o
  CC [M]  drivers/ptp/ptp_fc3.mod.o
  CC [M]  drivers/ptp/ptp_idt82p33.mod.o
  CC [M]  drivers/ptp/ptp_mock.mod.o
  CC [M]  drivers/power/supply/stc3117_fuel_gauge.mod.o
  CC [M]  drivers/ptp/ptp_netc.mod.o
  CC [M]  drivers/power/supply/mm8013.mod.o
  CC [M]  drivers/hwmon/coretemp.mod.o
  CC [M]  drivers/hwmon/drivetemp.mod.o
  CC [M]  drivers/hwmon/k10temp.mod.o
  CC [M]  drivers/hwmon/max31827.mod.o
  CC [M]  drivers/hwmon/sht3x.mod.o
  CC [M]  drivers/hwmon/sht4x.mod.o
  CC [M]  drivers/hwmon/spd5118.mod.o
  CC [M]  drivers/hwmon/occ/occ-hwmon-common.mod.o
  CC [M]  drivers/hwmon/occ/occ-p8-hwmon.mod.o
  CC [M]  drivers/hwmon/pmbus/pmbus_core.mod.o
  CC [M]  drivers/thermal/intel/intel_powerclamp.mod.o
  CC [M]  drivers/thermal/intel/x86_pkg_temp_thermal.mod.o
  CC [M]  drivers/thermal/intel/intel_soc_dts_iosf.mod.o
  CC [M]  drivers/thermal/intel/intel_soc_dts_thermal.mod.o
  CC [M]  drivers/thermal/intel/int340x_thermal/int3400_thermal.mod.o
  CC [M]  drivers/thermal/intel/int340x_thermal/int340x_thermal_zone.mod.o
  CC [M]  drivers/thermal/intel/int340x_thermal/int3402_thermal.mod.o
  CC [M]  drivers/thermal/intel/int340x_thermal/int3403_thermal.mod.o
  CC [M]  drivers/thermal/intel/int340x_thermal/processor_thermal_device.mod.o
  CC [M]  drivers/thermal/intel/int340x_thermal/int3401_thermal.mod.o
  CC [M]  drivers/thermal/intel/int340x_thermal/processor_thermal_device_pci_legacy.mod.o
  CC [M]  drivers/thermal/intel/int340x_thermal/processor_thermal_device_pci.mod.o
  CC [M]  drivers/thermal/intel/int340x_thermal/processor_thermal_rapl.mod.o
  CC [M]  drivers/thermal/intel/int340x_thermal/processor_thermal_rfim.mod.o
  CC [M]  drivers/thermal/intel/int340x_thermal/platform_temperature_control.mod.o
  CC [M]  drivers/thermal/intel/int340x_thermal/processor_thermal_mbox.mod.o
  CC [M]  drivers/thermal/intel/int340x_thermal/processor_thermal_wt_req.mod.o
  CC [M]  drivers/thermal/intel/int340x_thermal/processor_thermal_wt_hint.mod.o
  CC [M]  drivers/thermal/intel/int340x_thermal/processor_thermal_power_floor.mod.o
  CC [M]  drivers/thermal/intel/int340x_thermal/processor_thermal_soc_slider.mod.o
  CC [M]  drivers/thermal/intel/int340x_thermal/int3406_thermal.mod.o
  CC [M]  drivers/thermal/intel/int340x_thermal/acpi_thermal_rel.mod.o
  CC [M]  drivers/thermal/intel/intel_pch_thermal.mod.o
  CC [M]  drivers/thermal/intel/intel_tcc_cooling.mod.o
  CC [M]  drivers/thermal/testing/thermal-testing.mod.o
  CC [M]  drivers/watchdog/pretimeout_noop.mod.o
  CC [M]  drivers/watchdog/iTCO_wdt.mod.o
  CC [M]  drivers/watchdog/softdog.mod.o
  CC [M]  drivers/md/raid1.mod.o
  CC [M]  drivers/md/raid10.mod.o
  CC [M]  drivers/md/raid456.mod.o
  CC [M]  drivers/md/md-mod.mod.o
  CC [M]  drivers/md/dm-mod.mod.o
  CC [M]  drivers/md/dm-bufio.mod.o
  CC [M]  drivers/md/dm-crypt.mod.o
  CC [M]  drivers/md/dm-snapshot.mod.o
  CC [M]  drivers/md/dm-ebs.mod.o
  CC [M]  drivers/cpufreq/acpi-cpufreq.mod.o
  CC [M]  drivers/firmware/efi/efibc.mod.o
  CC [M]  drivers/firmware/efi/capsule-loader.mod.o
  CC [M]  drivers/hid/uhid.mod.o
  CC [M]  drivers/hid/hid-axff.mod.o
  CC [M]  drivers/hid/hid-betopff.mod.o
  CC [M]  drivers/hid/hid-bigbenff.mod.o
  CC [M]  drivers/hid/hid-cp2112.mod.o
  CC [M]  drivers/hid/hid-dr.mod.o
  CC [M]  drivers/hid/hid-emsff.mod.o
  CC [M]  drivers/hid/hid-ft260.mod.o
  CC [M]  drivers/hid/hid-google-stadiaff.mod.o
  CC [M]  drivers/hid/hid-holtek-mouse.mod.o
  CC [M]  drivers/hid/hid-holtek-kbd.mod.o
  CC [M]  drivers/hid/hid-holtekff.mod.o
  CC [M]  drivers/hid/hid-jabra.mod.o
  CC [M]  drivers/hid/hid-logitech.mod.o
  CC [M]  drivers/hid/hid-lg-g15.mod.o
  CC [M]  drivers/hid/hid-logitech-dj.mod.o
  CC [M]  drivers/hid/hid-logitech-hidpp.mod.o
  CC [M]  drivers/hid/hid-mcp2200.mod.o
  CC [M]  drivers/hid/hid-mcp2221.mod.o
  CC [M]  drivers/hid/hid-mf.mod.o
  CC [M]  drivers/hid/hid-microsoft.mod.o
  CC [M]  drivers/hid/hid-multitouch.mod.o
  CC [M]  drivers/hid/hid-nintendo.mod.o
  CC [M]  drivers/hid/hid-pl.mod.o
  CC [M]  drivers/hid/hid-plantronics.mod.o
  CC [M]  drivers/hid/hid-playstation.mod.o
  CC [M]  drivers/hid/hid-sjoy.mod.o
  CC [M]  drivers/hid/hid-sony.mod.o
  CC [M]  drivers/hid/hid-steam.mod.o
  CC [M]  drivers/hid/hid-gaff.mod.o
  CC [M]  drivers/hid/hid-tmff.mod.o
  CC [M]  drivers/hid/hid-thrustmaster.mod.o
  CC [M]  drivers/hid/hid-u2fzero.mod.o
  CC [M]  drivers/hid/hid-uclogic.mod.o
  CC [M]  drivers/hid/hid-universal-pidff.mod.o
  CC [M]  drivers/hid/hid-led.mod.o
  CC [M]  drivers/hid/hid-zpff.mod.o
  CC [M]  drivers/hid/i2c-hid/i2c-hid.mod.o
  CC [M]  drivers/hid/i2c-hid/i2c-hid-acpi.mod.o
  CC [M]  drivers/platform/x86/hp/hp-wmi.mod.o
  CC [M]  drivers/platform/x86/hp/hp-bioscfg/hp-bioscfg.mod.o
  CC [M]  drivers/platform/x86/lenovo/ideapad-laptop.mod.o
  CC [M]  drivers/platform/x86/lenovo/thinkpad_acpi.mod.o
  CC [M]  drivers/platform/x86/intel/wmi/intel-wmi-thunderbolt.mod.o
  CC [M]  drivers/platform/x86/intel/pmc/intel_pmc_core.mod.o
  CC [M]  drivers/platform/x86/intel/pmc/intel_pmc_core_pltdrv.mod.o
  CC [M]  drivers/platform/x86/intel/pmc/intel_pmc_ssram_telemetry.mod.o
  CC [M]  drivers/platform/x86/intel/pmt/pmt_class.mod.o
  CC [M]  drivers/platform/x86/intel/pmt/pmt_telemetry.mod.o
  CC [M]  drivers/platform/x86/intel/pmt/pmt_crashlog.mod.o
  CC [M]  drivers/platform/x86/intel/pmt/pmt_discovery.mod.o
  CC [M]  drivers/platform/x86/intel/uncore-frequency/intel-uncore-frequency.mod.o
  CC [M]  drivers/platform/x86/intel/uncore-frequency/intel-uncore-frequency-common.mod.o
  CC [M]  drivers/platform/x86/intel/uncore-frequency/intel-uncore-frequency-tpmi.mod.o
  CC [M]  drivers/platform/x86/intel/intel-hid.mod.o
  CC [M]  drivers/platform/x86/intel/intel-vbtn.mod.o
  CC [M]  drivers/platform/x86/intel/intel-ehl_pse_io.mod.o
  CC [M]  drivers/platform/x86/intel/intel-vsec.mod.o
  CC [M]  drivers/platform/x86/intel/intel-punit_ipc.mod.o
  CC [M]  drivers/platform/x86/intel/intel-plr_tpmi.mod.o
  CC [M]  drivers/platform/x86/intel/intel-tpmi_power_domains.mod.o
  CC [M]  drivers/platform/x86/intel/intel-vsec_tpmi.mod.o
  CC [M]  drivers/platform/x86/intel/intel-rst.mod.o
  CC [M]  drivers/platform/x86/uniwill/uniwill-laptop.mod.o
  CC [M]  drivers/platform/x86/wmi-bmof.mod.o
  CC [M]  drivers/platform/x86/mxm-wmi.mod.o
  CC [M]  drivers/platform/x86/nvidia-wmi-ec-backlight.mod.o
  CC [M]  drivers/platform/x86/acer-wmi.mod.o
  CC [M]  drivers/platform/x86/asus-wmi.mod.o
  CC [M]  drivers/platform/x86/asus-nb-wmi.mod.o
  CC [M]  drivers/platform/x86/firmware_attributes_class.mod.o
  CC [M]  drivers/platform/x86/quickstart.mod.o
  CC [M]  drivers/platform/x86/msi-laptop.mod.o
  CC [M]  drivers/platform/x86/msi-wmi.mod.o
  CC [M]  drivers/platform/x86/samsung-laptop.mod.o
  CC [M]  drivers/platform/x86/toshiba-wmi.mod.o
  CC [M]  drivers/platform/x86/system76_acpi.mod.o
  CC [M]  drivers/platform/x86/intel_scu_pltdrv.mod.o
  CC [M]  drivers/platform/x86/intel_scu_ipcutil.mod.o
  CC [M]  drivers/platform/wmi/wmi.mod.o
  CC [M]  drivers/powercap/intel_rapl_common.mod.o
  CC [M]  drivers/powercap/intel_rapl_msr.mod.o
  CC [M]  drivers/powercap/intel_rapl_tpmi.mod.o
  CC [M]  drivers/perf/dwc_pcie_pmu.mod.o
  CC [M]  drivers/nvdimm/libnvdimm.mod.o
  CC [M]  drivers/pps/pps_core.mod.o
  CC [M]  drivers/w1/slaves/w1_ds2780.mod.o
  CC [M]  drivers/w1/slaves/w1_ds2781.mod.o
  CC [M]  drivers/w1/wire.mod.o
  CC [M]  drivers/bluetooth/hci_vhci.mod.o
  CC [M]  drivers/bluetooth/hci_uart.mod.o
  CC [M]  drivers/bluetooth/hci_bcm4377.mod.o
  CC [M]  drivers/bluetooth/bpa10x.mod.o
  CC [M]  drivers/bluetooth/bfusb.mod.o
  CC [M]  drivers/bluetooth/btusb.mod.o
  CC [M]  drivers/bluetooth/btintel.mod.o
  CC [M]  drivers/bluetooth/btbcm.mod.o
  CC [M]  drivers/bluetooth/btrtl.mod.o
  CC [M]  drivers/bluetooth/btqca.mod.o
  CC [M]  drivers/bluetooth/btmtk.mod.o
  CC [M]  drivers/bluetooth/virtio_bt.mod.o
  CC [M]  drivers/bluetooth/hci_nokia.mod.o
  CC [M]  drivers/dca/dca.mod.o
  CC [M]  drivers/soundwire/soundwire-bus.mod.o
  CC [M]  drivers/soundwire/soundwire-generic-allocation.mod.o
  CC [M]  drivers/soundwire/soundwire-cadence.mod.o
  CC [M]  drivers/soundwire/soundwire-intel.mod.o
  CC [M]  drivers/thunderbolt/thunderbolt.mod.o
  CC [M]  drivers/dibs/dibs.mod.o
  CC [M]  sound/soundcore.mod.o
  CC [M]  sound/core/snd.mod.o
  CC [M]  sound/core/snd-ctl-led.mod.o
  CC [M]  sound/core/snd-hwdep.mod.o
  CC [M]  sound/core/snd-timer.mod.o
  CC [M]  sound/core/snd-hrtimer.mod.o
  CC [M]  sound/core/snd-pcm.mod.o
  CC [M]  sound/core/snd-rawmidi.mod.o
  CC [M]  sound/core/snd-ump.mod.o
  CC [M]  sound/core/snd-compress.mod.o
  CC [M]  sound/drivers/snd-dummy.mod.o
  CC [M]  sound/drivers/snd-aloop.mod.o
  CC [M]  sound/drivers/snd-pcmtest.mod.o
  CC [M]  sound/drivers/snd-serial-u16550.mod.o
  CC [M]  sound/drivers/snd-mtpav.mod.o
  CC [M]  sound/drivers/mpu401/snd-mpu401-uart.mod.o
  CC [M]  sound/drivers/mpu401/snd-mpu401.mod.o
  CC [M]  sound/usb/snd-usb-audio.mod.o
  CC [M]  sound/usb/snd-usbmidi-lib.mod.o
  CC [M]  sound/usb/bcd2000/snd-bcd2000.mod.o
  CC [M]  sound/soc/snd-soc-acpi.mod.o
  CC [M]  sound/soc/snd-soc-core.mod.o
  CC [M]  sound/soc/codecs/snd-soc-aw88395-lib.mod.o
  CC [M]  sound/soc/codecs/snd-soc-aw88399.mod.o
  CC [M]  sound/soc/codecs/snd-soc-dmic.mod.o
  CC [M]  sound/soc/codecs/snd-soc-hdac-hda.mod.o
  CC [M]  sound/soc/codecs/snd-soc-hda-codec.mod.o
  CC [M]  sound/soc/codecs/snd-soc-max98390.mod.o
  CC [M]  sound/soc/codecs/snd-soc-pcm512x.mod.o
  CC [M]  sound/soc/codecs/snd-soc-pcm512x-i2c.mod.o
  CC [M]  sound/soc/generic/snd-soc-simple-card-utils.mod.o
  CC [M]  sound/soc/codecs/snd-soc-pcm512x-spi.mod.o
  CC [M]  sound/soc/generic/snd-soc-simple-card.mod.o
  CC [M]  sound/soc/intel/common/snd-soc-acpi-intel-match.mod.o
  CC [M]  sound/soc/intel/common/snd-soc-acpi-intel-sdca-quirks.mod.o
  CC [M]  sound/soc/intel/avs/snd-soc-avs.mod.o
  CC [M]  sound/soc/intel/avs/boards/snd-soc-avs-dmic.mod.o
  CC [M]  sound/soc/intel/avs/boards/snd-soc-avs-hdaudio.mod.o
  CC [M]  sound/soc/intel/boards/snd-soc-skl_hda_dsp.mod.o
  CC [M]  sound/soc/intel/boards/snd-soc-intel-hda-dsp-common.mod.o
  CC [M]  sound/soc/intel/boards/snd-soc-intel-sof-board-helpers.mod.o
  CC [M]  sound/soc/sdca/snd-soc-sdca.mod.o
  CC [M]  sound/soc/sdca/snd-soc-sdca-class.mod.o
  CC [M]  sound/soc/sdca/snd-soc-sdca-class-function.mod.o
  CC [M]  sound/soc/sof/intel/snd-sof-intel-hda-common.mod.o
  CC [M]  sound/soc/sof/intel/snd-sof-intel-hda-generic.mod.o
  CC [M]  sound/soc/sof/intel/snd-sof-intel-hda-mlink.mod.o
  CC [M]  sound/soc/sof/intel/snd-sof-intel-hda.mod.o
  CC [M]  sound/soc/sof/intel/snd-sof-pci-intel-cnl.mod.o
  CC [M]  sound/soc/sof/intel/snd-sof-pci-intel-tgl.mod.o
  CC [M]  sound/soc/sof/snd-sof.mod.o
  CC [M]  sound/soc/sof/snd-sof-utils.mod.o
  CC [M]  sound/soc/sof/snd-sof-pci.mod.o
  CC [M]  sound/soc/sof/snd-sof-probes.mod.o
  CC [M]  sound/soc/sof/xtensa/snd-sof-xtensa-dsp.mod.o
  CC [M]  sound/soc/sdw_utils/snd-soc-sdw-utils.mod.o
  CC [M]  sound/hda/core/snd-hda-core.mod.o
  CC [M]  sound/hda/core/ext/snd-hda-ext-core.mod.o
  CC [M]  sound/hda/core/snd-intel-dspcfg.mod.o
  CC [M]  sound/hda/core/snd-intel-sdw-acpi.mod.o
  CC [M]  sound/hda/common/snd-hda-codec.mod.o
  CC [M]  sound/hda/codecs/cirrus/snd-hda-codec-cs420x.mod.o
  CC [M]  sound/hda/codecs/cirrus/snd-hda-codec-cs421x.mod.o
  CC [M]  sound/hda/codecs/cirrus/snd-hda-codec-cs8409.mod.o
  CC [M]  sound/hda/codecs/hdmi/snd-hda-codec-hdmi.mod.o
  CC [M]  sound/hda/codecs/hdmi/snd-hda-codec-simplehdmi.mod.o
  CC [M]  sound/hda/codecs/hdmi/snd-hda-codec-intelhdmi.mod.o
  CC [M]  sound/hda/codecs/hdmi/snd-hda-codec-atihdmi.mod.o
  CC [M]  sound/hda/codecs/hdmi/snd-hda-codec-nvhdmi.mod.o
  CC [M]  sound/hda/codecs/hdmi/snd-hda-codec-nvhdmi-mcp.mod.o
  CC [M]  sound/hda/codecs/hdmi/snd-hda-codec-tegrahdmi.mod.o
  CC [M]  sound/hda/codecs/realtek/snd-hda-codec-realtek-lib.mod.o
  CC [M]  sound/hda/codecs/realtek/snd-hda-codec-alc260.mod.o
  NM      System.map
  CC [M]  sound/hda/codecs/realtek/snd-hda-codec-alc262.mod.o
  CC [M]  sound/hda/codecs/realtek/snd-hda-codec-alc268.mod.o
  CC [M]  sound/hda/codecs/realtek/snd-hda-codec-alc269.mod.o
  CC [M]  sound/hda/codecs/realtek/snd-hda-codec-alc662.mod.o
  CC [M]  sound/hda/codecs/realtek/snd-hda-codec-alc680.mod.o
  CC [M]  sound/hda/codecs/realtek/snd-hda-codec-alc861.mod.o
  CC [M]  sound/hda/codecs/realtek/snd-hda-codec-alc861vd.mod.o
  CC [M]  sound/hda/codecs/realtek/snd-hda-codec-alc880.mod.o
  CC [M]  sound/hda/codecs/realtek/snd-hda-codec-alc882.mod.o
  CC [M]  sound/hda/codecs/side-codecs/snd-hda-scodec-component.mod.o
  CC [M]  sound/hda/codecs/side-codecs/snd-hda-scodec-max98390.mod.o
  CC [M]  sound/hda/codecs/side-codecs/snd-hda-scodec-max98390-i2c.mod.o
  CC [M]  sound/hda/codecs/side-codecs/snd-hda-scodec-aw88399.mod.o
  CC [M]  sound/hda/codecs/side-codecs/snd-hda-scodec-aw88399-i2c.mod.o
  CC [M]  sound/hda/codecs/snd-hda-codec-generic.mod.o
  CC [M]  sound/hda/codecs/snd-hda-codec-cmedia.mod.o
  CC [M]  sound/hda/codecs/snd-hda-codec-cm9825.mod.o
  CC [M]  sound/hda/codecs/snd-hda-codec-analog.mod.o
  CC [M]  sound/hda/codecs/snd-hda-codec-ca0110.mod.o
  CC [M]  sound/hda/codecs/snd-hda-codec-ca0132.mod.o
  CC [M]  sound/hda/codecs/snd-hda-codec-conexant.mod.o
  CC [M]  sound/hda/codecs/snd-hda-codec-idt.mod.o
  SORTTAB vmlinux.unstripped
  CC [M]  sound/hda/codecs/snd-hda-codec-senarytech.mod.o
  CC [M]  sound/hda/codecs/snd-hda-codec-si3054.mod.o
  CC [M]  sound/hda/codecs/snd-hda-codec-via.mod.o
  CC [M]  sound/hda/controllers/snd-hda-intel.mod.o
  CC [M]  sound/hda/controllers/snd-hda-acpi.mod.o
  CC [M]  net/core/pktgen.mod.o
  CC [M]  net/core/selftests.mod.o
  CC [M]  net/core/failover.mod.o
  CC [M]  net/802/psnap.mod.o
  CC [M]  net/802/stp.mod.o
  CC [M]  net/802/garp.mod.o
  OBJCOPY vmlinux
  CC [M]  net/802/mrp.mod.o
  GEN     modules.builtin.modinfo
  CC [M]  net/netlink/netlink_diag.mod.o
  CC [M]  net/netfilter/nfnetlink.mod.o
  CC [M]  net/netfilter/nfnetlink_acct.mod.o
  CC [M]  net/netfilter/nfnetlink_queue.mod.o
  CC [M]  net/netfilter/nfnetlink_log.mod.o
  CC [M]  net/netfilter/nfnetlink_osf.mod.o
  CC [M]  net/netfilter/nfnetlink_hook.mod.o
  CC [M]  net/netfilter/nf_conntrack.mod.o
  CC [M]  net/netfilter/nf_conntrack_netlink.mod.o
  CC [M]  net/netfilter/nfnetlink_cttimeout.mod.o
  CC [M]  net/netfilter/nfnetlink_cthelper.mod.o
  CC [M]  net/netfilter/nf_conntrack_amanda.mod.o
  CC [M]  net/netfilter/nf_conntrack_ftp.mod.o
  CC [M]  net/netfilter/nf_conntrack_h323.mod.o
  GEN     modules.builtin
  CC [M]  net/netfilter/nf_conntrack_irc.mod.o
  CC [M]  net/netfilter/nf_conntrack_broadcast.mod.o
  CC [M]  net/netfilter/nf_conntrack_netbios_ns.mod.o
  CC [M]  net/netfilter/nf_conntrack_snmp.mod.o
  CC [M]  net/netfilter/nf_conntrack_pptp.mod.o
  CC [M]  net/netfilter/nf_conntrack_sane.mod.o
  CC [M]  net/netfilter/nf_conntrack_sip.mod.o
  CC [M]  net/netfilter/nf_conntrack_tftp.mod.o
  CC [M]  net/netfilter/nf_log_syslog.mod.o
  CC [M]  net/netfilter/nf_nat.mod.o
  CC [M]  net/netfilter/nf_nat_amanda.mod.o
  CC [M]  net/netfilter/nf_nat_ftp.mod.o
  CC [M]  net/netfilter/nf_nat_irc.mod.o
  CC [M]  net/netfilter/nf_nat_sip.mod.o
  CC [M]  net/netfilter/nf_nat_tftp.mod.o
  CC [M]  net/netfilter/nf_synproxy_core.mod.o
  CC [M]  net/netfilter/nf_conncount.mod.o
  CC [M]  net/netfilter/nf_dup_netdev.mod.o
  CC [M]  net/netfilter/nf_tables.mod.o
  CC [M]  net/netfilter/nft_compat.mod.o
  CC [M]  net/netfilter/nft_connlimit.mod.o
  CC [M]  net/netfilter/nft_numgen.mod.o
  CC [M]  net/netfilter/nft_ct.mod.o
  CC [M]  net/netfilter/nft_flow_offload.mod.o
  CC [M]  net/netfilter/nft_limit.mod.o
  CC [M]  net/netfilter/nft_nat.mod.o
  CC [M]  net/netfilter/nft_queue.mod.o
  CC [M]  net/netfilter/nft_quota.mod.o
  CC [M]  net/netfilter/nft_reject.mod.o
  CC [M]  net/netfilter/nft_reject_inet.mod.o
  CC [M]  net/netfilter/nft_reject_netdev.mod.o
  CC [M]  net/netfilter/nft_tunnel.mod.o
  CC [M]  net/netfilter/nft_log.mod.o
  CC [M]  net/netfilter/nft_masq.mod.o
  CC [M]  net/netfilter/nft_redir.mod.o
  CC [M]  net/netfilter/nft_hash.mod.o
  CC [M]  net/netfilter/nft_fib.mod.o
  CC [M]  net/netfilter/nft_fib_inet.mod.o
  CC [M]  net/netfilter/nft_fib_netdev.mod.o
  CC [M]  net/netfilter/nft_socket.mod.o
  CC [M]  net/netfilter/nft_osf.mod.o
  CC [M]  net/netfilter/nft_tproxy.mod.o
  CC [M]  net/netfilter/nft_xfrm.mod.o
  CC [M]  net/netfilter/nft_synproxy.mod.o
  CC [M]  net/netfilter/nft_dup_netdev.mod.o
  CC [M]  net/netfilter/nft_chain_nat.mod.o
  CC [M]  net/netfilter/nft_fwd_netdev.mod.o
  CC [M]  net/netfilter/nf_flow_table.mod.o
  CC [M]  net/netfilter/nf_flow_table_inet.mod.o
  CC [M]  net/netfilter/x_tables.mod.o
  CC [M]  net/netfilter/xt_tcpudp.mod.o
  CC [M]  net/netfilter/xt_mark.mod.o
  CC [M]  net/netfilter/xt_connmark.mod.o
  CC [M]  net/netfilter/xt_set.mod.o
  CC [M]  net/netfilter/xt_nat.mod.o
  CC [M]  net/netfilter/xt_CHECKSUM.mod.o
  CC [M]  net/netfilter/xt_CLASSIFY.mod.o
  CC [M]  net/netfilter/xt_CT.mod.o
  CC [M]  net/netfilter/xt_DSCP.mod.o
  CC [M]  net/netfilter/xt_HL.mod.o
  CC [M]  net/netfilter/xt_HMARK.mod.o
  CC [M]  net/netfilter/xt_LED.mod.o
  CC [M]  net/netfilter/xt_LOG.mod.o
  CC [M]  net/netfilter/xt_NETMAP.mod.o
  CC [M]  net/netfilter/xt_NFLOG.mod.o
  CC [M]  net/netfilter/xt_NFQUEUE.mod.o
  CC [M]  net/netfilter/xt_RATEEST.mod.o
  CC [M]  net/netfilter/xt_REDIRECT.mod.o
  CC [M]  net/netfilter/xt_MASQUERADE.mod.o
  CC [M]  net/netfilter/xt_TPROXY.mod.o
  CC [M]  net/netfilter/xt_TCPMSS.mod.o
  CC [M]  net/netfilter/xt_TCPOPTSTRIP.mod.o
  CC [M]  net/netfilter/xt_TEE.mod.o
  CC [M]  net/netfilter/xt_TRACE.mod.o
  CC [M]  net/netfilter/xt_IDLETIMER.mod.o
  CC [M]  net/netfilter/xt_addrtype.mod.o
  CC [M]  net/netfilter/xt_bpf.mod.o
  CC [M]  net/netfilter/xt_cluster.mod.o
  CC [M]  net/netfilter/xt_comment.mod.o
  CC [M]  net/netfilter/xt_connbytes.mod.o
  CC [M]  net/netfilter/xt_connlabel.mod.o
  CC [M]  net/netfilter/xt_connlimit.mod.o
  CC [M]  net/netfilter/xt_conntrack.mod.o
  CC [M]  net/netfilter/xt_cpu.mod.o
  VOFFSET arch/x86/boot/compressed/../voffset.h
  CC [M]  net/netfilter/xt_dccp.mod.o
  CC      arch/x86/boot/version.o
  CC [M]  net/netfilter/xt_devgroup.mod.o
  OBJCOPY arch/x86/boot/compressed/vmlinux.bin
  RELOCS  arch/x86/boot/compressed/vmlinux.relocs
  CC [M]  net/netfilter/xt_dscp.mod.o
  CC [M]  net/netfilter/xt_ecn.mod.o
  CC [M]  net/netfilter/xt_esp.mod.o
  CC [M]  net/netfilter/xt_hashlimit.mod.o
  CC      arch/x86/boot/compressed/kaslr.o
  CC [M]  net/netfilter/xt_helper.mod.o
  CC [M]  net/netfilter/xt_hl.mod.o
  CC [M]  net/netfilter/xt_ipcomp.mod.o
  CC [M]  net/netfilter/xt_iprange.mod.o
  CC [M]  net/netfilter/xt_l2tp.mod.o
  CC [M]  net/netfilter/xt_length.mod.o
  CC      arch/x86/boot/compressed/misc.o
  CC [M]  net/netfilter/xt_limit.mod.o
  CC [M]  net/netfilter/xt_mac.mod.o
  CC [M]  net/netfilter/xt_multiport.mod.o
  CC [M]  net/netfilter/xt_nfacct.mod.o
  CC [M]  net/netfilter/xt_osf.mod.o
  CC [M]  net/netfilter/xt_owner.mod.o
  ZSTD22  arch/x86/boot/compressed/vmlinux.bin.zst
  CC [M]  net/netfilter/xt_cgroup.mod.o
  CC [M]  net/netfilter/xt_physdev.mod.o
  CC [M]  net/netfilter/xt_pkttype.mod.o
  CC [M]  net/netfilter/xt_policy.mod.o
  CC [M]  net/netfilter/xt_quota.mod.o
  CC [M]  net/netfilter/xt_rateest.mod.o
  CC [M]  net/netfilter/xt_realm.mod.o
  CC [M]  net/netfilter/xt_recent.mod.o
  CC [M]  net/netfilter/xt_sctp.mod.o
  CC [M]  net/netfilter/xt_socket.mod.o
  CC [M]  net/netfilter/xt_state.mod.o
  CC [M]  net/netfilter/xt_statistic.mod.o
  CC [M]  net/netfilter/xt_string.mod.o
  CC [M]  net/netfilter/xt_tcpmss.mod.o
  CC [M]  net/netfilter/xt_time.mod.o
  CC [M]  net/netfilter/xt_u32.mod.o
  CC [M]  net/netfilter/ipset/ip_set.mod.o
  CC [M]  net/netfilter/ipset/ip_set_bitmap_ip.mod.o
  CC [M]  net/netfilter/ipset/ip_set_bitmap_ipmac.mod.o
  CC [M]  net/netfilter/ipset/ip_set_bitmap_port.mod.o
  CC [M]  net/netfilter/ipset/ip_set_hash_ip.mod.o
  CC [M]  net/netfilter/ipset/ip_set_hash_ipmac.mod.o
  CC [M]  net/netfilter/ipset/ip_set_hash_ipmark.mod.o
  CC [M]  net/netfilter/ipset/ip_set_hash_ipport.mod.o
  CC [M]  net/netfilter/ipset/ip_set_hash_ipportip.mod.o
  CC [M]  net/netfilter/ipset/ip_set_hash_ipportnet.mod.o
  CC [M]  net/netfilter/ipset/ip_set_hash_mac.mod.o
  CC [M]  net/netfilter/ipset/ip_set_hash_net.mod.o
  CC [M]  net/netfilter/ipset/ip_set_hash_netport.mod.o
  CC [M]  net/netfilter/ipset/ip_set_hash_netiface.mod.o
  CC [M]  net/netfilter/ipset/ip_set_hash_netnet.mod.o
  CC [M]  net/netfilter/ipset/ip_set_hash_netportnet.mod.o
  CC [M]  net/netfilter/ipset/ip_set_list_set.mod.o
  CC [M]  net/ipv4/netfilter/nf_defrag_ipv4.mod.o
  CC [M]  net/ipv4/netfilter/nf_socket_ipv4.mod.o
  CC [M]  net/ipv4/netfilter/nf_tproxy_ipv4.mod.o
  CC [M]  net/ipv4/netfilter/nf_reject_ipv4.mod.o
  CC [M]  net/ipv4/netfilter/nf_nat_h323.mod.o
  CC [M]  net/ipv4/netfilter/nf_nat_pptp.mod.o
  CC [M]  net/ipv4/netfilter/nf_nat_snmp_basic.mod.o
  CC [M]  net/ipv4/netfilter/nft_reject_ipv4.mod.o
  CC [M]  net/ipv4/netfilter/nft_fib_ipv4.mod.o
  CC [M]  net/ipv4/netfilter/nft_dup_ipv4.mod.o
  CC [M]  net/ipv4/netfilter/ip_tables.mod.o
  CC [M]  net/ipv4/netfilter/iptable_filter.mod.o
  CC [M]  net/ipv4/netfilter/iptable_mangle.mod.o
  CC [M]  net/ipv4/netfilter/iptable_nat.mod.o
  CC [M]  net/ipv4/netfilter/iptable_raw.mod.o
  CC [M]  net/ipv4/netfilter/iptable_security.mod.o
  CC [M]  net/ipv4/netfilter/ipt_ah.mod.o
  CC [M]  net/ipv4/netfilter/ipt_rpfilter.mod.o
  CC [M]  net/ipv4/netfilter/ipt_ECN.mod.o
  CC [M]  net/ipv4/netfilter/ipt_REJECT.mod.o
  CC [M]  net/ipv4/netfilter/ipt_SYNPROXY.mod.o
  CC [M]  net/ipv4/netfilter/arp_tables.mod.o
  CC [M]  net/ipv4/netfilter/arpt_mangle.mod.o
  CC [M]  net/ipv4/netfilter/arptable_filter.mod.o
  CC [M]  net/ipv4/netfilter/nf_dup_ipv4.mod.o
  CC [M]  net/ipv4/ip_tunnel.mod.o
  CC [M]  net/ipv4/ipip.mod.o
  CC [M]  net/ipv4/fou.mod.o
  CC [M]  net/ipv4/gre.mod.o
  CC [M]  net/ipv4/ip_gre.mod.o
  CC [M]  net/ipv4/udp_tunnel.mod.o
  CC [M]  net/ipv4/ip_vti.mod.o
  CC [M]  net/ipv4/ah4.mod.o
  CC [M]  net/ipv4/esp4.mod.o
  CC [M]  net/ipv4/esp4_offload.mod.o
  CC [M]  net/ipv4/ipcomp.mod.o
  CC [M]  net/ipv4/xfrm4_tunnel.mod.o
  CC [M]  net/ipv4/tunnel4.mod.o
  CC [M]  net/ipv4/inet_diag.mod.o
  CC [M]  net/ipv4/tcp_diag.mod.o
  CC [M]  net/ipv4/udp_diag.mod.o
  CC [M]  net/ipv4/raw_diag.mod.o
  CC [M]  net/ipv4/tcp_bbr.mod.o
  CC [M]  net/ipv4/tcp_bbr3.mod.o
  CC [M]  net/ipv4/tcp_bic.mod.o
  CC [M]  net/ipv4/tcp_cdg.mod.o
  CC [M]  net/ipv4/tcp_dctcp.mod.o
  CC [M]  net/ipv4/tcp_westwood.mod.o
  CC [M]  net/ipv4/tcp_highspeed.mod.o
  CC [M]  net/ipv4/tcp_hybla.mod.o
  CC [M]  net/ipv4/tcp_htcp.mod.o
  CC [M]  net/ipv4/tcp_vegas.mod.o
  CC [M]  net/ipv4/tcp_nv.mod.o
  CC [M]  net/ipv4/tcp_veno.mod.o
  CC [M]  net/ipv4/tcp_scalable.mod.o
  CC [M]  net/ipv4/tcp_lp.mod.o
  CC [M]  net/ipv4/tcp_yeah.mod.o
  CC [M]  net/ipv4/tcp_illinois.mod.o
  CC [M]  net/xfrm/xfrm_algo.mod.o
  CC [M]  net/xfrm/xfrm_ipcomp.mod.o
  CC [M]  net/xfrm/xfrm_iptfs.mod.o
  CC [M]  net/unix/unix_diag.mod.o
  CC [M]  net/ipv6/netfilter/ip6_tables.mod.o
  CC [M]  net/ipv6/netfilter/ip6table_filter.mod.o
  CC [M]  net/ipv6/netfilter/ip6table_mangle.mod.o
  CC [M]  net/ipv6/netfilter/ip6table_raw.mod.o
  CC [M]  net/ipv6/netfilter/ip6table_security.mod.o
  CC [M]  net/ipv6/netfilter/ip6table_nat.mod.o
  CC [M]  net/ipv6/netfilter/nf_defrag_ipv6.mod.o
  CC [M]  net/ipv6/netfilter/nf_socket_ipv6.mod.o
  CC [M]  net/ipv6/netfilter/nf_tproxy_ipv6.mod.o
  CC [M]  net/ipv6/netfilter/nf_reject_ipv6.mod.o
  CC [M]  net/ipv6/netfilter/nf_dup_ipv6.mod.o
  CC [M]  net/ipv6/netfilter/nft_reject_ipv6.mod.o
  CC [M]  net/ipv6/netfilter/nft_dup_ipv6.mod.o
  CC [M]  net/ipv6/netfilter/nft_fib_ipv6.mod.o
  CC [M]  net/ipv6/netfilter/ip6t_ah.mod.o
  CC [M]  net/ipv6/netfilter/ip6t_eui64.mod.o
  CC [M]  net/ipv6/netfilter/ip6t_frag.mod.o
  CC [M]  net/ipv6/netfilter/ip6t_ipv6header.mod.o
  CC [M]  net/ipv6/netfilter/ip6t_mh.mod.o
  CC [M]  net/ipv6/netfilter/ip6t_hbh.mod.o
  CC [M]  net/ipv6/netfilter/ip6t_rpfilter.mod.o
  CC [M]  net/ipv6/netfilter/ip6t_rt.mod.o
  CC [M]  net/ipv6/netfilter/ip6t_srh.mod.o
  CC [M]  net/ipv6/netfilter/ip6t_NPT.mod.o
  CC [M]  net/ipv6/netfilter/ip6t_REJECT.mod.o
  CC [M]  net/ipv6/netfilter/ip6t_SYNPROXY.mod.o
  CC [M]  net/ipv6/ah6.mod.o
  CC [M]  net/ipv6/esp6.mod.o
  CC [M]  net/ipv6/esp6_offload.mod.o
  CC [M]  net/ipv6/ipcomp6.mod.o
  CC [M]  net/ipv6/xfrm6_tunnel.mod.o
  CC [M]  net/ipv6/tunnel6.mod.o
  CC [M]  net/ipv6/mip6.mod.o
  CC [M]  net/ipv6/ila/ila.mod.o
  CC [M]  net/ipv6/ip6_vti.mod.o
  CC [M]  net/ipv6/sit.mod.o
  CC [M]  net/ipv6/ip6_tunnel.mod.o
  CC [M]  net/ipv6/ip6_gre.mod.o
  CC [M]  net/ipv6/fou6.mod.o
  CC [M]  net/ipv6/ip6_udp_tunnel.mod.o
  CC [M]  net/packet/af_packet_diag.mod.o
  CC [M]  net/8021q/8021q.mod.o
  CC [M]  net/wireless/cfg80211.mod.o
  CC [M]  net/xdp/xsk_diag.mod.o
  CC [M]  net/llc/llc.mod.o
  CC [M]  net/tls/tls.mod.o
  CC [M]  net/key/af_key.mod.o
  CC [M]  net/bridge/netfilter/nft_meta_bridge.mod.o
  CC [M]  net/bridge/netfilter/nft_reject_bridge.mod.o
  CC [M]  net/bridge/netfilter/nf_conntrack_bridge.mod.o
  CC [M]  net/bridge/netfilter/ebtables.mod.o
  CC [M]  net/bridge/netfilter/ebtable_broute.mod.o
  CC [M]  net/bridge/netfilter/ebtable_filter.mod.o
  CC [M]  net/bridge/netfilter/ebtable_nat.mod.o
  CC [M]  net/bridge/netfilter/ebt_802_3.mod.o
  CC [M]  net/bridge/netfilter/ebt_among.mod.o
  CC [M]  net/bridge/netfilter/ebt_arp.mod.o
  CC [M]  net/bridge/netfilter/ebt_ip.mod.o
  CC [M]  net/bridge/netfilter/ebt_ip6.mod.o
  CC [M]  net/bridge/netfilter/ebt_limit.mod.o
  CC [M]  net/bridge/netfilter/ebt_mark_m.mod.o
  CC [M]  net/bridge/netfilter/ebt_pkttype.mod.o
  CC [M]  net/bridge/netfilter/ebt_stp.mod.o
  CC [M]  net/bridge/netfilter/ebt_vlan.mod.o
  CC [M]  net/bridge/netfilter/ebt_arpreply.mod.o
  CC [M]  net/bridge/netfilter/ebt_mark.mod.o
  CC [M]  net/bridge/netfilter/ebt_dnat.mod.o
  CC [M]  net/bridge/netfilter/ebt_redirect.mod.o
  CC [M]  net/bridge/netfilter/ebt_snat.mod.o
  CC [M]  net/bridge/netfilter/ebt_log.mod.o
  CC [M]  net/bridge/netfilter/ebt_nflog.mod.o
  CC [M]  net/bridge/bridge.mod.o
  CC [M]  net/bridge/br_netfilter.mod.o
  CC [M]  net/appletalk/appletalk.mod.o
  CC [M]  net/bluetooth/bluetooth.mod.o
  CC [M]  net/bluetooth/rfcomm/rfcomm.mod.o
  CC [M]  net/bluetooth/bnep/bnep.mod.o
  CC [M]  net/bluetooth/hidp/hidp.mod.o
  CC [M]  net/mac80211/mac80211.mod.o
  CC [M]  net/rfkill/rfkill.mod.o
  CC [M]  net/rfkill/rfkill-gpio.mod.o
  CC [M]  net/dns_resolver/dns_resolver.mod.o
  CC [M]  net/psample/psample.mod.o
  CC [M]  net/vmw_vsock/vsock.mod.o
  CC [M]  net/vmw_vsock/vsock_diag.mod.o
  CC [M]  net/vmw_vsock/vmw_vsock_virtio_transport_common.mod.o
  CC [M]  net/vmw_vsock/vsock_loopback.mod.o
  CC [M]  net/nsh/nsh.mod.o
  CC [M]  net/qrtr/qrtr.mod.o
  CC [M]  net/qrtr/qrtr-tun.mod.o
  CC [M]  net/qrtr/qrtr-mhi.mod.o
  LD [M]  arch/x86/events/intel/intel-uncore.ko
  LD [M]  arch/x86/events/intel/intel-cstate.ko
  LD [M]  arch/x86/events/rapl.ko
  LD [M]  arch/x86/crypto/aesni-intel.ko
  LD [M]  fs/nls/nls_cp437.ko
  LD [M]  fs/nls/nls_cp852.ko
  LD [M]  fs/nls/nls_cp850.ko
  LD [M]  fs/nls/nls_cp855.ko
  LD [M]  fs/nls/nls_cp866.ko
  LD [M]  fs/nls/nls_koi8-r.ko
  LD [M]  fs/nls/nls_iso8859-5.ko
  LD [M]  fs/nls/nls_koi8-u.ko
  LD [M]  fs/nls/nls_koi8-ru.ko
  LD [M]  fs/fuse/cuse.ko
  LD [M]  fs/nls/nls_utf8.ko
  LD [M]  fs/pstore/ramoops.ko
  LD [M]  fs/pstore/pstore_zone.ko
  LD [M]  fs/pstore/pstore_blk.ko
  LD [M]  fs/squashfs/squashfs.ko
  LD [M]  fs/fat/fat.ko
  LD [M]  fs/fat/vfat.ko
  LD [M]  fs/exfat/exfat.ko
  LD [M]  fs/ntfs3/ntfs3.ko
  LD [M]  crypto/aead.ko
  LD [M]  crypto/geniv.ko
  LD [M]  crypto/seqiv.ko
  LD [M]  crypto/echainiv.ko
  LD [M]  crypto/crypto_user.ko
  LD [M]  crypto/cmac.ko
  LD [M]  crypto/xcbc.ko
  LD [M]  crypto/crypto_null.ko
  LD [M]  crypto/gcm.ko
  LD [M]  crypto/ccm.ko
  LD [M]  crypto/chacha20poly1305.ko
  LD [M]  crypto/cryptd.ko
  LD [M]  crypto/chacha.ko
  LD [M]  crypto/deflate.ko
  LD [M]  crypto/crc32-cryptoapi.ko
  LD [M]  crypto/authenc.ko
  LD [M]  crypto/rng.ko
  LD [M]  crypto/authencesn.ko
  LD [M]  crypto/af_alg.ko
  LD [M]  crypto/algif_hash.ko
  LD [M]  crypto/algif_skcipher.ko
  LD [M]  crypto/algif_rng.ko
  LD [M]  crypto/algif_aead.ko
  LD [M]  crypto/essiv.ko
  LD [M]  crypto/async_tx/async_tx.ko
  LD [M]  crypto/async_tx/async_memcpy.ko
  LD [M]  crypto/async_tx/async_xor.ko
  LD [M]  crypto/async_tx/async_raid6_recov.ko
  LD [M]  crypto/async_tx/async_pq.ko
  LD [M]  lib/math/cordic.ko
  LD [M]  lib/math/polynomial.ko
  LD [M]  lib/crc/crc8.ko
  LD [M]  lib/crc/crc-ccitt.ko
  LD [M]  lib/crc/crc-itu-t.ko
  LD [M]  lib/crypto/libarc4.ko
  LD [M]  lib/crypto/gf128mul.ko
  LD [M]  lib/crypto/libcurve25519.ko
  LD [M]  lib/crypto/libgf128hash.ko
  LD [M]  lib/crypto/libmd5.ko
  LD [M]  lib/reed_solomon/reed_solomon.ko
  LD [M]  lib/lz4/lz4_decompress.ko
  LD [M]  lib/ts_kmp.ko
  LD [M]  lib/ts_bm.ko
  LD [M]  lib/ts_fsm.ko
  LD [M]  lib/asn1_decoder.ko
  LD [M]  drivers/pinctrl/cirrus/pinctrl-cs42l43.ko
  LD [M]  drivers/bus/mhi/host/mhi.ko
  LD [M]  drivers/pinctrl/intel/pinctrl-lynxpoint.ko
  LD [M]  drivers/pinctrl/intel/pinctrl-intel-platform.ko
  LD [M]  drivers/pinctrl/intel/pinctrl-alderlake.ko
  LD [M]  drivers/pinctrl/intel/pinctrl-broxton.ko
  LD [M]  drivers/pinctrl/intel/pinctrl-cannonlake.ko
  LD [M]  drivers/pinctrl/intel/pinctrl-cedarfork.ko
  LD [M]  drivers/pinctrl/intel/pinctrl-denverton.ko
  LD [M]  drivers/pinctrl/intel/pinctrl-elkhartlake.ko
  LD [M]  drivers/pinctrl/intel/pinctrl-emmitsburg.ko
  LD [M]  drivers/pinctrl/intel/pinctrl-geminilake.ko
  LD [M]  drivers/pinctrl/intel/pinctrl-icelake.ko
  LD [M]  drivers/pinctrl/intel/pinctrl-jasperlake.ko
  LD [M]  drivers/pinctrl/intel/pinctrl-lakefield.ko
  LD [M]  drivers/pinctrl/intel/pinctrl-lewisburg.ko
  LD [M]  drivers/pinctrl/intel/pinctrl-meteorlake.ko
  LD [M]  drivers/pinctrl/intel/pinctrl-meteorpoint.ko
  LD [M]  drivers/pinctrl/intel/pinctrl-sunrisepoint.ko
  LD [M]  drivers/pinctrl/intel/pinctrl-tigerlake.ko
  LD [M]  drivers/pinctrl/pinctrl-cy8c95x0.ko
  LD [M]  drivers/pinctrl/pinctrl-mcp23s08_i2c.ko
  LD [M]  drivers/pinctrl/pinctrl-mcp23s08_spi.ko
  LD [M]  drivers/pinctrl/pinctrl-mcp23s08.ko
  LD [M]  drivers/pwm/pwm-lpss.ko
  LD [M]  drivers/pwm/pwm-lpss-pci.ko
  LD [M]  drivers/pwm/pwm-lpss-platform.ko
  LD [M]  drivers/leds/trigger/ledtrig-timer.ko
  LD [M]  drivers/leds/trigger/ledtrig-oneshot.ko
  LD [M]  drivers/leds/trigger/ledtrig-heartbeat.ko
  LD [M]  drivers/leds/trigger/ledtrig-backlight.ko
  LD [M]  drivers/leds/trigger/ledtrig-gpio.ko
  LD [M]  drivers/leds/trigger/ledtrig-activity.ko
  LD [M]  drivers/leds/trigger/ledtrig-default-on.ko
  LD [M]  drivers/leds/trigger/ledtrig-transient.ko
  LD [M]  drivers/leds/trigger/ledtrig-camera.ko
  LD [M]  drivers/leds/trigger/ledtrig-netdev.ko
  LD [M]  drivers/leds/trigger/ledtrig-pattern.ko
  LD [M]  drivers/leds/trigger/ledtrig-tty.ko
  LD [M]  drivers/leds/trigger/ledtrig-input-events.ko
  LD [M]  drivers/leds/led-class-flash.ko
  LD [M]  drivers/leds/led-class-multicolor.ko
  LD [M]  drivers/leds/uleds.ko
  LD [M]  drivers/pci/hotplug/cpcihp_zt5550.ko
  LD [M]  drivers/pci/hotplug/cpcihp_generic.ko
  LD [M]  drivers/pci/hotplug/acpiphp_ibm.ko
  LD [M]  drivers/pci/controller/vmd.ko
  LD [M]  drivers/char/ipmi/ssif_bmc.ko
  LD [M]  drivers/acpi/dptf/dptf_power.ko
  LD [M]  drivers/acpi/dptf/dptf_pch_fivr.ko
  LD [M]  drivers/acpi/video.ko
  LD [M]  drivers/acpi/nfit/nfit.ko
  LD [M]  drivers/acpi/sbshc.ko
  LD [M]  drivers/acpi/sbs.ko
  LD [M]  drivers/acpi/ec_sys.ko
  LD [M]  drivers/acpi/pfr_update.ko
  LD [M]  drivers/acpi/pfr_telemetry.ko
  LD [M]  drivers/acpi/acpi_pad.ko
  LD [M]  drivers/acpi/acpi_extlog.ko
  LD [M]  drivers/acpi/acpi_configfs.ko
  LD [M]  drivers/dma/virt-dma.ko
  LD [M]  drivers/dma/hsu/hsu_dma.ko
  LD [M]  drivers/dma/idma64.ko
  LD [M]  drivers/dma/ioat/ioatdma.ko
  LD [M]  drivers/soc/qcom/qmi_helpers.ko
  LD [M]  drivers/virtio/virtio.ko
  LD [M]  drivers/virtio/virtio_ring.ko
  LD [M]  drivers/regulator/fixed.ko
  LD [M]  drivers/regulator/virtual.ko
  LD [M]  drivers/regulator/userspace-consumer.ko
  LD [M]  drivers/regulator/gpio-regulator.ko
  LD [M]  drivers/tty/serial/8250/8250_dw.ko
  LD [M]  drivers/tty/serial/8250/8250_exar.ko
  LD [M]  drivers/tty/serial/8250/8250_lpss.ko
  LD [M]  drivers/tty/serial/8250/8250_mid.ko
  LD [M]  drivers/tty/serial/8250/8250_ni.ko
  LD [M]  drivers/tty/serial/8250/8250_pci1xxxx.ko
  LD [M]  drivers/tty/serial/8250/8250_pericom.ko
  LD [M]  drivers/tty/serial/arc_uart.ko
  LD [M]  drivers/tty/serial/jsm/jsm.ko
  LD [M]  drivers/tty/serial/max3100.ko
  LD [M]  drivers/tty/serial/max310x.ko
  LD [M]  drivers/tty/serial/rp2.ko
  LD [M]  drivers/tty/serial/sc16is7xx.ko
  LD [M]  drivers/tty/serial/sc16is7xx_spi.ko
  LD [M]  drivers/tty/serial/sc16is7xx_i2c.ko
  LD [M]  drivers/tty/serial/uartlite.ko
  LD [M]  drivers/tty/n_hdlc.ko
  LD [M]  drivers/char/hw_random/intel-rng.ko
  LD [M]  drivers/char/agp/intel-gtt.ko
  LD [M]  drivers/char/hangcheck-timer.ko
  LD [M]  drivers/iommu/iommufd/iommufd.ko
  LD [M]  drivers/base/regmap/regmap-i2c.ko
  LD [M]  drivers/base/regmap/regmap-spi.ko
  LD [M]  drivers/base/regmap/regmap-sdw.ko
  LD [M]  drivers/base/regmap/regmap-sdw-mbq.ko
  LD [M]  drivers/block/brd.ko
  LD [M]  drivers/block/loop.ko
  LD [M]  drivers/block/nbd.ko
  LD [M]  drivers/block/mtip32xx/mtip32xx.ko
  LD [M]  drivers/block/zram/zram.ko
  LD [M]  drivers/block/null_blk/null_blk.ko
  LD [M]  drivers/block/ublk_drv.ko
  LD [M]  drivers/misc/eeprom/eeprom_93cx6.ko
  LD [M]  drivers/misc/cardreader/rtsx_pci.ko
  LD [M]  drivers/misc/cardreader/rtsx_usb.ko
  LD [M]  drivers/misc/mei/mei.ko
  LD [M]  drivers/misc/mei/mei-me.ko
  LD [M]  drivers/misc/mei/hdcp/mei_hdcp.ko
  LD [M]  drivers/misc/ntsync.ko
  LD [M]  drivers/mfd/cs42l43.ko
  LD [M]  drivers/mfd/cs42l43-sdw.ko
  LD [M]  drivers/mfd/mfd-core.ko
  LD [M]  drivers/mfd/ocelot-soc.ko
  LD [M]  drivers/mfd/lpc_sch.ko
  LD [M]  drivers/mfd/lpc_ich.ko
  LD [M]  drivers/mfd/rdc321x-southbridge.ko
  LD [M]  drivers/mfd/vx855.ko
  LD [M]  drivers/scsi/raid_class.ko
  LD [M]  drivers/scsi/sg.ko
  LD [M]  drivers/scsi/vhba/vhba.ko
  LD [M]  drivers/ata/ahci_platform.ko
  LD [M]  drivers/ata/libahci_platform.ko
  LD [M]  drivers/gpu/drm/display/drm_display_helper.ko
  LD [M]  drivers/gpu/drm/bridge/analogix/analogix-anx78xx.ko
  LD [M]  drivers/gpu/drm/bridge/analogix/analogix_dp.ko
  LD [M]  drivers/gpu/drm/drm_panel_backlight_quirks.ko
  LD [M]  drivers/gpu/drm/drm_exec.ko
  LD [M]  drivers/gpu/drm/drm_gpuvm.ko
  LD [M]  drivers/gpu/drm/drm_gpusvm_helper.ko
  LD [M]  drivers/gpu/drm/drm_buddy.ko
  LD [M]  drivers/gpu/drm/drm_suballoc_helper.ko
  LD [M]  drivers/gpu/drm/drm_vram_helper.ko
  LD [M]  drivers/gpu/drm/drm_ttm_helper.ko
  LD [M]  drivers/gpu/drm/ttm/ttm.ko
  LD [M]  drivers/gpu/drm/scheduler/gpu-sched.ko
  LD [M]  drivers/gpu/drm/radeon/radeon.ko
  LD [M]  drivers/gpu/drm/amd/amdgpu/amdgpu.ko
  LD [M]  drivers/gpu/drm/amd/amdxcp/amdxcp.ko
  LD [M]  drivers/gpu/drm/i915/i915.ko
  LD [M]  drivers/gpu/drm/xe/xe.ko
  LD [M]  drivers/gpu/drm/nouveau/ch7006.ko
  LD [M]  drivers/gpu/drm/nouveau/sil164.ko
  LD [M]  drivers/gpu/drm/nouveau/nouveau.ko
  LD [M]  drivers/gpu/drm/vboxvideo/vboxvideo.ko
  LD [M]  drivers/spi/spi-mux.ko
  LD [M]  drivers/spi/spidev.ko
  LD [M]  drivers/spi/spi-loopback-test.ko
  LD [M]  drivers/spi/spi-axi-spi-engine.ko
  LD [M]  drivers/spi/spi-bitbang.ko
  LD [M]  drivers/spi/spi-cadence.ko
  LD [M]  drivers/spi/spi-ch341.ko
  LD [M]  drivers/spi/spi-cs42l43.ko
  LD [M]  drivers/spi/spi-dw.ko
  LD [M]  drivers/spi/spi-dw-mmio.ko
  LD [M]  drivers/spi/spi-dw-pci.ko
  LD [M]  drivers/spi/spi-intel.ko
  LD [M]  drivers/spi/spi-gpio.ko
  LD [M]  drivers/spi/spi-intel-platform.ko
  LD [M]  drivers/spi/spi-intel-pci.ko
  LD [M]  drivers/spi/spi-mxic.ko
  LD [M]  drivers/spi/spi-pci1xxxx.ko
  LD [M]  drivers/spi/spi-oc-tiny.ko
  LD [M]  drivers/spi/spi-pxa2xx-platform.ko
  LD [M]  drivers/spi/spi-pxa2xx-pci.ko
  LD [M]  drivers/spi/spi-pxa2xx-core.ko
  LD [M]  drivers/spi/spi-tle62x0.ko
  LD [M]  drivers/spi/spi-sc18is602.ko
  LD [M]  drivers/spi/spi-slave-time.ko
  LD [M]  drivers/spi/spi-virtio.ko
  LD [M]  drivers/spi/spi-xcomm.ko
  LD [M]  drivers/spi/spi-slave-system-control.ko
  LD [M]  drivers/spi/spi-offload-trigger-pwm.ko
  LD [M]  drivers/spi/spi-offload-trigger-adi-util-sigma-delta.ko
  LD [M]  drivers/net/phy/mdio_bus.ko
  LD [M]  drivers/net/phy/phylink.ko
  LD [M]  drivers/net/phy/libphy.ko
  LD [M]  drivers/net/phy/mdio_devres.ko
  LD [M]  drivers/net/phy/phy_package.ko
  LD [M]  drivers/net/phy/sfp.ko
  LD [M]  drivers/net/phy/aquantia/aquantia.ko
  LD [M]  drivers/net/phy/ax88796b.ko
  LD [M]  drivers/net/phy/dp83640.ko
  LD [M]  drivers/net/phy/fixed_phy.ko
  LD [M]  drivers/net/phy/mxl-gpy.ko
  LD [M]  drivers/net/phy/realtek/realtek.ko
  LD [M]  drivers/net/phy/microchip.ko
  LD [M]  drivers/net/phy/smsc.ko
  LD [M]  drivers/net/phy/ste10Xp.ko
  LD [M]  drivers/net/pse-pd/pse_regulator.ko
  LD [M]  drivers/net/pse-pd/pd692x0.ko
  LD [M]  drivers/net/pse-pd/si3474.ko
  LD [M]  drivers/net/pse-pd/tps23881.ko
  LD [M]  drivers/net/mdio/acpi_mdio.ko
  LD [M]  drivers/net/mdio/fwnode_mdio.ko
  LD [M]  drivers/net/mdio/mdio-bitbang.ko
  LD [M]  drivers/net/mdio/mdio-cavium.ko
  LD [M]  drivers/net/mdio/mdio-gpio.ko
  LD [M]  drivers/net/mdio/mdio-i2c.ko
  LD [M]  drivers/net/mdio/mdio-mscc-miim.ko
  LD [M]  drivers/net/mdio/mdio-mvusb.ko
  LD [M]  drivers/net/mdio/mdio-thunder.ko
  LD [M]  drivers/net/pcs/pcs_xpcs.ko
  LD [M]  drivers/net/ethernet/realtek/8139cp.ko
  LD [M]  drivers/net/ethernet/realtek/8139too.ko
  LD [M]  drivers/net/ethernet/realtek/r8169.ko
  LD [M]  drivers/net/ethernet/realtek/rtase/rtase.ko
  LD [M]  drivers/net/ethernet/ec_bhf.ko
  LD [M]  drivers/net/ethernet/jme.ko
  LD [M]  drivers/net/ethernet/fealnx.ko
  LD [M]  drivers/net/ethernet/ethoc.ko
  LD [M]  drivers/net/wireless/ath/ath9k/ath9k.ko
  LD [M]  drivers/net/wireless/ath/ath9k/ath9k_hw.ko
  LD [M]  drivers/net/wireless/ath/ath9k/ath9k_common.ko
  LD [M]  drivers/net/wireless/ath/carl9170/carl9170.ko
  LD [M]  drivers/net/wireless/ath/ar5523/ar5523.ko
  LD [M]  drivers/net/wireless/ath/ath10k/ath10k_core.ko
  LD [M]  drivers/net/wireless/ath/ath10k/ath10k_pci.ko
  LD [M]  drivers/net/wireless/ath/ath11k/ath11k.ko
  LD [M]  drivers/net/wireless/ath/ath11k/ath11k_pci.ko
  LD [M]  drivers/net/wireless/ath/ath.ko
  LD [M]  drivers/net/wireless/ralink/rt2x00/rt2x00lib.ko
  LD [M]  drivers/net/wireless/ralink/rt2x00/rt2x00usb.ko
  LD [M]  drivers/net/wireless/ralink/rt2x00/rt2800lib.ko
  LD [M]  drivers/net/wireless/ralink/rt2x00/rt2500usb.ko
  LD [M]  drivers/net/wireless/ralink/rt2x00/rt73usb.ko
  LD [M]  drivers/net/wireless/ralink/rt2x00/rt2800usb.ko
  LD [M]  drivers/net/wireless/realtek/rtl818x/rtl8187/rtl8187.ko
  LD [M]  drivers/net/wireless/realtek/rtw88/rtw88_core.ko
  LD [M]  drivers/net/wireless/realtek/rtl8xxxu/rtl8xxxu.ko
  LD [M]  drivers/net/wireless/realtek/rtw88/rtw88_8822c.ko
  LD [M]  drivers/net/wireless/realtek/rtw88/rtw88_8822ce.ko
  LD [M]  drivers/net/wireless/realtek/rtw88/rtw88_pci.ko
  LD [M]  drivers/net/wireless/realtek/rtw89/rtw89_core.ko
  LD [M]  drivers/net/wireless/realtek/rtw89/rtw89_8852a.ko
  LD [M]  drivers/net/wireless/realtek/rtw89/rtw89_8852ae.ko
  LD [M]  drivers/net/wireless/realtek/rtw89/rtw89_8852b_common.ko
  LD [M]  drivers/net/wireless/realtek/rtw89/rtw89_8852b.ko
  LD [M]  drivers/net/wireless/realtek/rtw89/rtw89_8852be.ko
  LD [M]  drivers/net/wireless/realtek/rtw89/rtw89_8852bu.ko
  LD [M]  drivers/net/wireless/realtek/rtw89/rtw89_8852c.ko
  LD [M]  drivers/net/wireless/realtek/rtw89/rtw89_pci.ko
  LD [M]  drivers/net/wireless/realtek/rtw89/rtw89_8852ce.ko
  LD [M]  drivers/net/wireless/virtual/mac80211_hwsim.ko
  LD [M]  drivers/net/wireless/realtek/rtw89/rtw89_usb.ko
  LD [M]  drivers/net/wireless/virtual/virt_wifi.ko
  LD [M]  drivers/net/bonding/bonding.ko
  LD [M]  drivers/net/ipvlan/ipvlan.ko
  LD [M]  drivers/net/ipvlan/ipvtap.ko
  LD [M]  drivers/net/dummy.ko
  LD [M]  drivers/net/wireguard/wireguard.ko
  LD [M]  drivers/net/ifb.ko
  LD [M]  drivers/net/macsec.ko
  LD [M]  drivers/net/macvlan.ko
  LD [M]  drivers/net/macvtap.ko
  LD [M]  drivers/net/mii.ko
  LD [M]  drivers/net/netconsole.ko
  LD [M]  drivers/net/tun.ko
  LD [M]  drivers/net/tap.ko
  LD [M]  drivers/net/veth.ko
  LD [M]  drivers/net/vxlan/vxlan.ko
  LD [M]  drivers/net/vrf.ko
  LD [M]  drivers/net/geneve.ko
  LD [M]  drivers/net/mhi_net.ko
  LD [M]  drivers/net/usb/catc.ko
  LD [M]  drivers/net/usb/kaweth.ko
  LD [M]  drivers/net/usb/pegasus.ko
  LD [M]  drivers/net/usb/rtl8150.ko
  LD [M]  drivers/net/usb/r8152.ko
  LD [M]  drivers/net/usb/hso.ko
  LD [M]  drivers/net/usb/lan78xx.ko
  LD [M]  drivers/net/usb/asix.ko
  LD [M]  drivers/net/usb/ax88179_178a.ko
  LD [M]  drivers/net/usb/cdc_ether.ko
  LD [M]  drivers/net/usb/cdc_eem.ko
  LD [M]  drivers/net/usb/dm9601.ko
  LD [M]  drivers/net/usb/sr9700.ko
  LD [M]  drivers/net/usb/sr9800.ko
  LD [M]  drivers/net/usb/smsc75xx.ko
  LD [M]  drivers/net/usb/smsc95xx.ko
  LD [M]  drivers/net/usb/gl620a.ko
  LD [M]  drivers/net/usb/net1080.ko
  LD [M]  drivers/net/usb/plusb.ko
  LD [M]  drivers/net/usb/rndis_host.ko
  LD [M]  drivers/net/usb/cdc_subset.ko
  LD [M]  drivers/net/usb/zaurus.ko
  LD [M]  drivers/net/usb/mcs7830.ko
  LD [M]  drivers/net/usb/usbnet.ko
  LD [M]  drivers/net/usb/int51x1.ko
  LD [M]  drivers/net/usb/kalmia.ko
  LD [M]  drivers/net/usb/ipheth.ko
  LD [M]  drivers/net/usb/sierra_net.ko
  LD [M]  drivers/net/usb/cx82310_eth.ko
  LD [M]  drivers/net/usb/cdc_ncm.ko
  LD [M]  drivers/net/usb/huawei_cdc_ncm.ko
  LD [M]  drivers/net/usb/lg-vl600.ko
  LD [M]  drivers/net/usb/qmi_wwan.ko
  LD [M]  drivers/net/usb/cdc_mbim.ko
  LD [M]  drivers/net/usb/ch9200.ko
  LD [M]  drivers/net/usb/aqc111.ko
  LD [M]  drivers/net/usb/r8153_ecm.ko
  LD [M]  drivers/net/thunderbolt/thunderbolt_net.ko
  LD [M]  drivers/net/net_failover.ko
  LD [M]  drivers/usb/common/ulpi.ko
  LD [M]  drivers/usb/core/ledtrig-usbport.ko
  LD [M]  drivers/usb/phy/phy-generic.ko
  LD [M]  drivers/usb/phy/phy-gpio-vbus-usb.ko
  LD [M]  drivers/usb/phy/phy-isp1301.ko
  LD [M]  drivers/usb/host/xhci-pci-renesas.ko
  LD [M]  drivers/usb/host/xhci-plat-hcd.ko
  LD [M]  drivers/usb/storage/uas.ko
  LD [M]  drivers/usb/storage/usb-storage.ko
  LD [M]  drivers/usb/storage/ums-realtek.ko
  LD [M]  drivers/usb/serial/ch341.ko
  LD [M]  drivers/usb/serial/cp210x.ko
  LD [M]  drivers/usb/serial/ftdi_sio.ko
  LD [M]  drivers/usb/serial/option.ko
  LD [M]  drivers/usb/serial/pl2303.ko
  LD [M]  drivers/usb/serial/qcserial.ko
  LD [M]  drivers/usb/serial/sierra.ko
  LD [M]  drivers/usb/serial/usb-serial-simple.ko
  LD [M]  drivers/usb/serial/usb_wwan.ko
  LD [M]  drivers/usb/misc/ezusb.ko
  LD [M]  drivers/usb/mon/usbmon.ko
  LD [M]  drivers/usb/class/cdc-acm.ko
  LD [M]  drivers/usb/class/usblp.ko
  LD [M]  drivers/usb/class/cdc-wdm.ko
  LD [M]  drivers/usb/typec/typec.ko
  LD [M]  drivers/usb/typec/altmodes/typec_displayport.ko
  LD [M]  drivers/usb/typec/altmodes/typec_nvidia.ko
  LD [M]  drivers/usb/typec/altmodes/typec_thunderbolt.ko
  LD [M]  drivers/usb/typec/ucsi/typec_ucsi.ko
  LD [M]  drivers/usb/typec/ucsi/ucsi_acpi.ko
  LD [M]  drivers/usb/typec/ucsi/ucsi_ccg.ko
  LD [M]  drivers/usb/typec/ucsi/ucsi_stm32g0.ko
  LD [M]  drivers/usb/roles/roles.ko
  LD [M]  drivers/usb/roles/intel-xhci-usb-role-switch.ko
  LD [M]  drivers/input/serio/serport.ko
  LD [M]  drivers/input/serio/pcips2.ko
  LD [M]  drivers/input/serio/ps2mult.ko
  LD [M]  drivers/input/serio/serio_raw.ko
  LD [M]  drivers/input/serio/ps2-gpio.ko
  LD [M]  drivers/input/serio/userio.ko
  LD [M]  drivers/input/keyboard/adp5588-keys.ko
  LD [M]  drivers/input/keyboard/cypress-sf.ko
  LD [M]  drivers/input/keyboard/dlink-dir685-touchkeys.ko
  LD [M]  drivers/input/keyboard/gpio_keys.ko
  LD [M]  drivers/input/keyboard/gpio_keys_polled.ko
  LD [M]  drivers/input/keyboard/tca8418_keypad.ko
  LD [M]  drivers/input/keyboard/lkkbd.ko
  LD [M]  drivers/input/keyboard/lm8323.ko
  LD [M]  drivers/input/keyboard/lm8333.ko
  LD [M]  drivers/input/keyboard/matrix_keypad.ko
  LD [M]  drivers/input/keyboard/max7359_keypad.ko
  LD [M]  drivers/input/keyboard/mpr121_touchkey.ko
  LD [M]  drivers/input/keyboard/newtonkbd.ko
  LD [M]  drivers/input/keyboard/opencores-kbd.ko
  LD [M]  drivers/input/keyboard/pinephone-keyboard.ko
  LD [M]  drivers/input/keyboard/qt1050.ko
  LD [M]  drivers/input/keyboard/qt1070.ko
  LD [M]  drivers/input/keyboard/qt2160.ko
  LD [M]  drivers/input/keyboard/stowaway.ko
  LD [M]  drivers/input/keyboard/sunkbd.ko
  LD [M]  drivers/input/keyboard/tm2-touchkey.ko
  LD [M]  drivers/input/keyboard/xtkbd.ko
  LD [M]  drivers/input/mouse/cyapatp.ko
  LD [M]  drivers/input/mouse/elan_i2c.ko
  LD [M]  drivers/input/mouse/gpio_mouse.ko
  LD [M]  drivers/input/mouse/psmouse.ko
  LD [M]  drivers/input/mouse/sermouse.ko
  LD [M]  drivers/input/mouse/synaptics_i2c.ko
  LD [M]  drivers/input/mouse/synaptics_usb.ko
  LD [M]  drivers/input/mouse/vsxxxaa.ko
  LD [M]  drivers/input/joystick/xpad.ko
  LD [M]  drivers/input/tablet/acecad.ko
  LD [M]  drivers/input/tablet/aiptek.ko
  LD [M]  drivers/input/tablet/hanwang.ko
  LD [M]  drivers/input/tablet/kbtab.ko
  LD [M]  drivers/input/tablet/pegasus_notetaker.ko
  LD [M]  drivers/input/tablet/wacom_serial4.ko
  LD [M]  drivers/input/misc/ad714x.ko
  LD [M]  drivers/input/misc/ad714x-i2c.ko
  LD [M]  drivers/input/misc/ad714x-spi.ko
  LD [M]  drivers/input/misc/adxl34x.ko
  LD [M]  drivers/input/misc/adxl34x-i2c.ko
  LD [M]  drivers/input/misc/adxl34x-spi.ko
  LD [M]  drivers/input/misc/apanel.ko
  LD [M]  drivers/input/misc/atlas_btns.ko
  LD [M]  drivers/input/misc/aw86927.ko
  LD [M]  drivers/input/misc/bma150.ko
  LD [M]  drivers/input/misc/cm109.ko
  LD [M]  drivers/input/misc/cma3000_d0x.ko
  LD [M]  drivers/input/misc/cma3000_d0x_i2c.ko
  LD [M]  drivers/input/misc/da7280.ko
  LD [M]  drivers/input/misc/e3x0-button.ko
  LD [M]  drivers/input/misc/drv260x.ko
  LD [M]  drivers/input/misc/drv2665.ko
  LD [M]  drivers/input/misc/drv2667.ko
  LD [M]  drivers/input/misc/gpio-beeper.ko
  LD [M]  drivers/input/misc/gpio_decoder.ko
  LD [M]  drivers/input/misc/gpio-vibra.ko
  LD [M]  drivers/input/misc/ibm-panel.ko
  LD [M]  drivers/input/misc/ims-pcu.ko
  LD [M]  drivers/input/misc/iqs269a.ko
  LD [M]  drivers/input/misc/iqs626a.ko
  LD [M]  drivers/input/misc/iqs7222.ko
  LD [M]  drivers/input/misc/keyspan_remote.ko
  LD [M]  drivers/input/misc/kxtj9.ko
  LD [M]  drivers/input/misc/mma8450.ko
  LD [M]  drivers/input/misc/pcf8574_keypad.ko
  LD [M]  drivers/input/misc/pcspkr.ko
  LD [M]  drivers/input/misc/powermate.ko
  LD [M]  drivers/input/misc/pwm-beeper.ko
  LD [M]  drivers/input/misc/pwm-vibra.ko
  LD [M]  drivers/input/misc/regulator-haptic.ko
  LD [M]  drivers/input/misc/rotary_encoder.ko
  LD [M]  drivers/input/misc/soc_button_array.ko
  LD [M]  drivers/input/misc/uinput.ko
  LD [M]  drivers/input/misc/yealink.ko
  LD [M]  drivers/input/misc/ideapad_slidebar.ko
  LD [M]  drivers/input/ff-memless.ko
  LD [M]  drivers/input/sparse-keymap.ko
  LD [M]  drivers/input/matrix-keymap.ko
  LD [M]  drivers/input/mousedev.ko
  LD [M]  drivers/input/joydev.ko
  LD [M]  drivers/input/rmi4/rmi_core.ko
  LD [M]  drivers/input/rmi4/rmi_i2c.ko
  LD [M]  drivers/input/rmi4/rmi_spi.ko
  LD [M]  drivers/input/rmi4/rmi_smbus.ko
  LD [M]  drivers/i2c/algos/i2c-algo-bit.ko
  LD [M]  drivers/i2c/algos/i2c-algo-pca.ko
  LD [M]  drivers/i2c/busses/i2c-scmi.ko
  LD [M]  drivers/i2c/busses/i2c-ali1535.ko
  LD [M]  drivers/i2c/busses/i2c-ali1563.ko
  LD [M]  drivers/i2c/busses/i2c-ali15x3.ko
  LD [M]  drivers/i2c/busses/i2c-i801.ko
  LD [M]  drivers/i2c/busses/i2c-isch.ko
  LD [M]  drivers/i2c/busses/i2c-ismt.ko
  LD [M]  drivers/i2c/busses/i2c-nforce2.ko
  LD [M]  drivers/i2c/busses/i2c-nvidia-gpu.ko
  LD [M]  drivers/i2c/busses/i2c-piix4.ko
  LD [M]  drivers/i2c/busses/i2c-sis5595.ko
  LD [M]  drivers/i2c/busses/i2c-sis630.ko
  LD [M]  drivers/i2c/busses/i2c-sis96x.ko
  LD [M]  drivers/i2c/busses/i2c-via.ko
  LD [M]  drivers/i2c/busses/i2c-viapro.ko
  LD [M]  drivers/i2c/busses/i2c-viai2c-zhaoxin.ko
  LD [M]  drivers/i2c/busses/i2c-viai2c-common.ko
  LD [M]  drivers/i2c/busses/i2c-cbus-gpio.ko
  LD [M]  drivers/i2c/busses/i2c-emev2.ko
  LD [M]  drivers/i2c/busses/i2c-gpio.ko
  LD [M]  drivers/i2c/busses/i2c-ocores.ko
  LD [M]  drivers/i2c/busses/i2c-pca-platform.ko
  LD [M]  drivers/i2c/busses/i2c-simtec.ko
  LD [M]  drivers/i2c/busses/i2c-diolan-u2c.ko
  LD [M]  drivers/i2c/busses/i2c-cp2615.ko
  LD [M]  drivers/i2c/busses/i2c-mchp-pci1xxxx.ko
  LD [M]  drivers/i2c/busses/i2c-robotfuzz-osif.ko
  LD [M]  drivers/i2c/busses/i2c-taos-evm.ko
  LD [M]  drivers/i2c/busses/i2c-tiny-usb.ko
  LD [M]  drivers/i2c/busses/i2c-mlxcpld.ko
  LD [M]  drivers/i2c/busses/i2c-virtio.ko
  LD [M]  drivers/i2c/muxes/i2c-mux-gpio.ko
  LD [M]  drivers/i2c/muxes/i2c-mux-ltc4306.ko
  LD [M]  drivers/i2c/muxes/i2c-mux-mlxcpld.ko
  LD [M]  drivers/i2c/muxes/i2c-mux-pca9541.ko
  LD [M]  drivers/i2c/muxes/i2c-mux-pca954x.ko
  LD [M]  drivers/i2c/muxes/i2c-mux-reg.ko
  LD [M]  drivers/i2c/i2c-smbus.ko
  LD [M]  drivers/i2c/i2c-dev.ko
  LD [M]  drivers/i2c/i2c-mux.ko
  LD [M]  drivers/i2c/i2c-stub.ko
  LD [M]  drivers/i2c/i2c-slave-eeprom.ko
  LD [M]  drivers/i2c/i2c-slave-testunit.ko
  LD [M]  drivers/media/common/videobuf2/videobuf2-common.ko
  LD [M]  drivers/media/common/videobuf2/videobuf2-memops.ko
  LD [M]  drivers/media/common/videobuf2/videobuf2-v4l2.ko
  LD [M]  drivers/media/common/videobuf2/videobuf2-vmalloc.ko
  LD [M]  drivers/media/common/uvc.ko
  LD [M]  drivers/media/usb/s2255/s2255drv.ko
  LD [M]  drivers/media/usb/uvc/uvcvideo.ko
  LD [M]  drivers/media/mc/mc.ko
  LD [M]  drivers/media/v4l2-core/v4l2-async.ko
  LD [M]  drivers/media/v4l2-core/v4l2-flash-led-class.ko
  LD [M]  drivers/media/v4l2-core/v4l2loopback.ko
  LD [M]  drivers/media/v4l2-core/v4l2-dv-timings.ko
  LD [M]  drivers/media/v4l2-core/videodev.ko
  LD [M]  drivers/media/cec/core/cec.ko
  LD [M]  drivers/ptp/ptp.ko
  LD [M]  drivers/ptp/ptp_ines.ko
  LD [M]  drivers/ptp/ptp_vmclock.ko
  LD [M]  drivers/ptp/ptp_clockmatrix.ko
  LD [M]  drivers/ptp/ptp_fc3.ko
  LD [M]  drivers/ptp/ptp_idt82p33.ko
  LD [M]  drivers/ptp/ptp_mock.ko
  LD [M]  drivers/ptp/ptp_netc.ko
  LD [M]  drivers/power/supply/stc3117_fuel_gauge.ko
  LD [M]  drivers/power/supply/mm8013.ko
  LD [M]  drivers/hwmon/coretemp.ko
  LD [M]  drivers/hwmon/drivetemp.ko
  LD [M]  drivers/hwmon/k10temp.ko
  LD [M]  drivers/hwmon/max31827.ko
  LD [M]  drivers/hwmon/sht3x.ko
  LD [M]  drivers/hwmon/sht4x.ko
  LD [M]  drivers/hwmon/spd5118.ko
  LD [M]  drivers/hwmon/occ/occ-hwmon-common.ko
  LD [M]  drivers/hwmon/occ/occ-p8-hwmon.ko
  LD [M]  drivers/hwmon/pmbus/pmbus_core.ko
  LD [M]  drivers/thermal/intel/intel_powerclamp.ko
  LD [M]  drivers/thermal/intel/x86_pkg_temp_thermal.ko
  LD [M]  drivers/thermal/intel/intel_soc_dts_iosf.ko
  LD [M]  drivers/thermal/intel/intel_soc_dts_thermal.ko
  LD [M]  drivers/thermal/intel/int340x_thermal/int3400_thermal.ko
  LD [M]  drivers/thermal/intel/int340x_thermal/int340x_thermal_zone.ko
  LD [M]  drivers/thermal/intel/int340x_thermal/int3402_thermal.ko
  LD [M]  drivers/thermal/intel/int340x_thermal/int3403_thermal.ko
  LD [M]  drivers/thermal/intel/int340x_thermal/processor_thermal_device.ko
  LD [M]  drivers/thermal/intel/int340x_thermal/int3401_thermal.ko
  LD [M]  drivers/thermal/intel/int340x_thermal/processor_thermal_device_pci_legacy.ko
  LD [M]  drivers/thermal/intel/int340x_thermal/processor_thermal_device_pci.ko
  LD [M]  drivers/thermal/intel/int340x_thermal/processor_thermal_rapl.ko
  LD [M]  drivers/thermal/intel/int340x_thermal/processor_thermal_rfim.ko
  LD [M]  drivers/thermal/intel/int340x_thermal/platform_temperature_control.ko
  LD [M]  drivers/thermal/intel/int340x_thermal/processor_thermal_mbox.ko
  LD [M]  drivers/thermal/intel/int340x_thermal/processor_thermal_wt_req.ko
  LD [M]  drivers/thermal/intel/int340x_thermal/processor_thermal_wt_hint.ko
  LD [M]  drivers/thermal/intel/int340x_thermal/processor_thermal_power_floor.ko
  LD [M]  drivers/thermal/intel/int340x_thermal/processor_thermal_soc_slider.ko
  LD [M]  drivers/thermal/intel/int340x_thermal/int3406_thermal.ko
  LD [M]  drivers/thermal/intel/int340x_thermal/acpi_thermal_rel.ko
  LD [M]  drivers/thermal/intel/intel_pch_thermal.ko
  LD [M]  drivers/thermal/intel/intel_tcc_cooling.ko
  LD [M]  drivers/thermal/testing/thermal-testing.ko
  LD [M]  drivers/watchdog/pretimeout_noop.ko
  LD [M]  drivers/watchdog/iTCO_wdt.ko
  LD [M]  drivers/watchdog/softdog.ko
  LD [M]  drivers/md/raid1.ko
  LD [M]  drivers/md/raid10.ko
  LD [M]  drivers/md/raid456.ko
  LD [M]  drivers/md/md-mod.ko
  LD [M]  drivers/md/dm-mod.ko
  LD [M]  drivers/md/dm-bufio.ko
  LD [M]  drivers/md/dm-crypt.ko
  LD [M]  drivers/md/dm-snapshot.ko
  LD [M]  drivers/md/dm-ebs.ko
  LD [M]  drivers/cpufreq/acpi-cpufreq.ko
  LD [M]  drivers/firmware/efi/efibc.ko
  LD [M]  drivers/firmware/efi/capsule-loader.ko
  LD [M]  drivers/hid/uhid.ko
  LD [M]  drivers/hid/hid-axff.ko
  LD [M]  drivers/hid/hid-betopff.ko
  LD [M]  drivers/hid/hid-bigbenff.ko
  LD [M]  drivers/hid/hid-cp2112.ko
  LD [M]  drivers/hid/hid-dr.ko
  LD [M]  drivers/hid/hid-emsff.ko
  LD [M]  drivers/hid/hid-ft260.ko
  LD [M]  drivers/hid/hid-google-stadiaff.ko
  LD [M]  drivers/hid/hid-holtek-kbd.ko
  LD [M]  drivers/hid/hid-holtek-mouse.ko
  LD [M]  drivers/hid/hid-holtekff.ko
  LD [M]  drivers/hid/hid-jabra.ko
  LD [M]  drivers/hid/hid-logitech.ko
  LD [M]  drivers/hid/hid-lg-g15.ko
  LD [M]  drivers/hid/hid-logitech-hidpp.ko
  LD [M]  drivers/hid/hid-logitech-dj.ko
  LD [M]  drivers/hid/hid-mcp2200.ko
  LD [M]  drivers/hid/hid-mcp2221.ko
  LD [M]  drivers/hid/hid-mf.ko
  LD [M]  drivers/hid/hid-microsoft.ko
  LD [M]  drivers/hid/hid-multitouch.ko
  LD [M]  drivers/hid/hid-nintendo.ko
  LD [M]  drivers/hid/hid-pl.ko
  LD [M]  drivers/hid/hid-plantronics.ko
  LD [M]  drivers/hid/hid-playstation.ko
  LD [M]  drivers/hid/hid-sjoy.ko
  LD [M]  drivers/hid/hid-sony.ko
  LD [M]  drivers/hid/hid-steam.ko
  LD [M]  drivers/hid/hid-gaff.ko
  LD [M]  drivers/hid/hid-tmff.ko
  LD [M]  drivers/hid/hid-thrustmaster.ko
  LD [M]  drivers/hid/hid-u2fzero.ko
  LD [M]  drivers/hid/hid-uclogic.ko
  LD [M]  drivers/hid/hid-universal-pidff.ko
  LD [M]  drivers/hid/hid-led.ko
  LD [M]  drivers/hid/hid-zpff.ko
  LD [M]  drivers/hid/i2c-hid/i2c-hid.ko
  LD [M]  drivers/hid/i2c-hid/i2c-hid-acpi.ko
  LD [M]  drivers/platform/x86/hp/hp-wmi.ko
  LD [M]  drivers/platform/x86/hp/hp-bioscfg/hp-bioscfg.ko
  LD [M]  drivers/platform/x86/lenovo/ideapad-laptop.ko
  LD [M]  drivers/platform/x86/lenovo/thinkpad_acpi.ko
  LD [M]  drivers/platform/x86/intel/wmi/intel-wmi-thunderbolt.ko
  LD [M]  drivers/platform/x86/intel/pmc/intel_pmc_core.ko
  LD [M]  drivers/platform/x86/intel/pmc/intel_pmc_core_pltdrv.ko
  LD [M]  drivers/platform/x86/intel/pmc/intel_pmc_ssram_telemetry.ko
  LD [M]  drivers/platform/x86/intel/pmt/pmt_class.ko
  LD [M]  drivers/platform/x86/intel/pmt/pmt_telemetry.ko
  LD [M]  drivers/platform/x86/intel/pmt/pmt_crashlog.ko
  LD [M]  drivers/platform/x86/intel/pmt/pmt_discovery.ko
  LD [M]  drivers/platform/x86/intel/uncore-frequency/intel-uncore-frequency.ko
  LD [M]  drivers/platform/x86/intel/uncore-frequency/intel-uncore-frequency-common.ko
  LD [M]  drivers/platform/x86/intel/uncore-frequency/intel-uncore-frequency-tpmi.ko
  LD [M]  drivers/platform/x86/intel/intel-hid.ko
  LD [M]  drivers/platform/x86/intel/intel-vbtn.ko
  LD [M]  drivers/platform/x86/intel/intel-ehl_pse_io.ko
  LD [M]  drivers/platform/x86/intel/intel-vsec.ko
  LD [M]  drivers/platform/x86/intel/intel-punit_ipc.ko
  LD [M]  drivers/platform/x86/intel/intel-plr_tpmi.ko
  LD [M]  drivers/platform/x86/intel/intel-tpmi_power_domains.ko
  LD [M]  drivers/platform/x86/intel/intel-vsec_tpmi.ko
  LD [M]  drivers/platform/x86/intel/intel-rst.ko
  LD [M]  drivers/platform/x86/uniwill/uniwill-laptop.ko
  LD [M]  drivers/platform/x86/wmi-bmof.ko
  LD [M]  drivers/platform/x86/mxm-wmi.ko
  LD [M]  drivers/platform/x86/nvidia-wmi-ec-backlight.ko
  LD [M]  drivers/platform/x86/acer-wmi.ko
  LD [M]  drivers/platform/x86/asus-wmi.ko
  LD [M]  drivers/platform/x86/asus-nb-wmi.ko
  LD [M]  drivers/platform/x86/firmware_attributes_class.ko
  LD [M]  drivers/platform/x86/quickstart.ko
  LD [M]  drivers/platform/x86/msi-laptop.ko
  LD [M]  drivers/platform/x86/msi-wmi.ko
  LD [M]  drivers/platform/x86/samsung-laptop.ko
  LD [M]  drivers/platform/x86/toshiba-wmi.ko
  LD [M]  drivers/platform/x86/system76_acpi.ko
  LD [M]  drivers/platform/x86/intel_scu_pltdrv.ko
  LD [M]  drivers/platform/x86/intel_scu_ipcutil.ko
  LD [M]  drivers/platform/wmi/wmi.ko
  LD [M]  drivers/powercap/intel_rapl_common.ko
  LD [M]  drivers/powercap/intel_rapl_msr.ko
  LD [M]  drivers/powercap/intel_rapl_tpmi.ko
  LD [M]  drivers/perf/dwc_pcie_pmu.ko
  LD [M]  drivers/nvdimm/libnvdimm.ko
  LD [M]  drivers/pps/pps_core.ko
  LD [M]  drivers/w1/slaves/w1_ds2780.ko
  LD [M]  drivers/w1/slaves/w1_ds2781.ko
  LD [M]  drivers/w1/wire.ko
  LD [M]  drivers/bluetooth/hci_vhci.ko
  LD [M]  drivers/bluetooth/hci_uart.ko
  LD [M]  drivers/bluetooth/hci_bcm4377.ko
  LD [M]  drivers/bluetooth/bpa10x.ko
  LD [M]  drivers/bluetooth/bfusb.ko
  LD [M]  drivers/bluetooth/btusb.ko
  LD [M]  drivers/bluetooth/btintel.ko
  LD [M]  drivers/bluetooth/btbcm.ko
  LD [M]  drivers/bluetooth/btrtl.ko
  LD [M]  drivers/bluetooth/btqca.ko
  LD [M]  drivers/bluetooth/btmtk.ko
  LD [M]  drivers/bluetooth/virtio_bt.ko
  LD [M]  drivers/bluetooth/hci_nokia.ko
  LD [M]  drivers/dca/dca.ko
  LD [M]  drivers/soundwire/soundwire-bus.ko
  LD [M]  drivers/soundwire/soundwire-generic-allocation.ko
  LD [M]  drivers/soundwire/soundwire-cadence.ko
  LD [M]  drivers/soundwire/soundwire-intel.ko
  LD [M]  drivers/thunderbolt/thunderbolt.ko
  LD [M]  drivers/dibs/dibs.ko
  LD [M]  sound/soundcore.ko
  LD [M]  sound/core/snd.ko
  LD [M]  sound/core/snd-ctl-led.ko
  LD [M]  sound/core/snd-hwdep.ko
  LD [M]  sound/core/snd-timer.ko
  LD [M]  sound/core/snd-hrtimer.ko
  LD [M]  sound/core/snd-pcm.ko
  LD [M]  sound/core/snd-rawmidi.ko
  LD [M]  sound/core/snd-ump.ko
  LD [M]  sound/core/snd-compress.ko
  LD [M]  sound/drivers/snd-dummy.ko
  LD [M]  sound/drivers/snd-aloop.ko
  LD [M]  sound/drivers/snd-pcmtest.ko
  LD [M]  sound/drivers/snd-serial-u16550.ko
  LD [M]  sound/drivers/snd-mtpav.ko
  LD [M]  sound/drivers/mpu401/snd-mpu401-uart.ko
  LD [M]  sound/drivers/mpu401/snd-mpu401.ko
  LD [M]  sound/usb/snd-usb-audio.ko
  LD [M]  sound/usb/snd-usbmidi-lib.ko
  LD [M]  sound/usb/bcd2000/snd-bcd2000.ko
  LD [M]  sound/soc/snd-soc-acpi.ko
  LD [M]  sound/soc/snd-soc-core.ko
  LD [M]  sound/soc/codecs/snd-soc-aw88395-lib.ko
  LD [M]  sound/soc/codecs/snd-soc-aw88399.ko
  LD [M]  sound/soc/codecs/snd-soc-dmic.ko
  LD [M]  sound/soc/codecs/snd-soc-hdac-hda.ko
  LD [M]  sound/soc/codecs/snd-soc-hda-codec.ko
  LD [M]  sound/soc/codecs/snd-soc-max98390.ko
  LD [M]  sound/soc/codecs/snd-soc-pcm512x.ko
  LD [M]  sound/soc/codecs/snd-soc-pcm512x-i2c.ko
  LD [M]  sound/soc/codecs/snd-soc-pcm512x-spi.ko
  LD [M]  sound/soc/generic/snd-soc-simple-card-utils.ko
  LD [M]  sound/soc/generic/snd-soc-simple-card.ko
  LD [M]  sound/soc/intel/common/snd-soc-acpi-intel-match.ko
  LD [M]  sound/soc/intel/common/snd-soc-acpi-intel-sdca-quirks.ko
  LD [M]  sound/soc/intel/avs/snd-soc-avs.ko
  LD [M]  sound/soc/intel/avs/boards/snd-soc-avs-dmic.ko
  LD [M]  sound/soc/intel/avs/boards/snd-soc-avs-hdaudio.ko
  LD [M]  sound/soc/intel/boards/snd-soc-skl_hda_dsp.ko
  LD [M]  sound/soc/intel/boards/snd-soc-intel-hda-dsp-common.ko
  LD [M]  sound/soc/intel/boards/snd-soc-intel-sof-board-helpers.ko
  LD [M]  sound/soc/sdca/snd-soc-sdca.ko
  LD [M]  sound/soc/sdca/snd-soc-sdca-class.ko
  LD [M]  sound/soc/sdca/snd-soc-sdca-class-function.ko
  LD [M]  sound/soc/sof/intel/snd-sof-intel-hda-common.ko
  LD [M]  sound/soc/sof/intel/snd-sof-intel-hda-generic.ko
  LD [M]  sound/soc/sof/intel/snd-sof-intel-hda-mlink.ko
  LD [M]  sound/soc/sof/intel/snd-sof-intel-hda.ko
  LD [M]  sound/soc/sof/intel/snd-sof-pci-intel-cnl.ko
  LD [M]  sound/soc/sof/intel/snd-sof-pci-intel-tgl.ko
  LD [M]  sound/soc/sof/snd-sof.ko
  LD [M]  sound/soc/sof/snd-sof-utils.ko
  LD [M]  sound/soc/sof/snd-sof-pci.ko
  LD [M]  sound/soc/sof/snd-sof-probes.ko
  LD [M]  sound/soc/sof/xtensa/snd-sof-xtensa-dsp.ko
  LD [M]  sound/soc/sdw_utils/snd-soc-sdw-utils.ko
  LD [M]  sound/hda/core/snd-hda-core.ko
  LD [M]  sound/hda/core/snd-intel-dspcfg.ko
  LD [M]  sound/hda/core/ext/snd-hda-ext-core.ko
  LD [M]  sound/hda/core/snd-intel-sdw-acpi.ko
  LD [M]  sound/hda/common/snd-hda-codec.ko
  LD [M]  sound/hda/codecs/cirrus/snd-hda-codec-cs420x.ko
  LD [M]  sound/hda/codecs/cirrus/snd-hda-codec-cs421x.ko
  LD [M]  sound/hda/codecs/cirrus/snd-hda-codec-cs8409.ko
  LD [M]  sound/hda/codecs/hdmi/snd-hda-codec-hdmi.ko
  LD [M]  sound/hda/codecs/hdmi/snd-hda-codec-simplehdmi.ko
  LD [M]  sound/hda/codecs/hdmi/snd-hda-codec-intelhdmi.ko
  LD [M]  sound/hda/codecs/hdmi/snd-hda-codec-atihdmi.ko
  LD [M]  sound/hda/codecs/hdmi/snd-hda-codec-nvhdmi.ko
  LD [M]  sound/hda/codecs/hdmi/snd-hda-codec-nvhdmi-mcp.ko
  LD [M]  sound/hda/codecs/hdmi/snd-hda-codec-tegrahdmi.ko
  LD [M]  sound/hda/codecs/realtek/snd-hda-codec-realtek-lib.ko
  LD [M]  sound/hda/codecs/realtek/snd-hda-codec-alc260.ko
  LD [M]  sound/hda/codecs/realtek/snd-hda-codec-alc262.ko
  LD [M]  sound/hda/codecs/realtek/snd-hda-codec-alc268.ko
  LD [M]  sound/hda/codecs/realtek/snd-hda-codec-alc269.ko
  LD [M]  sound/hda/codecs/realtek/snd-hda-codec-alc662.ko
  LD [M]  sound/hda/codecs/realtek/snd-hda-codec-alc680.ko
  LD [M]  sound/hda/codecs/realtek/snd-hda-codec-alc861.ko
  LD [M]  sound/hda/codecs/realtek/snd-hda-codec-alc861vd.ko
  LD [M]  sound/hda/codecs/realtek/snd-hda-codec-alc880.ko
  LD [M]  sound/hda/codecs/realtek/snd-hda-codec-alc882.ko
  LD [M]  sound/hda/codecs/side-codecs/snd-hda-scodec-component.ko
  LD [M]  sound/hda/codecs/side-codecs/snd-hda-scodec-max98390.ko
  LD [M]  sound/hda/codecs/side-codecs/snd-hda-scodec-max98390-i2c.ko
  LD [M]  sound/hda/codecs/side-codecs/snd-hda-scodec-aw88399.ko
  LD [M]  sound/hda/codecs/snd-hda-codec-generic.ko
  LD [M]  sound/hda/codecs/side-codecs/snd-hda-scodec-aw88399-i2c.ko
  LD [M]  sound/hda/codecs/snd-hda-codec-cmedia.ko
  LD [M]  sound/hda/codecs/snd-hda-codec-cm9825.ko
  LD [M]  sound/hda/codecs/snd-hda-codec-analog.ko
  LD [M]  sound/hda/codecs/snd-hda-codec-ca0110.ko
  LD [M]  sound/hda/codecs/snd-hda-codec-ca0132.ko
  LD [M]  sound/hda/codecs/snd-hda-codec-conexant.ko
  LD [M]  sound/hda/codecs/snd-hda-codec-idt.ko
  LD [M]  sound/hda/codecs/snd-hda-codec-senarytech.ko
  LD [M]  sound/hda/codecs/snd-hda-codec-si3054.ko
  LD [M]  sound/hda/codecs/snd-hda-codec-via.ko
  LD [M]  sound/hda/controllers/snd-hda-intel.ko
  LD [M]  sound/hda/controllers/snd-hda-acpi.ko
  LD [M]  net/core/selftests.ko
  LD [M]  net/core/pktgen.ko
  LD [M]  net/core/failover.ko
  LD [M]  net/802/psnap.ko
  LD [M]  net/802/stp.ko
  LD [M]  net/802/garp.ko
  LD [M]  net/802/mrp.ko
  LD [M]  net/netlink/netlink_diag.ko
  LD [M]  net/netfilter/nfnetlink.ko
  LD [M]  net/netfilter/nfnetlink_acct.ko
  LD [M]  net/netfilter/nfnetlink_queue.ko
  LD [M]  net/netfilter/nfnetlink_log.ko
  LD [M]  net/netfilter/nfnetlink_osf.ko
  LD [M]  net/netfilter/nfnetlink_hook.ko
  LD [M]  net/netfilter/nf_conntrack.ko
  LD [M]  net/netfilter/nf_conntrack_netlink.ko
  LD [M]  net/netfilter/nfnetlink_cttimeout.ko
  LD [M]  net/netfilter/nfnetlink_cthelper.ko
  LD [M]  net/netfilter/nf_conntrack_amanda.ko
  LD [M]  net/netfilter/nf_conntrack_ftp.ko
  LD [M]  net/netfilter/nf_conntrack_h323.ko
  LD [M]  net/netfilter/nf_conntrack_irc.ko
  LD [M]  net/netfilter/nf_conntrack_broadcast.ko
  LD [M]  net/netfilter/nf_conntrack_netbios_ns.ko
  LD [M]  net/netfilter/nf_conntrack_snmp.ko
  LD [M]  net/netfilter/nf_conntrack_pptp.ko
  LD [M]  net/netfilter/nf_conntrack_sane.ko
  LD [M]  net/netfilter/nf_conntrack_sip.ko
  LD [M]  net/netfilter/nf_conntrack_tftp.ko
  LD [M]  net/netfilter/nf_log_syslog.ko
  LD [M]  net/netfilter/nf_nat.ko
  LD [M]  net/netfilter/nf_nat_amanda.ko
  LD [M]  net/netfilter/nf_nat_ftp.ko
  LD [M]  net/netfilter/nf_nat_irc.ko
  LD [M]  net/netfilter/nf_nat_sip.ko
  LD [M]  net/netfilter/nf_nat_tftp.ko
  LD [M]  net/netfilter/nf_synproxy_core.ko
  LD [M]  net/netfilter/nf_conncount.ko
  LD [M]  net/netfilter/nf_dup_netdev.ko
  LD [M]  net/netfilter/nf_tables.ko
  LD [M]  net/netfilter/nft_compat.ko
  LD [M]  net/netfilter/nft_connlimit.ko
  LD [M]  net/netfilter/nft_numgen.ko
  LD [M]  net/netfilter/nft_ct.ko
  LD [M]  net/netfilter/nft_flow_offload.ko
  LD [M]  net/netfilter/nft_limit.ko
  LD [M]  net/netfilter/nft_nat.ko
  LD [M]  net/netfilter/nft_queue.ko
  LD [M]  net/netfilter/nft_quota.ko
  LD [M]  net/netfilter/nft_reject.ko
  LD [M]  net/netfilter/nft_reject_inet.ko
  LD [M]  net/netfilter/nft_reject_netdev.ko
  LD [M]  net/netfilter/nft_tunnel.ko
  LD [M]  net/netfilter/nft_log.ko
  LD [M]  net/netfilter/nft_masq.ko
  LD [M]  net/netfilter/nft_redir.ko
  LD [M]  net/netfilter/nft_hash.ko
  LD [M]  net/netfilter/nft_fib.ko
  LD [M]  net/netfilter/nft_fib_inet.ko
  LD [M]  net/netfilter/nft_fib_netdev.ko
  LD [M]  net/netfilter/nft_socket.ko
  LD [M]  net/netfilter/nft_osf.ko
  LD [M]  net/netfilter/nft_tproxy.ko
  LD [M]  net/netfilter/nft_xfrm.ko
  LD [M]  net/netfilter/nft_synproxy.ko
  LD [M]  net/netfilter/nft_chain_nat.ko
  LD [M]  net/netfilter/nft_dup_netdev.ko
  LD [M]  net/netfilter/nft_fwd_netdev.ko
  LD [M]  net/netfilter/nf_flow_table.ko
  LD [M]  net/netfilter/nf_flow_table_inet.ko
  LD [M]  net/netfilter/x_tables.ko
  LD [M]  net/netfilter/xt_tcpudp.ko
  LD [M]  net/netfilter/xt_mark.ko
  LD [M]  net/netfilter/xt_connmark.ko
  LD [M]  net/netfilter/xt_set.ko
  LD [M]  net/netfilter/xt_nat.ko
  LD [M]  net/netfilter/xt_CHECKSUM.ko
  LD [M]  net/netfilter/xt_CLASSIFY.ko
  LD [M]  net/netfilter/xt_CT.ko
  LD [M]  net/netfilter/xt_DSCP.ko
  LD [M]  net/netfilter/xt_HL.ko
  LD [M]  net/netfilter/xt_HMARK.ko
  LD [M]  net/netfilter/xt_LED.ko
  LD [M]  net/netfilter/xt_LOG.ko
  LD [M]  net/netfilter/xt_NETMAP.ko
  LD [M]  net/netfilter/xt_NFLOG.ko
  LD [M]  net/netfilter/xt_NFQUEUE.ko
  LD [M]  net/netfilter/xt_RATEEST.ko
  LD [M]  net/netfilter/xt_REDIRECT.ko
  LD [M]  net/netfilter/xt_MASQUERADE.ko
  LD [M]  net/netfilter/xt_TPROXY.ko
  LD [M]  net/netfilter/xt_TCPMSS.ko
  LD [M]  net/netfilter/xt_TCPOPTSTRIP.ko
  LD [M]  net/netfilter/xt_TEE.ko
  LD [M]  net/netfilter/xt_TRACE.ko
  LD [M]  net/netfilter/xt_IDLETIMER.ko
  LD [M]  net/netfilter/xt_addrtype.ko
  LD [M]  net/netfilter/xt_bpf.ko
  LD [M]  net/netfilter/xt_cluster.ko
  LD [M]  net/netfilter/xt_comment.ko
  LD [M]  net/netfilter/xt_connbytes.ko
  LD [M]  net/netfilter/xt_connlabel.ko
  LD [M]  net/netfilter/xt_connlimit.ko
  LD [M]  net/netfilter/xt_conntrack.ko
  LD [M]  net/netfilter/xt_cpu.ko
  LD [M]  net/netfilter/xt_dccp.ko
  LD [M]  net/netfilter/xt_devgroup.ko
  LD [M]  net/netfilter/xt_dscp.ko
  LD [M]  net/netfilter/xt_ecn.ko
  LD [M]  net/netfilter/xt_esp.ko
  LD [M]  net/netfilter/xt_hashlimit.ko
  LD [M]  net/netfilter/xt_helper.ko
  LD [M]  net/netfilter/xt_hl.ko
  LD [M]  net/netfilter/xt_ipcomp.ko
  LD [M]  net/netfilter/xt_iprange.ko
  LD [M]  net/netfilter/xt_l2tp.ko
  LD [M]  net/netfilter/xt_length.ko
  LD [M]  net/netfilter/xt_limit.ko
  LD [M]  net/netfilter/xt_mac.ko
  LD [M]  net/netfilter/xt_nfacct.ko
  LD [M]  net/netfilter/xt_multiport.ko
  LD [M]  net/netfilter/xt_osf.ko
  LD [M]  net/netfilter/xt_owner.ko
  LD [M]  net/netfilter/xt_cgroup.ko
  LD [M]  net/netfilter/xt_physdev.ko
  LD [M]  net/netfilter/xt_pkttype.ko
  LD [M]  net/netfilter/xt_policy.ko
  LD [M]  net/netfilter/xt_quota.ko
  LD [M]  net/netfilter/xt_rateest.ko
  LD [M]  net/netfilter/xt_realm.ko
  LD [M]  net/netfilter/xt_recent.ko
  LD [M]  net/netfilter/xt_sctp.ko
  LD [M]  net/netfilter/xt_socket.ko
  LD [M]  net/netfilter/xt_state.ko
  LD [M]  net/netfilter/xt_statistic.ko
  LD [M]  net/netfilter/xt_string.ko
  LD [M]  net/netfilter/xt_tcpmss.ko
  LD [M]  net/netfilter/xt_time.ko
  LD [M]  net/netfilter/xt_u32.ko
  LD [M]  net/netfilter/ipset/ip_set.ko
  LD [M]  net/netfilter/ipset/ip_set_bitmap_ip.ko
  LD [M]  net/netfilter/ipset/ip_set_bitmap_ipmac.ko
  LD [M]  net/netfilter/ipset/ip_set_bitmap_port.ko
  LD [M]  net/netfilter/ipset/ip_set_hash_ip.ko
  LD [M]  net/netfilter/ipset/ip_set_hash_ipmac.ko
  LD [M]  net/netfilter/ipset/ip_set_hash_ipmark.ko
  LD [M]  net/netfilter/ipset/ip_set_hash_ipport.ko
  LD [M]  net/netfilter/ipset/ip_set_hash_ipportip.ko
  LD [M]  net/netfilter/ipset/ip_set_hash_ipportnet.ko
  LD [M]  net/netfilter/ipset/ip_set_hash_mac.ko
  LD [M]  net/netfilter/ipset/ip_set_hash_net.ko
  LD [M]  net/netfilter/ipset/ip_set_hash_netport.ko
  LD [M]  net/netfilter/ipset/ip_set_hash_netiface.ko
  LD [M]  net/netfilter/ipset/ip_set_hash_netnet.ko
  LD [M]  net/netfilter/ipset/ip_set_hash_netportnet.ko
  LD [M]  net/netfilter/ipset/ip_set_list_set.ko
  LD [M]  net/ipv4/netfilter/nf_defrag_ipv4.ko
  LD [M]  net/ipv4/netfilter/nf_socket_ipv4.ko
  LD [M]  net/ipv4/netfilter/nf_tproxy_ipv4.ko
  LD [M]  net/ipv4/netfilter/nf_nat_h323.ko
  LD [M]  net/ipv4/netfilter/nf_nat_pptp.ko
  LD [M]  net/ipv4/netfilter/nf_reject_ipv4.ko
  LD [M]  net/ipv4/netfilter/nf_nat_snmp_basic.ko
  LD [M]  net/ipv4/netfilter/nft_reject_ipv4.ko
  LD [M]  net/ipv4/netfilter/nft_fib_ipv4.ko
  LD [M]  net/ipv4/netfilter/nft_dup_ipv4.ko
  LD [M]  net/ipv4/netfilter/ip_tables.ko
  LD [M]  net/ipv4/netfilter/iptable_filter.ko
  LD [M]  net/ipv4/netfilter/iptable_mangle.ko
  LD [M]  net/ipv4/netfilter/iptable_nat.ko
  LD [M]  net/ipv4/netfilter/iptable_raw.ko
  LD [M]  net/ipv4/netfilter/iptable_security.ko
  LD [M]  net/ipv4/netfilter/ipt_ah.ko
  LD [M]  net/ipv4/netfilter/ipt_rpfilter.ko
  LD [M]  net/ipv4/netfilter/ipt_ECN.ko
  LD [M]  net/ipv4/netfilter/ipt_REJECT.ko
  LD [M]  net/ipv4/netfilter/ipt_SYNPROXY.ko
  LD [M]  net/ipv4/netfilter/arp_tables.ko
  LD [M]  net/ipv4/netfilter/arpt_mangle.ko
  LD [M]  net/ipv4/netfilter/arptable_filter.ko
  LD [M]  net/ipv4/netfilter/nf_dup_ipv4.ko
  LD [M]  net/ipv4/ip_tunnel.ko
  LD [M]  net/ipv4/ipip.ko
  LD [M]  net/ipv4/fou.ko
  LD [M]  net/ipv4/gre.ko
  LD [M]  net/ipv4/ip_gre.ko
  LD [M]  net/ipv4/udp_tunnel.ko
  LD [M]  net/ipv4/ip_vti.ko
  LD [M]  net/ipv4/ah4.ko
  LD [M]  net/ipv4/esp4.ko
  LD [M]  net/ipv4/esp4_offload.ko
  LD [M]  net/ipv4/ipcomp.ko
  LD [M]  net/ipv4/xfrm4_tunnel.ko
  LD [M]  net/ipv4/tunnel4.ko
  LD [M]  net/ipv4/inet_diag.ko
  LD [M]  net/ipv4/tcp_diag.ko
  LD [M]  net/ipv4/udp_diag.ko
  LD [M]  net/ipv4/raw_diag.ko
  LD [M]  net/ipv4/tcp_bbr.ko
  LD [M]  net/ipv4/tcp_bbr3.ko
  LD [M]  net/ipv4/tcp_bic.ko
  LD [M]  net/ipv4/tcp_cdg.ko
  LD [M]  net/ipv4/tcp_dctcp.ko
  LD [M]  net/ipv4/tcp_westwood.ko
  LD [M]  net/ipv4/tcp_highspeed.ko
  LD [M]  net/ipv4/tcp_hybla.ko
  LD [M]  net/ipv4/tcp_htcp.ko
  LD [M]  net/ipv4/tcp_vegas.ko
  LD [M]  net/ipv4/tcp_nv.ko
  LD [M]  net/ipv4/tcp_veno.ko
  LD [M]  net/ipv4/tcp_scalable.ko
  LD [M]  net/ipv4/tcp_lp.ko
  LD [M]  net/ipv4/tcp_yeah.ko
  LD [M]  net/ipv4/tcp_illinois.ko
  LD [M]  net/xfrm/xfrm_algo.ko
  LD [M]  net/xfrm/xfrm_ipcomp.ko
  LD [M]  net/xfrm/xfrm_iptfs.ko
  LD [M]  net/unix/unix_diag.ko
  LD [M]  net/ipv6/netfilter/ip6_tables.ko
  LD [M]  net/ipv6/netfilter/ip6table_filter.ko
  LD [M]  net/ipv6/netfilter/ip6table_mangle.ko
  LD [M]  net/ipv6/netfilter/ip6table_raw.ko
  LD [M]  net/ipv6/netfilter/ip6table_security.ko
  LD [M]  net/ipv6/netfilter/ip6table_nat.ko
  LD [M]  net/ipv6/netfilter/nf_defrag_ipv6.ko
  LD [M]  net/ipv6/netfilter/nf_socket_ipv6.ko
  LD [M]  net/ipv6/netfilter/nf_tproxy_ipv6.ko
  LD [M]  net/ipv6/netfilter/nf_reject_ipv6.ko
  LD [M]  net/ipv6/netfilter/nf_dup_ipv6.ko
  LD [M]  net/ipv6/netfilter/nft_reject_ipv6.ko
  LD [M]  net/ipv6/netfilter/nft_dup_ipv6.ko
  LD [M]  net/ipv6/netfilter/nft_fib_ipv6.ko
  LD [M]  net/ipv6/netfilter/ip6t_ah.ko
  LD [M]  net/ipv6/netfilter/ip6t_eui64.ko
  LD [M]  net/ipv6/netfilter/ip6t_frag.ko
  LD [M]  net/ipv6/netfilter/ip6t_ipv6header.ko
  LD [M]  net/ipv6/netfilter/ip6t_mh.ko
  LD [M]  net/ipv6/netfilter/ip6t_hbh.ko
  LD [M]  net/ipv6/netfilter/ip6t_rpfilter.ko
  LD [M]  net/ipv6/netfilter/ip6t_rt.ko
  LD [M]  net/ipv6/netfilter/ip6t_srh.ko
  LD [M]  net/ipv6/netfilter/ip6t_NPT.ko
  LD [M]  net/ipv6/netfilter/ip6t_REJECT.ko
  LD [M]  net/ipv6/netfilter/ip6t_SYNPROXY.ko
  LD [M]  net/ipv6/ah6.ko
  LD [M]  net/ipv6/esp6.ko
  LD [M]  net/ipv6/esp6_offload.ko
  LD [M]  net/ipv6/ipcomp6.ko
  LD [M]  net/ipv6/xfrm6_tunnel.ko
  LD [M]  net/ipv6/tunnel6.ko
  LD [M]  net/ipv6/mip6.ko
  LD [M]  net/ipv6/ila/ila.ko
  LD [M]  net/ipv6/ip6_vti.ko
  LD [M]  net/ipv6/sit.ko
  LD [M]  net/ipv6/ip6_tunnel.ko
  LD [M]  net/ipv6/ip6_gre.ko
  LD [M]  net/ipv6/fou6.ko
  LD [M]  net/ipv6/ip6_udp_tunnel.ko
  LD [M]  net/packet/af_packet_diag.ko
  LD [M]  net/8021q/8021q.ko
  LD [M]  net/wireless/cfg80211.ko
  LD [M]  net/xdp/xsk_diag.ko
  LD [M]  net/llc/llc.ko
  LD [M]  net/tls/tls.ko
  LD [M]  net/key/af_key.ko
  LD [M]  net/bridge/netfilter/nft_meta_bridge.ko
  LD [M]  net/bridge/netfilter/nft_reject_bridge.ko
  LD [M]  net/bridge/netfilter/nf_conntrack_bridge.ko
  LD [M]  net/bridge/netfilter/ebtables.ko
  LD [M]  net/bridge/netfilter/ebtable_broute.ko
  LD [M]  net/bridge/netfilter/ebtable_filter.ko
  LD [M]  net/bridge/netfilter/ebtable_nat.ko
  LD [M]  net/bridge/netfilter/ebt_802_3.ko
  LD [M]  net/bridge/netfilter/ebt_among.ko
  LD [M]  net/bridge/netfilter/ebt_arp.ko
  LD [M]  net/bridge/netfilter/ebt_ip.ko
  LD [M]  net/bridge/netfilter/ebt_ip6.ko
  LD [M]  net/bridge/netfilter/ebt_limit.ko
  LD [M]  net/bridge/netfilter/ebt_mark_m.ko
  LD [M]  net/bridge/netfilter/ebt_pkttype.ko
  LD [M]  net/bridge/netfilter/ebt_stp.ko
  LD [M]  net/bridge/netfilter/ebt_arpreply.ko
  LD [M]  net/bridge/netfilter/ebt_vlan.ko
  LD [M]  net/bridge/netfilter/ebt_mark.ko
  LD [M]  net/bridge/netfilter/ebt_dnat.ko
  LD [M]  net/bridge/netfilter/ebt_redirect.ko
  LD [M]  net/bridge/netfilter/ebt_snat.ko
  LD [M]  net/bridge/netfilter/ebt_log.ko
  LD [M]  net/bridge/netfilter/ebt_nflog.ko
  LD [M]  net/bridge/bridge.ko
  LD [M]  net/bridge/br_netfilter.ko
  LD [M]  net/appletalk/appletalk.ko
  LD [M]  net/bluetooth/bluetooth.ko
  LD [M]  net/bluetooth/rfcomm/rfcomm.ko
  LD [M]  net/bluetooth/bnep/bnep.ko
  LD [M]  net/bluetooth/hidp/hidp.ko
  LD [M]  net/mac80211/mac80211.ko
  LD [M]  net/rfkill/rfkill.ko
  LD [M]  net/rfkill/rfkill-gpio.ko
  LD [M]  net/dns_resolver/dns_resolver.ko
  LD [M]  net/psample/psample.ko
  LD [M]  net/vmw_vsock/vsock.ko
  LD [M]  net/vmw_vsock/vsock_diag.ko
  LD [M]  net/vmw_vsock/vsock_loopback.ko
  LD [M]  net/vmw_vsock/vmw_vsock_virtio_transport_common.ko
  LD [M]  net/nsh/nsh.ko
  LD [M]  net/qrtr/qrtr.ko
  LD [M]  net/qrtr/qrtr-tun.ko
  LD [M]  net/qrtr/qrtr-mhi.ko
  MKPIGGY arch/x86/boot/compressed/piggy.S
  AS      arch/x86/boot/compressed/piggy.o
  LD      arch/x86/boot/compressed/vmlinux
  ZOFFSET arch/x86/boot/zoffset.h
  OBJCOPY arch/x86/boot/vmlinux.bin
  AS      arch/x86/boot/header.o
  LD      arch/x86/boot/setup.elf
  OBJCOPY arch/x86/boot/setup.bin
  BUILD   arch/x86/boot/bzImage
Kernel: arch/x86/boot/bzImage is ready  (#3)
