  SYNC    include/config/auto.conf
  GEN     arch/x86/include/generated/asm/orc_hash.h
  WRAP    arch/x86/include/generated/uapi/asm/bpf_perf_event.h
  WRAP    arch/x86/include/generated/uapi/asm/errno.h
  WRAP    arch/x86/include/generated/uapi/asm/fcntl.h
  WRAP    arch/x86/include/generated/uapi/asm/ioctl.h
  WRAP    arch/x86/include/generated/uapi/asm/ioctls.h
  SYSHDR  arch/x86/include/generated/uapi/asm/unistd_32.h
  UPD     include/generated/uapi/linux/version.h
  WRAP    arch/x86/include/generated/uapi/asm/ipcbuf.h
  WRAP    arch/x86/include/generated/uapi/asm/param.h
  WRAP    arch/x86/include/generated/uapi/asm/poll.h
  WRAP    arch/x86/include/generated/uapi/asm/resource.h
  SYSHDR  arch/x86/include/generated/uapi/asm/unistd_64.h
  UPD     include/config/kernel.release
  SYSHDR  arch/x86/include/generated/uapi/asm/unistd_x32.h
  HOSTCC  arch/x86/tools/relocs_32.o
  UPD     arch/x86/include/generated/asm/cpufeaturemasks.h
  WRAP    arch/x86/include/generated/uapi/asm/socket.h
  UPD     include/generated/compile.h
  WRAP    arch/x86/include/generated/uapi/asm/sockios.h
  HOSTCC  arch/x86/tools/relocs_64.o
  WRAP    arch/x86/include/generated/uapi/asm/termbits.h
  WRAP    arch/x86/include/generated/uapi/asm/termios.h
  SYSTBL  arch/x86/include/generated/asm/syscalls_32.h
  WRAP    arch/x86/include/generated/uapi/asm/types.h
  HOSTCC  arch/x86/tools/relocs_common.o
  SYSHDR  arch/x86/include/generated/asm/unistd_32_ia32.h
  UPD     include/generated/utsrelease.h
  SYSHDR  arch/x86/include/generated/asm/unistd_64_x32.h
  SYSTBL  arch/x86/include/generated/asm/syscalls_64.h
  HOSTCC  arch/x86/tools/vdso2c
  DESCEND objtool
  WRAP    arch/x86/include/generated/asm/early_ioremap.h
  WRAP    arch/x86/include/generated/asm/fprobe.h
  WRAP    arch/x86/include/generated/asm/mcs_spinlock.h
  WRAP    arch/x86/include/generated/asm/mmzone.h
  HOSTCC  scripts/kallsyms
  WRAP    arch/x86/include/generated/asm/ring_buffer.h
  WRAP    arch/x86/include/generated/asm/irq_regs.h
  WRAP    arch/x86/include/generated/asm/kmap_size.h
  WRAP    arch/x86/include/generated/asm/local64.h
  WRAP    arch/x86/include/generated/asm/mmiowb.h
  WRAP    arch/x86/include/generated/asm/module.lds.h
  WRAP    arch/x86/include/generated/asm/rwonce.h
  HOSTCC  scripts/sorttable.o
  HOSTCC  scripts/elf-parse.o
  HOSTCC  scripts/asn1_compiler
  HOSTLD  arch/x86/tools/relocs
  HOSTLD  scripts/sorttable
  CC      scripts/mod/empty.o
  HOSTCC  scripts/mod/mk_elfconfig
  CC      scripts/mod/devicetable-offsets.s
  MKELF   scripts/mod/elfconfig.h
  UPD     scripts/mod/devicetable-offsets.h
  HOSTCC  scripts/mod/modpost.o
  HOSTCC  scripts/mod/sumversion.o
  HOSTCC  scripts/mod/symsearch.o
  HOSTCC  scripts/mod/file2alias.o
  INSTALL /usr/src/linux-7.1.8-cachyos1/tools/objtool/libsubcmd/include/subcmd/exec-cmd.h
  INSTALL /usr/src/linux-7.1.8-cachyos1/tools/objtool/libsubcmd/include/subcmd/help.h
  INSTALL /usr/src/linux-7.1.8-cachyos1/tools/objtool/libsubcmd/include/subcmd/pager.h
  INSTALL /usr/src/linux-7.1.8-cachyos1/tools/objtool/libsubcmd/include/subcmd/parse-options.h
  INSTALL /usr/src/linux-7.1.8-cachyos1/tools/objtool/libsubcmd/include/subcmd/run-command.h
  INSTALL libsubcmd_headers
  CC      /usr/src/linux-7.1.8-cachyos1/tools/objtool/libsubcmd/exec-cmd.o
  CC      /usr/src/linux-7.1.8-cachyos1/tools/objtool/libsubcmd/help.o
  CC      /usr/src/linux-7.1.8-cachyos1/tools/objtool/libsubcmd/pager.o
  CC      /usr/src/linux-7.1.8-cachyos1/tools/objtool/libsubcmd/parse-options.o
  CC      /usr/src/linux-7.1.8-cachyos1/tools/objtool/libsubcmd/run-command.o
  CC      /usr/src/linux-7.1.8-cachyos1/tools/objtool/libsubcmd/sigchain.o
  CC      /usr/src/linux-7.1.8-cachyos1/tools/objtool/libsubcmd/subcmd-config.o
  LD      /usr/src/linux-7.1.8-cachyos1/tools/objtool/libsubcmd/libsubcmd-in.o
  AR      /usr/src/linux-7.1.8-cachyos1/tools/objtool/libsubcmd/libsubcmd.a
  CC      /usr/src/linux-7.1.8-cachyos1/tools/objtool/weak.o
  CC      /usr/src/linux-7.1.8-cachyos1/tools/objtool/check.o
  CC      /usr/src/linux-7.1.8-cachyos1/tools/objtool/special.o
  MKDIR   /usr/src/linux-7.1.8-cachyos1/tools/objtool/arch/x86/lib/
  CC      /usr/src/linux-7.1.8-cachyos1/tools/objtool/arch/x86/orc.o
  MKDIR   /usr/src/linux-7.1.8-cachyos1/tools/objtool/arch/x86/lib/
  CC      /usr/src/linux-7.1.8-cachyos1/tools/objtool/builtin-check.o
  GEN     /usr/src/linux-7.1.8-cachyos1/tools/objtool/arch/x86/lib/inat-tables.c
  GEN     /usr/src/linux-7.1.8-cachyos1/tools/objtool/arch/x86/lib/cpu-feature-names.c
  CC      /usr/src/linux-7.1.8-cachyos1/tools/objtool/elf.o
  CC      /usr/src/linux-7.1.8-cachyos1/tools/objtool/objtool.o
  CC      /usr/src/linux-7.1.8-cachyos1/tools/objtool/disas.o
  CC      /usr/src/linux-7.1.8-cachyos1/tools/objtool/arch/x86/special.o
  HOSTLD  scripts/mod/modpost
  CC      /usr/src/linux-7.1.8-cachyos1/tools/objtool/arch/x86/decode.o
  CC      kernel/bounds.s
  CHKSHA1 include/linux/atomic/atomic-arch-fallback.h
  UPD     include/generated/timeconst.h
  CC      /usr/src/linux-7.1.8-cachyos1/tools/objtool/trace.o
  CHKSHA1 include/linux/atomic/atomic-instrumented.h
  CC      /usr/src/linux-7.1.8-cachyos1/tools/objtool/orc_gen.o
  CHKSHA1 include/linux/atomic/atomic-long.h
  CC      /usr/src/linux-7.1.8-cachyos1/tools/objtool/orc_dump.o
  UPD     include/generated/bounds.h
  CC      arch/x86/kernel/asm-offsets.s
  CC      /usr/src/linux-7.1.8-cachyos1/tools/objtool/builtin-klp.o
  CC      /usr/src/linux-7.1.8-cachyos1/tools/objtool/klp-diff.o
  CC      /usr/src/linux-7.1.8-cachyos1/tools/objtool/klp-post-link.o
  CC      /usr/src/linux-7.1.8-cachyos1/tools/objtool/libstring.o
  CC      /usr/src/linux-7.1.8-cachyos1/tools/objtool/libctype.o
  CC      /usr/src/linux-7.1.8-cachyos1/tools/objtool/str_error_r.o
  CC      /usr/src/linux-7.1.8-cachyos1/tools/objtool/librbtree.o
  CC      /usr/src/linux-7.1.8-cachyos1/tools/objtool/signal.o
  LD      /usr/src/linux-7.1.8-cachyos1/tools/objtool/arch/x86/objtool-in.o
  UPD     include/generated/asm-offsets.h
  CC      kernel/sched/rq-offsets.s
  LD      /usr/src/linux-7.1.8-cachyos1/tools/objtool/objtool-in.o
  LINK    /usr/src/linux-7.1.8-cachyos1/tools/objtool/objtool
  UPD     include/generated/rq-offsets.h
  CALL    scripts/checksyscalls.sh 
  LDS     scripts/module.lds
  CC      init/main.o
  AR      certs/built-in.a
  HOSTCC  usr/gen_init_cpio
  CC      mm/filemap.o
  AS      arch/x86/boot/startup/efi-mixed.o
  CC      ipc/compat.o
  CC      ipc/util.o
  CC      fs/open.o
  CC      kernel/fork.o
  CC      security/keys/gc.o
  AS      arch/x86/boot/startup/la57toggle.o
  CC      arch/x86/boot/startup/gdt_idt.o
  GEN     usr/initramfs_data.cpio
  COPY    usr/initramfs_inc_data
  AS      usr/initramfs_data.o
  AR      usr/built-in.a
  CC      arch/x86/boot/startup/map_kernel.o
  CC      kernel/exec_domain.o
  CC      fs/read_write.o
  AR      arch/x86/boot/startup/lib.a
  OBJCOPY arch/x86/boot/startup/gdt_idt.pi.o
  OBJCOPY arch/x86/boot/startup/map_kernel.pi.o
  AR      arch/x86/boot/startup/built-in.a
  AS      arch/x86/entry/entry.o
  AS      arch/x86/entry/entry_64.o
  CC      arch/x86/entry/syscall_64.o
  CC      arch/x86/events/core.o
  CC      security/keys/key.o
  CC      ipc/msgutil.o
  CC      arch/x86/realmode/init.o
  UPD     init/utsversion-tmp.h
  CC      init/do_mounts.o
  CC      ipc/msg.o
  CC      fs/file_table.o
  CC      kernel/panic.o
  CC      arch/x86/entry/common.o
  CC      mm/mempool.o
  CC      security/keys/keyring.o
  AS      arch/x86/realmode/rm/header.o
  CC      ipc/sem.o
  AS      arch/x86/realmode/rm/trampoline_64.o
  AS      arch/x86/realmode/rm/stack.o
  AS      arch/x86/realmode/rm/reboot.o
  AS      arch/x86/realmode/rm/wakeup_asm.o
  CC      arch/x86/realmode/rm/wakemain.o
  CC      arch/x86/realmode/rm/video-mode.o
  AS      arch/x86/realmode/rm/copy.o
  AS      arch/x86/realmode/rm/bioscall.o
  CC      arch/x86/realmode/rm/regs.o
  CC      arch/x86/realmode/rm/video-vga.o
  CC      arch/x86/events/probe.o
  CC      arch/x86/realmode/rm/video-vesa.o
  CC      kernel/cpu.o
  CC      arch/x86/realmode/rm/video-bios.o
  CC      mm/oom_kill.o
  PASYMS  arch/x86/realmode/rm/pasyms.h
  LDS     arch/x86/realmode/rm/realmode.lds
  LD      arch/x86/realmode/rm/realmode.elf
  RELOCS  arch/x86/realmode/rm/realmode.relocs
  OBJCOPY arch/x86/realmode/rm/realmode.bin
  AS      arch/x86/realmode/rmpiggy.o
  CC      fs/super.o
  AR      arch/x86/realmode/built-in.a
  CC      ipc/shm.o
  CC      init/do_mounts_initrd.o
  CC      arch/x86/entry/vdso/vma.o
  CC      arch/x86/events/utils.o
  CC      security/keys/keyctl.o
  CC      kernel/exit.o
  CC      crypto/api.o
  CC      init/initramfs.o
  CC      arch/x86/entry/vdso/extable.o
  CC      mm/fadvise.o
  CC      arch/x86/events/amd/core.o
  CC      fs/char_dev.o
  CC      ipc/syscall.o
  CC      crypto/cipher.o
  CC      security/keys/permission.o
  CC      crypto/algapi.o
  CC      kernel/softirq.o
  CC      init/calibrate.o
  CC      arch/x86/entry/vdso/vdso32-setup.o
  CC      mm/maccess.o
  CC      fs/stat.o
  CC      ipc/ipc_sysctl.o
  CC      arch/x86/events/amd/lbr.o
  CC      init/init_task.o
  CC      security/keys/process_keys.o
  CC      ipc/namespace.o
  CC      crypto/scatterwalk.o
  LDS     arch/x86/entry/vdso/vdso64/vdso64.lds
  AS      arch/x86/entry/vdso/vdso64/note.o
  CC      kernel/resource.o
  CC      arch/x86/entry/vdso/vdso64/vclock_gettime.o
  CC      mm/page-writeback.o
  AR      ipc/built-in.a
  CC      security/keys/request_key.o
  CC      arch/x86/entry/vdso/vdso64/vgetcpu.o
  CC      arch/x86/entry/vdso/vdso64/vgetrandom.o
  CC      init/version.o
  AS      arch/x86/entry/vdso/vdso64/vgetrandom-chacha.o
  CC      fs/exec.o
  VDSO    arch/x86/entry/vdso/vdso64/vdso64.so.dbg
  OBJCOPY arch/x86/entry/vdso/vdso64/vdso64.so
  VDSO2C  arch/x86/entry/vdso/vdso64/vdso64-image.c
  CC      arch/x86/events/amd/ibs.o
  CC      arch/x86/entry/vdso/vdso64/vdso64-image.o
  CC      fs/pipe.o
  CC      crypto/proc.o
  CC      security/keys/request_key_auth.o
  AR      arch/x86/entry/vdso/vdso64/built-in.a
  LDS     arch/x86/entry/vdso/vdso32/vdso32.lds
  AS      arch/x86/entry/vdso/vdso32/note.o
  CC      arch/x86/entry/vdso/vdso32/vclock_gettime.o
  CC      kernel/sysctl.o
  AR      init/built-in.a
  CC      arch/x86/entry/vdso/vdso32/vgetcpu.o
  CC      security/commoncap.o
  AS      arch/x86/entry/vdso/vdso32/system_call.o
  AS      arch/x86/entry/vdso/vdso32/sigreturn.o
  CC      security/keys/user_defined.o
  VDSO    arch/x86/entry/vdso/vdso32/vdso32.so.dbg
  OBJCOPY arch/x86/entry/vdso/vdso32/vdso32.so
  VDSO2C  arch/x86/entry/vdso/vdso32/vdso32-image.c
  CC      arch/x86/entry/vdso/vdso32/vdso32-image.o
  CC      crypto/lskcipher.o
  AR      arch/x86/entry/vdso/vdso32/built-in.a
  AR      arch/x86/entry/vdso/built-in.a
  CC      mm/folio-compat.o
  CC      arch/x86/entry/vsyscall/vsyscall_64.o
  AR      arch/x86/events/amd/built-in.a
  CC      arch/x86/events/msr.o
  AS      arch/x86/kernel/head_64.o
  CC      fs/namei.o
  CC      kernel/capability.o
  CC      arch/x86/kernel/head64.o
  CC      security/keys/compat.o
  AS      arch/x86/entry/vsyscall/vsyscall_emu_64.o
  AR      arch/x86/entry/vsyscall/built-in.a
  CC      security/keys/proc.o
  AS      arch/x86/entry/thunk.o
  AS      arch/x86/entry/entry_64_fred.o
  CC      arch/x86/kernel/ebda.o
  CC      arch/x86/entry/entry_fred.o
  CC      mm/readahead.o
  CC      crypto/skcipher.o
  CC      arch/x86/events/intel/core.o
  CC      kernel/ptrace.o
  AS      arch/x86/entry/entry_64_compat.o
  CC      arch/x86/entry/syscall_32.o
  CC      arch/x86/events/intel/bts.o
  CC      security/keys/sysctl.o
  CC      arch/x86/kernel/platform-quirks.o
  CC      security/keys/persistent.o
  CC      mm/swap.o
  CC      arch/x86/kernel/process_64.o
  CC      security/keys/big_key.o
  CC      crypto/bpf_crypto_skcipher.o
  AR      arch/x86/entry/built-in.a
  CC      mm/truncate.o
  CC      fs/fcntl.o
  CC      kernel/user.o
  CC      block/bdev.o
  AR      security/keys/built-in.a
  CC      security/lsm_syscalls.o
  CC      crypto/ahash.o
  CC      security/min_addr.o
  CC      kernel/signal.o
  CC      arch/x86/kernel/signal.o
  CC      security/security.o
  CC      security/lsm_notifier.o
  CC      fs/ioctl.o
  CC      mm/vmscan.o
  CC      arch/x86/events/intel/ds.o
  CC      block/fops.o
  CC      arch/x86/mm/init.o
  CC      block/bio.o
  CC      arch/x86/kernel/signal_64.o
  CC      crypto/shash.o
  CC      fs/readdir.o
  CC      block/elevator.o
  CC      kernel/sys.o
  CC      arch/x86/mm/init_64.o
  CC      arch/x86/events/intel/knc.o
  CC      arch/x86/kernel/traps.o
  CC      security/lsm_init.o
  CC      crypto/kpp.o
  CC      block/blk-core.o
  CC      fs/select.o
  CC      arch/x86/mm/fault.o
  CC      arch/x86/events/intel/lbr.o
  CC      arch/x86/kernel/idt.o
  CC      mm/shrinker.o
  CC      security/inode.o
  CC      arch/x86/mm/ioremap.o
  CC      block/blk-sysfs.o
  CC      kernel/umh.o
  CC      crypto/acompress.o
  CC      block/blk-flush.o
  CC      fs/dcache.o
  CC      mm/shmem.o
  CC      arch/x86/events/intel/p4.o
  CC      arch/x86/kernel/irq.o
  CC      security/yama/yama_lsm.o
  CC      block/blk-settings.o
  CC      arch/x86/mm/extable.o
  CC      kernel/workqueue.o
  CC      crypto/scompress.o
  CC      block/blk-ioc.o
  AR      security/yama/built-in.a
  CC      security/device_cgroup.o
  CC      block/blk-map.o
  CC      arch/x86/events/intel/p6.o
  CC      arch/x86/kernel/irq_64.o
  CC      arch/x86/mm/mmap.o
  CC      fs/inode.o
  CC      arch/x86/kernel/dumpstack_64.o
  CC      crypto/algboss.o
  CC      block/blk-merge.o
  CC      arch/x86/kernel/time.o
  CC      mm/util.o
  CC      arch/x86/mm/pgtable.o
  CC      arch/x86/events/intel/pt.o
  CC      arch/x86/kernel/ioport.o
  CC      kernel/pid.o
  CC      security/landlock/setup.o
  CC      crypto/testmgr.o
  CC      kernel/task_work.o
  CC      fs/attr.o
  CC      block/blk-timeout.o
  CC      arch/x86/mm/physaddr.o
  CC      mm/mmzone.o
  CC      arch/x86/kernel/dumpstack.o
  CC      security/landlock/syscalls.o
  CC [M]  arch/x86/events/intel/uncore.o
  CC      fs/bad_inode.o
  CC      fs/file.o
  CC      crypto/hmac.o
  CC      kernel/extable.o
  CC      arch/x86/mm/tlb.o
  CC      mm/vmstat.o
  CC      block/blk-lib.o
  CC      arch/x86/kernel/nmi.o
  CC      block/blk-mq.o
  CC      arch/x86/kernel/fred.o
  CC      crypto/sha1.o
  CC      security/landlock/object.o
  CC [M]  arch/x86/events/intel/uncore_nhmex.o
  CC      kernel/params.o
  CC      fs/filesystems.o
  CC      arch/x86/mm/cpu_entry_area.o
  CC      security/landlock/ruleset.o
  CC      arch/x86/kernel/ldt.o
  CC      mm/backing-dev.o
  CC      crypto/sha256.o
  CC      arch/x86/mm/maccess.o
  CC      security/landlock/cred.o
  CC      fs/namespace.o
  CC [M]  arch/x86/events/intel/uncore_snb.o
  CC      kernel/kthread.o
  CC      arch/x86/mm/pgprot.o
  AS      arch/x86/kernel/ibt_selftest.o
  CC      arch/x86/kernel/setup.o
  CC      mm/mm_init.o
  CC      crypto/sha512.o
  CC      security/landlock/task.o
  CC      block/blk-mq-tag.o
  CC      arch/x86/mm/pat/set_memory.o
  CC [M]  arch/x86/events/intel/uncore_snbep.o
  CC      fs/seq_file.o
  CC      kernel/sys_ni.o
  CC      crypto/blake2b.o
  CC      kernel/nsproxy.o
  CC      mm/percpu.o
  CC      arch/x86/kernel/x86_init.o
  CC      block/blk-mq-dma.o
  CC      fs/xattr.o
  CC      crypto/ecb.o
  CC      security/landlock/fs.o
  CC      block/blk-stat.o
  CC [M]  arch/x86/events/intel/uncore_discovery.o
  CC      arch/x86/mm/pat/memtype.o
  CC      kernel/nstree.o
  CC      block/blk-mq-sysfs.o
  CC      arch/x86/kernel/i8259.o
  CC      crypto/cbc.o
  CC      mm/slab_common.o
  CC      arch/x86/mm/pat/memtype_interval.o
  CC      block/blk-mq-cpumap.o
  CC      crypto/cts.o
  CC [M]  arch/x86/events/intel/cstate.o
  CC      arch/x86/kernel/irqinit.o
  CC      fs/libfs.o
  CC      kernel/nscommon.o
  CC      security/landlock/tsync.o
  CC      crypto/xts.o
  AR      arch/x86/mm/pat/built-in.a
  CC      arch/x86/mm/pkeys.o
  CC      block/blk-mq-sched.o
  CC      fs/fs-writeback.o
  CC      mm/compaction.o
  CC      kernel/notifier.o
  AR      arch/x86/events/intel/built-in.a
  LD [M]  arch/x86/events/intel/intel-uncore.o
  LD [M]  arch/x86/events/intel/intel-cstate.o
  CC      arch/x86/events/zhaoxin/core.o
  CC      arch/x86/kernel/jump_label.o
  CC      arch/x86/mm/kaslr.o
  CC      security/landlock/net.o
  CC      crypto/ctr.o
  AR      arch/x86/events/zhaoxin/built-in.a
  CC [M]  arch/x86/events/rapl.o
  CC      fs/pnode.o
  CC      block/ioctl.o
  CC      kernel/ksysfs.o
  CC      arch/x86/kernel/irq_work.o
  AR      arch/x86/mm/built-in.a
  CC      arch/x86/kernel/probe_roms.o
  AR      arch/x86/events/built-in.a
  CC      arch/x86/kernel/sys_ia32.o
  CC      crypto/aes.o
  CC      fs/splice.o
  CC      mm/show_mem.o
  CC      crypto/crc32c.o
  CC      kernel/cred.o
  AR      security/landlock/built-in.a
  AR      security/built-in.a
  CC      arch/x86/kernel/signal_32.o
  CC      block/genhd.o
  CC      arch/x86/kernel/sys_x86_64.o
  CC      mm/interval_tree.o
  CC      mm/list_lru.o
  CC      fs/sync.o
  CC      crypto/lzo.o
  CC      kernel/reboot.o
  CC      io_uring/io_uring.o
  CC      io_uring/opdef.o
  CC      io_uring/kbuf.o
  CC      arch/x86/kernel/espfix_64.o
  CC      block/ioprio.o
  CC      kernel/async.o
  CC      fs/utimes.o
  CC      mm/workingset.o
  CC      crypto/lzo-rle.o
  CC      kernel/range.o
  CC      kernel/smpboot.o
  CC      mm/debug.o
  CC      crypto/xxhash_generic.o
  CC      arch/x86/kernel/ksysfs.o
  CC      lib/argv_split.o
  CC      block/badblocks.o
  CC      kernel/ucount.o
  CC      fs/d_path.o
  CC      lib/bug.o
  CC      crypto/zstd.o
  CC      mm/gup.o
  CC      kernel/regset.o
  CC      arch/x86/kernel/bootflag.o
  CC      block/partitions/core.o
  CC      arch/x86/kernel/e820.o
  CC      crypto/ecc.o
  CC      kernel/ksyms_common.o
  CC      io_uring/rsrc.o
  CC      lib/buildid.o
  CC      fs/stack.o
  CC      block/partitions/msdos.o
  CC      lib/cmdline.o
  CC      lib/cpumask.o
  CC      block/partitions/efi.o
  CC      kernel/groups.o
  CC      arch/x86/kernel/pci-dma.o
  CC      fs/fs_struct.o
  CC      mm/mmap_lock.o
  AS      arch/x86/lib/bhi.o
  AS      arch/x86/lib/clear_page_64.o
  CC      lib/ctype.o
  CC      arch/x86/lib/cmdline.o
  CC      io_uring/notif.o
  CC      lib/dec_and_lock.o
  AS      arch/x86/lib/cmpxchg16b_emu.o
  CC      arch/x86/lib/copy_mc.o
  CC      crypto/ecdh.o
  AR      block/partitions/built-in.a
  CC      block/blk-rq-qos.o
  CC      lib/decompress.o
  AS      arch/x86/lib/copy_mc_64.o
  AS      arch/x86/lib/copy_page_64.o
  CC      lib/decompress_unzstd.o
  AS      arch/x86/lib/copy_user_64.o
  AS      arch/x86/lib/copy_user_uncached_64.o
  CC      arch/x86/lib/cpu.o
  CC      arch/x86/kernel/quirks.o
  CC      kernel/sched/core.o
  CC      fs/statfs.o
  AS      arch/x86/lib/csum-copy_64.o
  CC      arch/x86/lib/csum-partial_64.o
  CC      mm/vma_init.o
  CC      arch/x86/lib/csum-wrappers_64.o
  CC      lib/dump_stack.o
  CC      crypto/ecdh_helper.o
  CC      block/disk-events.o
  CC      fs/fs_pin.o
  CC      io_uring/tctx.o
  CC      arch/x86/kernel/kdebugfs.o
  CC      arch/x86/lib/delay.o
  CC [M]  crypto/aead.o
  CC      fs/nsfs.o
  CC      lib/earlycpio.o
  AS      arch/x86/lib/getuser.o
  CC      lib/extable.o
  GEN     arch/x86/lib/inat-tables.c
  CC      arch/x86/lib/insn-eval.o
  CC      block/blk-ia-ranges.o
  CC      mm/highmem.o
  CC      fs/fs_dirent.o
  CC      arch/x86/kernel/alternative.o
  CC      fs/fs_context.o
  CC      io_uring/filetable.o
  CC      lib/flex_proportions.o
  CC [M]  crypto/geniv.o
  CC      lib/idr.o
  CC      block/early-lookup.o
  CC      fs/fs_parser.o
  CC      arch/x86/lib/insn.o
  CC      mm/memory.o
  CC      lib/iomem_copy.o
  CC      lib/irq_regs.o
  CC      arch/x86/lib/kaslr.o
  CC      io_uring/rw.o
  CC      lib/is_single_threaded.o
  CC      arch/x86/kernel/i8253.o
  AS      arch/x86/lib/memcpy_64.o
  CC      lib/klist.o
  AS      arch/x86/lib/memmove_64.o
  AS      arch/x86/lib/memset_64.o
  CC      arch/x86/lib/misc.o
  CC      lib/kobject.o
  CC      arch/x86/lib/pc-conf-reg.o
  CC      block/bsg.o
  CC      kernel/sched/fair.o
  CC      fs/fsopen.o
  AS      arch/x86/lib/putuser.o
  CC [M]  crypto/seqiv.o
  CC      lib/kobject_uevent.o
  CC      arch/x86/lib/usercopy.o
  CC      arch/x86/kernel/hw_breakpoint.o
  CC      io_uring/poll.o
  CC      arch/x86/lib/usercopy_64.o
  CC      block/bsg-lib.o
  CC      arch/x86/kernel/tsc.o
  CC [M]  crypto/echainiv.o
  CC      fs/init.o
  CC      lib/logic_pio.o
  CC      arch/x86/kernel/tsc_msr.o
  CC      arch/x86/lib/msr-smp.o
  CC      block/blk-cgroup.o
  CC      arch/x86/kernel/io_delay.o
  CC      arch/x86/lib/cache-smp.o
  CC [M]  crypto/crypto_user.o
  CC      arch/x86/lib/msr.o
  CC      lib/maple_tree.o
  CC      arch/x86/kernel/rtc.o
  CC      fs/kernel_read_file.o
  CC      io_uring/tw.o
  AS      arch/x86/lib/msr-reg.o
  CC      mm/mincore.o
  CC      arch/x86/lib/msr-reg-export.o
  CC      arch/x86/kernel/resource.o
  AS      arch/x86/lib/hweight.o
  CC      lib/memcat_p.o
  CC      block/blk-cgroup-rwstat.o
  CC      fs/mnt_idmapping.o
  CC      arch/x86/lib/iomem.o
  AS      arch/x86/kernel/irqflags.o
  CC      arch/x86/kernel/static_call.o
  CC [M]  crypto/cmac.o
  CC      io_uring/wait.o
  CC      arch/x86/lib/inat.o
  AR      arch/x86/lib/built-in.a
  CC      lib/nmi_backtrace.o
  AR      arch/x86/lib/lib.a
  CC      lib/objpool.o
  AR      arch/x86/crypto/built-in.a
  AS [M]  arch/x86/crypto/aesni-intel_asm.o
  CC      fs/remap_range.o
  CC      kernel/sched/build_policy.o
  CC [M]  arch/x86/crypto/aesni-intel_glue.o
  CC      arch/x86/kernel/process.o
  CC      mm/mlock.o
  CC      block/blk-throttle.o
  CC [M]  crypto/xcbc.o
  CC      lib/plist.o
  CC      lib/radix-tree.o
  CC      block/blk-ioprio.o
  CC      io_uring/eventfd.o
  CC      fs/pidfs.o
  AS [M]  arch/x86/crypto/aes-ctr-avx-x86_64.o
  AS [M]  arch/x86/crypto/aes-gcm-aesni-x86_64.o
  CC [M]  crypto/crypto_null.o
  AS [M]  arch/x86/crypto/aes-gcm-vaes-avx2.o
  AS [M]  arch/x86/crypto/aes-gcm-vaes-avx512.o
  AS [M]  arch/x86/crypto/aes-xts-avx-x86_64.o
  LD [M]  arch/x86/crypto/aesni-intel.o
  CC      kernel/sched/build_utility.o
  CC      mm/mmap.o
  CC      arch/x86/kernel/fpu/init.o
  CC      block/blk-iolatency.o
  CC      lib/ratelimit.o
  CC      io_uring/uring_cmd.o
  CC      lib/rbtree.o
  CC      arch/x86/kernel/fpu/bugs.o
  CC      arch/x86/kernel/fpu/core.o
  CC      io_uring/openclose.o
  CC [M]  crypto/gcm.o
  CC      lib/seq_buf.o
  CC      fs/file_attr.o
  CC      mm/mmu_gather.o
  CC      block/blk-iocost.o
  AR      drivers/cache/built-in.a
  CC      drivers/irqchip/irq-msi-lib.o
  CC [M]  crypto/ccm.o
  CC      lib/siphash.o
  CC      io_uring/sqpoll.o
  CC      fs/fserror.o
  CC      arch/x86/kernel/fpu/regset.o
  CC      lib/string.o
  CC [M]  crypto/chacha20poly1305.o
  AR      drivers/irqchip/built-in.a
  AR      drivers/bus/mhi/built-in.a
  CC [M]  drivers/bus/mhi/host/init.o
  CC      mm/mprotect.o
  CC      lib/sys_info.o
  CC [M]  drivers/bus/mhi/host/main.o
  CC      block/mq-deadline.o
  CC      fs/nullfs.o
  CC      arch/x86/kernel/fpu/signal.o
  CC      lib/timerqueue.o
  CC [M]  crypto/cryptd.o
  CC      kernel/sched/bore.o
  CC      lib/union_find.o
  CC [M]  drivers/bus/mhi/host/pm.o
  CC      lib/vsprintf.o
  CC      io_uring/xattr.o
  CC      fs/buffer.o
  CC      arch/x86/kernel/fpu/xstate.o
  CC      block/kyber-iosched.o
  AR      kernel/sched/built-in.a
  CC      kernel/locking/mutex.o
  CC      mm/mremap.o
  CC [M]  crypto/chacha.o
  CC      kernel/locking/semaphore.o
  CC      io_uring/nop.o
  CC [M]  drivers/bus/mhi/host/boot.o
  CC      kernel/locking/rwsem.o
  AR      arch/x86/kernel/fpu/built-in.a
  CC      arch/x86/kernel/ptrace.o
  CC [M]  crypto/deflate.o
  CC      block/adios.o
  CC      mm/msync.o
  CC [M]  crypto/crc32.o
  CC      io_uring/fs.o
  CC      fs/mpage.o
  CC      kernel/locking/percpu-rwsem.o
  LD [M]  drivers/bus/mhi/host/mhi.o
  AR      drivers/bus/built-in.a
  CC      lib/win_minmax.o
  CC      drivers/phy/phy-core.o
  CC [M]  crypto/authenc.o
  CC      fs/proc_namespace.o
  CC      arch/x86/kernel/tls.o
  CC      block/bfq-iosched.o
  CC      io_uring/splice.o
  CC      mm/page_vma_mapped.o
  CC      lib/xarray.o
  CC      kernel/locking/spinlock.o
  AR      drivers/phy/allwinner/built-in.a
  AR      drivers/phy/amlogic/built-in.a
  CC      kernel/locking/osq_lock.o
  AR      drivers/phy/apple/built-in.a
  AR      drivers/phy/broadcom/built-in.a
  AR      drivers/phy/cadence/built-in.a
  AR      drivers/phy/canaan/built-in.a
  AR      drivers/phy/eswin/built-in.a
  AR      drivers/phy/freescale/built-in.a
  AR      drivers/phy/hisilicon/built-in.a
  AR      drivers/phy/ingenic/built-in.a
  AR      drivers/phy/intel/built-in.a
  AR      drivers/phy/lantiq/built-in.a
  AR      drivers/phy/marvell/built-in.a
  AR      drivers/phy/mediatek/built-in.a
  AR      drivers/phy/microchip/built-in.a
  AR      drivers/phy/motorola/built-in.a
  CC      lib/lockref.o
  AR      drivers/phy/mscc/built-in.a
  AR      drivers/phy/nuvoton/built-in.a
  AR      drivers/phy/qualcomm/built-in.a
  AR      drivers/phy/ralink/built-in.a
  AR      drivers/phy/realtek/built-in.a
  AR      drivers/phy/renesas/built-in.a
  AR      drivers/phy/rockchip/built-in.a
  AR      drivers/phy/samsung/built-in.a
  AR      drivers/phy/socionext/built-in.a
  AR      drivers/phy/sophgo/built-in.a
  AR      drivers/phy/spacemit/built-in.a
  AR      drivers/phy/st/built-in.a
  CC      kernel/locking/qspinlock.o
  AR      drivers/phy/starfive/built-in.a
  AR      drivers/phy/sunplus/built-in.a
  AR      drivers/phy/tegra/built-in.a
  AR      drivers/phy/ti/built-in.a
  AR      drivers/phy/xilinx/built-in.a
  AR      drivers/phy/built-in.a
  CC      drivers/pinctrl/core.o
  CC      fs/direct-io.o
  CC [M]  crypto/authencesn.o
  CC      lib/bcd.o
  CC      lib/sort.o
  CC      io_uring/sync.o
  CC      arch/x86/kernel/step.o
  CC      mm/pagewalk.o
  CC      lib/parser.o
  CC      drivers/pinctrl/pinctrl-utils.o
  CC      kernel/locking/rtmutex_api.o
  CC      drivers/pinctrl/pinmux.o
  CC      lib/debug_locks.o
  CC      arch/x86/kernel/i8237.o
  CC      fs/notify/fsnotify.o
  CC      lib/random32.o
  CC      io_uring/msg_ring.o
  CC      block/bfq-wf2q.o
  CC      arch/x86/kernel/stacktrace.o
  CC [M]  crypto/rng.o
  CC      lib/bust_spinlocks.o
  CC      mm/pgtable-generic.o
  CC      drivers/pinctrl/pinconf.o
  CC      kernel/locking/qrwlock.o
  CC      drivers/pinctrl/pinconf-generic.o
  CC      fs/notify/notification.o
  CC      io_uring/advise.o
  CC      arch/x86/kernel/cpu/cacheinfo.o
  CC      lib/kasprintf.o
  CC      drivers/pinctrl/pinctrl-sx150x.o
  CC      block/bfq-cgroup.o
  CC [M]  crypto/af_alg.o
  AR      kernel/locking/built-in.a
  CC      kernel/power/qos.o
  CC      mm/rmap.o
  CC      lib/bitmap.o
  CC      fs/notify/group.o
  AR      drivers/pinctrl/actions/built-in.a
  AR      drivers/pinctrl/bcm/built-in.a
  AR      drivers/pinctrl/cirrus/built-in.a
  CC [M]  drivers/pinctrl/cirrus/pinctrl-cs42l43.o
  CC      io_uring/statx.o
  CC      arch/x86/kernel/cpu/scattered.o
  CC      block/bio-integrity.o
  CC      lib/scatterlist.o
  CC      kernel/power/main.o
  CC      fs/notify/mark.o
  CC      block/blk-integrity.o
  CC      io_uring/timeout.o
  CC      arch/x86/kernel/cpu/topology_common.o
  CC      mm/vmalloc.o
  AR      drivers/pinctrl/cix/built-in.a
  CC [M]  crypto/algif_hash.o
  AR      drivers/pinctrl/freescale/built-in.a
  CC      drivers/pinctrl/intel/pinctrl-baytrail.o
  CC      io_uring/cancel.o
  CC      block/t10-pi.o
  CC      lib/list_sort.o
  CC      fs/notify/fdinfo.o
  CC      lib/uuid.o
  CC      arch/x86/kernel/cpu/topology_ext.o
  CC      kernel/power/console.o
  CC      lib/iov_iter.o
  CC      block/bio-integrity-auto.o
  CC      drivers/pinctrl/intel/pinctrl-cherryview.o
  CC      io_uring/waitid.o
  CC      block/bio-integrity-fs.o
  CC      arch/x86/kernel/cpu/topology_amd.o
  CC      fs/notify/dnotify/dnotify.o
  CC [M]  crypto/algif_skcipher.o
  CC      kernel/power/process.o
  CC      drivers/pinctrl/intel/pinctrl-intel.o
  CC [M]  crypto/algif_rng.o
  CC      arch/x86/kernel/cpu/common.o
  CC      mm/vma.o
  CC      io_uring/register.o
  CC      lib/clz_ctz.o
  CC      block/blk-wbt.o
  CC      lib/bsearch.o
  AR      fs/notify/dnotify/built-in.a
  CC      fs/notify/inotify/inotify_fsnotify.o
  CC      kernel/power/suspend.o
  CC      io_uring/truncate.o
  CC      fs/notify/inotify/inotify_user.o
  CC      lib/find_bit.o
  CC [M]  drivers/pinctrl/intel/pinctrl-lynxpoint.o
  CC [M]  crypto/algif_aead.o
  CC      lib/llist.o
  CC      block/blk-pm.o
  CC      lib/lwq.o
  CC [M]  drivers/pinctrl/intel/pinctrl-intel-platform.o
  CC      mm/vma_exec.o
  CC      arch/x86/kernel/cpu/rdrand.o
  CC      lib/memweight.o
  CC      io_uring/memmap.o
  CC      arch/x86/kernel/cpu/match.o
  CC      lib/kfifo.o
  CC      kernel/power/poweroff.o
  CC [M]  drivers/pinctrl/intel/pinctrl-alderlake.o
  AR      fs/notify/inotify/built-in.a
  CC      kernel/power/energy_model.o
  CC      fs/notify/fanotify/fanotify.o
  CC      block/blk-crypto.o
  CC [M]  drivers/pinctrl/intel/pinctrl-broxton.o
  CC      arch/x86/kernel/cpu/bugs.o
  CC [M]  crypto/essiv.o
  CC      io_uring/alloc_cache.o
  CC      lib/percpu-refcount.o
  CC [M]  drivers/pinctrl/intel/pinctrl-cannonlake.o
  CC      mm/process_vm_access.o
  CC      fs/notify/fanotify/fanotify_user.o
  CC      block/blk-crypto-profile.o
  CC      kernel/power/em_netlink_autogen.o
  CC      io_uring/query.o
  CC [M]  drivers/pinctrl/intel/pinctrl-cedarfork.o
  CC      lib/rhashtable.o
  AR      fs/notify/fanotify/built-in.a
  AR      fs/notify/built-in.a
  CC      fs/eventpoll.o
  CC [M]  crypto/async_tx/async_tx.o
  CC      mm/mseal.o
  CC      block/blk-crypto-sysfs.o
  CC      io_uring/loop.o
  CC      arch/x86/kernel/cpu/aperfmperf.o
  CC      kernel/power/em_netlink.o
  CC [M]  drivers/pinctrl/intel/pinctrl-denverton.o
  CC [M]  crypto/async_tx/async_memcpy.o
  CC      lib/base64.o
  CC      mm/page_alloc.o
  CC      lib/once.o
  AR      kernel/power/built-in.a
  CC      kernel/printk/printk.o
  CC      block/blk-crypto-fallback.o
  CC [M]  drivers/pinctrl/intel/pinctrl-elkhartlake.o
  CC      arch/x86/kernel/cpu/cpuid-deps.o
  CC      io_uring/zcrx.o
  CC      fs/anon_inodes.o
  CC [M]  crypto/async_tx/async_xor.o
  CC      lib/refcount.o
  CC [M]  drivers/pinctrl/intel/pinctrl-emmitsburg.o
  CC      lib/rcuref.o
  CC      arch/x86/kernel/cpu/cpuid_0x2_table.o
  CC [M]  crypto/async_tx/async_pq.o
  CC      block/holder.o
  CC      lib/usercopy.o
  CC      lib/errseq.o
  CC      lib/bucket_locks.o
  CC      fs/signalfd.o
  CC      arch/x86/kernel/cpu/umwait.o
  CC [M]  drivers/pinctrl/intel/pinctrl-geminilake.o
  CC      mm/page_frag_cache.o
  CC [M]  crypto/async_tx/async_raid6_recov.o
  CC      lib/generic-radix-tree.o
  CC      kernel/printk/printk_safe.o
  AR      block/built-in.a
  CC      lib/bitmap-str.o
  CC      drivers/gpio/gpiolib.o
  CC      io_uring/io-wq.o
  CC [M]  drivers/pinctrl/intel/pinctrl-icelake.o
  CC      lib/string_helpers.o
  CC      kernel/printk/nbcon.o
  MKCAP   arch/x86/kernel/cpu/capflags.c
  CC      fs/timerfd.o
  CC      mm/init-mm.o
  AR      crypto/built-in.a
  LD [M]  crypto/crc32-cryptoapi.o
  CC [M]  drivers/pinctrl/intel/pinctrl-jasperlake.o
  CC      mm/memblock.o
  CC      io_uring/futex.o
  CC      lib/hexdump.o
  CC      kernel/printk/printk_ringbuffer.o
  CC      lib/kstrtox.o
  CC [M]  drivers/pinctrl/intel/pinctrl-lakefield.o
  CC      io_uring/epoll.o
  CC      kernel/irq/irqdesc.o
  CC      fs/eventfd.o
  AR      lib/kunit/built-in.a
  CC      lib/math/div64.o
  CC      lib/math/gcd.o
  CC      kernel/printk/sysctl.o
  CC      drivers/gpio/gpiolib-devres.o
  CC      lib/math/lcm.o
  CC      lib/math/int_log.o
  CC      mm/slub.o
  CC      kernel/irq/handle.o
  CC      lib/math/int_pow.o
  CC [M]  drivers/pinctrl/intel/pinctrl-lewisburg.o
  CC      lib/math/int_sqrt.o
  AR      kernel/printk/built-in.a
  CC      lib/math/reciprocal_div.o
  CC      mm/madvise.o
  CC      lib/math/rational.o
  CC      io_uring/napi.o
  AR      lib/math/tests/built-in.a
  CC [M]  lib/math/cordic.o
  CC      drivers/gpio/gpiolib-legacy.o
  CC      fs/userfaultfd.o
  CC      kernel/irq/manage.o
  CC [M]  drivers/pinctrl/intel/pinctrl-meteorlake.o
  CC [M]  lib/math/polynomial.o
  CC      arch/x86/kernel/cpu/powerflags.o
  CC      arch/x86/kernel/cpu/topology.o
  AR      lib/math/built-in.a
  CC      lib/crc/crc16.o
  CC      lib/crc/crc-t10dif-main.o
  CC      drivers/gpio/gpiolib-cdev.o
  CC [M]  drivers/pinctrl/intel/pinctrl-meteorpoint.o
  AS      lib/crc/x86/crc16-msb-pclmul.o
  CC      arch/x86/kernel/cpu/proc.o
  CC      io_uring/net.o
  HOSTCC  lib/crc/gen_crc32table
  AS      lib/crc/x86/crc32-pclmul.o
  AS      lib/crc/x86/crc32c-3way.o
  HOSTCC  lib/crc/gen_crc64table
  CC      kernel/irq/spurious.o
  AS      lib/crc/x86/crc64-pclmul.o
  CC      fs/aio.o
  AR      lib/crc/tests/built-in.a
  CC [M]  lib/crc/crc8.o
  AR      arch/x86/ia32/built-in.a
  CC      arch/x86/kernel/acpi/boot.o
  CC      mm/page_io.o
  CC [M]  drivers/pinctrl/intel/pinctrl-sunrisepoint.o
  CC [M]  lib/crc/crc-ccitt.o
  CC      arch/x86/kernel/cpu/feat_ctl.o
  CC      drivers/gpio/gpiolib-acpi-core.o
  CC [M]  lib/crc/crc-itu-t.o
  CC      kernel/irq/resend.o
  GEN     lib/crc/crc32table.h
  GEN     lib/crc/crc64table.h
  CC      lib/crc/crc32-main.o
  CC [M]  drivers/pinctrl/intel/pinctrl-tigerlake.o
  CC      arch/x86/kernel/cpu/intel.o
  CC      lib/crc/crc64-main.o
  CC      arch/x86/kernel/acpi/sleep.o
  CC      mm/swap_state.o
  CC      io_uring/cmd_net.o
  CC      kernel/irq/chip.o
  CC      drivers/gpio/gpiolib-acpi-quirks.o
  CC      fs/locks.o
  AR      lib/crc/built-in.a
  CC      lib/crypto/hash_info.o
  AR      drivers/pinctrl/intel/built-in.a
  AR      drivers/pinctrl/mediatek/built-in.a
  AR      drivers/pinctrl/microchip/built-in.a
  AR      drivers/pinctrl/mvebu/built-in.a
  AR      drivers/pinctrl/nomadik/built-in.a
  AR      drivers/pinctrl/nuvoton/built-in.a
  AR      drivers/pinctrl/nxp/built-in.a
  AR      drivers/pinctrl/qcom/built-in.a
  CC      lib/crypto/memneq.o
  AR      drivers/pinctrl/sophgo/built-in.a
  AR      drivers/pinctrl/spacemit/built-in.a
  AR      drivers/pinctrl/sprd/built-in.a
  AR      drivers/pinctrl/starfive/built-in.a
  CC      arch/x86/kernel/cpu/tsx.o
  AR      drivers/pinctrl/sunplus/built-in.a
  AR      drivers/pinctrl/ti/built-in.a
  CC [M]  drivers/pinctrl/pinctrl-cy8c95x0.o
  AS      arch/x86/kernel/acpi/wakeup_64.o
  CC      arch/x86/kernel/acpi/apei.o
  CC      drivers/gpio/gpiolib-swnode.o
  CC      lib/crypto/utils.o
  CC      kernel/irq/dummychip.o
  CC      lib/crypto/aes.o
  CC      mm/swapfile.o
  CC      arch/x86/kernel/cpu/intel_epb.o
  CC      io_uring/fdinfo.o
  AS      lib/crypto/x86/aes-aesni.o
  CC      arch/x86/kernel/acpi/cppc.o
  AR      drivers/gpio/built-in.a
  CC      lib/crypto/aescfb.o
  CC      arch/x86/kernel/cpu/amd.o
  CC      fs/binfmt_misc.o
  CC [M]  drivers/pinctrl/pinctrl-mcp23s08_i2c.o
  CC      kernel/irq/devres.o
  CC      kernel/rcu/update.o
  CC      arch/x86/kernel/cpu/amd_cache_disable.o
  CC      io_uring/bpf_filter.o
  CC      lib/crypto/blake2b.o
  CC      arch/x86/kernel/acpi/madt_wakeup.o
  CC      kernel/irq/kexec.o
  AS      arch/x86/kernel/acpi/madt_playdead.o
  CC      kernel/rcu/sync.o
  CC      fs/binfmt_script.o
  CC [M]  drivers/pinctrl/pinctrl-mcp23s08_spi.o
  CC      arch/x86/kernel/acpi/cstate.o
  CC      kernel/rcu/srcutree.o
  CC      arch/x86/kernel/cpu/hygon.o
  CC      lib/crypto/blake2s.o
  CC      mm/zswap.o
  CC      kernel/irq/autoprobe.o
  CC      kernel/rcu/tree.o
  CC      fs/binfmt_elf.o
  AR      io_uring/built-in.a
  CC      fs/compat_binfmt_elf.o
  AR      arch/x86/kernel/acpi/built-in.a
  CC [M]  drivers/pinctrl/pinctrl-mcp23s08.o
  CC      arch/x86/kernel/cpu/centaur.o
  CC      kernel/rcu/rcu_segcblist.o
  CC      kernel/irq/irqdomain.o
  AS      lib/crypto/x86/blake2s-core.o
  CC      lib/crypto/chacha-block-generic.o
  CC      arch/x86/kernel/cpu/zhaoxin.o
  CC      lib/crypto/chacha.o
  AS      lib/crypto/x86/chacha-ssse3-x86_64.o
  AS      lib/crypto/x86/chacha-avx2-x86_64.o
  CC      mm/dmapool.o
  AS      lib/crypto/x86/chacha-avx512vl-x86_64.o
  CC      kernel/irq/proc.o
  CC      lib/crypto/chacha20poly1305.o
  AR      drivers/pinctrl/built-in.a
  CC      drivers/pwm/core.o
  CC      arch/x86/kernel/cpu/mce/core.o
  CC [M]  drivers/pwm/pwm-lpss.o
  CC      lib/crypto/poly1305.o
  CC      fs/backing-file.o
  CC      mm/sparse.o
  CC [M]  drivers/pwm/pwm-lpss-pci.o
  CC [M]  drivers/pwm/pwm-lpss-platform.o
  CC      kernel/irq/migration.o
  AR      arch/x86/platform/atom/built-in.a
  AR      arch/x86/platform/ce4100/built-in.a
  CC      arch/x86/platform/efi/memmap.o
  PERLASM lib/crypto/x86/poly1305-x86_64-cryptogams.S
  CC      lib/crypto/sha1.o
  CC      arch/x86/platform/efi/quirks.o
  CC      fs/mbcache.o
  AR      drivers/pwm/built-in.a
  CC      mm/sparse-vmemmap.o
  CC      drivers/leds/led-core.o
  AR      lib/tests/built-in.a
  CC      arch/x86/platform/efi/efi.o
  CC      kernel/irq/cpuhotplug.o
  AR      kernel/rcu/built-in.a
  CC      arch/x86/kernel/cpu/mce/severity.o
  CC      arch/x86/net/bpf_jit_comp.o
  AS      lib/crypto/x86/sha1-ssse3-and-avx.o
  AS      lib/crypto/x86/sha1-avx2-asm.o
  AS      lib/crypto/x86/sha1-ni-asm.o
  CC      lib/crypto/sha256.o
  CC      arch/x86/kernel/reboot.o
  CC      fs/posix_acl.o
  CC      drivers/leds/led-class.o
  CC      kernel/irq/pm.o
  CC      arch/x86/platform/efi/efi_64.o
  CC      mm/mmu_notifier.o
  CC      drivers/pci/access.o
  CC      arch/x86/kernel/cpu/mce/genpool.o
  AS      lib/crypto/x86/sha256-ssse3-asm.o
  AS      lib/crypto/x86/sha256-avx-asm.o
  AS      lib/crypto/x86/sha256-avx2-asm.o
  CC      drivers/leds/led-triggers.o
  AS      lib/crypto/x86/sha256-ni-asm.o
  CC      lib/crypto/sha512.o
  AS      arch/x86/net/bpf_timed_may_goto.o
  CC      drivers/pci/bus.o
  AR      arch/x86/net/built-in.a
  AR      sound/built-in.a
  CC [M]  sound/sound_core.o
  CC      mm/ksm.o
  CC      kernel/irq/msi.o
  CC      fs/coredump.o
  CC      drivers/leds/trigger/ledtrig-disk.o
  CC      arch/x86/kernel/cpu/mce/intel.o
  AS      arch/x86/platform/efi/efi_stub_64.o
  AS      arch/x86/platform/efi/efi_thunk_64.o
  CC      arch/x86/platform/efi/runtime-map.o
  CC      arch/x86/kernel/cpu/mce/threshold.o
  CC [M]  sound/core/sound.o
  AS      lib/crypto/x86/sha512-ssse3-asm.o
  AS      lib/crypto/x86/sha512-avx-asm.o
  AS      lib/crypto/x86/sha512-avx2-asm.o
  CC      drivers/leds/trigger/ledtrig-cpu.o
  CC [M]  lib/crypto/arc4.o
  CC      drivers/pci/probe.o
  CC [M]  lib/crypto/gf128mul.o
  CC      kernel/irq/affinity.o
  CC [M]  sound/core/init.o
  AR      arch/x86/platform/efi/built-in.a
  AR      arch/x86/platform/geode/built-in.a
  CC [M]  lib/crypto/curve25519.o
  AR      arch/x86/platform/iris/built-in.a
  CC      arch/x86/platform/intel/iosf_mbi.o
  CC      drivers/leds/trigger/ledtrig-panic.o
  CC      mm/memtest.o
  CC      arch/x86/kernel/cpu/mce/apei.o
  CC [M]  drivers/leds/trigger/ledtrig-timer.o
  CC      fs/drop_caches.o
  CC      kernel/irq/matrix.o
  CC [M]  drivers/leds/trigger/ledtrig-oneshot.o
  CC [M]  lib/crypto/curve25519-hacl64.o
  CC      drivers/pci/host-bridge.o
  CC [M]  sound/core/memory.o
  AR      arch/x86/platform/intel/built-in.a
  AR      arch/x86/platform/intel-mid/built-in.a
  AR      arch/x86/platform/intel-quark/built-in.a
  AR      arch/x86/platform/olpc/built-in.a
  AR      arch/x86/platform/scx200/built-in.a
  AR      arch/x86/platform/ts5500/built-in.a
  AR      arch/x86/platform/uv/built-in.a
  AR      arch/x86/platform/built-in.a
  CC [M]  drivers/leds/trigger/ledtrig-heartbeat.o
  CC      net/devres.o
  CC      mm/migrate.o
  AR      arch/x86/kernel/cpu/mce/built-in.a
  CC      arch/x86/kernel/cpu/mtrr/mtrr.o
  AR      kernel/irq/built-in.a
  AR      kernel/livepatch/built-in.a
  AR      kernel/liveupdate/built-in.a
  CC      kernel/dma/mapping.o
  CC      fs/sysctls.o
  CC [M]  drivers/leds/trigger/ledtrig-backlight.o
  CC      fs/fhandle.o
  CC [M]  sound/core/control.o
  CC      drivers/pci/remove.o
  CC [M]  lib/crypto/gf128hash.o
  CC      kernel/dma/direct.o
  CC      arch/x86/kernel/cpu/mtrr/if.o
  CC [M]  drivers/leds/trigger/ledtrig-gpio.o
  CC      net/socket.o
  CC      kernel/dma/ops_helpers.o
  AS [M]  lib/crypto/x86/ghash-pclmul.o
  CC      drivers/pci/pci.o
  AS [M]  lib/crypto/x86/polyval-pclmul-avx.o
  CC      mm/huge_memory.o
  CC [M]  lib/crypto/md5.o
  CC      fs/iomap/trace.o
  CC      kernel/dma/contiguous.o
  CC      arch/x86/kernel/cpu/mtrr/generic.o
  CC [M]  drivers/leds/trigger/ledtrig-activity.o
  AS      lib/crypto/x86/poly1305-x86_64-cryptogams.o
  CC [M]  sound/core/misc.o
  LD [M]  lib/crypto/libarc4.o
  LD [M]  lib/crypto/libcurve25519.o
  LD [M]  lib/crypto/libgf128hash.o
  LD [M]  lib/crypto/libmd5.o
  AR      lib/crypto/built-in.a
  CC      lib/vdso/datastore.o
  CC [M]  sound/core/device.o
  CC      kernel/dma/swiotlb.o
  CC      fs/iomap/iter.o
  CC [M]  drivers/leds/trigger/ledtrig-default-on.o
  CC      arch/x86/kernel/cpu/mtrr/cleanup.o
  CC [M]  sound/core/info.o
  AR      lib/vdso/built-in.a
  CC      lib/raid/xor/xor-core.o
  CC [M]  drivers/leds/trigger/ledtrig-transient.o
  CC [M]  drivers/leds/trigger/ledtrig-camera.o
  CC      net/core/sock.o
  CC      fs/iomap/buffered-io.o
  CC      drivers/pci/pci-driver.o
  CC [M]  drivers/leds/trigger/ledtrig-netdev.o
  CC      lib/raid/xor/xor-8regs.o
  CC      kernel/dma/remap.o
  CC      lib/raid/xor/xor-32regs.o
  CC      lib/raid/xor/xor-8regs-prefetch.o
  CC [M]  sound/core/isadma.o
  AR      arch/x86/kernel/cpu/mtrr/built-in.a
  CC      arch/x86/kernel/cpu/microcode/core.o
  CC      lib/raid/xor/xor-32regs-prefetch.o
  CC      lib/raid/xor/x86/xor-avx.o
  CC      mm/khugepaged.o
  CC      lib/raid/xor/x86/xor-sse.o
  AR      lib/raid/xor/tests/built-in.a
  AR      lib/raid/xor/built-in.a
  AR      lib/raid/built-in.a
  CC      lib/iomap.o
  AR      kernel/dma/built-in.a
  CC [M]  sound/core/vmaster.o
  CC      kernel/entry/common.o
  CC      lib/iomap_copy.o
  CC      lib/devres.o
  CC      arch/x86/kernel/cpu/microcode/intel.o
  CC      drivers/pci/search.o
  CC [M]  drivers/leds/trigger/ledtrig-pattern.o
  CC [M]  sound/core/ctljack.o
  CC      fs/iomap/direct-io.o
  CC [M]  sound/core/jack.o
  CC      lib/check_signature.o
  CC      lib/interval_tree.o
  CC [M]  sound/core/control_led.o
  CC      arch/x86/kernel/cpu/microcode/amd.o
  CC      drivers/pci/rebar.o
  CC [M]  drivers/leds/trigger/ledtrig-tty.o
  CC      kernel/entry/syscall-common.o
  CC      mm/page_counter.o
  CC      net/core/skbuff.o
  CC      lib/assoc_array.o
  CC      fs/iomap/ioend.o
  CC [M]  sound/core/hwdep.o
  CC      mm/memcontrol.o
  CC [M]  sound/core/timer.o
  CC [M]  drivers/leds/trigger/ledtrig-input-events.o
  CC      drivers/pci/rom.o
  CC      lib/list_debug.o
  CC      kernel/entry/syscall_user_dispatch.o
  AR      arch/x86/kernel/cpu/microcode/built-in.a
  CC      arch/x86/kernel/cpu/perfctr-watchdog.o
  AR      drivers/leds/trigger/built-in.a
  AR      drivers/leds/blink/built-in.a
  AR      drivers/leds/simatic/built-in.a
  CC [M]  drivers/leds/led-class-flash.o
  CC      fs/iomap/fiemap.o
  CC      lib/bitrev.o
  CC [M]  drivers/leds/led-class-multicolor.o
  CC      drivers/pci/setup-res.o
  CC [M]  drivers/leds/uleds.o
  CC      arch/x86/kernel/cpu/debugfs.o
  CC [M]  sound/core/hrtimer.o
  CC      lib/linear_ranges.o
  AR      kernel/entry/built-in.a
  CC      kernel/unwind/user.o
  CC      fs/iomap/seek.o
  CC      lib/packing.o
  AR      drivers/leds/built-in.a
  CC      mm/vmpressure.o
  CC      kernel/unwind/deferred.o
  CC      drivers/pci/irq.o
  CC      lib/xxhash.o
  CC      arch/x86/kernel/cpu/bus_lock.o
  CC [M]  sound/core/pcm.o
  CC      mm/swap_cgroup.o
  CC      lib/genalloc.o
  CC      fs/iomap/bio.o
  AR      kernel/unwind/built-in.a
  CC      lib/zlib_inflate/inffast.o
  CC      kernel/module/main.o
  CC      lib/zlib_inflate/inflate.o
  CC      fs/iomap/swapfile.o
  CC      drivers/pci/vpd.o
  CC      net/core/datagram.o
  CC [M]  sound/core/pcm_native.o
  CC      lib/zlib_inflate/infutil.o
  CC      arch/x86/kernel/cpu/capflags.o
  CC      mm/bpf_memcontrol.o
  AR      arch/x86/kernel/cpu/built-in.a
  CC      arch/x86/kernel/msr.o
  CC      arch/x86/virt/svm/cmdline.o
  CC      lib/zlib_inflate/inftrees.o
  CC      lib/zlib_inflate/inflate_syms.o
  AR      arch/x86/virt/svm/built-in.a
  AR      fs/iomap/built-in.a
  AR      arch/x86/virt/vmx/built-in.a
  AR      fs/quota/built-in.a
  AR      arch/x86/virt/built-in.a
  CC      fs/proc/task_mmu.o
  CC      fs/proc/inode.o
  AR      lib/zlib_inflate/built-in.a
  CC      lib/zlib_deflate/deflate.o
  CC      drivers/pci/setup-bus.o
  CC      lib/zlib_deflate/deftree.o
  CC      mm/memory-failure.o
  CC      arch/x86/kernel/cpuid.o
  CC      lib/zlib_deflate/deflate_syms.o
  CC      drivers/pci/vc.o
  CC      kernel/module/strict_rwx.o
  CC      arch/x86/kernel/early-quirks.o
  CC      net/core/stream.o
  CC [M]  sound/core/pcm_lib.o
  CC      arch/x86/kernel/smp.o
  AR      lib/zlib_deflate/built-in.a
  CC      lib/lzo/lzo1x_compress.o
  CC      fs/proc/root.o
  CC      drivers/video/aperture.o
  CC      kernel/module/kmod.o
  CC      drivers/pci/mmap.o
  CC      mm/page_isolation.o
  CC      lib/lzo/lzo1x_compress_safe.o
  CC [M]  sound/core/pcm_misc.o
  CC      net/core/scm.o
  CC      kernel/module/tree_lookup.o
  CC      fs/proc/base.o
  CC      arch/x86/kernel/smpboot.o
  CC      mm/zsmalloc.o
  CC      drivers/pci/devres.o
  CC      drivers/video/screen_info_generic.o
  CC      drivers/video/screen_info_pci.o
  CC      lib/lzo/lzo1x_decompress_safe.o
  CC      kernel/module/kallsyms.o
  CC [M]  sound/core/pcm_memory.o
  AR      lib/lzo/built-in.a
  CC      lib/zstd/zstd_compress_module.o
  CC      mm/early_ioremap.o
  CC      drivers/pci/msi/pcidev_msi.o
  CC      arch/x86/kernel/tsc_sync.o
  CC      drivers/video/cmdline.o
  CC      lib/zstd/compress/fse_compress.o
  CC      net/core/gen_stats.o
  CC      fs/proc/generic.o
  CC      lib/zstd/compress/hist.o
  CC      arch/x86/kernel/setup_percpu.o
  CC [M]  sound/core/memalloc.o
  CC      kernel/module/procfs.o
  CC      lib/zstd/compress/huf_compress.o
  CC      mm/cma.o
  CC      arch/x86/kernel/mpparse.o
  CC      drivers/pci/msi/api.o
  CC      lib/zstd/compress/zstd_compress.o
  CC      drivers/video/nomodeset.o
  CC      kernel/module/sysfs.o
  CC      arch/x86/kernel/apic/apic.o
  CC      fs/proc/array.o
  CC [M]  sound/core/pcm_timer.o
  CC      net/core/gen_estimator.o
  CC      drivers/pci/msi/msi.o
  CC      mm/secretmem.o
  CC      drivers/video/hdmi.o
  CC      arch/x86/kernel/apic/apic_common.o
  CC      kernel/module/tracking.o
  CC [M]  sound/core/pcm_drm_eld.o
  CC      drivers/video/console/dummycon.o
  CC      lib/zstd/compress/zstd_compress_literals.o
  CC      fs/proc/fd.o
  CC      lib/zstd/compress/zstd_compress_sequences.o
  CC      drivers/video/console/vgacon.o
  CC      net/core/net_namespace.o
  CC      arch/x86/kernel/apic/apic_noop.o
  CC      drivers/pci/msi/irqdomain.o
  CC      lib/zstd/compress/zstd_compress_superblock.o
  AR      kernel/module/built-in.a
  CC      kernel/kcmp.o
  CC      mm/cma_sysfs.o
  CC      lib/zstd/compress/zstd_double_fast.o
  AR      drivers/video/console/built-in.a
  CC      drivers/video/backlight/backlight.o
  CC [M]  sound/core/rawmidi.o
  AR      drivers/video/backlight/built-in.a
  CC      drivers/video/fbdev/core/fb_notify.o
  CC      arch/x86/kernel/apic/ipi.o
  CC      fs/proc/proc_tty.o
  CC      mm/userfaultfd.o
  AR      drivers/pci/msi/built-in.a
  CC      drivers/pci/pcie/portdrv.o
  CC      kernel/freezer.o
  CC      arch/x86/kernel/apic/vector.o
  CC      drivers/pci/pcie/rcec.o
  CC      lib/zstd/compress/zstd_fast.o
  CC      net/core/secure_seq.o
  CC      fs/proc/cmdline.o
  CC [M]  sound/core/ump.o
  CC      drivers/video/fbdev/core/fb_info.o
  CC      drivers/pci/pcie/bwctrl.o
  CC      drivers/pci/pcie/aspm.o
  CC      kernel/stacktrace.o
  CC      mm/page_idle.o
  CC      fs/proc/consoles.o
  CC      lib/zstd/compress/zstd_lazy.o
  CC      drivers/video/fbdev/core/fbmem.o
  CC [M]  sound/core/ump_convert.o
  CC      arch/x86/kernel/apic/init.o
  CC      drivers/pci/pcie/aer.o
  CC      net/core/flow_dissector.o
  CC      kernel/time/time.o
  CC      fs/proc/cpuinfo.o
  CC      mm/hmm.o
  CC      arch/x86/kernel/apic/hw_nmi.o
  CC      drivers/pci/pcie/err.o
  CC [M]  sound/core/compress_offload.o
  CC      fs/proc/devices.o
  CC      drivers/video/fbdev/core/fbcmap.o
  CC      mm/memfd.o
  CC      kernel/time/timer.o
  CC      arch/x86/kernel/apic/io_apic.o
  CC      drivers/pci/pcie/tlp.o
  CC      mm/page_reporting.o
  CC      fs/proc/interrupts.o
  LD [M]  sound/core/snd.o
  LD [M]  sound/core/snd-ctl-led.o
  LD [M]  sound/core/snd-hwdep.o
  LD [M]  sound/core/snd-timer.o
  LD [M]  sound/core/snd-hrtimer.o
  LD [M]  sound/core/snd-pcm.o
  LD [M]  sound/core/snd-rawmidi.o
  LD [M]  sound/core/snd-ump.o
  LD [M]  sound/core/snd-compress.o
  CC [M]  sound/drivers/dummy.o
  CC      drivers/video/fbdev/core/modedb.o
  CC      mm/execmem.o
  CC      net/core/sysctl_net_core.o
  CC      fs/proc/loadavg.o
  CC      drivers/pci/pcie/pme.o
  CC      drivers/video/fbdev/core/fbcvt.o
  CC      kernel/time/hrtimer.o
  CC [M]  sound/drivers/aloop.o
  CC      arch/x86/kernel/apic/msi.o
  CC      drivers/video/fbdev/core/fb_cmdline.o
  CC      fs/proc/meminfo.o
  AR      mm/built-in.a
  CC      fs/proc/stat.o
  CC      arch/x86/kernel/apic/x2apic_phys.o
  CC      drivers/pci/pcie/dpc.o
  CC      arch/x86/kernel/apic/x2apic_cluster.o
  CC      net/core/dev.o
  CC      drivers/idle/intel_idle.o
  CC [M]  sound/drivers/pcmtest.o
  CC      drivers/video/fbdev/core/fb_backlight.o
  CC      fs/proc/uptime.o
  CC      kernel/time/sleep_timeout.o
  CC      arch/x86/kernel/apic/apic_flat_64.o
  CC      drivers/pci/pcie/ptm.o
  CC      lib/zstd/compress/zstd_ldm.o
  CC      arch/x86/kernel/apic/probe_64.o
  CC      lib/zstd/compress/zstd_opt.o
  CC      kernel/time/timekeeping.o
  CC      drivers/video/fbdev/core/fbmon.o
  CC      fs/proc/util.o
  CC [M]  sound/drivers/serial-u16550.o
  AR      arch/x86/kernel/apic/built-in.a
  CC      arch/x86/kernel/trace_clock.o
  AR      drivers/idle/built-in.a
  CC      drivers/pci/pcie/edr.o
  AR      arch/x86/kernel/kprobes/built-in.a
  CC      fs/kernfs/mount.o
  CC      arch/x86/kernel/module.o
  CC      drivers/video/fbdev/core/fb_defio.o
  CC      fs/proc/version.o
  CC [M]  sound/drivers/mtpav.o
  CC      lib/zstd/compress/zstd_preSplit.o
  CC      arch/x86/kernel/early_printk.o
  CC      lib/zstd/zstd_decompress_module.o
  AR      drivers/pci/pcie/built-in.a
  AR      drivers/pci/pwrctrl/built-in.a
  CC      drivers/pci/proc.o
  CC      drivers/video/fbdev/core/fbcon.o
  CC      kernel/time/ntp.o
  CC [M]  sound/drivers/mpu401/mpu401_uart.o
  CC      fs/kernfs/inode.o
  CC      fs/proc/softirqs.o
  CC [M]  sound/drivers/mpu401/mpu401.o
  CC      lib/zstd/decompress/huf_decompress.o
  CC      arch/x86/kernel/hpet.o
  LD [M]  sound/drivers/mpu401/snd-mpu401-uart.o
  LD [M]  sound/drivers/mpu401/snd-mpu401.o
  LD [M]  sound/drivers/snd-dummy.o
  LD [M]  sound/drivers/snd-aloop.o
  LD [M]  sound/drivers/snd-pcmtest.o
  LD [M]  sound/drivers/snd-serial-u16550.o
  LD [M]  sound/drivers/snd-mtpav.o
  CC      kernel/time/clocksource.o
  CC      drivers/pci/pci-sysfs.o
  CC      fs/proc/namespaces.o
  CC [M]  sound/usb/card.o
  CC      fs/kernfs/dir.o
  CC      lib/zstd/decompress/zstd_ddict.o
  CC      lib/zstd/decompress/zstd_decompress.o
  CC      drivers/video/fbdev/core/bitblit.o
  CC      arch/x86/kernel/amd_nb.o
  CC [M]  sound/usb/clock.o
  CC      kernel/time/jiffies.o
  CC      lib/zstd/decompress/zstd_decompress_block.o
  CC      fs/proc/self.o
  CC [M]  sound/usb/endpoint.o
  CC      net/core/dev_api.o
  CC      drivers/pci/slot.o
  CC      arch/x86/kernel/amd_node.o
  CC      fs/kernfs/file.o
  CC [M]  sound/usb/fcp.o
  CC      kernel/time/timer_list.o
  CC      lib/zstd/zstd_common_module.o
  CC      drivers/video/fbdev/core/softcursor.o
  CC      fs/proc/thread_self.o
  CC      drivers/video/fbdev/core/fbcon_rotate.o
  CC      drivers/pci/pci-acpi.o
  CC      arch/x86/kernel/pcspeaker.o
  CC      lib/zstd/common/debug.o
  CC      net/core/dev_addr_lists.o
  CC      lib/zstd/common/entropy_common.o
  CC [M]  sound/usb/format.o
  CC      kernel/time/timeconv.o
  CC      lib/zstd/common/error_private.o
  CC      fs/proc/proc_sysctl.o
  CC      lib/zstd/common/fse_decompress.o
  CC      lib/zstd/common/zstd_common.o
  AR      lib/zstd/built-in.a
  CC      lib/xz/xz_dec_syms.o
  CC      fs/kernfs/symlink.o
  CC      drivers/video/fbdev/core/fbcon_cw.o
  CC      arch/x86/kernel/check.o
  CC      kernel/time/timecounter.o
  AR      fs/kernfs/built-in.a
  CC      net/core/dst.o
  CC      kernel/time/alarmtimer.o
  CC      lib/xz/xz_dec_stream.o
  CC      drivers/pci/iomap.o
  CC [M]  sound/usb/helper.o
  CC      arch/x86/kernel/perf_regs.o
  CC      kernel/time/posix-timers.o
  CC      lib/xz/xz_dec_lzma2.o
  CC      fs/proc/proc_net.o
  CC      kernel/time/posix-cpu-timers.o
  CC      net/core/netevent.o
  CC [M]  sound/usb/implicit.o
  CC      drivers/video/fbdev/core/fbcon_ud.o
  CC      drivers/pci/quirks.o
  CC      lib/xz/xz_dec_bcj.o
  CC      arch/x86/kernel/itmt.o
  AR      drivers/video/fbdev/omap/built-in.a
  CC      kernel/futex/core.o
  CC [M]  sound/usb/mixer.o
  CC      fs/proc/kmsg.o
  AR      lib/xz/built-in.a
  CC      drivers/pci/hotplug/pci_hotplug_core.o
  CC      lib/raid6/algos.o
  CC      kernel/time/posix-clock.o
  CC      net/core/neighbour.o
  CC      drivers/video/fbdev/core/fbcon_ccw.o
  CC      drivers/pci/hotplug/cpci_hotplug_core.o
  CC      arch/x86/kernel/umip.o
  CC      fs/proc/page.o
  CC      lib/raid6/recov.o
  CC      drivers/pci/hotplug/cpci_hotplug_pci.o
  CC      kernel/futex/syscalls.o
  CC      kernel/time/itimer.o
  CC      drivers/pci/hotplug/acpi_pcihp.o
  CC [M]  sound/usb/mixer_quirks.o
  CC      drivers/video/fbdev/core/cfbfillrect.o
  CC      arch/x86/kernel/unwind_orc.o
  CC      fs/proc/bootconfig.o
  HOSTCC  lib/raid6/mktables
  CC      drivers/pci/hotplug/pciehp_core.o
  UNROLL  lib/raid6/int1.c
  UNROLL  lib/raid6/int2.c
  UNROLL  lib/raid6/int4.c
  UNROLL  lib/raid6/int8.c
  CC      lib/raid6/recov_ssse3.o
  CC      drivers/pci/hotplug/pciehp_ctrl.o
  CC      kernel/time/clockevents.o
  AR      fs/proc/built-in.a
  CC      fs/sysfs/file.o
  CC      kernel/futex/pi.o
  CC      drivers/video/fbdev/core/cfbcopyarea.o
  CC      net/core/rtnetlink.o
  CC      kernel/time/tick-common.o
  CC      arch/x86/kernel/cet.o
  CC      lib/raid6/recov_avx2.o
  CC [M]  sound/usb/mixer_scarlett.o
  CC      drivers/pci/hotplug/pciehp_pci.o
  CC      fs/sysfs/dir.o
  CC      kernel/futex/requeue.o
  CC      kernel/time/tick-broadcast.o
  CC      lib/raid6/mmx.o
  CC      drivers/video/fbdev/core/cfbimgblt.o
  CC      lib/raid6/sse1.o
  CC      lib/raid6/sse2.o
  CC      kernel/time/tick-broadcast-hrtimer.o
  CC      drivers/pci/hotplug/pciehp_hpc.o
  CC      arch/x86/kernel/shstk.o
  CC [M]  sound/usb/mixer_scarlett2.o
  CC      fs/sysfs/symlink.o
  CC      kernel/futex/waitwake.o
  CC      arch/x86/kernel/mmconf-fam10h_64.o
  CC      kernel/time/tick-oneshot.o
  CC      lib/raid6/avx2.o
  CC      drivers/video/fbdev/core/fb_io_fops.o
  CC      fs/sysfs/mount.o
  CC      drivers/pci/hotplug/shpchp_core.o
  CC      kernel/time/tick-sched.o
  AR      kernel/futex/built-in.a
  CC [M]  sound/usb/mixer_us16x08.o
  CC      arch/x86/kernel/vsmp_64.o
  CC      lib/raid6/avx512.o
  CC      net/core/utils.o
  AR      drivers/char/ipmi/built-in.a
  CC [M]  drivers/char/ipmi/ssif_bmc.o
  CC      drivers/video/fbdev/core/sysfillrect.o
  CC      kernel/time/timer_migration.o
  CC      drivers/pci/hotplug/shpchp_ctrl.o
  CC [M]  sound/usb/mixer_s1810c.o
  LDS     arch/x86/kernel/vmlinux.lds
  CC      fs/sysfs/group.o
  AR      arch/x86/kernel/built-in.a
  AR      arch/x86/built-in.a
  AR      virt/lib/built-in.a
  CC      kernel/time/vsyscall.o
  AR      virt/built-in.a
  CC      drivers/video/fbdev/core/syscopyarea.o
  CC      lib/raid6/recov_avx512.o
  CC [M]  sound/usb/pcm.o
  CC [M]  sound/usb/power.o
  AR      fs/sysfs/built-in.a
  CC      fs/configfs/inode.o
  CC      drivers/pci/ats.o
  CC      net/core/link_watch.o
  CC      kernel/time/timekeeping_debug.o
  CC      kernel/dma.o
  CC      drivers/pci/hotplug/shpchp_pci.o
  TABLE   lib/raid6/tables.c
  CC      lib/raid6/int1.o
  CC      drivers/video/fbdev/core/sysimgblt.o
  CC [M]  sound/usb/proc.o
  CC      net/core/filter.o
  CC      fs/configfs/file.o
  AR      drivers/video/fbdev/omap2/omapfb/dss/built-in.a
  AR      drivers/video/fbdev/omap2/omapfb/displays/built-in.a
  AR      drivers/video/fbdev/omap2/omapfb/built-in.a
  CC      kernel/smp.o
  AR      drivers/video/fbdev/omap2/built-in.a
  CC      kernel/uid16.o
  CC      kernel/time/namespace.o
  CC      drivers/pci/hotplug/shpchp_sysfs.o
  CC      lib/raid6/int2.o
  CC      drivers/video/fbdev/core/fb_sys_fops.o
  CC [M]  sound/usb/quirks.o
  CC      fs/configfs/dir.o
  CC      lib/textsearch.o
  CC      kernel/time/namespace_vdso.o
  CC      drivers/pci/hotplug/shpchp_hpc.o
  CC      lib/raid6/int4.o
  CC      arch/x86/pci/i386.o
  CC [M]  sound/usb/stream.o
  AR      drivers/video/fbdev/core/built-in.a
  CC      drivers/video/fbdev/vesafb.o
  CC      fs/configfs/symlink.o
  AR      kernel/time/built-in.a
  CC      kernel/kallsyms.o
  CC      arch/x86/pci/init.o
  CC [M]  sound/usb/validate.o
  CC      lib/raid6/int8.o
  CC      lib/raid6/tables.o
  CC      drivers/video/fbdev/efifb.o
  CC      drivers/pci/hotplug/acpiphp_core.o
  CC      fs/configfs/mount.o
  CC      net/core/sock_diag.o
  CC      drivers/pci/hotplug/acpiphp_glue.o
  CC      arch/x86/pci/mmconfig_64.o
  CC [M]  sound/usb/midi2.o
  CC      net/compat.o
  AR      lib/raid6/built-in.a
  CC      lib/percpu_counter.o
  CC      arch/x86/pci/direct.o
  CC      kernel/compat.o
  AR      drivers/video/fbdev/built-in.a
  AR      drivers/video/built-in.a
  CC      fs/devpts/inode.o
  CC      arch/x86/pci/mmconfig-shared.o
  CC      fs/configfs/item.o
  CC [M]  drivers/pci/hotplug/cpcihp_zt5550.o
  CC [M]  sound/usb/media.o
  CC      lib/syscall.o
  AR      fs/configfs/built-in.a
  CC      lib/dynamic_debug.o
  CC      net/core/dev_ioctl.o
  CC      kernel/cgroup/cgroup.o
  AR      fs/devpts/built-in.a
  CC      fs/ext4/balloc.o
  CC [M]  sound/usb/midi.o
  CC      fs/jbd2/transaction.o
  CC      arch/x86/pci/fixup.o
  CC [M]  drivers/pci/hotplug/cpcihp_generic.o
  CC [M]  drivers/pci/hotplug/acpiphp_ibm.o
  CC      drivers/pci/pci-label.o
  CC      net/core/tso.o
  CC      arch/x86/pci/acpi.o
  CC      fs/jbd2/commit.o
  CC      lib/nlattr.o
  AR      drivers/pci/hotplug/built-in.a
  CC      drivers/pci/vgaarb.o
  CC      kernel/utsname.o
  CC      fs/ext4/bitmap.o
  CC [M]  sound/usb/bcd2000/bcd2000.o
  CC      fs/jbd2/recovery.o
  CC      arch/x86/pci/legacy.o
  CC      drivers/acpi/tables.o
  CC      net/core/sock_reuseport.o
  LD [M]  sound/usb/bcd2000/snd-bcd2000.o
  LD [M]  sound/usb/snd-usb-audio.o
  CC      fs/jbd2/checkpoint.o
  LD [M]  sound/usb/snd-usbmidi-lib.o
  CC      fs/ext4/block_validity.o
  CC [M]  sound/soc/soc-acpi.o
  CC      lib/cpu_rmap.o
  CC      drivers/pci/controller/intel-nvme-remap.o
  CC      fs/jbd2/revoke.o
  CC      kernel/cgroup/rstat.o
  CC      arch/x86/pci/irq.o
  CC      lib/dynamic_queue_limits.o
  CC      drivers/acpi/osi.o
  CC [M]  sound/soc/soc-core.o
  CC      fs/ext4/dir.o
  CC      fs/jbd2/journal.o
  AR      drivers/pci/controller/dwc/built-in.a
  AR      drivers/pci/controller/mobiveil/built-in.a
  AR      drivers/pci/controller/plda/built-in.a
  CC [M]  drivers/pci/controller/vmd.o
  CC      arch/x86/pci/common.o
  CC      net/core/fib_notifier.o
  CC      kernel/cgroup/namespace.o
  CC      arch/x86/pci/early.o
  CC      drivers/acpi/osl.o
  CC      lib/glob.o
  CC      arch/x86/pci/bus_numa.o
  CC      fs/ext4/ext4_jbd2.o
  AR      drivers/pci/controller/built-in.a
  AR      drivers/pci/switch/built-in.a
  AR      drivers/pci/built-in.a
  CC      kernel/cgroup/cgroup-v1.o
  CC      arch/x86/pci/amd_bus.o
  AR      fs/jbd2/built-in.a
  CC      kernel/cgroup/freezer.o
  CC      fs/ext4/extents.o
  CC [M]  sound/soc/soc-dapm.o
  CC      lib/dim/dim.o
  CC      net/core/xdp.o
  AR      arch/x86/pci/built-in.a
  CC      net/core/flow_offload.o
  CC      drivers/acpi/utils.o
  CC      drivers/pnp/core.o
  CC      lib/dim/net_dim.o
  CC      net/ethernet/eth.o
  CC      kernel/cgroup/legacy_freezer.o
  CC      kernel/user_namespace.o
  CC      drivers/pnp/card.o
  CC      drivers/acpi/reboot.o
  CC      kernel/cgroup/pids.o
  CC      net/core/gro.o
  CC      drivers/pnp/driver.o
  CC [M]  sound/soc/soc-jack.o
  CC      lib/dim/rdma_dim.o
  CC      drivers/pnp/resource.o
  CC      fs/ext4/extents_status.o
  CC      drivers/acpi/nvs.o
  CC      kernel/cgroup/cpuset.o
  AR      drivers/amba/built-in.a
  CC      drivers/clk/clk-devres.o
  AR      net/ethernet/built-in.a
  CC      lib/strncpy_from_user.o
  AR      lib/dim/built-in.a
  CC      drivers/pnp/manager.o
  CC      net/core/netdev-genl.o
  CC [M]  sound/soc/soc-utils.o
  CC      drivers/clk/clk-bulk.o
  CC      drivers/acpi/wakeup.o
  CC      drivers/acpi/sleep.o
  CC      drivers/pnp/support.o
  CC      lib/strnlen_user.o
  CC      drivers/clk/clkdev.o
  CC      fs/ext4/file.o
  CC      lib/net_utils.o
  CC [M]  sound/soc/soc-dai.o
  CC      kernel/pid_namespace.o
  CC      drivers/pnp/interface.o
  CC      kernel/cgroup/misc.o
  CC      lib/sg_pool.o
  CC      drivers/clk/clk.o
  CC      drivers/acpi/device_sysfs.o
  CC      lib/memregion.o
  CC      net/core/netdev-genl-gen.o
  CC      lib/irq_poll.o
  CC      fs/ext4/fsmap.o
  CC [M]  sound/soc/soc-component.o
  CC      drivers/pnp/quirks.o
  CC      kernel/cgroup/dmem.o
  CC      fs/ramfs/inode.o
  CC      drivers/acpi/device_pm.o
  CC      lib/bootconfig.o
  CC      fs/ramfs/file-mmu.o
  AR      kernel/cgroup/built-in.a
  UPD     kernel/config_data
  CC      kernel/stop_machine.o
  CC      net/core/gso.o
  CC      drivers/pnp/system.o
  CC      drivers/clk/clk-divider.o
  CC [M]  sound/soc/soc-pcm.o
  CC      fs/ext4/fsync.o
  CC      drivers/pnp/pnpacpi/core.o
  AR      fs/ramfs/built-in.a
  CC      drivers/clk/clk-fixed-factor.o
  CC      lib/fonts/fonts.o
  CC      drivers/acpi/proc.o
  CC      kernel/seccomp.o
  CC      arch/x86/power/cpu.o
  CC      drivers/pnp/pnpacpi/rsparser.o
  CC      drivers/clk/clk-fixed-rate.o
  CC      fs/ext4/hash.o
  CC      net/core/net-sysfs.o
  CC      lib/fonts/font_rotate.o
  AR      arch/x86/power/built-in.a
  CC      drivers/dma/dmaengine.o
  CC [M]  sound/soc/soc-devres.o
  CC      drivers/acpi/bus.o
  CC      drivers/clk/clk-gate.o
  CC      lib/fonts/font_8x8.o
  CC      lib/fonts/font_8x16.o
  AR      drivers/pnp/pnpacpi/built-in.a
  AR      drivers/pnp/built-in.a
  AR      drivers/soc/apple/built-in.a
  AR      drivers/soc/aspeed/built-in.a
  AR      drivers/soc/bcm/built-in.a
  AR      drivers/soc/fsl/built-in.a
  AR      drivers/soc/fujitsu/built-in.a
  AR      drivers/soc/hisilicon/built-in.a
  AR      drivers/soc/imx/built-in.a
  AR      drivers/soc/ixp4xx/built-in.a
  AR      drivers/soc/loongson/built-in.a
  AR      drivers/soc/mediatek/built-in.a
  AR      drivers/soc/microchip/built-in.a
  AR      drivers/soc/nuvoton/built-in.a
  AR      drivers/soc/pxa/built-in.a
  AR      drivers/soc/amlogic/built-in.a
  AR      drivers/soc/qcom/built-in.a
  CC [M]  drivers/soc/qcom/qmi_encdec.o
  CC      fs/ext4/ialloc.o
  CC      drivers/dma/acpi-dma.o
  CC      kernel/relay.o
  CC      drivers/acpi/glue.o
  CC      drivers/clk/clk-multiplier.o
  CC [M]  sound/soc/soc-ops.o
  CC      lib/fonts/font_ter16x32.o
  CC [M]  drivers/soc/qcom/qmi_interface.o
  CC      kernel/utsname_sysctl.o
  CC      drivers/clk/clk-mux.o
  CC      drivers/dma/dw/core.o
  CC      kernel/taskstats.o
  CC      net/core/hotdata.o
  AR      lib/fonts/built-in.a
  CC      lib/ucs2_string.o
  CC      drivers/acpi/scan.o
  CC [M]  sound/soc/soc-link.o
  CC      fs/ext4/indirect.o
  CC      drivers/clk/clk-composite.o
  CC      kernel/tsacct.o
  CC      lib/sbitmap.o
  CC      drivers/acpi/mipi-disco-img.o
  LD [M]  drivers/soc/qcom/qmi_helpers.o
  CC      drivers/dma/dw/dw.o
  AR      drivers/soc/renesas/built-in.a
  AR      drivers/soc/rockchip/built-in.a
  AR      drivers/soc/sophgo/built-in.a
  AR      drivers/soc/sunxi/built-in.a
  AR      drivers/soc/ti/built-in.a
  AR      drivers/soc/versatile/built-in.a
  AR      drivers/soc/vt8500/built-in.a
  AR      drivers/soc/xilinx/built-in.a
  AR      drivers/soc/built-in.a
  CC      drivers/dma/dw/idma32.o
  CC [M]  sound/soc/soc-card.o
  CC      net/core/netdev_config.o
  CC      drivers/clk/clk-fractional-divider.o
  CC      kernel/irq_work.o
  CC      drivers/acpi/resource.o
  CC [M]  sound/soc/soc-compress.o
  CC      fs/ext4/inline.o
  CC      lib/group_cpus.o
  CC      drivers/clk/clk-gpio.o
  CC      drivers/dma/dw/acpi.o
  CC      fs/exportfs/expfs.o
  CC      kernel/bpf/core.o
  CC [M]  sound/soc/soc-topology.o
  CC      drivers/acpi/acpi_processor.o
  AR      drivers/clk/actions/built-in.a
  AR      drivers/clk/analogbits/built-in.a
  AR      fs/exportfs/built-in.a
  AR      drivers/clk/aspeed/built-in.a
  CC [M]  sound/soc/codecs/aw88395/aw88395_lib.o
  AR      drivers/clk/bcm/built-in.a
  AR      drivers/clk/imgtec/built-in.a
  CC      lib/fw_table.o
  AR      drivers/clk/imx/built-in.a
  AR      drivers/clk/ingenic/built-in.a
  AR      drivers/clk/keystone/built-in.a
  AR      drivers/clk/mediatek/built-in.a
  CC      net/core/netdev_rx_queue.o
  AR      drivers/clk/microchip/built-in.a
  AR      drivers/clk/mstar/built-in.a
  AR      drivers/clk/mvebu/built-in.a
  AR      drivers/clk/ralink/built-in.a
  AR      drivers/clk/renesas/built-in.a
  AR      drivers/clk/socfpga/built-in.a
  AR      drivers/clk/sophgo/built-in.a
  AR      drivers/clk/spacemit/built-in.a
  AR      drivers/clk/sprd/built-in.a
  AR      drivers/clk/starfive/built-in.a
  AR      drivers/clk/sunxi-ng/built-in.a
  AR      drivers/clk/tenstorrent/built-in.a
  AR      drivers/clk/ti/built-in.a
  CC      drivers/dma/dw/pci.o
  AR      drivers/clk/versatile/built-in.a
  CC      drivers/clk/x86/clk-lpss-atom.o
  CC      fs/ext4/inode.o
  CC      drivers/clk/x86/clk-pmc-atom.o
  CC [M]  lib/ts_kmp.o
  CC      drivers/acpi/processor_core.o
  AR      drivers/clk/x86/built-in.a
  AR      drivers/clk/xilinx/built-in.a
  AR      drivers/clk/built-in.a
  CC      drivers/acpi/processor_pdc.o
  CC      arch/x86/video/video-common.o
  AR      drivers/dma/dw/built-in.a
  AR      drivers/dma/idxd/built-in.a
  AR      drivers/dma/amd/built-in.a
  AR      drivers/dma/loongson/built-in.a
  AR      drivers/dma/mediatek/built-in.a
  AR      drivers/dma/qcom/built-in.a
  AR      drivers/dma/stm32/built-in.a
  AR      drivers/dma/ti/built-in.a
  AR      drivers/dma/xilinx/built-in.a
  CC [M]  drivers/dma/virt-dma.o
  CC [M]  sound/soc/codecs/aw88395/aw88395_device.o
  CC      fs/nls/nls_base.o
  CC      net/core/netdev_queues.o
  CC [M]  lib/ts_bm.o
  CC      kernel/bpf/syscall.o
  CC      fs/nls/nls_ascii.o
  CC      drivers/acpi/ec.o
  CC [M]  lib/ts_fsm.o
  AR      arch/x86/video/built-in.a
  CC [M]  drivers/dma/idma64.o
  CC      drivers/acpi/pci_root.o
  CC [M]  lib/asn1_decoder.o
  CC [M]  fs/nls/nls_cp437.o
  CC [M]  sound/soc/codecs/aw88399.o
  CC [M]  fs/nls/nls_cp850.o
  CC      net/core/page_pool.o
  CC [M]  lib/reed_solomon/reed_solomon.o
  CC      fs/ext4/ioctl.o
  CC [M]  fs/nls/nls_cp852.o
  CC [M]  drivers/dma/hsu/hsu.o
  CC      drivers/acpi/pci_link.o
  CC      fs/unicode/utf8-norm.o
  CC      fs/unicode/utf8-core.o
  CC [M]  fs/nls/nls_cp855.o
  CC [M]  lib/lz4/lz4_decompress.o
  COPY    fs/unicode/utf8data.c
  CC      fs/unicode/utf8data.o
  CC [M]  sound/soc/codecs/dmic.o
  LD [M]  drivers/dma/hsu/hsu_dma.o
  CC [M]  drivers/dma/ioat/init.o
  CC      kernel/bpf/verifier.o
  CC      fs/ext4/mballoc.o
  CC      drivers/acpi/pci_irq.o
  CC [M]  fs/nls/nls_cp866.o
  CC      net/core/page_pool_user.o
  CC [M]  sound/soc/codecs/hdac_hda.o
  AR      fs/unicode/built-in.a
  CC      net/802/fc.o
  TEST    lib/test_fortify/read_overflow-memchr.log
  CC [M]  sound/soc/codecs/hda.o
  CC [M]  fs/nls/nls_iso8859-5.o
  TEST    lib/test_fortify/read_overflow-memchr_inv.log
  CC [M]  drivers/dma/ioat/dma.o
  CC      drivers/acpi/acpi_apd.o
  CC [M]  sound/soc/codecs/hda-dai.o
  CC      drivers/acpi/acpi_platform.o
  CC [M]  fs/nls/nls_koi8-r.o
  TEST    lib/test_fortify/read_overflow-memcmp.log
  CC [M]  net/802/psnap.o
  CC      net/core/net-procfs.o
  TEST    lib/test_fortify/read_overflow-memscan.log
  CC [M]  drivers/dma/ioat/prep.o
  CC [M]  sound/soc/codecs/max98390.o
  TEST    lib/test_fortify/read_overflow2-memcmp.log
  CC [M]  fs/nls/nls_koi8-u.o
  CC [M]  net/802/stp.o
  TEST    lib/test_fortify/read_overflow2-memcpy.log
  CC      drivers/acpi/acpi_pnp.o
  CC      fs/ext4/migrate.o
  TEST    lib/test_fortify/read_overflow2-memmove.log
  TEST    lib/test_fortify/read_overflow2_field-memcpy.log
  CC [M]  fs/nls/nls_koi8-ru.o
  TEST    lib/test_fortify/read_overflow2_field-memmove.log
  CC [M]  drivers/dma/ioat/dca.o
  TEST    lib/test_fortify/write_overflow-memcpy.log
  CC      net/core/netpoll.o
  CC      drivers/acpi/power.o
  CC [M]  sound/soc/codecs/pcm512x.o
  TEST    lib/test_fortify/write_overflow-memmove.log
  CC [M]  net/802/garp.o
  CC [M]  fs/nls/nls_utf8.o
  TEST    lib/test_fortify/write_overflow-memset.log
  CC      fs/ext4/mmp.o
  TEST    lib/test_fortify/write_overflow-strcpy-lit.log
  TEST    lib/test_fortify/write_overflow-strcpy.log
  CC [M]  drivers/dma/ioat/sysfs.o
  TEST    lib/test_fortify/write_overflow-strncpy-src.log
  CC      drivers/acpi/event.o
  AR      fs/nls/built-in.a
  CC      kernel/static_call.o
  TEST    lib/test_fortify/write_overflow-strncpy.log
  CC [M]  sound/soc/codecs/pcm512x-i2c.o
  TEST    lib/test_fortify/write_overflow-strscpy.log
  CC      fs/ext4/move_extent.o
  CC [M]  net/802/mrp.o
  LD [M]  drivers/dma/ioat/ioatdma.o
  AR      drivers/dma/built-in.a
  CC      drivers/acpi/evged.o
  CC      net/core/fib_rules.o
  CC      kernel/bpf/inode.o
  TEST    lib/test_fortify/write_overflow_field-memcpy.log
  CC [M]  sound/soc/codecs/pcm512x-spi.o
  CC      kernel/bpf/helpers.o
  CC      kernel/bpf/tnum.o
  CC      fs/fuse/trace.o
  TEST    lib/test_fortify/write_overflow_field-memmove.log
  LD [M]  sound/soc/codecs/snd-soc-aw88395-lib.o
  LD [M]  sound/soc/codecs/snd-soc-aw88399.o
  LD [M]  sound/soc/codecs/snd-soc-dmic.o
  LD [M]  sound/soc/codecs/snd-soc-hdac-hda.o
  LD [M]  sound/soc/codecs/snd-soc-hda-codec.o
  LD [M]  sound/soc/codecs/snd-soc-max98390.o
  LD [M]  sound/soc/codecs/snd-soc-pcm512x.o
  LD [M]  sound/soc/codecs/snd-soc-pcm512x-i2c.o
  LD [M]  sound/soc/codecs/snd-soc-pcm512x-spi.o
  CC [M]  sound/soc/generic/simple-card-utils.o
  AR      net/802/built-in.a
  CC      fs/ext4/namei.o
  CC      drivers/acpi/sysfs.o
  TEST    lib/test_fortify/write_overflow_field-memset.log
  CC      fs/fuse/dev.o
  CAT     lib/test_fortify/test_fortify.log
  AR      lib/lib.a
  AR      lib/built-in.a
  CC      fs/fuse/dir.o
  CC      drivers/virtio/virtio_anchor.o
  CC [M]  drivers/virtio/virtio.o
  CC      drivers/acpi/property.o
  CC      net/core/timestamping.o
  CC [M]  sound/soc/generic/simple-card.o
  CC [M]  drivers/virtio/virtio_ring.o
  LD [M]  sound/soc/generic/snd-soc-simple-card-utils.o
  LD [M]  sound/soc/generic/snd-soc-simple-card.o
  CC      drivers/regulator/core.o
  CC [M]  sound/soc/intel/common/soc-acpi-intel-byt-match.o
  CC [M]  sound/soc/intel/common/soc-acpi-intel-cht-match.o
  CC      kernel/bpf/log.o
  CC      fs/ext4/page-io.o
  CC      fs/fuse/file.o
  CC      drivers/acpi/debugfs.o
  CC      drivers/regulator/dummy.o
  CC      net/core/ptp_classifier.o
  CC      fs/ext4/readpage.o
  AR      drivers/virtio/built-in.a
  CC [M]  sound/soc/intel/common/soc-acpi-intel-hsw-bdw-match.o
  CC      drivers/regulator/fixed-helper.o
  CC      drivers/acpi/acpi_lpat.o
  CC [M]  sound/hda/core/hda_bus_type.o
  CC [M]  sound/hda/common/bind.o
  CC      kernel/bpf/token.o
  CC      fs/ext4/resize.o
  CC [M]  sound/hda/common/codec.o
  CC      fs/fuse/inode.o
  CC [M]  sound/soc/intel/common/soc-acpi-intel-skl-match.o
  CC      drivers/regulator/helpers.o
  CC      drivers/acpi/acpi_fpdt.o
  CC      net/core/netprio_cgroup.o
  CC [M]  sound/hda/core/bus.o
  CC      drivers/acpi/acpi_lpit.o
  CC      kernel/bpf/liveness.o
  CC [M]  sound/hda/core/device.o
  CC [M]  sound/soc/intel/common/soc-acpi-intel-kbl-match.o
  CC      drivers/regulator/devres.o
  CC      drivers/acpi/prmt.o
  CC      fs/ext4/super.o
  CC [M]  sound/hda/core/sysfs.o
  CC      fs/fuse/control.o
  CC      net/core/netclassid_cgroup.o
  CC [M]  sound/hda/common/jack.o
  CC [M]  sound/hda/core/regmap.o
  CC [M]  sound/soc/intel/common/soc-acpi-intel-bxt-match.o
  CC      drivers/regulator/irq_helpers.o
  CC [M]  sound/hda/core/controller.o
  CC      drivers/acpi/acpi_pcc.o
  CC      fs/fuse/xattr.o
  CC      drivers/acpi/acpi_ffh.o
  CC [M]  sound/hda/common/auto_parser.o
  CC [M]  sound/soc/intel/common/soc-acpi-intel-glk-match.o
  CC      net/core/lwtunnel.o
  CC      drivers/acpi/acpi_mrrm.o
  CC [M]  sound/hda/core/stream.o
  CC      drivers/regulator/event.o
  CC      kernel/bpf/const_fold.o
  CC      fs/fuse/acl.o
  CC      drivers/acpi/acpica/dsargs.o
  CC      fs/ext4/symlink.o
  CC      drivers/acpi/acpica/dscontrol.o
  CC [M]  sound/soc/intel/common/soc-acpi-intel-cnl-match.o
  CC [M]  sound/hda/common/sysfs.o
  CC      drivers/acpi/acpica/dsdebug.o
  CC      drivers/acpi/acpica/dsfield.o
  CC [M]  sound/hda/core/array.o
  CC [M]  drivers/regulator/fixed.o
  CC      fs/fuse/readdir.o
  CC      net/core/lwt_bpf.o
  CC      drivers/acpi/acpica/dsinit.o
  CC      drivers/acpi/acpica/dsmethod.o
  CC      fs/ext4/sysfs.o
  CC      kernel/bpf/bpf_iter.o
  CC [M]  sound/soc/intel/common/soc-acpi-intel-cfl-match.o
  CC [M]  sound/hda/common/controller.o
  CC      drivers/acpi/acpica/dsmthdat.o
  CC [M]  sound/hda/core/hdmi_chmap.o
  CC      fs/ext4/xattr.o
  CC [M]  drivers/regulator/virtual.o
  CC      fs/fuse/ioctl.o
  CC      drivers/acpi/acpica/dsobject.o
  CC [M]  sound/soc/intel/common/soc-acpi-intel-cml-match.o
  CC      fs/ext4/xattr_hurd.o
  CC      drivers/acpi/acpica/dsopcode.o
  CC      net/core/dst_cache.o
  CC [M]  sound/hda/common/proc.o
  CC      kernel/bpf/map_iter.o
  CC [M]  sound/hda/core/trace.o
  CC [M]  drivers/regulator/userspace-consumer.o
  CC      drivers/acpi/acpica/dspkginit.o
  CC      fs/fuse/iomode.o
  CC [M]  sound/soc/intel/common/soc-acpi-intel-icl-match.o
  CC [M]  drivers/regulator/gpio-regulator.o
  CC      fs/ext4/xattr_trusted.o
  CC      drivers/acpi/acpica/dsutils.o
  CC [M]  sound/hda/common/hwdep.o
  CC [M]  sound/hda/core/component.o
  CC      fs/ext4/xattr_user.o
  CC      net/core/gro_cells.o
  CC      kernel/bpf/task_iter.o
  CC      fs/fuse/passthrough.o
  AR      drivers/regulator/built-in.a
  CC      net/core/skmsg.o
  CC      drivers/acpi/acpica/dswexec.o
  CC [M]  sound/soc/intel/common/soc-acpi-intel-tgl-match.o
  CC      drivers/acpi/acpica/dswload.o
  CC      fs/ext4/fast_commit.o
  CC [M]  sound/hda/common/beep.o
  CC [M]  sound/hda/core/i915.o
  CC      drivers/acpi/acpica/dswload2.o
  CC      drivers/acpi/acpica/dswscope.o
  CC      fs/fuse/backing.o
  CC      drivers/acpi/acpica/dswstate.o
  CC [M]  sound/soc/intel/common/soc-acpi-intel-ehl-match.o
  CC      net/sched/sch_generic.o
  CC      kernel/bpf/prog_iter.o
  CC [M]  sound/hda/core/intel-dsp-config.o
  LD [M]  sound/hda/common/snd-hda-codec.o
  CC [M]  sound/soc/intel/avs/dsp.o
  CC      fs/fuse/sysctl.o
  CC      drivers/acpi/acpica/evevent.o
  CC [M]  sound/soc/intel/avs/ipc.o
  CC      fs/ext4/orphan.o
  CC [M]  sound/soc/intel/common/soc-acpi-intel-jsl-match.o
  CC      drivers/acpi/acpica/evgpe.o
  CC      net/core/sock_map.o
  CC [M]  sound/soc/intel/avs/messages.o
  CC      fs/fuse/dev_uring.o
  CC [M]  sound/hda/core/intel-nhlt.o
  CC      drivers/acpi/acpica/evgpeblk.o
  CC      kernel/bpf/link_iter.o
  CC [M]  sound/soc/intel/common/soc-acpi-intel-adl-match.o
  CC [M]  fs/fuse/cuse.o
  CC      fs/ext4/acl.o
  CC      drivers/acpi/acpica/evgpeinit.o
  CC      net/sched/sch_mq.o
  CC [M]  sound/hda/core/intel-sdw-acpi.o
  CC [M]  sound/soc/intel/avs/utils.o
  CC      drivers/acpi/acpica/evgpeutil.o
  AR      fs/fuse/built-in.a
  CC      drivers/acpi/acpica/evglock.o
  CC      net/sched/sch_frag.o
  CC [M]  sound/soc/intel/common/soc-acpi-intel-rpl-match.o
  CC      kernel/bpf/hashtab.o
  AR      fs/ext4/built-in.a
  CC      net/core/bpf_sk_storage.o
  CC      fs/overlayfs/super.o
  CC [M]  sound/hda/core/ext/bus.o
  AR      fs/hostfs/built-in.a
  CC      net/sched/sch_api.o
  CC      drivers/acpi/acpica/evhandler.o
  CC      net/netlink/af_netlink.o
  CC [M]  sound/soc/intel/avs/core.o
  CC      drivers/acpi/acpica/evmisc.o
  CC [M]  sound/soc/intel/common/soc-acpi-intel-mtl-match.o
  CC [M]  sound/hda/core/ext/controller.o
  CC      drivers/acpi/acpica/evregion.o
  CC      fs/overlayfs/namei.o
  CC      net/netlink/genetlink.o
  CC [M]  sound/soc/intel/avs/loader.o
  CC      net/core/devmem.o
  CC      drivers/acpi/acpica/evrgnini.o
  CC [M]  sound/soc/intel/common/soc-acpi-intel-arl-match.o
  CC      kernel/bpf/arraymap.o
  CC [M]  sound/hda/core/ext/stream.o
  CC      net/sched/sch_blackhole.o
  CC      drivers/acpi/acpica/evsci.o
  CC      fs/overlayfs/util.o
  CC [M]  net/core/pktgen.o
  CC [M]  sound/soc/intel/avs/topology.o
  CC [M]  sound/soc/intel/common/soc-acpi-intel-lnl-match.o
  CC      drivers/acpi/acpica/evxface.o
  LD [M]  sound/hda/core/ext/snd-hda-ext-core.o
  LD [M]  sound/hda/core/snd-hda-core.o
  LD [M]  sound/hda/core/snd-intel-dspcfg.o
  LD [M]  sound/hda/core/snd-intel-sdw-acpi.o
  CC [M]  sound/hda/codecs/generic.o
  CC      net/netlink/policy.o
  CC      net/sched/cls_api.o
  CC      drivers/acpi/acpica/evxfevnt.o
  CC [M]  sound/soc/intel/avs/path.o
  CC      fs/overlayfs/inode.o
  CC      kernel/bpf/percpu_freelist.o
  CC [M]  sound/soc/intel/common/soc-acpi-intel-ptl-match.o
  CC      drivers/acpi/acpica/evxfgpe.o
  CC      kernel/bpf/bpf_lru_list.o
  CC [M]  sound/soc/intel/common/soc-acpi-intel-nvl-match.o
  CC [M]  sound/soc/intel/avs/pcm.o
  CC      drivers/acpi/acpica/evxfregn.o
  CC [M]  net/netlink/diag.o
  CC      kernel/bpf/lpm_trie.o
  CC [M]  sound/soc/intel/common/soc-acpi-intel-hda-match.o
  CC [M]  net/core/selftests.o
  CC      fs/overlayfs/file.o
  CC      drivers/acpi/acpica/exconcat.o
  CC [M]  sound/soc/intel/common/soc-acpi-intel-sdw-mockup-match.o
  CC      drivers/acpi/acpica/exconfig.o
  CC [M]  sound/soc/intel/common/sof-function-topology-lib.o
  CC [M]  sound/hda/codecs/cmedia.o
  CC      net/sched/sch_fifo.o
  CC [M]  sound/soc/intel/avs/board_selection.o
  AR      net/netlink/built-in.a
  LD [M]  net/netlink/netlink_diag.o
  CC [M]  net/core/failover.o
  CC [M]  sound/soc/intel/common/soc-acpi-intel-ssp-common.o
  CC      drivers/acpi/acpica/exconvrt.o
  CC      fs/overlayfs/dir.o
  CC      kernel/bpf/map_in_map.o
  CC      drivers/acpi/acpica/excreate.o
  CC [M]  sound/soc/intel/boards/skl_hda_dsp_generic.o
  CC [M]  sound/hda/codecs/cm9825.o
  CC      fs/overlayfs/readdir.o
  CC [M]  sound/soc/intel/avs/control.o
  CC [M]  sound/soc/intel/common/soc-acpi-intel-sdca-quirks.o
  CC      net/sched/ematch.o
  CC      drivers/acpi/acpica/exdebug.o
  CC      kernel/bpf/bloom_filter.o
  AR      net/core/built-in.a
  CC      kernel/bpf/local_storage.o
  CC      fs/overlayfs/copy_up.o
  CC      drivers/acpi/acpica/exdump.o
  CC [M]  sound/hda/codecs/analog.o
  CC [M]  sound/soc/intel/boards/hda_dsp_common.o
  AR      net/sched/built-in.a
  CC      net/bpf/test_run.o
  CC [M]  sound/soc/intel/avs/sysfs.o
  LD [M]  sound/soc/intel/common/snd-soc-acpi-intel-match.o
  LD [M]  sound/soc/intel/common/snd-soc-acpi-intel-sdca-quirks.o
  CC      drivers/acpi/acpica/exfield.o
  CC      fs/debugfs/inode.o
  CC      fs/debugfs/file.o
  CC [M]  sound/soc/intel/boards/sof_board_helpers.o
  CC      drivers/acpi/acpica/exfldio.o
  CC [M]  sound/hda/codecs/ca0110.o
  CC      drivers/reset/core.o
  CC      kernel/bpf/queue_stack_maps.o
  CC [M]  sound/soc/intel/avs/cldma.o
  CC      fs/overlayfs/export.o
  CC      drivers/acpi/acpica/exmisc.o
  CC      drivers/acpi/acpica/exmutex.o
  CC      drivers/acpi/acpica/exnames.o
  LD [M]  sound/soc/intel/boards/snd-soc-skl_hda_dsp.o
  LD [M]  sound/soc/intel/boards/snd-soc-intel-hda-dsp-common.o
  AR      drivers/reset/amlogic/built-in.a
  LD [M]  sound/soc/intel/boards/snd-soc-intel-sof-board-helpers.o
  AR      drivers/reset/hisilicon/built-in.a
  CC      kernel/bpf/ringbuf.o
  AR      drivers/reset/spacemit/built-in.a
  AR      drivers/reset/starfive/built-in.a
  AR      drivers/reset/sti/built-in.a
  AR      drivers/reset/tegra/built-in.a
  AR      drivers/reset/built-in.a
  AR      fs/debugfs/built-in.a
  CC [M]  sound/hda/codecs/ca0132.o
  CC      fs/overlayfs/params.o
  CC      net/ethtool/ioctl.o
  CC      net/ethtool/common.o
  CC [M]  sound/soc/intel/avs/skl.o
  CC      net/bpf/bpf_dummy_struct_ops.o
  CC      drivers/acpi/acpica/exoparg1.o
  CC      net/ethtool/netlink.o
  CC      kernel/bpf/bpf_insn_array.o
  CC      drivers/acpi/acpica/exoparg2.o
  CC      net/ethtool/bitset.o
  CC      fs/overlayfs/xattrs.o
  CC [M]  sound/soc/intel/avs/apl.o
  CC      drivers/acpi/acpica/exoparg3.o
  AR      net/bpf/built-in.a
  CC      drivers/acpi/acpica/exoparg6.o
  CC      drivers/tty/tty_io.o
  CC      fs/btrfs/super.o
  CC      kernel/bpf/bpf_local_storage.o
  CC      fs/btrfs/ctree.o
  AR      fs/overlayfs/built-in.a
  CC      fs/btrfs/extent-tree.o
  CC      drivers/acpi/acpica/exprep.o
  CC      net/ethtool/strset.o
  CC [M]  sound/soc/intel/avs/cnl.o
  CC      drivers/acpi/acpica/exregion.o
  CC [M]  sound/hda/codecs/conexant.o
  CC [M]  sound/hda/controllers/intel.o
  CC      drivers/acpi/acpica/exresnte.o
  CC [M]  sound/soc/intel/avs/icl.o
  CC      drivers/tty/n_tty.o
  CC      net/netfilter/core.o
  CC      kernel/bpf/bpf_task_storage.o
  CC      net/ethtool/linkinfo.o
  CC      drivers/acpi/acpica/exresolv.o
  CC [M]  sound/hda/codecs/sigmatel.o
  CC [M]  sound/hda/controllers/acpi.o
  CC      drivers/acpi/acpica/exresop.o
  CC      net/ethtool/linkmodes.o
  CC [M]  sound/soc/intel/avs/tgl.o
  CC      drivers/tty/tty_ioctl.o
  CC      fs/btrfs/print-tree.o
  CC      drivers/acpi/acpica/exserial.o
  CC      net/ethtool/rss.o
  CC      kernel/bpf/fixups.o
  LD [M]  sound/hda/controllers/snd-hda-intel.o
  LD [M]  sound/hda/controllers/snd-hda-acpi.o
  CC      drivers/tty/tty_ldisc.o
  CC [M]  sound/hda/codecs/senarytech.o
  CC      net/netfilter/nf_log.o
  CC [M]  sound/soc/intel/avs/mtl.o
  CC      drivers/acpi/acpica/exstore.o
  CC      net/ethtool/linkstate.o
  CC      drivers/tty/tty_buffer.o
  CC      fs/btrfs/root-tree.o
  CC      drivers/acpi/acpica/exstoren.o
  CC      drivers/tty/tty_port.o
  CC [M]  sound/hda/codecs/si3054.o
  CC [M]  sound/soc/intel/avs/lnl.o
  CC      drivers/acpi/acpica/exstorob.o
  CC      drivers/tty/tty_mutex.o
  CC      drivers/char/mem.o
  CC      net/ethtool/debug.o
  CC      net/netfilter/nf_queue.o
  CC      drivers/tty/tty_ldsem.o
  CC      drivers/acpi/acpica/exsystem.o
  CC      fs/btrfs/dir-item.o
  CC      kernel/bpf/cfg.o
  CC      drivers/acpi/acpica/extrace.o
  CC [M]  sound/hda/codecs/via.o
  CC [M]  sound/soc/intel/avs/ptl.o
  CC      drivers/acpi/acpica/exutils.o
  CC      drivers/char/random.o
  CC      drivers/tty/tty_baudrate.o
  CC [M]  sound/soc/intel/avs/trace.o
  CC      net/ethtool/wol.o
  CC      drivers/acpi/acpica/hwacpi.o
  CC      fs/btrfs/file-item.o
  CC [M]  sound/soc/intel/avs/probes.o
  CC [M]  sound/hda/codecs/cirrus/cs420x.o
  CC      drivers/tty/tty_jobctrl.o
  CC      drivers/acpi/acpica/hwesleep.o
  CC      kernel/bpf/states.o
  CC      net/netfilter/nf_sockopt.o
  CC [M]  sound/soc/intel/avs/debugfs.o
  CC      drivers/acpi/acpica/hwgpe.o
  CC      drivers/char/misc.o
  CC [M]  sound/hda/codecs/cirrus/cs421x.o
  CC [M]  sound/soc/intel/avs/boards/dmic.o
  CC      drivers/acpi/acpica/hwregs.o
  CC      net/ethtool/features.o
  CC      drivers/tty/n_null.o
  CC      fs/btrfs/inode-item.o
  CC      drivers/acpi/acpica/hwsleep.o
  CC      drivers/acpi/acpica/hwvalid.o
  CC      net/netfilter/utils.o
  CC      drivers/char/hpet.o
  CC      drivers/acpi/acpica/hwxface.o
  CC      drivers/tty/pty.o
  CC [M]  sound/hda/codecs/cirrus/cs8409.o
  CC [M]  sound/soc/intel/avs/boards/hdaudio.o
  CC      kernel/bpf/backtrack.o
  CC      drivers/acpi/acpica/hwxfsleep.o
  CC      net/ethtool/privflags.o
  CC      fs/btrfs/disk-io.o
  CC      drivers/acpi/acpica/hwpci.o
  CC      drivers/char/nvram.o
  CC      kernel/bpf/check_btf.o
  CC      drivers/tty/sysrq.o
  CC      drivers/acpi/acpica/nsaccess.o
  LD [M]  sound/soc/intel/avs/boards/snd-soc-avs-dmic.o
  LD [M]  sound/soc/intel/avs/boards/snd-soc-avs-hdaudio.o
  LD [M]  sound/soc/intel/avs/snd-soc-avs.o
  CC [M]  sound/soc/sdca/sdca_functions.o
  CC      drivers/acpi/acpica/nsalloc.o
  CC [M]  sound/hda/codecs/cirrus/cs8409-tables.o
  CC      net/netfilter/nf_bpf_link.o
  CC      drivers/acpi/acpica/nsarguments.o
  CC      net/ethtool/rings.o
  CC      drivers/char/hw_random/core.o
  CC [M]  sound/soc/sdca/sdca_device.o
  CC      drivers/tty/vt/vt_ioctl.o
  CC      drivers/acpi/acpica/nsconvert.o
  CC      kernel/bpf/disasm.o
  LD [M]  sound/hda/codecs/cirrus/snd-hda-codec-cs420x.o
  LD [M]  sound/hda/codecs/cirrus/snd-hda-codec-cs421x.o
  LD [M]  sound/hda/codecs/cirrus/snd-hda-codec-cs8409.o
  CC [M]  sound/hda/codecs/hdmi/hdmi.o
  CC [M]  sound/soc/sdca/sdca_function_device.o
  CC      fs/btrfs/transaction.o
  CC [M]  drivers/char/hw_random/intel-rng.o
  CC      net/netfilter/nf_hooks_lwtunnel.o
  CC      drivers/acpi/acpica/nsdump.o
  CC [M]  sound/soc/sdca/sdca_regmap.o
  CC      net/ethtool/channels.o
  CC      drivers/acpi/acpica/nseval.o
  CC      kernel/bpf/mprog.o
  CC      drivers/tty/vt/vc_screen.o
  CC [M]  sound/soc/sdca/sdca_asoc.o
  AR      drivers/char/hw_random/built-in.a
  AR      drivers/char/agp/built-in.a
  CC [M]  drivers/char/agp/intel-gtt.o
  CC [M]  sound/hda/codecs/hdmi/eld.o
  CC      drivers/acpi/acpica/nsinit.o
  CC      drivers/acpi/acpica/nsload.o
  CC [M]  net/netfilter/nfnetlink.o
  CC      drivers/acpi/acpica/nsnames.o
  CC      fs/btrfs/inode.o
  CC      drivers/tty/vt/selection.o
  CC      kernel/bpf/trampoline.o
  CC      net/ethtool/coalesce.o
  CC      drivers/acpi/acpica/nsobject.o
  CC [M]  sound/hda/codecs/hdmi/simplehdmi.o
  CC      drivers/acpi/acpica/nsparse.o
  CC      drivers/char/tpm/tpm-chip.o
  CC [M]  sound/soc/sdca/sdca_ump.o
  CC      drivers/char/tpm/tpm-dev-common.o
  CC      drivers/acpi/acpica/nspredef.o
  CC      drivers/tty/vt/keyboard.o
  CC [M]  net/netfilter/nfnetlink_acct.o
  CC      drivers/char/tpm/tpm-dev.o
  CC [M]  sound/hda/codecs/hdmi/intelhdmi.o
  CC      drivers/acpi/acpica/nsprepkg.o
  CC      net/ethtool/pause.o
  CC [M]  sound/soc/sdca/sdca_hid.o
  CC      kernel/bpf/btf.o
  CC      drivers/acpi/acpica/nsrepair.o
  CC      drivers/char/tpm/tpm-interface.o
  CC      drivers/tty/vt/vt.o
  CC [M]  sound/hda/codecs/hdmi/atihdmi.o
  CC      drivers/acpi/acpica/nsrepair2.o
  CC [M]  net/netfilter/nfnetlink_queue.o
  CC [M]  sound/soc/sdca/sdca_interrupts.o
  CC      net/ethtool/eee.o
  CC      fs/btrfs/file.o
  CC      drivers/acpi/acpica/nssearch.o
  CC      drivers/char/tpm/tpm1-cmd.o
  CC      drivers/acpi/acpica/nsutils.o
  CC [M]  sound/hda/codecs/hdmi/nvhdmi.o
  CC      drivers/acpi/acpica/nswalk.o
  CC      drivers/acpi/acpica/nsxfeval.o
  CC [M]  sound/soc/sdca/sdca_jack.o
  CC      kernel/bpf/memalloc.o
  CC      drivers/char/tpm/tpm2-cmd.o
  CC      drivers/acpi/acpica/nsxfname.o
  CC      net/ethtool/tsinfo.o
  CC [M]  sound/hda/codecs/hdmi/nvhdmi-mcp.o
  COPY    drivers/tty/vt/defkeymap.c
  CC      drivers/tty/vt/consolemap.o
  CC [M]  sound/soc/sdca/sdca_fdl.o
  CC      drivers/acpi/acpica/nsxfobj.o
  CC      fs/btrfs/defrag.o
  CC [M]  net/netfilter/nfnetlink_log.o
  CC      drivers/acpi/acpica/psargs.o
  CC      drivers/char/tpm/tpmrm-dev.o
  CC [M]  sound/hda/codecs/hdmi/tegrahdmi.o
  CC      kernel/bpf/rqspinlock.o
  CC      drivers/acpi/acpica/psloop.o
  CC [M]  sound/soc/sdca/sdca_class.o
  HOSTCC  drivers/tty/vt/conmakehash
  CC      net/ethtool/cabletest.o
  CC      drivers/acpi/acpica/psobject.o
  COPY    drivers/tty/vt/ucs_width_table.h
  COPY    drivers/tty/vt/ucs_recompose_table.h
  COPY    drivers/tty/vt/ucs_fallback_table.h
  CC      drivers/tty/vt/defkeymap.o
  CC      drivers/acpi/acpica/psopcode.o
  CONMK   drivers/tty/vt/consolemap_deftbl.c
  CC      drivers/tty/vt/ucs.o
  CC      drivers/tty/vt/consolemap_deftbl.o
  CC      drivers/char/tpm/tpm2-space.o
  CC      drivers/acpi/acpica/psopinfo.o
  AR      drivers/tty/vt/built-in.a
  CC      drivers/tty/serial/serial_core.o
  LD [M]  sound/hda/codecs/hdmi/snd-hda-codec-hdmi.o
  LD [M]  sound/hda/codecs/hdmi/snd-hda-codec-simplehdmi.o
  LD [M]  sound/hda/codecs/hdmi/snd-hda-codec-intelhdmi.o
  LD [M]  sound/hda/codecs/hdmi/snd-hda-codec-atihdmi.o
  LD [M]  sound/hda/codecs/hdmi/snd-hda-codec-nvhdmi.o
  CC      drivers/acpi/acpica/psparse.o
  CC      fs/btrfs/extent_map.o
  LD [M]  sound/hda/codecs/hdmi/snd-hda-codec-nvhdmi-mcp.o
  LD [M]  sound/hda/codecs/hdmi/snd-hda-codec-tegrahdmi.o
  CC [M]  sound/hda/codecs/realtek/realtek.o
  CC [M]  net/netfilter/nfnetlink_osf.o
  CC      kernel/bpf/stream.o
  CC [M]  sound/soc/sdca/sdca_class_function.o
  CC      drivers/acpi/acpica/psscope.o
  CC      drivers/acpi/acpica/pstree.o
  CC      drivers/acpi/acpica/psutils.o
  CC      net/ethtool/tunnels.o
  CC      drivers/char/tpm/tpm-sysfs.o
  CC      drivers/acpi/acpica/pswalk.o
  CC      drivers/acpi/acpica/psxface.o
  CC      fs/btrfs/sysfs.o
  CC      drivers/acpi/acpica/rsaddr.o
  LD [M]  sound/soc/sdca/snd-soc-sdca.o
  LD [M]  sound/soc/sdca/snd-soc-sdca-class.o
  LD [M]  sound/soc/sdca/snd-soc-sdca-class-function.o
  CC [M]  sound/soc/sof/core.o
  CC [M]  sound/hda/codecs/realtek/alc260.o
  CC      kernel/bpf/arena.o
  CC      drivers/acpi/acpica/rscalc.o
  CC      drivers/tty/serial/serial_base_bus.o
  CC      drivers/char/tpm/eventlog/common.o
  CC [M]  net/netfilter/nfnetlink_hook.o
  CC      drivers/acpi/acpica/rscreate.o
  CC      net/ethtool/fec.o
  CC      drivers/acpi/acpica/rsdumpinfo.o
  CC      drivers/tty/serial/serial_ctrl.o
  CC [M]  sound/soc/sof/ops.o
  CC [M]  sound/hda/codecs/realtek/alc262.o
  CC [M]  net/netfilter/nf_conntrack_core.o
  CC      fs/btrfs/accessors.o
  CC      drivers/acpi/acpica/rsinfo.o
  CC      drivers/char/tpm/eventlog/tpm1.o
  CC      net/ethtool/eeprom.o
  CC      kernel/bpf/range_tree.o
  CC      drivers/tty/serial/serial_port.o
  CC      drivers/acpi/acpica/rsio.o
  CC      kernel/bpf/dispatcher.o
  CC [M]  sound/soc/sof/loader.o
  CC [M]  sound/hda/codecs/realtek/alc268.o
  CC      drivers/acpi/acpica/rsirq.o
  CC      fs/btrfs/xattr.o
  CC      drivers/char/tpm/eventlog/tpm2.o
  CC      drivers/tty/serial/earlycon.o
  CC      kernel/bpf/devmap.o
  CC      drivers/acpi/acpica/rslist.o
  CC      net/ethtool/stats.o
  CC [M]  sound/soc/sof/ipc.o
  CC [M]  net/netfilter/nf_conntrack_standalone.o
  CC      drivers/acpi/acpica/rsmemory.o
  CC [M]  sound/hda/codecs/realtek/alc269.o
  CC      kernel/bpf/cpumap.o
  CC      drivers/tty/serial/8250/8250_core.o
  CC      drivers/char/tpm/tpm-buf.o
  CC      fs/btrfs/ordered-data.o
  CC      drivers/acpi/acpica/rsmisc.o
  CC      drivers/acpi/acpica/rsserial.o
  CC [M]  sound/soc/sof/pcm.o
  CC      drivers/acpi/acpica/rsutils.o
  CC      drivers/tty/serial/8250/8250_platform.o
  CC      net/ethtool/phc_vclocks.o
  CC      drivers/char/tpm/tpm2-sessions.o
  CC      drivers/acpi/acpica/rsxface.o
  CC [M]  net/netfilter/nf_conntrack_expect.o
  CC      drivers/acpi/acpica/tbdata.o
  CC [M]  sound/hda/codecs/realtek/alc662.o
  CC      kernel/bpf/offload.o
  CC      fs/btrfs/extent_io.o
  CC      drivers/acpi/acpica/tbfadt.o
  CC      drivers/tty/serial/8250/8250_pnp.o
  CC [M]  sound/soc/sof/pm.o
  CC      drivers/char/tpm/tpm_ppi.o
  CC      drivers/acpi/acpica/tbfind.o
  CC      drivers/tty/serial/8250/8250_port.o
  CC      net/ethtool/mm.o
  CC [M]  net/netfilter/nf_conntrack_helper.o
  CC [M]  sound/hda/codecs/realtek/alc680.o
  CC      drivers/acpi/acpica/tbinstal.o
  CC      kernel/bpf/net_namespace.o
  CC      net/ethtool/module.o
  CC [M]  sound/soc/sof/debug.o
  CC      drivers/char/tpm/eventlog/acpi.o
  CC      drivers/acpi/acpica/tbprint.o
  CC      net/ethtool/cmis_fw_update.o
  CC      drivers/acpi/acpica/tbutils.o
  CC      drivers/tty/serial/8250/8250_dma.o
  CC [M]  sound/hda/codecs/realtek/alc861.o
  CC      fs/btrfs/volumes.o
  CC [M]  net/netfilter/nf_conntrack_proto.o
  CC [M]  sound/soc/sof/topology.o
  CC      kernel/bpf/tcx.o
  CC      drivers/char/tpm/eventlog/efi.o
  CC      drivers/acpi/acpica/tbxface.o
  CC      drivers/acpi/acpica/tbxfload.o
  CC      net/ethtool/cmis_cdb.o
  CC      drivers/acpi/acpica/tbxfroot.o
  CC      drivers/tty/serial/8250/8250_dwlib.o
  CC [M]  sound/hda/codecs/realtek/alc861vd.o
  CC      drivers/acpi/acpica/utaddress.o
  CC      drivers/acpi/acpica/utalloc.o
  CC      drivers/char/tpm/tpm_tis_core.o
  CC      drivers/acpi/acpica/utascii.o
  CC      kernel/bpf/stackmap.o
  CC [M]  sound/soc/sof/control.o
  CC      drivers/acpi/acpica/utbuffer.o
  CC      drivers/tty/serial/8250/8250_fintek.o
  CC [M]  net/netfilter/nf_conntrack_proto_generic.o
  CC [M]  sound/hda/codecs/realtek/alc880.o
  CC      net/ethtool/pse-pd.o
  CC      fs/btrfs/async-thread.o
  CC      drivers/acpi/acpica/utcksum.o
  CC      drivers/tty/serial/8250/8250_pcilib.o
  CC      drivers/char/tpm/tpm_tis.o
  CC [M]  sound/soc/sof/trace.o
  CC      fs/btrfs/ioctl.o
  CC      drivers/acpi/acpica/utcopy.o
  CC [M]  net/netfilter/nf_conntrack_proto_tcp.o
  CC      kernel/bpf/cgroup_iter.o
  CC      drivers/tty/serial/8250/8250_rsa.o
  CC [M]  sound/hda/codecs/realtek/alc882.o
  CC      drivers/acpi/acpica/utexcep.o
  CC      drivers/char/tpm/tpm_crb.o
  CC      net/ethtool/plca.o
  CC [M]  sound/soc/sof/iomem-utils.o
  CC      drivers/acpi/acpica/utdebug.o
  CC      fs/btrfs/locking.o
  AR      drivers/char/tpm/built-in.a
  CC [M]  drivers/char/hangcheck-timer.o
  CC      drivers/tty/serial/8250/8250_early.o
  CC      kernel/bpf/bpf_cgrp_storage.o
  CC      drivers/acpi/acpica/utdecode.o
  LD [M]  sound/hda/codecs/realtek/snd-hda-codec-realtek-lib.o
  LD [M]  sound/hda/codecs/realtek/snd-hda-codec-alc260.o
  LD [M]  sound/hda/codecs/realtek/snd-hda-codec-alc262.o
  LD [M]  sound/hda/codecs/realtek/snd-hda-codec-alc268.o
  CC      fs/btrfs/orphan.o
  LD [M]  sound/hda/codecs/realtek/snd-hda-codec-alc269.o
  LD [M]  sound/hda/codecs/realtek/snd-hda-codec-alc662.o
  LD [M]  sound/hda/codecs/realtek/snd-hda-codec-alc680.o
  LD [M]  sound/hda/codecs/realtek/snd-hda-codec-alc861.o
  LD [M]  sound/hda/codecs/realtek/snd-hda-codec-alc861vd.o
  LD [M]  sound/hda/codecs/realtek/snd-hda-codec-alc880.o
  LD [M]  sound/hda/codecs/realtek/snd-hda-codec-alc882.o
  CC [M]  sound/hda/codecs/side-codecs/hda_component.o
  CC [M]  sound/soc/sof/sof-audio.o
  CC      drivers/acpi/acpica/utdelete.o
  AR      drivers/char/built-in.a
  CC      drivers/tty/serial/serial_mctrl_gpio.o
  CC [M]  net/netfilter/nf_conntrack_proto_udp.o
  CC      net/ethtool/phy.o
  CC      drivers/tty/serial/8250/8250_pci.o
  CC      fs/btrfs/export.o
  CC      kernel/static_call_inline.o
  CC      drivers/acpi/acpica/uterror.o
  CC      kernel/bpf/cgroup.o
  CC [M]  sound/hda/codecs/side-codecs/max98390_hda.o
  CC      kernel/events/core.o
  CC      drivers/acpi/acpica/uteval.o
  CC [M]  sound/soc/sof/stream-ipc.o
  CC      fs/btrfs/tree-log.o
  CC      drivers/acpi/acpica/utglobal.o
  CC      drivers/tty/serial/8250/8250_rt288x.o
  CC      net/ethtool/tsconfig.o
  CC [M]  net/netfilter/nf_conntrack_proto_icmp.o
  CC [M]  sound/hda/codecs/side-codecs/max98390_hda_filters.o
  CC      drivers/acpi/acpica/uthex.o
  CC      drivers/acpi/acpica/utids.o
  CC [M]  sound/soc/sof/fw-file-profile.o
  CC [M]  drivers/tty/serial/8250/8250_dw.o
  CC      drivers/acpi/acpica/utinit.o
  CC      drivers/acpi/acpica/utlock.o
  CC      kernel/bpf/reuseport_array.o
  CC [M]  sound/hda/codecs/side-codecs/max98390_hda_i2c.o
  CC      drivers/acpi/acpica/utmath.o
  CC      fs/btrfs/free-space-cache.o
  CC      net/ethtool/mse.o
  CC [M]  net/netfilter/nf_conntrack_extend.o
  CC      drivers/acpi/acpica/utmisc.o
  CC [M]  sound/soc/sof/ipc3.o
  CC [M]  drivers/tty/serial/8250/8250_exar.o
  AR      net/ethtool/built-in.a
  CC      fs/pstore/inode.o
  CC      drivers/acpi/acpica/utmutex.o
  CC [M]  sound/hda/codecs/side-codecs/aw88399_hda.o
  CC      fs/pstore/platform.o
  CC      kernel/bpf/bpf_struct_ops.o
  CC      drivers/acpi/acpica/utnonansi.o
  CC [M]  net/netfilter/nf_conntrack_acct.o
  CC [M]  sound/soc/sof/ipc3-loader.o
  CC      drivers/acpi/acpica/utobject.o
  CC [M]  drivers/tty/serial/8250/8250_lpss.o
  CC      kernel/events/ring_buffer.o
  CC [M]  fs/pstore/ram.o
  CC      fs/btrfs/zlib.o
  CC [M]  drivers/tty/serial/8250/8250_mid.o
  CC      drivers/acpi/acpica/utosi.o
  CC [M]  sound/hda/codecs/side-codecs/aw88399_hda_property.o
  CC [M]  net/netfilter/nf_conntrack_seqadj.o
  CC      kernel/bpf/cpumask.o
  CC [M]  fs/pstore/ram_core.o
  CC      drivers/acpi/acpica/utownerid.o
  CC [M]  sound/hda/codecs/side-codecs/aw88399_hda_i2c.o
  CC [M]  sound/soc/sof/ipc3-topology.o
  CC [M]  drivers/tty/serial/8250/8250_ni.o
  CC      kernel/events/callchain.o
  CC      fs/btrfs/lzo.o
  CC      drivers/acpi/acpica/utpredef.o
  CC [M]  drivers/tty/serial/8250/8250_pci1xxxx.o
  CC [M]  fs/pstore/zone.o
  CC      drivers/acpi/acpica/utresdecode.o
  CC      kernel/bpf/crypto.o
  LD [M]  sound/hda/codecs/side-codecs/snd-hda-scodec-component.o
  LD [M]  sound/hda/codecs/side-codecs/snd-hda-scodec-max98390.o
  LD [M]  sound/hda/codecs/side-codecs/snd-hda-scodec-max98390-i2c.o
  LD [M]  sound/hda/codecs/side-codecs/snd-hda-scodec-aw88399.o
  LD [M]  sound/hda/codecs/side-codecs/snd-hda-scodec-aw88399-i2c.o
  LD [M]  sound/hda/codecs/snd-hda-codec-generic.o
  CC [M]  drivers/tty/serial/8250/8250_pericom.o
  LD [M]  sound/hda/codecs/snd-hda-codec-cmedia.o
  LD [M]  sound/hda/codecs/snd-hda-codec-cm9825.o
  LD [M]  sound/hda/codecs/snd-hda-codec-analog.o
  LD [M]  sound/hda/codecs/snd-hda-codec-ca0110.o
  LD [M]  sound/hda/codecs/snd-hda-codec-ca0132.o
  LD [M]  sound/hda/codecs/snd-hda-codec-conexant.o
  LD [M]  sound/hda/codecs/snd-hda-codec-idt.o
  LD [M]  sound/hda/codecs/snd-hda-codec-senarytech.o
  LD [M]  sound/hda/codecs/snd-hda-codec-si3054.o
  LD [M]  sound/hda/codecs/snd-hda-codec-via.o
  CC      fs/btrfs/zstd.o
  CC [M]  net/netfilter/nf_conntrack_proto_icmpv6.o
  CC      kernel/events/hw_breakpoint.o
  CC      drivers/acpi/acpica/utresrc.o
  CC [M]  sound/soc/sof/ipc3-control.o
  CC [M]  sound/soc/sof/ipc3-pcm.o
  CC      drivers/acpi/acpica/utstate.o
  CC      drivers/acpi/acpica/utstring.o
  AR      drivers/tty/serial/8250/built-in.a
  CC [M]  drivers/tty/serial/arc_uart.o
  CC [M]  fs/pstore/blk.o
  CC      drivers/acpi/acpica/utstrsuppt.o
  CC      kernel/bpf/relo_core.o
  CC      fs/btrfs/compression.o
  CC [M]  drivers/tty/serial/max3100.o
  AR      kernel/events/built-in.a
  CC      drivers/tty/serdev/core.o
  CC      drivers/acpi/acpica/utstrtoul64.o
  AR      fs/pstore/built-in.a
  AR      drivers/iommu/arm/arm-smmu/built-in.a
  AR      drivers/iommu/arm/arm-smmu-v3/built-in.a
  AR      drivers/iommu/arm/built-in.a
  CC [M]  sound/soc/sof/ipc3-dtrace.o
  CC      drivers/iommu/iommufd/driver.o
  CC [M]  net/netfilter/nf_conntrack_timeout.o
  LD [M]  fs/pstore/ramoops.o
  LD [M]  fs/pstore/pstore_zone.o
  LD [M]  fs/pstore/pstore_blk.o
  CC [M]  sound/soc/sof/ipc4.o
  CC      drivers/acpi/acpica/utxface.o
  CC [M]  drivers/tty/serial/max310x.o
  CC      kernel/jump_label.o
  CC      drivers/tty/serdev/serdev-ttyport.o
  CC      drivers/acpi/acpica/utxfinit.o
  CC [M]  drivers/iommu/iommufd/device.o
  LD [M]  sound/soundcore.o
  CC      drivers/acpi/ac.o
  CC      kernel/bpf/btf_iter.o
  CC      fs/btrfs/delayed-ref.o
  CC [M]  net/netfilter/nf_conntrack_timestamp.o
  CC [M]  net/netfilter/nf_conntrack_ecache.o
  CC      drivers/acpi/acpica/utxferror.o
  CC [M]  sound/soc/sof/ipc4-loader.o
  AR      drivers/tty/serdev/built-in.a
  CC      drivers/connector/cn_queue.o
  CC [M]  drivers/tty/serial/rp2.o
  CC      drivers/acpi/acpica/utxfmutex.o
  CC      drivers/connector/connector.o
  CC      kernel/bpf/btf_relocate.o
  CC [M]  drivers/iommu/iommufd/eventq.o
  AR      drivers/acpi/acpica/built-in.a
  CC      drivers/acpi/button.o
  CC [M]  net/netfilter/nf_conntrack_labels.o
  CC      fs/btrfs/relocation.o
  CC [M]  sound/soc/sof/ipc4-topology.o
  CC      kernel/bpf/kmem_cache_iter.o
  CC [M]  drivers/tty/serial/sc16is7xx.o
  CC      drivers/connector/cn_proc.o
  CC      drivers/iommu/iommu.o
  CC [M]  drivers/iommu/iommufd/hw_pagetable.o
  CC      drivers/acpi/fan_core.o
  CC [M]  sound/soc/sof/ipc4-control.o
  CC [M]  net/netfilter/nf_conntrack_proto_sctp.o
  CC      kernel/bpf/dmabuf_iter.o
  CC [M]  drivers/tty/serial/sc16is7xx_spi.o
  CC [M]  sound/soc/sof/ipc4-pcm.o
  CC [M]  drivers/iommu/iommufd/io_pagetable.o
  CC      drivers/acpi/fan_attr.o
  AR      drivers/connector/built-in.a
  CC [M]  drivers/iommu/iommufd/ioas.o
  CC [M]  net/netfilter/nf_conntrack_proto_gre.o
  CC      fs/btrfs/delayed-inode.o
  CC      net/ipv4/route.o
  CC [M]  drivers/tty/serial/sc16is7xx_i2c.o
  AR      kernel/bpf/built-in.a
  CC      kernel/context_tracking.o
  CC      net/ipv4/inetpeer.o
  CC      drivers/acpi/fan_hwmon.o
  CC [M]  sound/soc/sof/ipc4-mtrace.o
  CC [M]  drivers/tty/serial/uartlite.o
  CC [M]  drivers/iommu/iommufd/main.o
  CC [M]  drivers/tty/serial/jsm/jsm_driver.o
  CC      kernel/iomem.o
  CC      drivers/acpi/pci_slot.o
  CC [M]  net/netfilter/nf_conntrack_netlink.o
  CC [M]  drivers/tty/serial/jsm/jsm_neo.o
  CC      fs/btrfs/scrub.o
  CC [M]  sound/soc/sof/ipc4-telemetry.o
  AR      drivers/tty/ipwireless/built-in.a
  CC      drivers/base/component.o
  CC [M]  drivers/iommu/iommufd/pages.o
  CC      kernel/rseq.o
  CC      drivers/acpi/processor_driver.o
  CC [M]  sound/soc/sof/sof-client.o
  CC [M]  drivers/tty/serial/jsm/jsm_tty.o
  CC      drivers/acpi/processor_thermal.o
  CC      net/ipv4/protocol.o
  CC      drivers/base/core.o
  CC      drivers/acpi/processor_idle.o
  CC      kernel/watch_queue.o
  CC [M]  sound/soc/sof/sof-utils.o
  CC [M]  net/netfilter/nfnetlink_cttimeout.o
  CC [M]  drivers/iommu/iommufd/vfio_compat.o
  CC [M]  drivers/tty/serial/jsm/jsm_cls.o
  CC      fs/btrfs/backref.o
  CC      drivers/acpi/processor_throttling.o
  CC [M]  sound/soc/sof/sof-pci-dev.o
  CC      net/ipv4/ip_input.o
  CC      drivers/acpi/processor_perflib.o
  GZIP    kernel/config_data.gz
  CC      kernel/configs.o
  CC      drivers/acpi/container.o
  CC [M]  drivers/iommu/iommufd/viommu.o
  LD [M]  drivers/tty/serial/jsm/jsm.o
  AR      drivers/tty/serial/built-in.a
  CC [M]  drivers/tty/n_hdlc.o
  CC      drivers/base/bus.o
  CC [M]  net/netfilter/nfnetlink_cthelper.o
  CC      drivers/acpi/thermal_lib.o
  CC [M]  sound/soc/sof/sof-client-probes.o
  AR      kernel/built-in.a
  CC      drivers/acpi/thermal.o
  CC [M]  net/netfilter/nf_conntrack_amanda.o
  CC      fs/btrfs/ulist.o
  AR      drivers/iommu/iommufd/built-in.a
  LD [M]  drivers/iommu/iommufd/iommufd.o
  CC      drivers/iommu/iommu-pages.o
  AR      drivers/tty/built-in.a
  CC      drivers/iommu/iommu-traces.o
  CC      drivers/base/dd.o
  CC      fs/btrfs/qgroup.o
  CC      net/ipv4/ip_fragment.o
  CC      net/xfrm/xfrm_policy.o
  CC      drivers/acpi/platform_profile.o
  CC [M]  sound/soc/sof/sof-client-probes-ipc3.o
  CC [M]  sound/soc/sof/sof-client-probes-ipc4.o
  CC [M]  net/netfilter/nf_conntrack_ftp.o
  CC      drivers/iommu/iommu-sysfs.o
  CC      drivers/base/syscore.o
  CC      drivers/acpi/nhlt.o
  CC      fs/efivarfs/inode.o
  CC      drivers/iommu/dma-iommu.o
  CC [M]  sound/soc/sof/intel/hda-loader.o
  CC      net/xfrm/xfrm_state.o
  CC      net/ipv4/ip_forward.o
  CC      fs/btrfs/send.o
  CC      drivers/acpi/acpi_memhotplug.o
  CC      drivers/base/driver.o
  CC      fs/efivarfs/file.o
  CC [M]  net/netfilter/nf_conntrack_h323_main.o
  CC [M]  sound/soc/sof/intel/hda-stream.o
  CC      drivers/iommu/iova.o
  CC      drivers/acpi/ioapic.o
  CC      drivers/base/class.o
  CC      net/xfrm/xfrm_hash.o
  CC      fs/efivarfs/super.o
  CC      drivers/iommu/irq_remapping.o
  CC      net/ipv4/ip_options.o
  CC      net/xfrm/xfrm_input.o
  AR      drivers/iommu/built-in.a
  CC      fs/efivarfs/vars.o
  CC [M]  sound/soc/sof/intel/hda-trace.o
  CC      drivers/acpi/battery.o
  CC      drivers/base/platform.o
  CC      net/unix/af_unix.o
  AR      fs/efivarfs/built-in.a
  CC [M]  sound/soc/sof/xtensa/core.o
  CC [M]  net/netfilter/nf_conntrack_h323_asn1.o
  CC      fs/btrfs/dev-replace.o
  CC [M]  net/netfilter/nf_conntrack_irc.o
  LD [M]  sound/soc/sof/xtensa/snd-sof-xtensa-dsp.o
  CC      net/ipv4/ip_output.o
  CC [M]  sound/soc/sof/intel/hda-dsp.o
  CC      net/xfrm/xfrm_output.o
  CC      drivers/acpi/hed.o
  CC      drivers/base/cpu.o
  AR      drivers/block/built-in.a
  CC [M]  drivers/block/brd.o
  CC      net/ipv4/ip_sockglue.o
  CC      drivers/acpi/bgrt.o
  CC      fs/btrfs/raid56.o
  CC      drivers/base/firmware.o
  CC [M]  net/netfilter/nf_conntrack_broadcast.o
  CC [M]  sound/soc/sof/intel/hda-ipc.o
  CC      net/unix/garbage.o
  CC      net/ipv4/inet_hashtables.o
  CC      drivers/acpi/cppc_acpi.o
  CC [M]  drivers/block/loop.o
  CC      drivers/base/init.o
  CC      net/xfrm/xfrm_sysctl.o
  CC [M]  sound/soc/sof/intel/hda-ctrl.o
  CC [M]  net/netfilter/nf_conntrack_netbios_ns.o
  CC      net/ipv4/inet_timewait_sock.o
  CC      drivers/base/map.o
  CC      fs/btrfs/uuid-tree.o
  CC      net/unix/sysctl_net_unix.o
  CC      drivers/acpi/spcr.o
  CC [M]  drivers/block/nbd.o
  CC      drivers/base/devres.o
  CC      net/xfrm/xfrm_replay.o
  CC [M]  sound/soc/sof/intel/hda-pcm.o
  CC      drivers/acpi/apei/apei-base.o
  CC [M]  net/netfilter/nf_conntrack_snmp.o
  CC [M]  drivers/block/ublk_drv.o
  CC      fs/btrfs/props.o
  CC      net/unix/unix_bpf.o
  CC      drivers/base/attribute_container.o
  CC      net/ipv4/inet_connection_sock.o
  CC [M]  sound/soc/sof/intel/hda-dai.o
  CC      drivers/acpi/apei/hest.o
  CC      net/xfrm/xfrm_device.o
  CC [M]  drivers/block/mtip32xx/mtip32xx.o
  CC [M]  net/netfilter/nf_conntrack_pptp.o
  CC      drivers/base/transport_class.o
  CC      fs/btrfs/free-space-tree.o
  CC      drivers/acpi/apei/erst.o
  CC [M]  sound/soc/sof/intel/hda-dai-ops.o
  CC      drivers/base/topology.o
  CC [M]  drivers/block/zram/zcomp.o
  CC [M]  net/unix/diag.o
  CC [M]  drivers/block/zram/zram_drv.o
  CC      net/xfrm/xfrm_nat_keepalive.o
  CC      net/ipv4/tcp.o
  CC [M]  net/netfilter/nf_conntrack_sane.o
  CC      drivers/base/container.o
  CC      fs/btrfs/tree-checker.o
  CC      drivers/acpi/apei/bert.o
  CC [M]  sound/soc/sof/intel/hda-bus.o
  CC [M]  drivers/block/zram/backend_zstd.o
  AR      net/unix/built-in.a
  LD [M]  net/unix/unix_diag.o
  CC [M]  drivers/block/null_blk/main.o
  CC [M]  sound/soc/sof/intel/telemetry.o
  LD [M]  drivers/block/zram/zram.o
  CC [M]  sound/soc/sof/intel/tracepoints.o
  CC      drivers/base/property.o
  CC      drivers/acpi/apei/ghes.o
  CC [M]  net/netfilter/nf_conntrack_sip.o
  CC      net/xfrm/espintcp.o
  CC      drivers/base/cacheinfo.o
  CC      drivers/base/swnode.o
  CC      fs/btrfs/space-info.o
  CC [M]  sound/soc/sof/intel/hda-probes.o
  LD [M]  drivers/block/null_blk/null_blk.o
  LD [M]  sound/soc/sof/snd-sof.o
  CC [M]  fs/squashfs/block.o
  CC [M]  sound/soc/sof/intel/hda.o
  CC      drivers/acpi/apei/ghes_helpers.o
  AR      drivers/acpi/apei/built-in.a
  CC      drivers/acpi/pmic/intel_pmic.o
  AR      drivers/misc/eeprom/built-in.a
  CC [M]  drivers/misc/eeprom/eeprom_93cx6.o
  CC      drivers/base/faux.o
  AR      drivers/acpi/pmic/built-in.a
  CC      fs/btrfs/block-rsv.o
  AR      drivers/acpi/dptf/built-in.a
  CC [M]  drivers/acpi/dptf/dptf_power.o
  CC      net/ipv4/tcp_input.o
  CC [M]  net/xfrm/xfrm_algo.o
  CC [M]  drivers/acpi/dptf/dptf_pch_fivr.o
  AR      drivers/misc/cb710/built-in.a
  AR      drivers/misc/lis3lv02d/built-in.a
  CC [M]  fs/squashfs/cache.o
  AR      drivers/misc/cardreader/built-in.a
  CC [M]  drivers/misc/cardreader/rtsx_pcr.o
  CC      drivers/base/auxiliary.o
  CC [M]  net/netfilter/nf_conntrack_tftp.o
  CC      drivers/acpi/x86/apple.o
  CC [M]  sound/soc/sof/intel/hda-common-ops.o
  CC      drivers/acpi/x86/cmos_rtc.o
  CC      fs/btrfs/delalloc-space.o
  CC [M]  fs/squashfs/dir.o
  CC      drivers/base/devtmpfs.o
  CC      drivers/acpi/x86/lpss.o
  CC [M]  drivers/misc/cardreader/rts5209.o
  CC [M]  sound/soc/sof/intel/hda-mlink.o
  CC [M]  net/xfrm/xfrm_ipcomp.o
  CC [M]  net/netfilter/nf_log_syslog.o
  CC      drivers/base/power/sysfs.o
  CC [M]  fs/squashfs/export.o
  CC      fs/btrfs/block-group.o
  CC      drivers/base/power/generic_ops.o
  CC [M]  drivers/misc/cardreader/rts5229.o
  CC [M]  sound/soc/sof/intel/hda-codec.o
  CC      drivers/base/power/common.o
  CC [M]  fs/squashfs/file.o
  CC      drivers/acpi/x86/s2idle.o
  CC      drivers/base/power/qos.o
  CC [M]  net/xfrm/xfrm_iptfs.o
  CC [M]  drivers/misc/cardreader/rtl8411.o
  CC      net/ipv4/tcp_output.o
  CC [M]  net/netfilter/nf_nat_core.o
  CC [M]  fs/squashfs/fragment.o
  CC [M]  sound/soc/sof/intel/pci-cnl.o
  CC      drivers/base/power/runtime.o
  CC [M]  drivers/misc/cardreader/rts5227.o
  CC      drivers/acpi/x86/utils.o
  CC      fs/btrfs/discard.o
  CC [M]  drivers/misc/cardreader/rts5249.o
  CC [M]  fs/squashfs/id.o
  CC      fs/btrfs/reflink.o
  CC [M]  sound/soc/sof/intel/cnl.o
  CC      drivers/base/power/wakeirq.o
  CC      drivers/acpi/x86/blacklist.o
  CC [M]  fs/squashfs/inode.o
  CC [M]  drivers/misc/cardreader/rts5260.o
  CC      fs/btrfs/subpage.o
  AR      net/xfrm/built-in.a
  CC      drivers/base/firmware_loader/main.o
  CC [M]  net/netfilter/nf_nat_proto.o
  AR      drivers/acpi/x86/built-in.a
  CC      drivers/base/power/main.o
  CC [M]  drivers/acpi/acpi_video.o
  CC [M]  sound/soc/sof/intel/pci-tgl.o
  CC      fs/btrfs/tree-mod-log.o
  CC [M]  fs/squashfs/namei.o
  CC [M]  drivers/misc/cardreader/rts5261.o
  CC      net/ipv4/tcp_timer.o
  CC      drivers/base/firmware_loader/sysfs.o
  CC      fs/btrfs/extent-io-tree.o
  CC [M]  fs/squashfs/super.o
  CC [M]  sound/soc/sof/intel/tgl.o
  CC [M]  drivers/acpi/video_detect.o
  CC [M]  drivers/misc/cardreader/rts5228.o
  CC      drivers/base/power/wakeup.o
  CC [M]  net/netfilter/nf_nat_helper.o
  LD [M]  sound/soc/sof/intel/snd-sof-intel-hda-common.o
  LD [M]  sound/soc/sof/intel/snd-sof-intel-hda-generic.o
  LD [M]  sound/soc/sof/intel/snd-sof-intel-hda-mlink.o
  LD [M]  sound/soc/sof/intel/snd-sof-intel-hda.o
  LD [M]  sound/soc/sof/intel/snd-sof-pci-intel-cnl.o
  LD [M]  sound/soc/sof/intel/snd-sof-pci-intel-tgl.o
  LD [M]  sound/soc/sof/snd-sof-utils.o
  LD [M]  sound/soc/sof/snd-sof-pci.o
  LD [M]  sound/soc/sof/snd-sof-probes.o
  CC      net/ipv4/tcp_ipv4.o
  CC [M]  sound/soc/sdw_utils/soc_sdw_utils.o
  CC      drivers/base/firmware_loader/sysfs_upload.o
  CC [M]  fs/squashfs/symlink.o
  CC [M]  drivers/acpi/sbshc.o
  CC [M]  drivers/misc/cardreader/rts5264.o
  CC      fs/btrfs/fs.o
  CC [M]  fs/squashfs/decompressor.o
  CC      drivers/base/firmware_loader/builtin/main.o
  CC      drivers/base/power/wakeup_stats.o
  CC [M]  sound/soc/sdw_utils/soc_sdw_dmic.o
  CC [M]  fs/squashfs/page_actor.o
  CC [M]  drivers/acpi/sbs.o
  AR      drivers/base/firmware_loader/builtin/built-in.a
  AR      drivers/base/firmware_loader/built-in.a
  CC [M]  net/netfilter/nf_nat_redirect.o
  CC      drivers/base/power/clock_ops.o
  CC [M]  drivers/misc/cardreader/rtsx_usb.o
  CC      fs/btrfs/messages.o
  CC [M]  fs/squashfs/file_direct.o
  AR      drivers/misc/keba/built-in.a
  CC [M]  fs/fat/cache.o
  CC [M]  sound/soc/sdw_utils/soc_sdw_rt_dmic.o
  AR      drivers/base/power/built-in.a
  CC [M]  drivers/acpi/ec_sys.o
  CC      drivers/base/module.o
  CC [M]  net/netfilter/nf_nat_masquerade.o
  LD [M]  drivers/misc/cardreader/rtsx_pci.o
  CC      net/ipv4/tcp_minisocks.o
  AR      drivers/misc/amd-sbi/built-in.a
  CC [M]  drivers/misc/ntsync.o
  CC [M]  fs/squashfs/decompressor_single.o
  CC      fs/btrfs/bio.o
  CC [M]  drivers/acpi/pfr_update.o
  CC [M]  sound/soc/sdw_utils/soc_sdw_rt700.o
  CC [M]  fs/fat/dir.o
  CC      drivers/base/auxiliary_sysfs.o
  CC [M]  drivers/acpi/pfr_telemetry.o
  CC [M]  fs/squashfs/decompressor_multi.o
  CC [M]  drivers/misc/mei/init.o
  CC [M]  drivers/acpi/acpi_pad.o
  CC [M]  sound/soc/sdw_utils/soc_sdw_rt711.o
  CC      drivers/base/regmap/regmap.o
  CC      fs/btrfs/lru_cache.o
  CC [M]  fs/fat/fatent.o
  CC [M]  net/netfilter/nf_nat_amanda.o
  CC [M]  drivers/misc/mei/hbm.o
  CC [M]  fs/squashfs/decompressor_multi_percpu.o
  CC      net/ipv4/tcp_cong.o
  CC [M]  drivers/acpi/acpi_extlog.o
  CC      drivers/base/regmap/regcache.o
  CC      fs/btrfs/raid-stripe-tree.o
  CC [M]  sound/soc/sdw_utils/soc_sdw_rt5682.o
  CC [M]  drivers/misc/mei/interrupt.o
  CC [M]  drivers/acpi/acpi_configfs.o
  CC [M]  fs/squashfs/xattr.o
  CC [M]  fs/fat/file.o
  CC [M]  net/netfilter/nf_nat_ftp.o
  CC [M]  drivers/acpi/nfit/core.o
  CC      drivers/base/regmap/regcache-rbtree.o
  CC [M]  drivers/misc/mei/client.o
  CC [M]  sound/soc/sdw_utils/soc_sdw_rt_sdca_jack_common.o
  CC      fs/btrfs/fiemap.o
  CC [M]  fs/squashfs/xattr_id.o
  CC      net/ipv4/tcp_metrics.o
  CC      drivers/base/regmap/regcache-flat.o
  CC [M]  drivers/acpi/nfit/intel.o
  CC [M]  fs/fat/inode.o
  CC [M]  fs/squashfs/lz4_wrapper.o
  CC [M]  sound/soc/sdw_utils/soc_sdw_rt_amp.o
  CC [M]  net/netfilter/nf_nat_irc.o
  CC [M]  drivers/acpi/nfit/mce.o
  CC [M]  drivers/misc/mei/main.o
  CC      fs/btrfs/direct-io.o
  CC      drivers/base/regmap/regcache-maple.o
  LD [M]  drivers/acpi/nfit/nfit.o
  CC [M]  fs/squashfs/lzo_wrapper.o
  AR      drivers/acpi/built-in.a
  LD [M]  drivers/acpi/video.o
  CC      drivers/base/regmap/regmap-debugfs.o
  CC [M]  sound/soc/sdw_utils/soc_sdw_rt_mf_sdca.o
  CC      drivers/base/pinctrl.o
  CC [M]  fs/fat/misc.o
  CC      net/ipv4/tcp_fastopen.o
  CC      drivers/base/regmap/regmap-mmio.o
  CC [M]  drivers/misc/mei/dma-ring.o
  CC [M]  net/netfilter/nf_nat_sip.o
  CC      drivers/base/regmap/regmap-irq.o
  CC [M]  fs/squashfs/xz_wrapper.o
  CC      fs/btrfs/acl.o
  LD [M]  sound/soc/snd-soc-acpi.o
  CC      net/psp/psp_main.o
  CC [M]  sound/soc/sdw_utils/soc_sdw_bridge_cs35l56.o
  CC [M]  drivers/base/regmap/regmap-i2c.o
  CC [M]  drivers/misc/mei/bus.o
  CC [M]  fs/fat/nfs.o
  CC [M]  fs/squashfs/zlib_wrapper.o
  CC [M]  drivers/base/regmap/regmap-spi.o
  AR      fs/btrfs/built-in.a
  CC [M]  fs/squashfs/zstd_wrapper.o
  CC [M]  net/netfilter/nf_nat_tftp.o
  CC [M]  sound/soc/sdw_utils/soc_sdw_cs42l42.o
  CC      net/ipv4/tcp_recovery.o
  CC [M]  drivers/base/regmap/regmap-sdw.o
  CC [M]  drivers/misc/mei/bus-fixup.o
  CC [M]  fs/fat/namei_vfat.o
  CC      drivers/base/devcoredump.o
  CC      net/psp/psp_nl.o
  LD [M]  fs/squashfs/squashfs.o
  CC      net/psp/psp_sock.o
  CC [M]  drivers/base/regmap/regmap-sdw-mbq.o
  CC [M]  sound/soc/sdw_utils/soc_sdw_cs42l43.o
  CC      net/ipv4/tcp_ulp.o
  CC [M]  net/netfilter/nf_synproxy_core.o
  CC [M]  drivers/misc/mei/debugfs.o
  CC      net/ipv4/tcp_offload.o
  LD [M]  sound/soc/snd-soc-core.o
  CC      net/ipv6/af_inet6.o
  LD [M]  fs/fat/fat.o
  LD [M]  fs/fat/vfat.o
  CC [M]  fs/exfat/inode.o
  CC [M]  sound/soc/sdw_utils/soc_sdw_cs42l45.o
  CC [M]  drivers/misc/mei/pci-me.o
  AR      drivers/base/regmap/built-in.a
  CC      drivers/base/platform-msi.o
  CC      net/ipv6/anycast.o
  CC      net/psp/psp-nl-gen.o
  CC [M]  fs/exfat/namei.o
  AR      drivers/misc/built-in.a
  CC [M]  net/netfilter/nf_conncount.o
  CC      drivers/base/physical_location.o
  CC [M]  sound/soc/sdw_utils/soc_sdw_cs47l47.o
  CC [M]  drivers/misc/mei/hw-me.o
  CC      net/ipv6/ip6_output.o
  CC [M]  sound/soc/sdw_utils/soc_sdw_cs_amp.o
  CC      net/ipv4/tcp_plb.o
  AR      net/psp/built-in.a
  CC [M]  sound/soc/sdw_utils/soc_sdw_maxim.o
  AR      drivers/base/test/built-in.a
  AR      drivers/base/built-in.a
  CC [M]  sound/soc/sdw_utils/soc_sdw_ti_amp.o
  CC      net/ipv6/ip6_input.o
  CC [M]  fs/exfat/dir.o
  CC [M]  drivers/misc/mei/hdcp/mei_hdcp.o
  CC      net/ipv4/datagram.o
  CC      net/ipv6/addrconf.o
  CC [M]  net/netfilter/nf_dup_netdev.o
  LD [M]  sound/soc/sdw_utils/snd-soc-sdw-utils.o
  AR      fs/built-in.a
  CC      drivers/mfd/syscon.o
  CC [M]  fs/ntfs3/attrib.o
  CC [M]  drivers/mfd/cs42l43.o
  LD [M]  drivers/misc/mei/mei.o
  LD [M]  drivers/misc/mei/mei-me.o
  CC [M]  fs/exfat/super.o
  CC      net/ipv6/addrlabel.o
  CC [M]  drivers/mfd/cs42l43-sdw.o
  CC      net/ipv4/raw.o
  CC [M]  net/netfilter/nf_tables_core.o
  CC [M]  fs/ntfs3/attrlist.o
  AR      drivers/nfc/built-in.a
  CC [M]  net/netfilter/nf_tables_api.o
  CC [M]  net/netfilter/nft_chain_filter.o
  CC      net/ipv6/route.o
  CC [M]  drivers/mfd/mfd-core.o
  CC [M]  fs/exfat/fatent.o
  CC [M]  fs/ntfs3/bitfunc.o
  CC      net/packet/af_packet.o
  CC      net/ipv4/udp.o
  AR      drivers/dax/hmem/built-in.a
  CC      drivers/dax/super.o
  CC [M]  fs/exfat/cache.o
  CC [M]  drivers/mfd/ocelot-core.o
  CC [M]  fs/ntfs3/bitmap.o
  CC [M]  fs/exfat/nls.o
  CC      net/ipv6/ip6_fib.o
  CC [M]  fs/exfat/misc.o
  CC      drivers/dax/bus.o
  CC [M]  fs/ntfs3/dir.o
  CC [M]  fs/exfat/file.o
  CC [M]  drivers/mfd/ocelot-spi.o
  CC [M]  net/netfilter/nf_tables_trace.o
  CC [M]  net/packet/diag.o
  AR      net/dsa/built-in.a
  CC      net/ipv4/udp_offload.o
  CC [M]  fs/exfat/balloc.o
  AR      drivers/dax/built-in.a
  CC      net/ipv4/arp.o
  CC [M]  fs/ntfs3/fsntfs.o
  CC [M]  drivers/mfd/lpc_sch.o
  LD [M]  fs/exfat/exfat.o
  CC [M]  drivers/mfd/lpc_ich.o
  CC      net/ipv4/icmp.o
  CC      net/ipv6/ipv6_sockglue.o
  CC      net/ipv4/devinet.o
  CC [M]  net/netfilter/nft_immediate.o
  AR      net/packet/built-in.a
  LD [M]  net/packet/af_packet_diag.o
  CC      net/ipv4/af_inet.o
  CC [M]  drivers/mfd/rdc321x-southbridge.o
  CC [M]  fs/ntfs3/frecord.o
  CC      drivers/dma-buf/dma-buf.o
  CC [M]  fs/ntfs3/file.o
  CC      drivers/dma-buf/dma-fence.o
  CC [M]  drivers/mfd/vx855.o
  CC [M]  fs/ntfs3/fslog.o
  CC      net/strparser/strparser.o
  CC [M]  net/netfilter/nft_cmp.o
  CC      net/ipv6/ndisc.o
  CC [M]  fs/ntfs3/inode.o
  CC      drivers/dma-buf/dma-fence-array.o
  CC      net/ipv4/igmp.o
  AR      drivers/mfd/built-in.a
  LD [M]  drivers/mfd/ocelot-soc.o
  AR      drivers/cxl/core/built-in.a
  AR      drivers/cxl/built-in.a
  CC      net/8021q/vlan_core.o
  CC [M]  net/netfilter/nft_range.o
  CC      net/ipv6/udp.o
  CC      drivers/dma-buf/dma-fence-chain.o
  CC [M]  net/netfilter/nft_bitwise.o
  AR      net/strparser/built-in.a
  AR      net/wireless/tests/built-in.a
  CC      net/ipv6/raw.o
  CC      net/wireless/wext-core.o
  CC      drivers/dma-buf/dma-fence-unwrap.o
  CC [M]  fs/ntfs3/index.o
  CC      drivers/dma-buf/dma-resv.o
  CC [M]  net/8021q/vlan.o
  CC [M]  net/netfilter/nft_byteorder.o
  CC      net/ipv4/fib_frontend.o
  CC      drivers/dma-buf/dma-buf-mapping.o
  AR      drivers/macintosh/built-in.a
  CC      drivers/scsi/scsi.o
  CC      net/wireless/wext-proc.o
  CC      drivers/scsi/hosts.o
  CC      drivers/dma-buf/dma-heap.o
  CC [M]  fs/ntfs3/lznt.o
  CC      net/ipv6/icmp.o
  CC [M]  net/8021q/vlan_dev.o
  CC [M]  net/netfilter/nft_payload.o
  CC      drivers/dma-buf/heaps/system_heap.o
  CC [M]  net/8021q/vlan_netlink.o
  CC      drivers/scsi/scsi_ioctl.o
  CC      net/ipv4/fib_semantics.o
  CC [M]  net/wireless/core.o
  CC [M]  fs/ntfs3/namei.o
  AR      drivers/nvme/common/built-in.a
  CC      drivers/nvme/host/core.o
  CC      drivers/dma-buf/heaps/cma_heap.o
  CC [M]  net/wireless/sysfs.o
  CC [M]  net/8021q/vlan_gvrp.o
  CC      drivers/scsi/scsicam.o
  CC      net/ipv6/mcast.o
  CC [M]  net/netfilter/nft_lookup.o
  CC [M]  fs/ntfs3/record.o
  AR      drivers/dma-buf/heaps/built-in.a
  CC      drivers/dma-buf/sync_file.o
  CC [M]  net/wireless/radiotap.o
  CC [M]  fs/ntfs3/run.o
  CC      drivers/scsi/scsi_error.o
  CC      net/ipv4/fib_trie.o
  CC [M]  net/8021q/vlan_mvrp.o
  CC      drivers/dma-buf/udmabuf.o
  CC [M]  fs/ntfs3/super.o
  CC [M]  net/netfilter/nft_dynset.o
  CC      drivers/nvme/host/ioctl.o
  CC [M]  net/wireless/util.o
  CC      drivers/scsi/scsi_lib.o
  CC      net/ipv4/fib_notifier.o
  CC [M]  net/8021q/vlanproc.o
  CC      net/ipv6/reassembly.o
  AR      drivers/dma-buf/built-in.a
  AR      net/8021q/built-in.a
  CC      net/ipv4/inet_fragment.o
  CC [M]  fs/ntfs3/upcase.o
  CC      drivers/nvme/host/sysfs.o
  CC      net/dcb/dcbnl.o
  CC [M]  net/netfilter/nft_meta.o
  LD [M]  net/8021q/8021q.o
  CC [M]  net/netfilter/nft_rt.o
  CC [M]  fs/ntfs3/xattr.o
  CC      drivers/scsi/constants.o
  CC      net/dcb/dcbevent.o
  CC      drivers/nvme/host/pr.o
  CC      net/ipv6/tcp_ipv6.o
  CC [M]  net/wireless/reg.o
  CC      drivers/scsi/scsi_lib_dma.o
  CC      net/ipv4/ping.o
  CC      drivers/scsi/scsi_scan.o
  CC [M]  fs/ntfs3/lib/decompress_common.o
  AR      drivers/nvme/target/built-in.a
  CC      drivers/ata/libata-core.o
  CC [M]  net/netfilter/nft_exthdr.o
  AR      net/dcb/built-in.a
  CC [M]  fs/ntfs3/lib/lzx_decompress.o
  CC      drivers/nvme/host/constants.o
  GEN     drivers/scsi/scsi_devinfo_tbl.c
  CC      drivers/scsi/scsi_devinfo.o
  CC      drivers/ata/libata-scsi.o
  CC [M]  fs/ntfs3/lib/xpress_decompress.o
  LD [M]  fs/ntfs3/ntfs3.o
  CC      net/ipv6/ping.o
  CC      drivers/nvme/host/multipath.o
  CC      drivers/scsi/scsi_sysctl.o
  CC      net/ipv4/ip_tunnel_core.o
  CC      drivers/ata/libata-eh.o
  CC      drivers/scsi/scsi_proc.o
  CC      net/ipv6/exthdrs.o
  CC [M]  net/wireless/scan.o
  CC [M]  net/netfilter/nft_last.o
  CC      drivers/gpu/buddy.o
  AR      drivers/gpu/host1x/built-in.a
  CC [M]  net/wireless/nl80211.o
  CC      drivers/nvme/host/hwmon.o
  CC      drivers/scsi/scsi_trace.o
  CC      drivers/gpu/drm/drm_atomic.o
  CC      net/ipv6/datagram.o
  CC [M]  net/netfilter/nft_counter.o
  CC      net/ipv4/gre_offload.o
  CC      drivers/ata/libata-transport.o
  CC      drivers/scsi/scsi_logging.o
  CC      drivers/nvme/host/pci.o
  CC      net/ipv6/ip6_flowlabel.o
  CC      drivers/gpu/drm/drm_atomic_uapi.o
  CC      drivers/spi/spi.o
  CC      drivers/ata/libata-trace.o
  CC [M]  net/netfilter/nft_objref.o
  CC      drivers/scsi/scsi_pm.o
  CC      net/ipv4/metrics.o
  CC      net/ipv6/inet6_connection_sock.o
  CC      drivers/gpu/drm/drm_auth.o
  CC      drivers/spi/spi-mem.o
  CC      drivers/ata/libata-sata.o
  AR      drivers/nvme/host/built-in.a
  AR      drivers/nvme/built-in.a
  CC      drivers/gpu/drm/drm_blend.o
  CC      drivers/scsi/scsi_bsg.o
  CC      drivers/spi/spi-offload.o
  CC [M]  net/netfilter/nft_inner.o
  CC [M]  net/wireless/mlme.o
  CC [M]  drivers/spi/spi-mux.o
  CC      net/ipv4/netlink.o
  CC      net/ipv6/udp_offload.o
  CC      drivers/gpu/drm/drm_bridge.o
  CC      drivers/scsi/scsi_common.o
  CC      drivers/ata/libata-pmp.o
  CC [M]  drivers/spi/spidev.o
  CC      net/ipv6/seg6.o
  CC      drivers/scsi/sd.o
  CC [M]  net/netfilter/nft_chain_route.o
  CC      drivers/gpu/drm/drm_cache.o
  CC      drivers/ata/libata-acpi.o
  CC      net/ipv4/nexthop.o
  CC      net/sysctl_net.o
  CC      net/ipv6/fib6_notifier.o
  CC [M]  net/wireless/ibss.o
  CC [M]  drivers/spi/spi-loopback-test.o
  CC      drivers/gpu/drm/drm_color_mgmt.o
  CC [M]  net/wireless/sme.o
  CC      drivers/ata/libata-zpodd.o
  CC      drivers/scsi/sd_dif.o
  CC [M]  drivers/scsi/raid_class.o
  CC [M]  drivers/spi/spi-axi-spi-engine.o
  CC      net/ipv6/rpl.o
  CC [M]  net/netfilter/nf_tables_offload.o
  CC [M]  net/wireless/chan.o
  CC      drivers/gpu/drm/drm_colorop.o
  CC      drivers/gpu/vga/vga_switcheroo.o
  CC      drivers/ata/libata-pata-timings.o
  CC [M]  drivers/scsi/sg.o
  CC      net/ipv4/udp_tunnel_stub.o
  CC [M]  drivers/spi/spi-bitbang.o
  CC      drivers/gpu/drm/drm_connector.o
  CC [M]  net/wireless/ethtool.o
  CC      net/ipv6/ioam6.o
  CC [M]  net/netfilter/nft_set_hash.o
  CC      net/ipv4/sysctl_net_ipv4.o
  CC      drivers/ata/ahci.o
  AR      drivers/gpu/vga/built-in.a
  CC      drivers/ata/libahci.o
  CC [M]  drivers/spi/spi-cadence.o
  CC [M]  drivers/scsi/vhba/vhba.o
  CC      net/ipv4/proc.o
  CC      drivers/gpu/drm/drm_crtc.o
  CC [M]  net/wireless/mesh.o
  CC [M]  drivers/spi/spi-ch341.o
  CC      drivers/net/loopback.o
  CC      net/ipv6/sysctl_net_ipv6.o
  CC [M]  net/netfilter/nft_set_bitmap.o
  CC      net/ipv4/fib_rules.o
  CC      drivers/scsi/scsi_sysfs.o
  CC [M]  drivers/ata/ahci_platform.o
  CC      drivers/gpu/drm/drm_displayid.o
  CC      net/ipv4/ipmr.o
  CC [M]  drivers/spi/spi-cs42l43.o
  CC [M]  net/wireless/ap.o
  CC      drivers/gpu/drm/drm_drv.o
  CC [M]  drivers/ata/libahci_platform.o
  AR      drivers/scsi/built-in.a
  CC      drivers/gpu/drm/drm_dumb_buffers.o
  CC      drivers/net/netkit.o
  CC      net/ipv6/ip6mr.o
  CC [M]  net/netfilter/nft_set_rbtree.o
  CC [M]  net/netfilter/nft_set_pipapo.o
  CC [M]  drivers/spi/spi-dw-core.o
  CC      drivers/gpu/drm/drm_edid.o
  CC [M]  net/wireless/trace.o
  AR      drivers/ata/built-in.a
  CC [M]  net/wireless/ocb.o
  CC      net/ipv4/ipmr_base.o
  CC [M]  drivers/spi/spi-dw-dma.o
  CC [M]  net/netfilter/nft_set_pipapo_avx2.o
  CC      drivers/net/phy/stubs.o
  CC      net/switchdev/switchdev.o
  CC      drivers/gpu/drm/drm_eld.o
  CC      drivers/gpu/drm/drm_encoder.o
  CC      net/ipv6/xfrm6_policy.o
  CC [M]  net/netfilter/nft_compat.o
  CC [M]  net/wireless/michael-mic.o
  CC [M]  drivers/spi/spi-dw-mmio.o
  CC      drivers/net/phy/mii_timestamper.o
  CC      net/ipv4/syncookies.o
  CC      drivers/gpu/drm/drm_file.o
  CC [M]  net/wireless/pmsr.o
  CC      net/ipv6/xfrm6_state.o
  AR      net/switchdev/built-in.a
  CC      net/ipv6/xfrm6_input.o
  CC [M]  drivers/spi/spi-dw-pci.o
  CC [M]  net/wireless/debugfs.o
  AR      drivers/gpu/tests/built-in.a
  CC      drivers/net/pse-pd/pse_core.o
  CC      drivers/net/phy/sfp-bus.o
  CC [M]  net/netfilter/nft_connlimit.o
  CC      drivers/gpu/drm/drm_fourcc.o
  CC [M]  drivers/spi/spi-gpio.o
  CC      net/ipv4/netfilter.o
  AR      drivers/firewire/built-in.a
  CC      net/ipv6/xfrm6_output.o
  CC [M]  net/wireless/wext-compat.o
  CC [M]  net/netfilter/nft_numgen.o
  CC      drivers/gpu/drm/drm_framebuffer.o
  AR      drivers/cdrom/built-in.a
  CC      net/l3mdev/l3mdev.o
  AR      drivers/net/phy/mediatek/built-in.a
  AR      drivers/net/phy/qcom/built-in.a
  CC [M]  drivers/net/phy/mdio_bus.o
  CC [M]  drivers/net/pse-pd/pse_regulator.o
  CC [M]  drivers/spi/spi-intel.o
  CC      net/ipv6/xfrm6_protocol.o
  CC      drivers/gpu/drm/drm_gem.o
  AR      net/ipv4/netfilter/built-in.a
  CC [M]  net/ipv4/netfilter/nf_defrag_ipv4.o
  CC [M]  net/netfilter/nft_ct.o
  CC      net/ipv6/netfilter.o
  CC [M]  net/wireless/wext-sme.o
  AR      net/l3mdev/built-in.a
  CC      net/ipv6/fib6_rules.o
  CC [M]  drivers/net/pse-pd/pd692x0.o
  CC [M]  drivers/net/phy/phylink.o
  CC [M]  drivers/spi/spi-intel-pci.o
  CC [M]  drivers/net/pse-pd/si3474.o
  CC      drivers/gpu/drm/drm_ioctl.o
  CC [M]  drivers/spi/spi-intel-platform.o
  CC [M]  net/ipv4/netfilter/nf_socket_ipv4.o
  CC [M]  net/netfilter/nft_flow_offload.o
  AR      net/wireless/built-in.a
  LD [M]  net/wireless/cfg80211.o
  CC [M]  net/ipv4/netfilter/nf_tproxy_ipv4.o
  CC [M]  drivers/spi/spi-mxic.o
  CC [M]  drivers/net/pse-pd/tps23881.o
  CC      net/ipv6/proc.o
  CC [M]  drivers/spi/spi-oc-tiny.o
  CC      drivers/gpu/drm/drm_lease.o
  AR      drivers/net/pse-pd/built-in.a
  CC      drivers/gpu/drm/drm_managed.o
  CC [M]  drivers/net/phy/phy.o
  AR      drivers/net/mdio/built-in.a
  CC [M]  drivers/net/mdio/acpi_mdio.o
  CC      net/ncsi/ncsi-cmd.o
  CC [M]  net/netfilter/nft_limit.o
  CC      net/xdp/xsk.o
  CC [M]  drivers/spi/spi-pci1xxxx.o
  CC [M]  drivers/net/mdio/fwnode_mdio.o
  CC [M]  net/ipv4/netfilter/nf_reject_ipv4.o
  CC      drivers/gpu/drm/drm_mm.o
  CC      net/ipv6/syncookies.o
  CC [M]  drivers/net/mdio/mdio-bitbang.o
  CC [M]  drivers/net/phy/phy-c45.o
  CC [M]  drivers/spi/spi-pxa2xx.o
  CC      drivers/gpu/drm/drm_mode_config.o
  CC      net/ncsi/ncsi-rsp.o
  CC [M]  net/netfilter/nft_nat.o
  CC [M]  drivers/net/mdio/mdio-cavium.o
  CC [M]  drivers/spi/spi-pxa2xx-dma.o
  CC [M]  net/ipv4/netfilter/nf_nat_h323.o
  CC      net/xdp/xdp_umem.o
  CC      net/ipv6/seg6_iptunnel.o
  CC      drivers/gpu/drm/drm_mode_object.o
  CC [M]  drivers/spi/spi-pxa2xx-platform.o
  CC [M]  drivers/net/phy/phy-core.o
  CC [M]  drivers/net/mdio/mdio-gpio.o
  CC [M]  net/ipv4/netfilter/nf_nat_pptp.o
  CC      net/ncsi/ncsi-aen.o
  CC [M]  net/netfilter/nft_queue.o
  CC      drivers/gpu/drm/drm_modes.o
  CC [M]  drivers/spi/spi-pxa2xx-pci.o
  ASN.1   net/ipv4/netfilter/nf_nat_snmp_basic.asn1.[ch]
  CC [M]  net/ipv4/netfilter/nft_reject_ipv4.o
  CC      net/xdp/xsk_queue.o
  CC [M]  drivers/net/mdio/mdio-i2c.o
  CC [M]  drivers/net/phy/phy_device.o
  CC      net/ipv6/seg6_local.o
  CC      net/ncsi/ncsi-manage.o
  CC [M]  drivers/spi/spi-sc18is602.o
  CC [M]  net/ipv4/netfilter/nft_fib_ipv4.o
  CC [M]  net/netfilter/nft_quota.o
  CC [M]  drivers/net/mdio/mdio-mscc-miim.o
  CC      drivers/gpu/drm/drm_modeset_lock.o
  CC      net/xdp/xskmap.o
  CC      drivers/gpu/drm/drm_plane.o
  CC [M]  drivers/net/mdio/mdio-mvusb.o
  CC [M]  drivers/spi/spi-tle62x0.o
  CC      drivers/gpu/drm/drm_prime.o
  CC [M]  net/netfilter/nft_reject.o
  CC [M]  net/ipv4/netfilter/nft_dup_ipv4.o
  CC [M]  drivers/net/phy/linkmode.o
  CC      net/ncsi/ncsi-netlink.o
  CC      net/ipv6/seg6_hmac.o
  CC      drivers/gpu/drm/drm_print.o
  CC [M]  drivers/spi/spi-virtio.o
  CC      net/xdp/xsk_buff_pool.o
  CC [M]  drivers/net/mdio/mdio-thunder.o
  CC      drivers/gpu/drm/drm_property.o
  CC [M]  drivers/net/phy/phy_link_topology.o
  CC [M]  net/ipv4/netfilter/ip_tables.o
  CC      drivers/gpu/drm/drm_rect.o
  CC [M]  net/netfilter/nft_reject_inet.o
  AR      net/ncsi/built-in.a
  CC [M]  drivers/spi/spi-xcomm.o
  CC [M]  drivers/spi/spi-slave-time.o
  CC      drivers/gpu/drm/drm_syncobj.o
  CC      drivers/gpu/drm/drm_sysfs.o
  CC      net/ipv6/rpl_iptunnel.o
  CC [M]  net/xdp/xsk_diag.o
  CC [M]  drivers/net/phy/phy_caps.o
  CC      net/ipv6/ioam6_iptunnel.o
  CC [M]  drivers/spi/spi-slave-system-control.o
  CC      drivers/gpu/drm/drm_trace_points.o
  CC      drivers/gpu/drm/drm_vblank.o
  CC [M]  net/netfilter/nft_reject_netdev.o
  CC [M]  net/netfilter/nft_tunnel.o
  CC [M]  net/netfilter/nft_log.o
  CC [M]  net/ipv4/netfilter/iptable_filter.o
  CC [M]  drivers/net/phy/mdio_bus_provider.o
  CC [M]  drivers/spi/spi-offload-trigger-pwm.o
  AR      net/xdp/built-in.a
  CC [M]  drivers/spi/spi-offload-trigger-adi-util-sigma-delta.o
  CC [M]  net/ipv4/netfilter/iptable_mangle.o
  AR      net/ipv6/netfilter/built-in.a
  CC [M]  net/ipv6/netfilter/ip6_tables.o
  CC      drivers/gpu/drm/drm_vblank_work.o
  AR      drivers/auxdisplay/built-in.a
  CC [M]  net/llc/llc_core.o
  CC [M]  net/llc/llc_input.o
  AR      drivers/spi/built-in.a
  LD [M]  drivers/spi/spi-dw.o
  LD [M]  drivers/spi/spi-pxa2xx-core.o
  CC [M]  net/llc/llc_output.o
  CC      drivers/gpu/drm/drm_vma_manager.o
  CC [M]  net/netfilter/nft_masq.o
  CC [M]  drivers/net/phy/phy_port.o
  CC [M]  net/tls/tls_main.o
  CC [M]  net/ipv4/netfilter/iptable_nat.o
  CC [M]  net/ipv4/netfilter/iptable_raw.o
  CC      drivers/gpu/drm/drm_writeback.o
  CC [M]  net/ipv6/netfilter/ip6table_filter.o
  CC [M]  net/tls/tls_sw.o
  LD [M]  net/llc/llc.o
  CC      net/ipv4/tcp_cubic.o
  CC [M]  net/netfilter/nft_redir.o
  CC      net/ipv6/addrconf_core.o
  CC [M]  drivers/net/phy/mdio_device.o
  CC [M]  net/ipv6/netfilter/ip6table_mangle.o
  CC      drivers/gpu/drm/drm_client.o
  CC [M]  net/ipv4/netfilter/iptable_security.o
  CC [M]  net/ipv6/netfilter/ip6table_raw.o
  CC      drivers/usb/common/common.o
  CC [M]  net/netfilter/nft_hash.o
  CC [M]  drivers/net/phy/swphy.o
  CC      drivers/gpu/drm/drm_client_event.o
  CC      drivers/usb/common/led.o
  CC [M]  net/key/af_key.o
  CC [M]  net/ipv4/netfilter/ipt_ah.o
  AR      drivers/net/pcs/built-in.a
  CC [M]  drivers/net/pcs/pcs-xpcs.o
  CC [M]  net/netfilter/nft_fib.o
  CC [M]  net/tls/tls_proc.o
  CC [M]  drivers/usb/common/ulpi.o
  CC      drivers/gpu/drm/drm_client_modeset.o
  CC [M]  drivers/net/phy/mdio_devres.o
  CC [M]  net/netfilter/nft_fib_inet.o
  CC [M]  net/ipv6/netfilter/ip6table_security.o
  CC [M]  net/ipv4/netfilter/ipt_rpfilter.o
  AR      drivers/usb/common/built-in.a
  CC      drivers/usb/core/usb.o
  CC [M]  net/netfilter/nft_fib_netdev.o
  CC [M]  drivers/net/pcs/pcs-xpcs-plat.o
  CC [M]  net/netfilter/nft_socket.o
  CC [M]  net/tls/trace.o
  CC [M]  drivers/net/phy/phy_package.o
  CC      drivers/gpu/drm/drm_client_sysrq.o
  CC [M]  net/tls/tls_strp.o
  CC      drivers/gpu/drm/drm_ioc32.o
  CC [M]  net/ipv6/netfilter/ip6table_nat.o
  CC      drivers/usb/core/hub.o
  CC [M]  net/ipv4/netfilter/ipt_ECN.o
  CC [M]  drivers/net/pcs/pcs-xpcs-nxp.o
  CC      net/ipv6/exthdrs_core.o
  CC [M]  drivers/net/phy/sfp.o
  CC      drivers/gpu/drm/drm_panel.o
  CC      drivers/usb/core/hcd.o
  CC [M]  net/netfilter/nft_osf.o
  LD [M]  net/tls/tls.o
  CC [M]  net/netfilter/nft_tproxy.o
  CC [M]  drivers/net/pcs/pcs-xpcs-wx.o
  CC [M]  net/ipv4/netfilter/ipt_REJECT.o
  CC [M]  net/ipv6/netfilter/nf_defrag_ipv6_hooks.o
  CC      drivers/usb/phy/phy.o
  CC      drivers/gpu/drm/drm_pci.o
  CC      drivers/usb/core/urb.o
  CC      drivers/gpu/drm/drm_debugfs.o
  CC [M]  drivers/net/phy/ax88796b.o
  CC [M]  drivers/usb/phy/phy-generic.o
  CC      drivers/gpu/drm/drm_debugfs_crc.o
  LD [M]  drivers/net/pcs/pcs_xpcs.o
  CC      drivers/gpu/drm/drm_edid_load.o
  CC      net/ipv4/tcp_bpf.o
  CC      drivers/usb/core/message.o
  CC [M]  net/ipv4/netfilter/ipt_SYNPROXY.o
  CC [M]  net/netfilter/nft_xfrm.o
  CC      drivers/input/serio/serio.o
  CC [M]  net/ipv6/netfilter/nf_conntrack_reasm.o
  CC [M]  drivers/usb/phy/phy-gpio-vbus-usb.o
  CC [M]  drivers/net/phy/dp83640.o
  CC      drivers/gpu/drm/drm_privacy_screen.o
  CC      drivers/input/serio/i8042.o
  CC      drivers/usb/core/driver.o
  CC [M]  drivers/usb/phy/phy-isp1301.o
  CC      drivers/input/serio/libps2.o
  CC [M]  net/netfilter/nft_synproxy.o
  CC      drivers/gpu/drm/drm_privacy_screen_x86.o
  CC [M]  net/ipv4/netfilter/arp_tables.o
  CC [M]  drivers/net/phy/fixed_phy.o
  CC [M]  net/ipv6/netfilter/nf_socket_ipv6.o
  CC      net/ipv6/ip6_checksum.o
  CC [M]  drivers/input/serio/serport.o
  CC      drivers/gpu/drm/../../accel/drm_accel.o
  CC      drivers/usb/core/config.o
  AR      drivers/usb/phy/built-in.a
  CC [M]  drivers/input/serio/pcips2.o
  CC [M]  net/netfilter/nft_chain_nat.o
  CC [M]  drivers/net/phy/mxl-gpy.o
  CC      net/ipv6/ip6_icmp.o
  CC [M]  drivers/input/serio/ps2mult.o
  CC [M]  net/ipv4/netfilter/arpt_mangle.o
  CC      drivers/gpu/drm/drm_panic.o
  CC      net/ipv6/output_core.o
  CC [M]  net/ipv6/netfilter/nf_tproxy_ipv6.o
  CC [M]  drivers/input/serio/serio_raw.o
  CC      drivers/usb/core/file.o
  CC [M]  drivers/input/serio/ps2-gpio.o
  CC [M]  drivers/net/phy/microchip.o
  CC [M]  net/netfilter/nft_dup_netdev.o
  CC      drivers/usb/core/buffer.o
  CC      drivers/gpu/drm/drm_draw.o
  CC [M]  drivers/input/serio/userio.o
  CC      drivers/input/input.o
  CC [M]  net/ipv4/netfilter/arptable_filter.o
  CC      drivers/gpu/drm/drm_panel_orientation_quirks.o
  CC      drivers/input/input-compat.o
  AR      drivers/input/serio/built-in.a
  CC      drivers/input/input-mt.o
  CC [M]  net/ipv6/netfilter/nf_reject_ipv6.o
  CC      drivers/usb/core/sysfs.o
  CC      drivers/input/input-poller.o
  CC      drivers/usb/host/pci-quirks.o
  CC [M]  drivers/net/phy/smsc.o
  CC      drivers/gpu/drm/drm_gem_shmem_helper.o
  CC [M]  net/netfilter/nft_fwd_netdev.o
  CC [M]  net/ipv4/netfilter/nf_dup_ipv4.o
  CC      drivers/usb/host/xhci.o
  AR      drivers/net/ethernet/realtek/built-in.a
  CC [M]  drivers/net/ethernet/realtek/8139cp.o
  CC      drivers/input/ff-core.o
  CC      drivers/usb/core/endpoint.o
  CC [M]  drivers/net/phy/ste10Xp.o
  CC      drivers/gpu/drm/drm_fbdev_shmem.o
  CC [M]  drivers/net/ethernet/realtek/8139too.o
  CC      drivers/input/touchscreen.o
  CC      drivers/usb/core/devio.o
  CC [M]  net/ipv6/netfilter/nf_dup_ipv6.o
  CC [M]  net/netfilter/nf_flow_table_core.o
  CC [M]  net/ipv4/netfilter/nf_nat_snmp_basic.asn1.o
  CC [M]  net/ipv4/netfilter/nf_nat_snmp_basic_main.o
  CC [M]  net/ipv6/netfilter/nft_reject_ipv6.o
  CC      drivers/input/touch-overlay.o
  CC      drivers/usb/host/xhci-mem.o
  CC      drivers/gpu/drm/drm_atomic_helper.o
  CC [M]  drivers/net/phy/aquantia/aquantia_main.o
  CC [M]  drivers/net/ethernet/realtek/r8169_main.o
  CC [M]  net/ipv6/netfilter/nft_dup_ipv6.o
  CC      drivers/input/vivaldi-fmap.o
  CC      drivers/usb/core/notify.o
  LD [M]  net/ipv4/netfilter/nf_nat_snmp_basic.o
  CC      net/ipv4/udp_bpf.o
  CC [M]  net/netfilter/nf_flow_table_ip.o
  CC [M]  net/ipv6/netfilter/nft_fib_ipv6.o
  CC      drivers/input/input-leds.o
  CC      drivers/usb/host/xhci-ext-caps.o
  CC [M]  drivers/net/phy/aquantia/aquantia_firmware.o
  CC      drivers/usb/core/generic.o
  CC      drivers/gpu/drm/drm_atomic_state_helper.o
  CC [M]  net/ipv6/netfilter/ip6t_ah.o
  CC      drivers/input/evdev.o
  CC      drivers/usb/host/xhci-ring.o
  CC      drivers/usb/core/quirks.o
  CC      net/ipv4/xfrm4_policy.o
  CC      drivers/gpu/drm/drm_bridge_helper.o
  CC [M]  net/netfilter/nf_flow_table_path.o
  CC [M]  drivers/net/phy/aquantia/aquantia_leds.o
  CC [M]  net/ipv6/netfilter/ip6t_eui64.o
  CC      drivers/usb/core/devices.o
  CC      drivers/input/keyboard/atkbd.o
  CC [M]  drivers/net/ethernet/realtek/r8169_firmware.o
  CC      drivers/usb/core/phy.o
  CC      drivers/gpu/drm/drm_crtc_helper.o
  CC [M]  drivers/net/ethernet/realtek/r8169_phy_config.o
  CC [M]  drivers/net/phy/aquantia/aquantia_hwmon.o
  CC      net/ipv4/xfrm4_state.o
  CC      drivers/usb/core/port.o
  CC [M]  drivers/input/keyboard/adp5588-keys.o
  CC [M]  net/netfilter/nf_flow_table_offload.o
  CC      drivers/usb/host/xhci-hub.o
  CC [M]  net/ipv6/netfilter/ip6t_frag.o
  CC      drivers/gpu/drm/drm_damage_helper.o
  CC      drivers/usb/core/trace.o
  LD [M]  drivers/net/phy/aquantia/aquantia.o
  CC [M]  drivers/net/phy/realtek/realtek_main.o
  CC [M]  drivers/net/ethernet/realtek/r8169_leds.o
  CC [M]  drivers/input/keyboard/cypress-sf.o
  CC [M]  net/ipv6/netfilter/ip6t_ipv6header.o
  CC      net/ipv4/xfrm4_input.o
  CC      drivers/usb/core/offload.o
  CC      drivers/gpu/drm/drm_flip_work.o
  CC      drivers/usb/host/xhci-dbg.o
  CC      drivers/usb/core/hcd-pci.o
  CC [M]  net/netfilter/nf_flow_table_xdp.o
  CC [M]  drivers/input/keyboard/dlink-dir685-touchkeys.o
  CC      drivers/gpu/drm/drm_format_helper.o
  CC [M]  drivers/net/ethernet/realtek/rtase/rtase_main.o
  CC      drivers/usb/host/xhci-trace.o
  CC      drivers/usb/core/usb-acpi.o
  CC [M]  drivers/net/phy/realtek/realtek_hwmon.o
  CC [M]  net/ipv6/netfilter/ip6t_mh.o
  CC      net/ipv4/xfrm4_output.o
  CC [M]  drivers/input/keyboard/gpio_keys.o
  CC [M]  drivers/usb/core/ledtrig-usbport.o
  CC      drivers/usb/host/xhci-dbgcap.o
  CC [M]  net/netfilter/nf_flow_table_procfs.o
  CC      drivers/gpu/drm/drm_gem_atomic_helper.o
  CC      net/ipv4/xfrm4_protocol.o
  LD [M]  drivers/net/phy/realtek/realtek.o
  AR      drivers/net/phy/built-in.a
  LD [M]  drivers/net/phy/libphy.o
  CC [M]  net/bridge/br.o
  CC [M]  drivers/input/keyboard/gpio_keys_polled.o
  AR      drivers/usb/core/built-in.a
  CC [M]  drivers/input/keyboard/tca8418_keypad.o
  CC [M]  net/ipv6/netfilter/ip6t_hbh.o
  CC      drivers/gpu/drm/drm_gem_framebuffer_helper.o
  CC      drivers/usb/host/xhci-dbgtty.o
  CC [M]  net/bridge/br_device.o
  LD [M]  drivers/net/ethernet/realtek/rtase/rtase.o
  LD [M]  drivers/net/ethernet/realtek/r8169.o
  CC [M]  drivers/net/ethernet/ec_bhf.o
  CC [M]  net/netfilter/nf_flow_table_inet.o
  CC [M]  net/netfilter/x_tables.o
  CC      net/ipv4/bpf_tcp_ca.o
  CC [M]  drivers/input/keyboard/lkkbd.o
  CC      drivers/gpu/drm/drm_kms_helper_common.o
  CC      drivers/usb/host/xhci-debugfs.o
  CC [M]  drivers/input/keyboard/lm8323.o
  CC [M]  net/bridge/br_fdb.o
  CC [M]  drivers/net/ethernet/jme.o
  CC [M]  net/ipv6/netfilter/ip6t_rpfilter.o
  CC [M]  net/bridge/br_forward.o
  CC      drivers/gpu/drm/drm_modeset_helper.o
  CC [M]  drivers/input/keyboard/lm8333.o
  CC      drivers/usb/host/xhci-sideband.o
  CC [M]  net/ipv4/ip_tunnel.o
  CC [M]  net/netfilter/xt_tcpudp.o
  CC [M]  drivers/input/keyboard/matrix_keypad.o
  CC      drivers/gpu/drm/drm_plane_helper.o
  CC [M]  net/ipv6/netfilter/ip6t_rt.o
  CC [M]  drivers/input/keyboard/max7359_keypad.o
  CC      drivers/gpu/drm/drm_probe_helper.o
  CC      drivers/usb/host/xhci-pci.o
  CC [M]  drivers/input/keyboard/mpr121_touchkey.o
  CC [M]  net/bridge/br_if.o
  CC      net/ipv6/protocol.o
  CC [M]  drivers/net/ethernet/fealnx.o
  CC [M]  net/netfilter/xt_mark.o
  CC      drivers/gpu/drm/drm_self_refresh_helper.o
  CC [M]  drivers/input/keyboard/newtonkbd.o
  CC [M]  net/ipv4/ipip.o
  CC [M]  drivers/usb/host/xhci-pci-renesas.o
  CC      drivers/gpu/drm/drm_simple_kms_helper.o
  CC [M]  net/appletalk/aarp.o
  CC [M]  net/ipv6/netfilter/ip6t_srh.o
  CC [M]  drivers/input/keyboard/opencores-kbd.o
  CC      drivers/gpu/drm/drm_vblank_helper.o
  CC [M]  net/bridge/br_input.o
  CC [M]  net/netfilter/xt_connmark.o
  CC [M]  drivers/net/ethernet/ethoc.o
  CC      drivers/gpu/drm/bridge/panel.o
  CC [M]  drivers/usb/host/xhci-plat.o
  CC [M]  drivers/input/keyboard/pinephone-keyboard.o
  CC [M]  net/ipv4/fou_core.o
  CC      drivers/gpu/drm/drm_fb_helper.o
  CC [M]  net/appletalk/ddp.o
  CC [M]  drivers/input/keyboard/qt1050.o
  CC [M]  net/ipv6/netfilter/ip6t_NPT.o
  CC [M]  net/netfilter/xt_set.o
  AR      drivers/usb/host/built-in.a
  LD [M]  drivers/usb/host/xhci-plat-hcd.o
  AR      drivers/usb/storage/built-in.a
  AR      drivers/net/ethernet/built-in.a
  CC [M]  drivers/usb/storage/uas.o
  AR      drivers/net/wireless/ath/built-in.a
  CC [M]  drivers/net/wireless/ath/main.o
  CC [M]  drivers/input/keyboard/qt1070.o
  CC [M]  net/bridge/br_ioctl.o
  AR      drivers/gpu/drm/tests/built-in.a
  CC      drivers/gpu/drm/drm_mipi_dsi.o
  CC [M]  drivers/input/keyboard/qt2160.o
  CC [M]  net/ipv4/fou_nl.o
  CC [M]  drivers/input/keyboard/stowaway.o
  CC [M]  net/netfilter/xt_nat.o
  CC [M]  net/appletalk/atalk_proc.o
  CC [M]  drivers/usb/storage/scsiglue.o
  CC [M]  drivers/net/wireless/ath/regd.o
  CC [M]  net/ipv6/netfilter/ip6t_REJECT.o
  CC [M]  drivers/input/keyboard/sunkbd.o
  AR      drivers/gpu/drm/arm/built-in.a
  CC      drivers/gpu/drm/clients/drm_client_setup.o
  CC [M]  net/bridge/br_stp.o
  CC [M]  drivers/input/keyboard/tm2-touchkey.o
  CC [M]  net/ipv4/fou_bpf.o
  CC      drivers/gpu/drm/clients/drm_log.o
  CC [M]  drivers/usb/storage/protocol.o
  CC [M]  net/netfilter/xt_CHECKSUM.o
  CC [M]  drivers/input/keyboard/xtkbd.o
  CC [M]  net/appletalk/sysctl_net_atalk.o
  CC [M]  drivers/net/wireless/ath/hw.o
  AR      drivers/input/keyboard/built-in.a
  AR      drivers/input/mouse/built-in.a
  CC [M]  drivers/input/mouse/cyapa.o
  CC [M]  net/ipv6/netfilter/ip6t_SYNPROXY.o
  CC      drivers/gpu/drm/clients/drm_fbdev_client.o
  CC [M]  net/bridge/br_stp_bpdu.o
  CC [M]  drivers/usb/storage/transport.o
  CC [M]  net/ipv4/gre_demux.o
  LD [M]  net/appletalk/appletalk.o
  CC [M]  drivers/input/mouse/cyapa_gen3.o
  LD [M]  net/ipv6/netfilter/nf_defrag_ipv6.o
  CC      net/ipv6/ip6_offload.o
  AR      drivers/gpu/drm/display/built-in.a
  CC [M]  drivers/gpu/drm/display/drm_display_helper_mod.o
  CC [M]  net/netfilter/xt_CLASSIFY.o
  CC [M]  drivers/net/wireless/ath/key.o
  AR      drivers/gpu/drm/clients/built-in.a
  CC [M]  drivers/gpu/drm/display/drm_dp_dual_mode_helper.o
  CC [M]  drivers/usb/storage/usb.o
  CC [M]  drivers/net/dummy.o
  CC      net/ipv6/exthdrs_offload.o
  CC [M]  net/bridge/br_stp_if.o
  CC [M]  drivers/input/mouse/cyapa_gen5.o
  CC [M]  net/ipv4/ip_gre.o
  CC      net/ipv6/inet6_hashtables.o
  CC [M]  drivers/net/wireless/ath/dfs_pattern_detector.o
  CC [M]  drivers/gpu/drm/display/drm_dp_helper.o
  CC [M]  net/netfilter/xt_CT.o
  CC [M]  drivers/usb/storage/initializers.o
  CC      net/ipv6/mcast_snoop.o
  CC [M]  net/ipv6/ah6.o
  CC [M]  drivers/input/mouse/cyapa_gen6.o
  CC [M]  net/bridge/br_stp_timer.o
  CC [M]  drivers/usb/storage/sierra_ms.o
  CC [M]  drivers/net/wireless/ath/dfs_pri_detector.o
  CC [M]  net/ipv4/udp_tunnel_core.o
  CC [M]  drivers/usb/storage/option_ms.o
  CC [M]  drivers/gpu/drm/display/drm_dp_mst_topology.o
  CC [M]  net/netfilter/xt_DSCP.o
  CC [M]  net/ipv6/esp6.o
  CC [M]  drivers/input/mouse/elan_i2c_core.o
  CC      drivers/rtc/lib.o
  CC [M]  net/bridge/br_netlink.o
  CC      drivers/rtc/class.o
  CC [M]  drivers/usb/storage/usual-tables.o
  CC [M]  drivers/net/wireless/ath/ath9k/beacon.o
  CC [M]  net/ipv4/udp_tunnel_nic.o
  CC      drivers/rtc/interface.o
  CC [M]  net/netfilter/xt_HL.o
  CC [M]  drivers/input/mouse/elan_i2c_i2c.o
  CC [M]  drivers/usb/storage/realtek_cr.o
  CC [M]  drivers/gpu/drm/display/drm_dp_tunnel.o
  CC      drivers/rtc/nvmem.o
  CC [M]  net/ipv6/esp6_offload.o
  CC [M]  drivers/net/wireless/ath/ath9k/gpio.o
  CC [M]  net/netfilter/xt_HMARK.o
  CC [M]  net/bridge/br_netlink_tunnel.o
  CC [M]  drivers/input/mouse/elan_i2c_smbus.o
  CC      drivers/rtc/dev.o
  LD [M]  drivers/usb/storage/usb-storage.o
  LD [M]  drivers/usb/storage/ums-realtek.o
  CC [M]  net/ipv4/ip_vti.o
  CC      drivers/usb/serial/usb-serial.o
  CC      drivers/rtc/proc.o
  CC [M]  drivers/gpu/drm/display/drm_dsc_helper.o
  CC [M]  drivers/net/wireless/ath/ath9k/init.o
  CC [M]  net/ipv6/ipcomp6.o
  CC [M]  drivers/gpu/drm/display/drm_hdcp_helper.o
  CC [M]  drivers/input/mouse/gpio_mouse.o
  CC      drivers/rtc/sysfs.o
  CC      drivers/usb/serial/generic.o
  CC [M]  net/bridge/br_arp_nd_proxy.o
  CC [M]  net/netfilter/xt_LED.o
  CC [M]  net/ipv6/xfrm6_tunnel.o
  CC [M]  net/ipv4/ah4.o
  CC [M]  drivers/input/mouse/psmouse-base.o
  CC [M]  drivers/gpu/drm/display/drm_hdmi_cec_notifier_helper.o
  CC      drivers/rtc/rtc-mc146818-lib.o
  CC [M]  drivers/net/wireless/ath/ath9k/main.o
  CC      drivers/usb/serial/bus.o
  CC [M]  net/ipv6/tunnel6.o
  CC [M]  net/netfilter/xt_LOG.o
  CC [M]  drivers/input/mouse/synaptics.o
  CC      drivers/rtc/rtc-cmos.o
  CC [M]  drivers/gpu/drm/display/drm_hdmi_helper.o
  CC      drivers/usb/serial/console.o
  CC [M]  net/bridge/br_sysfs_if.o
  CC [M]  net/ipv6/mip6.o
  CC [M]  net/ipv4/esp4.o
  CC [M]  drivers/gpu/drm/display/drm_scdc_helper.o
  CC [M]  drivers/net/wireless/ath/ath9k/recv.o
  CC [M]  drivers/usb/serial/ch341.o
  AR      drivers/rtc/built-in.a
  CC [M]  drivers/gpu/drm/display/drm_dp_aux_dev.o
  CC [M]  net/ipv6/ip6_vti.o
  CC [M]  drivers/input/mouse/focaltech.o
  CC [M]  net/netfilter/xt_NETMAP.o
  CC [M]  drivers/input/mouse/alps.o
  CC [M]  drivers/usb/serial/cp210x.o
  CC [M]  net/bridge/br_sysfs_br.o
  CC [M]  drivers/net/wireless/ath/ath9k/xmit.o
  CC [M]  drivers/gpu/drm/display/drm_dp_cec.o
  CC [M]  drivers/input/mouse/byd.o
  CC [M]  net/ipv4/esp4_offload.o
  AR      drivers/input/joystick/built-in.a
  CC [M]  drivers/input/joystick/xpad.o
  CC [M]  drivers/usb/serial/ftdi_sio.o
  CC [M]  net/ipv6/sit.o
  CC [M]  drivers/input/mouse/elantech.o
  CC [M]  net/ipv4/ipcomp.o
  CC [M]  net/netfilter/xt_NFLOG.o
  LD [M]  drivers/gpu/drm/display/drm_display_helper.o
  AR      drivers/gpu/drm/renesas/rcar-du/built-in.a
  AR      drivers/gpu/drm/renesas/rz-du/built-in.a
  AR      drivers/gpu/drm/renesas/built-in.a
  AR      drivers/gpu/drm/omapdrm/built-in.a
  CC [M]  net/bridge/br_nf_core.o
  AR      drivers/gpu/drm/tilcdc/built-in.a
  CC [M]  net/ipv6/ip6_tunnel.o
  AR      drivers/gpu/drm/imx/built-in.a
  AR      drivers/gpu/drm/panel/built-in.a
  AR      drivers/gpu/drm/bridge/analogix/built-in.a
  CC [M]  drivers/gpu/drm/bridge/analogix/analogix-anx78xx.o
  CC [M]  drivers/net/wireless/ath/ath9k/link.o
  CC [M]  drivers/net/wireless/ath/ath9k/antenna.o
  CC [M]  drivers/usb/serial/option.o
  CC [M]  drivers/input/mouse/logips2pp.o
  CC [M]  net/netfilter/xt_NFQUEUE.o
  CC [M]  drivers/input/mouse/lifebook.o
  CC [M]  net/ipv4/xfrm4_tunnel.o
  CC [M]  drivers/gpu/drm/bridge/analogix/analogix_dp_core.o
  CC [M]  net/bridge/br_multicast.o
  CC [M]  drivers/usb/serial/pl2303.o
  CC [M]  net/netfilter/xt_RATEEST.o
  CC [M]  drivers/input/mouse/sentelic.o
  CC [M]  drivers/net/wireless/ath/ath9k/channel.o
  CC [M]  drivers/input/mouse/trackpoint.o
  CC [M]  net/ipv6/ip6_gre.o
  CC [M]  net/bluetooth/af_bluetooth.o
  CC [M]  drivers/input/mouse/touchkit_ps2.o
  CC [M]  drivers/usb/serial/qcserial.o
  CC [M]  drivers/gpu/drm/bridge/analogix/analogix_dp_reg.o
  CC [M]  net/ipv4/tunnel4.o
  CC [M]  drivers/input/mouse/cypress_ps2.o
  CC [M]  net/netfilter/xt_REDIRECT.o
  CC [M]  drivers/net/wireless/ath/ath9k/mci.o
  CC [M]  drivers/input/mouse/psmouse-smbus.o
  CC [M]  drivers/usb/serial/sierra.o
  CC [M]  drivers/input/mouse/sermouse.o
  CC [M]  drivers/gpu/drm/bridge/analogix/analogix-i2c-dptx.o
  CC [M]  net/bluetooth/hci_core.o
  CC [M]  net/ipv4/inet_diag.o
  CC [M]  net/ipv6/fou6.o
  CC [M]  drivers/input/mouse/synaptics_i2c.o
  CC [M]  drivers/usb/serial/usb-serial-simple.o
  CC [M]  net/bridge/br_mdb.o
  CC [M]  net/netfilter/xt_MASQUERADE.o
  CC [M]  drivers/net/wireless/ath/ath9k/pci.o
  LD [M]  drivers/gpu/drm/bridge/analogix/analogix_dp.o
  AR      drivers/gpu/drm/bridge/cadence/built-in.a
  AR      drivers/gpu/drm/bridge/imx/built-in.a
  AR      drivers/gpu/drm/bridge/synopsys/built-in.a
  AR      drivers/gpu/drm/bridge/built-in.a
  AR      drivers/gpu/drm/hisilicon/built-in.a
  AR      drivers/gpu/drm/mxsfb/built-in.a
  CC      drivers/gpu/drm/sysfb/drm_sysfb.o
  CC [M]  drivers/usb/serial/usb_wwan.o
  CC      drivers/gpu/drm/sysfb/drm_sysfb_modeset.o
  CC [M]  net/bluetooth/hci_conn.o
  CC [M]  drivers/input/mouse/synaptics_usb.o
  CC [M]  net/netfilter/xt_TPROXY.o
  CC [M]  net/ipv6/ip6_udp_tunnel.o
  CC      drivers/gpu/drm/sysfb/drm_sysfb_screen_info.o
  CC [M]  net/ipv4/tcp_diag.o
  CC [M]  drivers/net/wireless/ath/ath9k/ar9002_hw.o
  CC      drivers/gpu/drm/sysfb/simpledrm.o
  AR      drivers/usb/serial/built-in.a
  AR      drivers/usb/misc/built-in.a
  CC [M]  drivers/input/mouse/vsxxxaa.o
  CC [M]  drivers/usb/misc/ezusb.o
  CC [M]  net/bridge/br_multicast_eht.o
  AR      drivers/gpu/drm/sysfb/built-in.a
  AR      drivers/gpu/drm/tiny/built-in.a
  AR      drivers/gpu/drm/xlnx/built-in.a
  AR      drivers/gpu/drm/gud/built-in.a
  AR      drivers/gpu/drm/sitronix/built-in.a
  AR      drivers/gpu/drm/solomon/built-in.a
  CC [M]  drivers/gpu/drm/drm_panel_backlight_quirks.o
  CC [M]  drivers/usb/mon/mon_main.o
  LD [M]  drivers/input/mouse/cyapatp.o
  LD [M]  drivers/input/mouse/elan_i2c.o
  LD [M]  drivers/input/mouse/psmouse.o
  CC [M]  drivers/gpu/drm/drm_exec.o
  AR      drivers/input/tablet/built-in.a
  CC [M]  drivers/input/tablet/acecad.o
  CC [M]  drivers/net/wireless/ath/ath9k/ar9003_hw.o
  CC [M]  net/netfilter/xt_TCPMSS.o
  CC [M]  net/ipv6/ila/ila_main.o
  CC [M]  net/bluetooth/hci_event.o
  CC [M]  net/ipv4/udp_diag.o
  CC [M]  drivers/gpu/drm/drm_gpuvm.o
  CC [M]  drivers/usb/mon/mon_stat.o
  CC [M]  net/bridge/br_vlan.o
  CC [M]  drivers/input/tablet/aiptek.o
  CC [M]  net/ipv4/raw_diag.o
  CC [M]  drivers/usb/mon/mon_text.o
  CC [M]  drivers/input/tablet/hanwang.o
  CC [M]  net/ipv6/ila/ila_common.o
  CC [M]  drivers/net/wireless/ath/ath9k/hw.o
  CC [M]  net/netfilter/xt_TCPOPTSTRIP.o
  CC [M]  drivers/input/tablet/kbtab.o
  CC [M]  drivers/gpu/drm/drm_gpusvm.o
  CC [M]  drivers/input/tablet/pegasus_notetaker.o
  CC [M]  drivers/usb/mon/mon_bin.o
  CC [M]  drivers/input/tablet/wacom_serial4.o
  CC [M]  net/bridge/br_vlan_tunnel.o
  CC [M]  net/ipv4/tcp_bbr.o
  CC [M]  net/ipv6/ila/ila_lwt.o
  CC [M]  drivers/gpu/drm/drm_buddy.o
  AR      drivers/input/touchscreen/built-in.a
  AR      drivers/input/misc/built-in.a
  CC [M]  drivers/input/misc/ad714x.o
  CC [M]  net/bluetooth/mgmt.o
  CC [M]  net/netfilter/xt_TEE.o
  CC [M]  drivers/net/wireless/ath/ath9k/ar9003_phy.o
  LD [M]  drivers/usb/mon/usbmon.o
  CC [M]  drivers/usb/class/cdc-acm.o
  CC [M]  drivers/gpu/drm/drm_suballoc.o
  CC [M]  drivers/input/misc/ad714x-i2c.o
  CC [M]  net/ipv6/ila/ila_xlat.o
  CC [M]  net/bridge/br_vlan_options.o
  CC [M]  drivers/gpu/drm/drm_gem_vram_helper.o
  CC [M]  drivers/usb/class/usblp.o
  CC [M]  net/ipv4/tcp_bbr3.o
  CC [M]  net/netfilter/xt_TRACE.o
  CC [M]  drivers/net/wireless/ath/ath9k/ar9002_phy.o
  CC [M]  drivers/input/misc/ad714x-spi.o
  CC [M]  net/bluetooth/hci_sock.o
  CC [M]  drivers/gpu/drm/drm_gem_ttm_helper.o
  CC [M]  drivers/usb/class/cdc-wdm.o
  CC [M]  net/bluetooth/hci_sysfs.o
  CC [M]  net/netfilter/xt_IDLETIMER.o
  CC [M]  drivers/input/misc/adxl34x.o
  LD [M]  net/ipv6/ila/ila.o
  AR      net/ipv6/built-in.a
  CC [M]  net/bluetooth/l2cap_core.o
  CC [M]  net/bridge/br_mst.o
  CC [M]  drivers/net/wireless/ath/ath9k/ar5008_phy.o
  CC [M]  drivers/gpu/drm/drm_fbdev_ttm.o
  CC [M]  net/ipv4/tcp_bic.o
  CC [M]  drivers/input/ff-memless.o
  CC [M]  drivers/input/misc/adxl34x-i2c.o
  CC [M]  drivers/usb/typec/class.o
  CC [M]  net/netfilter/xt_addrtype.o
  CC [M]  net/ipv4/tcp_cdg.o
  CC [M]  net/bridge/br_switchdev.o
  CC [M]  drivers/gpu/drm/ttm/ttm_tt.o
  CC [M]  net/ipv4/tcp_dctcp.o
  CC [M]  drivers/net/wireless/ath/ath9k/ar9002_calib.o
  CC [M]  drivers/input/misc/adxl34x-spi.o
  CC [M]  drivers/net/wireless/ath/ath9k/ar9003_calib.o
  CC [M]  drivers/usb/typec/mux.o
  CC [M]  drivers/input/misc/apanel.o
  CC [M]  drivers/gpu/drm/ttm/ttm_bo.o
  CC [M]  net/netfilter/xt_bpf.o
  CC [M]  drivers/usb/typec/bus.o
  AR      drivers/net/wireless/mediatek/built-in.a
  CC [M]  net/mac80211/main.o
  CC [M]  drivers/net/wireless/ath/ath9k/calib.o
  CC [M]  net/ipv4/tcp_westwood.o
  CC [M]  drivers/usb/typec/pd.o
  CC [M]  net/bridge/br_netfilter_hooks.o
  CC [M]  net/bluetooth/l2cap_sock.o
  CC [M]  drivers/usb/typec/retimer.o
  CC [M]  drivers/input/misc/atlas_btns.o
  CC [M]  drivers/gpu/drm/ttm/ttm_bo_util.o
  CC [M]  drivers/usb/typec/mode_selection.o
  CC [M]  net/netfilter/xt_cluster.o
  CC [M]  drivers/usb/typec/port-mapper.o
  CC [M]  drivers/input/misc/aw86927.o
  CC [M]  drivers/net/wireless/ath/ath9k/eeprom.o
  CC [M]  drivers/usb/typec/altmodes/displayport.o
  CC [M]  net/ipv4/tcp_highspeed.o
  CC [M]  net/mac80211/status.o
  CC [M]  drivers/gpu/drm/ttm/ttm_bo_vm.o
  CC [M]  net/bluetooth/smp.o
  CC [M]  net/bridge/br_netfilter_ipv6.o
  CC [M]  net/netfilter/xt_comment.o
  CC [M]  drivers/usb/typec/altmodes/nvidia.o
  CC [M]  drivers/input/misc/bma150.o
  CC [M]  drivers/gpu/drm/ttm/ttm_module.o
  CC [M]  net/mac80211/driver-ops.o
  CC [M]  drivers/net/wireless/ath/ath9k/eeprom_def.o
  CC [M]  net/netfilter/xt_connbytes.o
  CC [M]  net/ipv4/tcp_hybla.o
  CC [M]  drivers/usb/typec/altmodes/thunderbolt.o
  CC [M]  net/netfilter/xt_connlabel.o
  CC [M]  drivers/gpu/drm/ttm/ttm_execbuf_util.o
  CC [M]  drivers/input/misc/cm109.o
  CC [M]  net/bridge/netfilter/nft_meta_bridge.o
  CC [M]  net/netfilter/xt_connlimit.o
  LD [M]  drivers/usb/typec/altmodes/typec_displayport.o
  LD [M]  drivers/usb/typec/altmodes/typec_nvidia.o
  LD [M]  drivers/usb/typec/altmodes/typec_thunderbolt.o
  CC [M]  drivers/usb/typec/ucsi/ucsi.o
  CC [M]  net/bluetooth/lib.o
  CC [M]  drivers/net/wireless/ath/ath9k/eeprom_4k.o
  CC [M]  net/mac80211/sta_info.o
  CC [M]  drivers/gpu/drm/ttm/ttm_range_manager.o
  CC [M]  drivers/input/misc/cma3000_d0x.o
  CC [M]  drivers/usb/typec/ucsi/debugfs.o
  CC [M]  net/ipv4/tcp_htcp.o
  CC [M]  drivers/usb/typec/ucsi/psy.o
  CC [M]  net/bridge/netfilter/nft_reject_bridge.o
  CC [M]  net/netfilter/xt_conntrack.o
  CC [M]  drivers/gpu/drm/ttm/ttm_resource.o
  CC [M]  drivers/input/misc/cma3000_d0x_i2c.o
  CC [M]  net/bluetooth/ecdh_helper.o
  CC [M]  drivers/usb/typec/ucsi/displayport.o
  CC [M]  drivers/net/wireless/ath/ath9k/eeprom_9287.o
  CC [M]  net/bluetooth/mgmt_util.o
  CC [M]  drivers/input/misc/da7280.o
  CC [M]  net/bridge/netfilter/nf_conntrack_bridge.o
  CC [M]  net/ipv4/tcp_vegas.o
  CC [M]  drivers/gpu/drm/ttm/ttm_pool.o
  CC [M]  drivers/net/wireless/ath/ath9k/ani.o
  CC [M]  drivers/usb/typec/ucsi/thunderbolt.o
  CC [M]  net/netfilter/xt_cpu.o
  CC [M]  net/mac80211/wep.o
  CC [M]  drivers/net/wireless/ath/ath9k/mac.o
  CC [M]  drivers/usb/typec/ucsi/ucsi_acpi.o
  CC [M]  drivers/input/misc/e3x0-button.o
  CC [M]  net/bluetooth/mgmt_config.o
  CC [M]  drivers/net/wireless/ath/ath9k/ar9002_mac.o
  CC [M]  drivers/gpu/drm/ttm/ttm_device.o
  CC [M]  net/netfilter/xt_dccp.o
  CC [M]  net/ipv4/tcp_nv.o
  CC [M]  net/mac80211/aead_api.o
  CC [M]  net/bridge/netfilter/ebtables.o
  CC [M]  drivers/usb/typec/ucsi/ucsi_ccg.o
  CC [M]  drivers/input/misc/drv260x.o
  CC [M]  net/ipv4/tcp_veno.o
  CC [M]  drivers/gpu/drm/ttm/ttm_sys_manager.o
  CC [M]  drivers/net/wireless/ath/ath9k/ar9003_mac.o
  CC [M]  net/mac80211/wpa.o
  CC [M]  net/bluetooth/hci_codec.o
  CC [M]  drivers/gpu/drm/ttm/ttm_backup.o
  CC [M]  net/netfilter/xt_devgroup.o
  CC [M]  drivers/usb/typec/ucsi/ucsi_stm32g0.o
  CC [M]  drivers/input/misc/drv2665.o
  CC [M]  net/mac80211/scan.o
  CC [M]  drivers/net/wireless/ath/ath9k/ar9003_eeprom.o
  CC [M]  net/ipv4/tcp_scalable.o
  LD [M]  drivers/gpu/drm/ttm/ttm.o
  CC [M]  net/bridge/netfilter/ebtable_broute.o
  CC [M]  drivers/gpu/drm/scheduler/sched_main.o
  CC [M]  net/bluetooth/eir.o
  CC [M]  net/mac80211/offchannel.o
  CC [M]  drivers/input/misc/drv2667.o
  CC [M]  net/netfilter/xt_dscp.o
  LD [M]  drivers/usb/typec/ucsi/typec_ucsi.o
  LD [M]  drivers/usb/typec/typec.o
  CC [M]  drivers/usb/roles/class.o
  CC [M]  net/mac80211/ht.o
  CC [M]  drivers/usb/roles/intel-xhci-usb-role-switch.o
  CC [M]  drivers/gpu/drm/scheduler/sched_fence.o
  CC [M]  drivers/input/misc/gpio-beeper.o
  CC [M]  net/bridge/netfilter/ebtable_filter.o
  CC [M]  net/bluetooth/hci_sync.o
  CC [M]  net/ipv4/tcp_lp.o
  CC [M]  net/netfilter/xt_ecn.o
  CC [M]  drivers/net/wireless/ath/ath9k/ar9003_paprd.o
  CC [M]  drivers/input/misc/gpio_decoder.o
  CC [M]  drivers/gpu/drm/scheduler/sched_entity.o
  LD [M]  drivers/usb/roles/roles.o
  AR      drivers/usb/built-in.a
  CC [M]  drivers/net/wireless/ath/ath9k/btcoex.o
  CC [M]  drivers/input/misc/gpio-vibra.o
  CC [M]  net/mac80211/agg-tx.o
  CC [M]  drivers/input/misc/ibm-panel.o
  CC [M]  net/bridge/netfilter/ebtable_nat.o
  LD [M]  drivers/gpu/drm/scheduler/gpu-sched.o
  CC [M]  drivers/gpu/drm/radeon/radeon_drv.o
  CC [M]  drivers/input/misc/ims-pcu.o
  CC [M]  drivers/input/sparse-keymap.o
  CC [M]  net/ipv4/tcp_yeah.o
  CC [M]  net/netfilter/xt_esp.o
  CC [M]  drivers/net/wireless/ath/ath9k/ar9003_mci.o
  CC [M]  net/mac80211/agg-rx.o
  CC [M]  drivers/input/misc/iqs269a.o
  CC [M]  drivers/input/misc/iqs626a.o
  CC [M]  drivers/gpu/drm/radeon/radeon_device.o
  CC [M]  net/bridge/netfilter/ebt_802_3.o
  CC [M]  drivers/net/wireless/ath/ath9k/ar9003_aic.o
  CC [M]  drivers/net/wireless/ath/carl9170/main.o
  CC [M]  net/bluetooth/hci_drv.o
  CC [M]  net/ipv4/tcp_illinois.o
  CC [M]  net/netfilter/xt_hashlimit.o
  CC [M]  drivers/input/misc/iqs7222.o
  CC [M]  net/mac80211/vht.o
  CC [M]  drivers/net/wireless/ath/carl9170/usb.o
  CC [M]  net/bridge/netfilter/ebt_among.o
  CC [M]  drivers/gpu/drm/radeon/radeon_asic.o
  CC [M]  drivers/net/wireless/ath/ath9k/ar9003_rtt.o
  CC [M]  net/bluetooth/coredump.o
  CC [M]  drivers/net/wireless/ath/ath9k/common.o
  CC [M]  net/bridge/netfilter/ebt_arp.o
  AR      net/ipv4/built-in.a
  LD [M]  net/ipv4/fou.o
  CC [M]  drivers/input/misc/keyspan_remote.o
  LD [M]  net/ipv4/gre.o
  LD [M]  net/ipv4/udp_tunnel.o
  CC [M]  net/bluetooth/sco.o
  CC [M]  drivers/gpu/drm/radeon/radeon_kms.o
  CC [M]  net/netfilter/xt_helper.o
  CC [M]  drivers/net/wireless/ath/carl9170/cmd.o
  CC [M]  net/mac80211/he.o
  CC [M]  drivers/net/wireless/ath/ath9k/common-init.o
  CC [M]  net/bluetooth/iso.o
  CC [M]  drivers/input/misc/kxtj9.o
  CC [M]  net/bridge/netfilter/ebt_ip.o
  CC [M]  drivers/gpu/drm/radeon/radeon_atombios.o
  CC [M]  net/rfkill/core.o
  CC [M]  net/netfilter/xt_hl.o
  CC [M]  drivers/net/wireless/ath/carl9170/mac.o
  CC [M]  net/mac80211/s1g.o
  CC [M]  net/bluetooth/leds.o
  CC [M]  drivers/net/wireless/ath/ath9k/common-beacon.o
  CC [M]  drivers/input/misc/mma8450.o
  CC [M]  net/rfkill/input.o
  CC [M]  net/bluetooth/msft.o
  CC [M]  net/bridge/netfilter/ebt_ip6.o
  CC [M]  net/netfilter/xt_ipcomp.o
  CC [M]  drivers/net/wireless/ath/carl9170/phy.o
  LD [M]  drivers/net/wireless/ath/ath9k/ath9k.o
  CC [M]  drivers/input/misc/pcf8574_keypad.o
  LD [M]  drivers/net/wireless/ath/ath9k/ath9k_hw.o
  CC [M]  net/rfkill/rfkill-gpio.o
  CC [M]  net/mac80211/ibss.o
  LD [M]  drivers/net/wireless/ath/ath9k/ath9k_common.o
  CC [M]  net/bluetooth/aosp.o
  CC [M]  net/bridge/netfilter/ebt_limit.o
  CC [M]  drivers/gpu/drm/radeon/radeon_agp.o
  CC [M]  drivers/gpu/drm/radeon/atombios_crtc.o
  LD [M]  net/rfkill/rfkill.o
  CC [M]  net/bridge/netfilter/ebt_mark_m.o
  CC [M]  net/netfilter/xt_iprange.o
  CC [M]  net/bluetooth/rfcomm/core.o
  CC [M]  drivers/input/misc/pcspkr.o
  CC [M]  net/bluetooth/rfcomm/sock.o
  CC [M]  drivers/gpu/drm/amd/amdgpu/amdgpu_drv.o
  CC [M]  drivers/net/wireless/ath/carl9170/led.o
  CC [M]  net/netfilter/xt_l2tp.o
  CC [M]  net/mac80211/iface.o
  CC [M]  drivers/input/misc/powermate.o
  CC [M]  net/bridge/netfilter/ebt_pkttype.o
  CC [M]  drivers/gpu/drm/radeon/radeon_combios.o
  CC [M]  drivers/input/misc/pwm-beeper.o
  CC [M]  net/mac80211/link.o
  CC [M]  drivers/net/wireless/ath/carl9170/fw.o
  CC [M]  net/netfilter/xt_length.o
  CC [M]  drivers/gpu/drm/amd/amdgpu/amdgpu_device.o
  CC [M]  net/mac80211/rate.o
  CC [M]  net/bluetooth/rfcomm/tty.o
  CC [M]  net/bridge/netfilter/ebt_stp.o
  CC [M]  drivers/gpu/drm/radeon/atom.o
  CC [M]  drivers/input/misc/pwm-vibra.o
  CC [M]  drivers/gpu/drm/radeon/radeon_fence.o
  CC [M]  drivers/net/wireless/ath/carl9170/tx.o
  CC [M]  net/netfilter/xt_limit.o
  LD [M]  net/bridge/bridge.o
  CC      drivers/i2c/i2c-boardinfo.o
  LD [M]  net/bluetooth/rfcomm/rfcomm.o
  CC [M]  net/bluetooth/bnep/core.o
  CC [M]  drivers/input/misc/regulator-haptic.o
  CC [M]  net/mac80211/tkip.o
  CC [M]  net/bridge/netfilter/ebt_vlan.o
  CC [M]  net/netfilter/xt_mac.o
  CC [M]  drivers/gpu/drm/radeon/radeon_ttm.o
  CC [M]  drivers/gpu/drm/amd/amdgpu/amdgpu_reg_access.o
  CC      drivers/i2c/i2c-core-base.o
  CC [M]  net/bridge/netfilter/ebt_arpreply.o
  CC [M]  drivers/input/misc/rotary_encoder.o
  CC [M]  drivers/net/wireless/ath/carl9170/rx.o
  CC [M]  net/bridge/netfilter/ebt_mark.o
  CC [M]  net/bluetooth/bnep/sock.o
  CC [M]  net/mac80211/aes_cmac.o
  CC [M]  drivers/input/misc/soc_button_array.o
  CC [M]  net/netfilter/xt_multiport.o
  CC [M]  drivers/gpu/drm/radeon/radeon_object.o
  CC [M]  net/bridge/netfilter/ebt_dnat.o
  CC [M]  drivers/gpu/drm/amd/amdgpu/amdgpu_doorbell_mgr.o
  CC      drivers/i2c/i2c-core-smbus.o
  LD [M]  drivers/net/wireless/ath/carl9170/carl9170.o
  CC [M]  drivers/net/wireless/ath/ar5523/ar5523.o
  CC [M]  net/bridge/netfilter/ebt_redirect.o
  CC [M]  drivers/input/misc/uinput.o
  CC [M]  net/bluetooth/bnep/netdev.o
  CC [M]  net/mac80211/aes_gmac.o
  CC [M]  drivers/gpu/drm/radeon/radeon_gart.o
  CC [M]  drivers/gpu/drm/amd/amdgpu/amdgpu_kms.o
  CC [M]  net/bridge/netfilter/ebt_snat.o
  CC      drivers/i2c/i2c-core-acpi.o
  CC [M]  net/netfilter/xt_nfacct.o
  CC [M]  drivers/input/misc/yealink.o
  CC [M]  net/bridge/netfilter/ebt_log.o
  LD [M]  net/bluetooth/bnep/bnep.o
  CC [M]  net/bluetooth/hidp/core.o
  CC [M]  drivers/net/wireless/ath/ath10k/mac.o
  CC [M]  net/mac80211/fils_aead.o
  CC [M]  drivers/gpu/drm/radeon/radeon_legacy_crtc.o
  CC      drivers/i2c/i2c-core-slave.o
  CC [M]  drivers/input/misc/ideapad_slidebar.o
  CC [M]  net/netfilter/xt_osf.o
  CC [M]  drivers/gpu/drm/amd/amdgpu/amdgpu_atombios.o
  AR      drivers/i2c/algos/built-in.a
  CC [M]  drivers/i2c/algos/i2c-algo-bit.o
  CC [M]  net/bridge/netfilter/ebt_nflog.o
  CC [M]  net/bluetooth/hidp/sock.o
  CC [M]  drivers/input/matrix-keymap.o
  CC [M]  drivers/i2c/algos/i2c-algo-pca.o
  CC [M]  drivers/gpu/drm/radeon/radeon_legacy_encoders.o
  CC [M]  net/mac80211/cfg.o
  CC      drivers/i2c/busses/i2c-ccgx-ucsi.o
  CC [M]  net/netfilter/xt_owner.o
  CC [M]  drivers/input/mousedev.o
  CC [M]  drivers/gpu/drm/amd/amdgpu/atombios_crtc.o
  CC      drivers/i2c/busses/i2c-designware-common.o
  LD [M]  net/bridge/br_netfilter.o
  AR      drivers/i2c/muxes/built-in.a
  CC [M]  drivers/i2c/muxes/i2c-mux-gpio.o
  LD [M]  net/bluetooth/hidp/hidp.o
  LD [M]  net/bluetooth/bluetooth.o
  CC [M]  drivers/i2c/i2c-smbus.o
  CC [M]  drivers/gpu/drm/radeon/radeon_connectors.o
  CC      drivers/i2c/busses/i2c-designware-master.o
  CC [M]  drivers/input/joydev.o
  CC [M]  drivers/net/wireless/ath/ath10k/debug.o
  CC [M]  net/netfilter/xt_cgroup.o
  CC      drivers/i2c/busses/i2c-designware-slave.o
  CC [M]  drivers/i2c/muxes/i2c-mux-ltc4306.o
  CC [M]  drivers/gpu/drm/amd/amdgpu/amdgpu_connectors.o
  CC      drivers/i2c/busses/i2c-designware-platdrv.o
  CC      drivers/i2c/busses/i2c-designware-baytrail.o
  CC [M]  drivers/input/rmi4/rmi_bus.o
  CC [M]  net/mac80211/ethtool.o
  CC [M]  drivers/gpu/drm/radeon/radeon_encoders.o
  AR      drivers/net/wireless/ralink/built-in.a
  CC [M]  drivers/net/wireless/ralink/rt2x00/rt2x00dev.o
  CC [M]  drivers/i2c/muxes/i2c-mux-mlxcpld.o
  CC [M]  net/netfilter/xt_physdev.o
  CC [M]  drivers/net/wireless/ath/ath10k/core.o
  CC      drivers/i2c/busses/i2c-designware-pcidrv.o
  CC [M]  drivers/input/rmi4/rmi_driver.o
  CC [M]  drivers/gpu/drm/amd/amdgpu/atom.o
  CC [M]  drivers/net/wireless/ralink/rt2x00/rt2x00mac.o
  CC [M]  drivers/gpu/drm/radeon/radeon_display.o
  CC [M]  drivers/i2c/muxes/i2c-mux-pca9541.o
  CC [M]  net/mac80211/rx.o
  CC [M]  drivers/input/rmi4/rmi_f01.o
  CC [M]  drivers/i2c/busses/i2c-scmi.o
  CC [M]  net/netfilter/xt_pkttype.o
  CC [M]  drivers/net/wireless/ralink/rt2x00/rt2x00config.o
  CC [M]  drivers/net/wireless/ath/ath10k/htc.o
  CC [M]  drivers/i2c/muxes/i2c-mux-pca954x.o
  CC [M]  drivers/net/wireless/ralink/rt2x00/rt2x00queue.o
  CC [M]  drivers/input/rmi4/rmi_2d_sensor.o
  CC [M]  drivers/gpu/drm/amd/amdgpu/amdgpu_fence.o
  CC [M]  drivers/i2c/busses/i2c-ali1535.o
  CC [M]  drivers/gpu/drm/radeon/radeon_cursor.o
  CC [M]  net/netfilter/xt_policy.o
  CC [M]  drivers/net/wireless/ath/ath10k/htt.o
  CC [M]  drivers/input/rmi4/rmi_f03.o
  CC [M]  drivers/i2c/muxes/i2c-mux-reg.o
  CC [M]  drivers/net/wireless/ath/ath10k/htt_rx.o
  CC [M]  drivers/i2c/busses/i2c-ali1563.o
  CC [M]  drivers/gpu/drm/radeon/radeon_i2c.o
  CC [M]  drivers/net/wireless/ralink/rt2x00/rt2x00link.o
  CC [M]  drivers/input/rmi4/rmi_f11.o
  CC [M]  drivers/gpu/drm/amd/amdgpu/amdgpu_ttm.o
  CC [M]  net/mac80211/spectmgmt.o
  CC [M]  net/netfilter/xt_quota.o
  CC [M]  drivers/gpu/drm/amd/amdgpu/amdgpu_object.o
  CC [M]  drivers/i2c/busses/i2c-ali15x3.o
  CC [M]  drivers/input/rmi4/rmi_f12.o
  CC [M]  drivers/net/wireless/ath/ath10k/htt_tx.o
  CC [M]  drivers/net/wireless/ralink/rt2x00/rt2x00crypto.o
  CC [M]  drivers/gpu/drm/radeon/radeon_clocks.o
  CC [M]  net/netfilter/xt_rateest.o
  CC [M]  drivers/net/wireless/ralink/rt2x00/rt2x00firmware.o
  CC [M]  drivers/input/rmi4/rmi_f1a.o
  CC [M]  net/mac80211/tx.o
  CC [M]  drivers/i2c/busses/i2c-i801.o
  CC [M]  drivers/gpu/drm/amd/amdgpu/amdgpu_gart.o
  CC [M]  drivers/gpu/drm/radeon/radeon_gem.o
  CC [M]  drivers/net/wireless/ath/ath10k/txrx.o
  CC [M]  drivers/input/rmi4/rmi_f21.o
  CC [M]  drivers/gpu/drm/amd/amdgpu/amdgpu_encoders.o
  AR      drivers/net/wireless/realtek/built-in.a
  CC [M]  drivers/net/wireless/realtek/rtl818x/rtl8187/dev.o
  CC [M]  net/netfilter/xt_realm.o
  CC [M]  drivers/net/wireless/ralink/rt2x00/rt2x00leds.o
  CC [M]  drivers/i2c/busses/i2c-isch.o
  CC [M]  drivers/gpu/drm/radeon/radeon_ring.o
  CC [M]  drivers/gpu/drm/amd/amdgpu/amdgpu_display.o
  CC [M]  drivers/input/rmi4/rmi_f30.o
  CC [M]  drivers/net/wireless/ath/ath10k/wmi.o
  CC [M]  drivers/input/rmi4/rmi_f34.o
  CC [M]  drivers/gpu/drm/amd/amdgpu/amdgpu_i2c.o
  CC [M]  drivers/i2c/busses/i2c-ismt.o
  CC [M]  net/netfilter/xt_recent.o
  CC [M]  drivers/net/wireless/realtek/rtl818x/rtl8187/rtl8225.o
  CC [M]  drivers/net/wireless/ralink/rt2x00/rt2x00usb.o
  CC [M]  drivers/gpu/drm/radeon/radeon_irq_kms.o
  CC [M]  drivers/input/rmi4/rmi_f34v7.o
  CC [M]  net/netfilter/xt_sctp.o
  CC [M]  net/mac80211/key.o
  CC [M]  drivers/gpu/drm/amd/amdgpu/amdgpu_gem.o
  CC [M]  drivers/i2c/busses/i2c-nforce2.o
  CC [M]  drivers/gpu/drm/radeon/radeon_cs.o
  CC [M]  drivers/net/wireless/realtek/rtl818x/rtl8187/leds.o
  CC [M]  drivers/net/wireless/ralink/rt2x00/rt2800lib.o
  CC [M]  drivers/input/rmi4/rmi_f3a.o
  CC [M]  drivers/gpu/drm/amd/amdgpu/amdgpu_ring.o
  CC [M]  net/netfilter/xt_socket.o
  CC [M]  drivers/i2c/busses/i2c-nvidia-gpu.o
  CC [M]  drivers/input/rmi4/rmi_f55.o
  CC [M]  drivers/net/wireless/ath/ath10k/wmi-tlv.o
  CC [M]  drivers/gpu/drm/amd/amdgpu/amdgpu_cs.o
  CC [M]  net/mac80211/util.o
  CC [M]  drivers/input/rmi4/rmi_i2c.o
  CC [M]  drivers/gpu/drm/radeon/radeon_bios.o
  CC [M]  drivers/net/wireless/realtek/rtl818x/rtl8187/rfkill.o
  CC [M]  drivers/input/rmi4/rmi_spi.o
  CC [M]  drivers/i2c/busses/i2c-piix4.o
  CC [M]  net/netfilter/xt_state.o
  CC [M]  drivers/gpu/drm/radeon/radeon_benchmark.o
  CC [M]  drivers/input/rmi4/rmi_smbus.o
  CC [M]  drivers/i2c/busses/i2c-sis5595.o
  CC [M]  drivers/gpu/drm/amd/amdgpu/amdgpu_bios.o
  LD [M]  drivers/net/wireless/realtek/rtl818x/rtl8187/rtl8187.o
  CC [M]  drivers/net/wireless/realtek/rtl8xxxu/core.o
  CC [M]  net/netfilter/xt_statistic.o
  CC [M]  drivers/net/wireless/ath/ath10k/bmi.o
  CC [M]  net/netfilter/xt_string.o
  LD [M]  drivers/input/rmi4/rmi_core.o
  AR      drivers/input/built-in.a
  CC [M]  drivers/i2c/busses/i2c-sis630.o
  CC [M]  drivers/net/wireless/realtek/rtl8xxxu/8192e.o
  HOSTCC  drivers/gpu/drm/radeon/mkregtable
  CC [M]  net/mac80211/parse.o
  CC [M]  drivers/gpu/drm/radeon/rs400.o
  CC [M]  drivers/gpu/drm/amd/amdgpu/amdgpu_benchmark.o
  MKREG   drivers/gpu/drm/radeon/rs600_reg_safe.h
  CC [M]  drivers/gpu/drm/radeon/rs690.o
  CC [M]  drivers/net/wireless/ath/ath10k/hw.o
  CC [M]  net/netfilter/xt_tcpmss.o
  CC [M]  drivers/i2c/busses/i2c-sis96x.o
  MKREG   drivers/gpu/drm/radeon/rv515_reg_safe.h
  CC [M]  drivers/gpu/drm/radeon/r520.o
  CC [M]  drivers/gpu/drm/amd/amdgpu/atombios_dp.o
  CC [M]  drivers/net/ifb.o
  CC [M]  net/mac80211/wme.o
  CC [M]  drivers/net/wireless/realtek/rtl8xxxu/8723b.o
  CC [M]  drivers/gpu/drm/amd/amdgpu/amdgpu_afmt.o
  CC [M]  drivers/i2c/busses/i2c-via.o
  CC [M]  drivers/gpu/drm/radeon/r600.o
  CC [M]  drivers/net/wireless/ath/ath10k/p2p.o
  CC [M]  net/netfilter/xt_time.o
  CC [M]  drivers/gpu/drm/amd/amdgpu/amdgpu_trace_points.o
  CC [M]  drivers/gpu/drm/radeon/rv770.o
  CC [M]  drivers/i2c/busses/i2c-viapro.o
  CC [M]  net/mac80211/chan.o
  CC [M]  drivers/net/wireless/realtek/rtl8xxxu/8723a.o
  CC [M]  drivers/gpu/drm/amd/amdgpu/atombios_encoders.o
  CC [M]  drivers/net/wireless/ralink/rt2x00/rt2500usb.o
  CC [M]  drivers/net/wireless/ath/ath10k/swap.o
  CC [M]  drivers/i2c/busses/i2c-viai2c-zhaoxin.o
  CC [M]  net/netfilter/xt_u32.o
  CC [M]  drivers/gpu/drm/radeon/radeon_test.o
  CC [M]  drivers/net/macsec.o
  CC [M]  drivers/i2c/busses/i2c-viai2c-common.o
  CC [M]  drivers/net/wireless/realtek/rtl8xxxu/8192c.o
  CC [M]  drivers/net/wireless/ath/ath10k/thermal.o
  CC [M]  drivers/gpu/drm/amd/amdgpu/amdgpu_sa.o
  CC [M]  drivers/i2c/busses/i2c-cbus-gpio.o
  MKREG   drivers/gpu/drm/radeon/r200_reg_safe.h
  CC [M]  drivers/gpu/drm/radeon/radeon_legacy_tv.o
  MKREG   drivers/gpu/drm/radeon/r600_reg_safe.h
  AR      drivers/net/wireless/virtual/built-in.a
  CC [M]  drivers/net/wireless/virtual/mac80211_hwsim.o
  CC [M]  net/mac80211/trace.o
  CC [M]  drivers/net/wireless/ralink/rt2x00/rt73usb.o
  CC [M]  net/netfilter/ipset/ip_set_core.o
  CC [M]  drivers/net/wireless/realtek/rtl8xxxu/8188f.o
  CC [M]  drivers/i2c/busses/i2c-emev2.o
  CC [M]  drivers/gpu/drm/amd/amdgpu/atombios_i2c.o
  CC [M]  drivers/net/wireless/ath/ath10k/leds.o
  CC [M]  net/netfilter/ipset/ip_set_getport.o
  CC [M]  drivers/gpu/drm/radeon/radeon_pm.o
  CC [M]  net/mac80211/mlme.o
  CC [M]  drivers/i2c/busses/i2c-gpio.o
  CC [M]  drivers/net/wireless/ralink/rt2x00/rt2800usb.o
  CC [M]  drivers/gpu/drm/amd/amdgpu/amdgpu_dma_buf.o
  CC [M]  net/netfilter/ipset/pfxlen.o
  CC [M]  drivers/net/wireless/realtek/rtl8xxxu/8188e.o
  CC [M]  drivers/net/wireless/ath/ath10k/debugfs_sta.o
  CC [M]  drivers/net/wireless/virtual/virt_wifi.o
  CC [M]  drivers/gpu/drm/radeon/atombios_dp.o
  LD [M]  drivers/net/wireless/ralink/rt2x00/rt2x00lib.o
  CC [M]  drivers/gpu/drm/radeon/r600_hdmi.o
  CC [M]  drivers/i2c/busses/i2c-ocores.o
  CC [M]  drivers/net/wireless/realtek/rtw88/main.o
  CC [M]  drivers/gpu/drm/amd/amdgpu/amdgpu_vm.o
  CC [M]  drivers/net/wireless/realtek/rtl8xxxu/8710b.o
  CC [M]  net/netfilter/ipset/ip_set_bitmap_ip.o
  CC [M]  drivers/gpu/drm/radeon/dce3_1_afmt.o
  CC [M]  drivers/gpu/drm/amd/amdgpu/amdgpu_vm_pt.o
  CC [M]  drivers/net/wireless/ath/ath10k/wow.o
  CC [M]  drivers/i2c/busses/i2c-pca-platform.o
  CC [M]  drivers/net/wireless/realtek/rtw88/mac80211.o
  CC [M]  drivers/i2c/busses/i2c-simtec.o
  CC [M]  net/mac80211/tdls.o
  CC [M]  drivers/gpu/drm/radeon/evergreen.o
  CC [M]  drivers/net/wireless/realtek/rtl8xxxu/8192f.o
  CC [M]  drivers/net/macvlan.o
  CC [M]  drivers/gpu/drm/amd/amdgpu/amdgpu_vm_tlb_fence.o
  CC [M]  net/netfilter/ipset/ip_set_bitmap_ipmac.o
  CC [M]  drivers/net/wireless/ath/ath10k/coredump.o
  CC [M]  net/mac80211/ocb.o
  CC [M]  drivers/i2c/busses/i2c-diolan-u2c.o
  CC [M]  drivers/net/wireless/realtek/rtw88/util.o
  CC [M]  drivers/i2c/busses/i2c-cp2615.o
  CC [M]  drivers/i2c/busses/i2c-mchp-pci1xxxx.o
  LD [M]  drivers/net/wireless/realtek/rtl8xxxu/rtl8xxxu.o
  CC [M]  drivers/i2c/i2c-dev.o
  CC [M]  drivers/gpu/drm/amd/amdgpu/amdgpu_ib.o
  CC [M]  drivers/net/wireless/ath/ath10k/ce.o
  CC [M]  net/mac80211/airtime.o
  MKREG   drivers/gpu/drm/radeon/evergreen_reg_safe.h
  MKREG   drivers/gpu/drm/radeon/cayman_reg_safe.h
  CC [M]  drivers/gpu/drm/radeon/evergreen_hdmi.o
  CC [M]  net/netfilter/ipset/ip_set_bitmap_port.o
  CC [M]  drivers/i2c/busses/i2c-robotfuzz-osif.o
  CC [M]  drivers/net/wireless/realtek/rtw88/debug.o
  CC [M]  net/mac80211/eht.o
  CC [M]  net/mac80211/uhr.o
  AR      drivers/i3c/built-in.a
  AR      drivers/media/i2c/built-in.a
  AR      drivers/media/tuners/built-in.a
  AR      drivers/media/rc/keymaps/built-in.a
  CC [M]  drivers/gpu/drm/amd/amdgpu/amdgpu_pll.o
  AR      drivers/media/rc/built-in.a
  AR      drivers/media/common/b2c2/built-in.a
  AR      drivers/media/common/saa7146/built-in.a
  AR      drivers/media/common/siano/built-in.a
  AR      drivers/media/common/v4l2-tpg/built-in.a
  AR      drivers/media/common/videobuf2/built-in.a
  CC [M]  drivers/media/common/videobuf2/videobuf2-core.o
  CC [M]  drivers/i2c/busses/i2c-taos-evm.o
  CC [M]  drivers/gpu/drm/radeon/radeon_trace_points.o
  CC [M]  drivers/net/wireless/realtek/rtw88/tx.o
  CC [M]  net/netfilter/ipset/ip_set_hash_ip.o
  CC [M]  drivers/net/wireless/ath/ath10k/pci.o
  CC [M]  drivers/i2c/busses/i2c-tiny-usb.o
  CC [M]  drivers/gpu/drm/amd/amdgpu/amdgpu_ucode.o
  CC [M]  drivers/gpu/drm/amd/amdgpu/amdgpu_bo_list.o
  CC [M]  drivers/i2c/busses/i2c-mlxcpld.o
  CC [M]  drivers/gpu/drm/radeon/ni.o
  CC [M]  drivers/media/common/videobuf2/frame_vector.o
  CC [M]  drivers/net/wireless/realtek/rtw88/rx.o
  CC [M]  net/mac80211/nan.o
  LD [M]  drivers/net/wireless/ath/ath10k/ath10k_core.o
  CC [M]  drivers/gpu/drm/radeon/atombios_encoders.o
  LD [M]  drivers/net/wireless/ath/ath10k/ath10k_pci.o
  CC [M]  drivers/net/wireless/ath/ath11k/core.o
  CC [M]  drivers/i2c/busses/i2c-virtio.o
  CC [M]  drivers/net/wireless/ath/ath11k/hal.o
  CC [M]  drivers/media/common/videobuf2/videobuf2-memops.o
  CC [M]  drivers/gpu/drm/amd/amdgpu/amdgpu_ctx.o
  CC [M]  net/netfilter/ipset/ip_set_hash_ipmac.o
  CC [M]  drivers/net/wireless/realtek/rtw89/core.o
  CC [M]  drivers/net/wireless/realtek/rtw88/mac.o
  AR      drivers/i2c/busses/built-in.a
  CC [M]  drivers/media/common/videobuf2/videobuf2-v4l2.o
  CC [M]  drivers/i2c/i2c-mux.o
  CC [M]  drivers/gpu/drm/radeon/radeon_semaphore.o
  CC [M]  net/mac80211/led.o
  CC [M]  drivers/i2c/i2c-stub.o
  CC [M]  drivers/gpu/drm/amd/amdgpu/amdgpu_sync.o
  CC [M]  drivers/net/wireless/ath/ath11k/hal_tx.o
  CC [M]  drivers/net/wireless/realtek/rtw88/phy.o
  CC [M]  drivers/i2c/i2c-slave-eeprom.o
  CC [M]  drivers/gpu/drm/radeon/radeon_sa.o
  CC [M]  drivers/media/common/videobuf2/videobuf2-vmalloc.o
  CC [M]  drivers/i2c/i2c-slave-testunit.o
  CC [M]  net/mac80211/debugfs.o
  CC [M]  net/netfilter/ipset/ip_set_hash_ipmark.o
  LD [M]  drivers/media/common/videobuf2/videobuf2-common.o
  CC [M]  drivers/media/common/uvc.o
  CC [M]  drivers/gpu/drm/amd/amdgpu/amdgpu_gtt_mgr.o
  AR      drivers/media/common/built-in.a
  AR      drivers/media/platform/allegro-dvt/built-in.a
  AR      drivers/media/platform/amd/isp4/built-in.a
  AR      drivers/media/platform/amd/built-in.a
  AR      drivers/media/platform/amlogic/c3/isp/built-in.a
  AR      drivers/media/platform/amlogic/c3/mipi-adapter/built-in.a
  AR      drivers/media/platform/amlogic/c3/mipi-csi2/built-in.a
  AR      drivers/media/platform/amlogic/c3/built-in.a
  AR      drivers/media/platform/amlogic/meson-ge2d/built-in.a
  AR      drivers/media/platform/amlogic/built-in.a
  AR      drivers/media/platform/amphion/built-in.a
  AR      drivers/media/platform/arm/mali-c55/built-in.a
  AR      drivers/media/platform/arm/built-in.a
  AR      drivers/media/platform/aspeed/built-in.a
  AR      drivers/media/platform/atmel/built-in.a
  CC [M]  drivers/net/wireless/ath/ath11k/hal_rx.o
  AR      drivers/media/platform/broadcom/built-in.a
  AR      drivers/media/platform/cadence/built-in.a
  AR      drivers/media/platform/chips-media/coda/built-in.a
  AR      drivers/media/platform/chips-media/wave5/built-in.a
  AR      drivers/media/platform/chips-media/built-in.a
  AR      drivers/media/platform/imagination/built-in.a
  AR      drivers/media/platform/intel/built-in.a
  AR      drivers/media/platform/marvell/built-in.a
  CC [M]  drivers/gpu/drm/radeon/atombios_i2c.o
  AR      drivers/media/platform/mediatek/jpeg/built-in.a
  AR      drivers/media/platform/mediatek/mdp/built-in.a
  AR      drivers/media/platform/mediatek/vcodec/common/built-in.a
  AR      drivers/media/platform/mediatek/vcodec/encoder/built-in.a
  AR      drivers/media/platform/mediatek/vcodec/decoder/built-in.a
  AR      drivers/media/platform/mediatek/vcodec/built-in.a
  AR      drivers/media/platform/mediatek/vpu/built-in.a
  AR      drivers/media/platform/mediatek/mdp3/built-in.a
  AR      drivers/media/platform/mediatek/built-in.a
  AR      drivers/media/platform/microchip/built-in.a
  AR      drivers/media/platform/nuvoton/built-in.a
  AR      drivers/media/platform/nvidia/tegra-vde/built-in.a
  AR      drivers/media/platform/nvidia/built-in.a
  AR      drivers/media/platform/nxp/dw100/built-in.a
  AR      drivers/media/platform/nxp/imx-jpeg/built-in.a
  AR      drivers/i2c/built-in.a
  AR      drivers/media/platform/nxp/imx8-isi/built-in.a
  CC [M]  drivers/net/wireless/ath/ath11k/wmi.o
  AR      drivers/media/platform/nxp/built-in.a
  AR      drivers/media/platform/qcom/camss/built-in.a
  CC [M]  drivers/net/wireless/realtek/rtw89/mac80211.o
  AR      drivers/media/platform/qcom/iris/built-in.a
  AR      drivers/media/platform/qcom/venus/built-in.a
  AR      drivers/media/platform/qcom/built-in.a
  AR      drivers/media/platform/raspberrypi/pisp_be/built-in.a
  AR      drivers/media/platform/raspberrypi/rp1-cfe/built-in.a
  AR      drivers/media/platform/raspberrypi/built-in.a
  AR      drivers/media/platform/renesas/rcar-isp/built-in.a
  AR      drivers/media/platform/renesas/rcar-vin/built-in.a
  AR      drivers/media/platform/renesas/rzg2l-cru/built-in.a
  AR      drivers/media/platform/renesas/rzv2h-ivc/built-in.a
  CC [M]  drivers/net/wireless/realtek/rtw88/coex.o
  AR      drivers/media/platform/renesas/vsp1/built-in.a
  AR      drivers/media/platform/renesas/built-in.a
  AR      drivers/media/platform/rockchip/rga/built-in.a
  AR      drivers/media/platform/rockchip/rkcif/built-in.a
  AR      drivers/media/platform/rockchip/rkisp1/built-in.a
  AR      drivers/media/platform/rockchip/rkvdec/built-in.a
  AR      drivers/media/platform/rockchip/built-in.a
  AR      drivers/media/platform/samsung/exynos-gsc/built-in.a
  AR      drivers/media/platform/samsung/exynos4-is/built-in.a
  AR      drivers/media/platform/samsung/s3c-camif/built-in.a
  AR      drivers/media/platform/samsung/s5p-g2d/built-in.a
  AR      drivers/media/platform/samsung/s5p-jpeg/built-in.a
  AR      drivers/media/platform/samsung/s5p-mfc/built-in.a
  AR      drivers/media/platform/samsung/built-in.a
  CC [M]  drivers/gpu/drm/radeon/si.o
  AR      drivers/media/platform/st/sti/bdisp/built-in.a
  AR      drivers/media/platform/st/sti/delta/built-in.a
  AR      drivers/media/platform/st/sti/hva/built-in.a
  AR      drivers/media/platform/st/stm32/built-in.a
  AR      drivers/media/platform/st/built-in.a
  AR      drivers/media/platform/sunxi/sun4i-csi/built-in.a
  AR      drivers/media/platform/sunxi/sun6i-csi/built-in.a
  AR      drivers/media/platform/sunxi/sun6i-mipi-csi2/built-in.a
  AR      drivers/media/platform/sunxi/sun8i-a83t-mipi-csi2/built-in.a
  CC [M]  drivers/gpu/drm/amd/amdgpu/amdgpu_preempt_mgr.o
  AR      drivers/media/platform/sunxi/sun8i-di/built-in.a
  AR      drivers/media/platform/sunxi/sun8i-rotate/built-in.a
  AR      drivers/media/platform/sunxi/built-in.a
  AR      drivers/media/platform/synopsys/hdmirx/built-in.a
  AR      drivers/media/platform/synopsys/built-in.a
  AR      drivers/media/platform/ti/am437x/built-in.a
  CC [M]  net/mac80211/debugfs_sta.o
  AR      drivers/media/platform/ti/cal/built-in.a
  AR      drivers/media/platform/ti/vpe/built-in.a
  AR      drivers/media/platform/ti/davinci/built-in.a
  AR      drivers/media/platform/ti/j721e-csi2rx/built-in.a
  AR      drivers/media/platform/ti/omap/built-in.a
  AR      drivers/media/platform/ti/omap3isp/built-in.a
  AR      drivers/media/platform/ti/built-in.a
  AR      drivers/media/platform/verisilicon/built-in.a
  AR      drivers/media/platform/via/built-in.a
  AR      drivers/media/platform/xilinx/built-in.a
  AR      drivers/media/platform/built-in.a
  AR      drivers/media/pci/ttpci/built-in.a
  AR      drivers/media/pci/b2c2/built-in.a
  AR      drivers/media/pci/pluto2/built-in.a
  AR      drivers/media/pci/dm1105/built-in.a
  AR      drivers/media/pci/pt1/built-in.a
  AR      drivers/media/pci/pt3/built-in.a
  AR      drivers/media/pci/mantis/built-in.a
  AR      drivers/media/pci/ngene/built-in.a
  AR      drivers/media/pci/ddbridge/built-in.a
  AR      drivers/media/pci/saa7146/built-in.a
  AR      drivers/media/pci/smipcie/built-in.a
  AR      drivers/media/pci/netup_unidvb/built-in.a
  AR      drivers/media/pci/intel/ipu3/built-in.a
  AR      drivers/media/pci/intel/ivsc/built-in.a
  AR      drivers/media/pci/intel/built-in.a
  AR      drivers/media/pci/built-in.a
  AR      drivers/media/usb/b2c2/built-in.a
  AR      drivers/media/usb/dvb-usb/built-in.a
  AR      drivers/media/usb/dvb-usb-v2/built-in.a
  AR      drivers/media/usb/s2255/built-in.a
  CC [M]  drivers/media/usb/s2255/s2255drv.o
  CC [M]  net/netfilter/ipset/ip_set_hash_ipport.o
  AR      drivers/media/usb/siano/built-in.a
  AR      drivers/media/usb/ttusb-budget/built-in.a
  AR      drivers/media/usb/ttusb-dec/built-in.a
  CC [M]  drivers/gpu/drm/amd/amdgpu/amdgpu_vram_mgr.o
  CC [M]  drivers/media/usb/uvc/uvc_driver.o
  CC [M]  drivers/net/wireless/realtek/rtw88/efuse.o
  CC [M]  drivers/net/wireless/realtek/rtw89/mac.o
  AR      drivers/media/mmc/siano/built-in.a
  AR      drivers/media/mmc/built-in.a
  LD [M]  drivers/net/wireless/ath/ath.o
  CC [M]  drivers/media/usb/uvc/uvc_queue.o
  CC [M]  net/mac80211/debugfs_netdev.o
  CC [M]  drivers/gpu/drm/radeon/radeon_prime.o
  CC [M]  net/dns_resolver/dns_key.o
  CC [M]  net/dns_resolver/dns_query.o
  CC [M]  drivers/gpu/drm/amd/amdgpu/amdgpu_virt.o
  CC [M]  drivers/net/wireless/realtek/rtw88/fw.o
  CC [M]  drivers/media/usb/uvc/uvc_v4l2.o
  LD [M]  net/dns_resolver/dns_resolver.o
  CC [M]  drivers/gpu/drm/amd/amdxcp/amdgpu_xcp_drv.o
  CC [M]  drivers/gpu/drm/radeon/cik.o
  LD [M]  drivers/gpu/drm/amd/amdxcp/amdxcp.o
  AR      net/netfilter/built-in.a
  CC [M]  drivers/net/macvtap.o
  CC [M]  net/netfilter/ipset/ip_set_hash_ipportip.o
  CC [M]  net/mac80211/debugfs_key.o
  CC [M]  net/netfilter/ipset/ip_set_hash_ipportnet.o
  CC [M]  drivers/media/usb/uvc/uvc_video.o
  CC [M]  drivers/gpu/drm/amd/amdgpu/amdgpu_atomfirmware.o
  CC [M]  drivers/net/wireless/ath/ath11k/mac.o
  CC [M]  drivers/net/wireless/realtek/rtw89/mac_be.o
  CC [M]  drivers/net/wireless/realtek/rtw88/ps.o
  CC [M]  drivers/gpu/drm/amd/amdgpu/amdgpu_vf_error.o
  CC [M]  net/mac80211/mesh.o
  CC [M]  drivers/gpu/drm/amd/amdgpu/amdgpu_sched.o
  CC [M]  drivers/gpu/drm/radeon/r600_dpm.o
  CC [M]  drivers/media/usb/uvc/uvc_ctrl.o
  CC [M]  drivers/gpu/drm/radeon/rs780_dpm.o
  CC [M]  drivers/net/wireless/realtek/rtw88/sec.o
  CC [M]  drivers/gpu/drm/amd/amdgpu/amdgpu_debugfs.o
  CC [M]  net/netfilter/ipset/ip_set_hash_mac.o
  CC [M]  drivers/net/wireless/realtek/rtw89/phy.o
  CC [M]  drivers/gpu/drm/amd/amdgpu/amdgpu_ids.o
  CC [M]  net/mac80211/mesh_pathtbl.o
  CC [M]  drivers/gpu/drm/radeon/rv6xx_dpm.o
  AR      drivers/ptp/built-in.a
  CC [M]  drivers/ptp/ptp_clock.o
  CC [M]  drivers/net/wireless/realtek/rtw88/bf.o
  CC [M]  drivers/media/usb/uvc/uvc_status.o
  CC [M]  drivers/gpu/drm/amd/amdgpu/amdgpu_gmc.o
  CC [M]  drivers/net/wireless/ath/ath11k/reg.o
  CC [M]  net/netfilter/ipset/ip_set_hash_net.o
  CC [M]  drivers/gpu/drm/amd/amdgpu/amdgpu_mmhub.o
  CC [M]  drivers/ptp/ptp_chardev.o
  CC [M]  drivers/gpu/drm/radeon/rv770_dpm.o
  CC [M]  drivers/media/usb/uvc/uvc_isight.o
  CC [M]  drivers/net/wireless/realtek/rtw88/sar.o
  CC [M]  net/mac80211/mesh_plink.o
  CC [M]  drivers/gpu/drm/amd/amdgpu/amdgpu_hdp.o
  CC [M]  drivers/ptp/ptp_sysfs.o
  CC [M]  drivers/net/wireless/ath/ath11k/htc.o
  CC [M]  drivers/gpu/drm/amd/amdgpu/amdgpu_xgmi.o
  CC [M]  drivers/media/usb/uvc/uvc_debugfs.o
  CC [M]  drivers/net/wireless/realtek/rtw88/regd.o
  CC [M]  drivers/gpu/drm/radeon/rv730_dpm.o
  CC [M]  drivers/media/usb/uvc/uvc_metadata.o
  CC [M]  net/mac80211/mesh_hwmp.o
  CC [M]  drivers/ptp/ptp_vclock.o
  CC [M]  net/netfilter/ipset/ip_set_hash_netport.o
  CC [M]  drivers/net/wireless/realtek/rtw89/phy_be.o
  CC [M]  drivers/media/usb/uvc/uvc_entity.o
  CC [M]  drivers/gpu/drm/amd/amdgpu/amdgpu_csa.o
  CC [M]  drivers/net/wireless/ath/ath11k/qmi.o
  CC [M]  drivers/net/wireless/realtek/rtw88/wow.o
  CC [M]  drivers/gpu/drm/radeon/rv740_dpm.o
  LD [M]  drivers/media/usb/uvc/uvcvideo.o
  AR      drivers/media/usb/built-in.a
  AR      drivers/media/firewire/built-in.a
  AR      drivers/media/spi/built-in.a
  CC [M]  drivers/ptp/ptp_ines.o
  AR      drivers/media/test-drivers/built-in.a
  CC [M]  drivers/media/mc/mc-device.o
  CC [M]  drivers/media/mc/mc-devnode.o
  CC [M]  net/mac80211/mesh_sync.o
  CC [M]  drivers/gpu/drm/amd/amdgpu/amdgpu_ras.o
  CC [M]  drivers/gpu/drm/radeon/rv770_smc.o
  CC [M]  drivers/media/mc/mc-entity.o
  CC [M]  drivers/net/wireless/realtek/rtw89/fw.o
  CC [M]  drivers/net/wireless/realtek/rtw88/led.o
  CC [M]  drivers/net/wireless/ath/ath11k/dp.o
  CC [M]  drivers/ptp/ptp_vmclock.o
  CC [M]  drivers/gpu/drm/radeon/cypress_dpm.o
  CC [M]  net/netfilter/ipset/ip_set_hash_netiface.o
  CC [M]  net/mac80211/mesh_ps.o
  CC [M]  drivers/media/mc/mc-request.o
  CC [M]  drivers/net/wireless/realtek/rtw88/rtw8822c.o
  CC [M]  drivers/gpu/drm/radeon/btc_dpm.o
  CC [M]  drivers/ptp/ptp_clockmatrix.o
  CC [M]  net/mac80211/pm.o
  CC [M]  drivers/net/wireless/ath/ath11k/dp_tx.o
  CC [M]  drivers/media/mc/mc-dev-allocator.o
  CC [M]  drivers/gpu/drm/radeon/sumo_dpm.o
  CC [M]  drivers/gpu/drm/amd/amdgpu/amdgpu_vm_cpu.o
  CC [M]  drivers/ptp/ptp_fc3.o
  LD [M]  drivers/media/mc/mc.o
  CC [M]  drivers/media/v4l2-core/v4l2-async.o
  CC [M]  net/netfilter/ipset/ip_set_hash_netnet.o
  CC [M]  drivers/gpu/drm/amd/amdgpu/amdgpu_vm_sdma.o
  CC [M]  net/mac80211/rc80211_minstrel_ht.o
  CC [M]  drivers/media/v4l2-core/v4l2-flash-led-class.o
  CC [M]  drivers/net/wireless/ath/ath11k/dp_rx.o
  CC [M]  drivers/gpu/drm/radeon/sumo_smc.o
  CC [M]  drivers/ptp/ptp_idt82p33.o
  CC [M]  drivers/net/wireless/realtek/rtw88/rtw8822c_table.o
  CC [M]  drivers/media/v4l2-core/v4l2loopback.o
  CC [M]  drivers/net/wireless/realtek/rtw89/cam.o
  CC [M]  drivers/gpu/drm/amd/amdgpu/amdgpu_discovery.o
  CC [M]  drivers/gpu/drm/radeon/trinity_dpm.o
  CC [M]  drivers/ptp/ptp_mock.o
  CC [M]  drivers/media/v4l2-core/v4l2-dv-timings.o
  CC [M]  drivers/net/wireless/realtek/rtw88/rtw8822ce.o
  CC [M]  net/mac80211/rc80211_minstrel_ht_debugfs.o
  CC [M]  drivers/gpu/drm/radeon/trinity_smc.o
  CC [M]  net/netfilter/ipset/ip_set_hash_netportnet.o
  CC [M]  drivers/gpu/drm/amd/amdgpu/amdgpu_ras_eeprom.o
  CC [M]  drivers/net/wireless/realtek/rtw89/efuse.o
  CC [M]  drivers/ptp/ptp_netc.o
  CC [M]  drivers/media/v4l2-core/v4l2-dev.o
  CC [M]  drivers/gpu/drm/radeon/ni_dpm.o
  CC [M]  drivers/net/wireless/ath/ath11k/debug.o
  CC [M]  drivers/net/wireless/realtek/rtw88/pci.o
  CC [M]  net/mac80211/wbrf.o
  CC [M]  drivers/net/wireless/realtek/rtw89/efuse_be.o
  LD [M]  drivers/ptp/ptp.o
  CC [M]  drivers/gpu/drm/amd/amdgpu/amdgpu_nbio.o
  CC [M]  drivers/net/wireless/realtek/rtw89/regd.o
  CC [M]  drivers/net/wireless/ath/ath11k/ce.o
  CC [M]  drivers/media/v4l2-core/v4l2-ioctl.o
  CC [M]  drivers/net/wireless/ath/ath11k/peer.o
  LD [M]  net/mac80211/mac80211.o
  CC [M]  drivers/media/cec/core/cec-core.o
  CC [M]  net/netfilter/ipset/ip_set_list_set.o
  LD [M]  drivers/net/wireless/realtek/rtw88/rtw88_core.o
  LD [M]  drivers/net/wireless/realtek/rtw88/rtw88_8822c.o
  CC [M]  drivers/gpu/drm/amd/amdgpu/amdgpu_umc.o
  LD [M]  drivers/net/wireless/realtek/rtw88/rtw88_8822ce.o
  LD [M]  drivers/net/wireless/realtek/rtw88/rtw88_pci.o
  CC [M]  drivers/media/cec/core/cec-adap.o
  CC [M]  drivers/gpu/drm/radeon/si_smc.o
  LD [M]  net/netfilter/nf_conntrack.o
  CC      drivers/power/reset/restart-poweroff.o
  CC [M]  drivers/net/wireless/realtek/rtw89/sar.o
  CC [M]  drivers/net/wireless/ath/ath11k/dbring.o
  CC [M]  drivers/gpu/drm/amd/amdgpu/smu_v11_0_i2c.o
  AR      drivers/power/reset/built-in.a
  CC      drivers/power/supply/power_supply_core.o
  CC [M]  drivers/media/cec/core/cec-api.o
  CC [M]  drivers/net/wireless/realtek/rtw89/coex.o
  CC [M]  drivers/gpu/drm/radeon/si_dpm.o
  CC [M]  drivers/media/v4l2-core/v4l2-device.o
  CC      drivers/power/supply/power_supply_sysfs.o
  LD [M]  net/netfilter/ipset/ip_set.o
  LD [M]  net/netfilter/nf_conntrack_h323.o
  LD [M]  net/netfilter/nf_nat.o
  LD [M]  net/netfilter/nf_tables.o
  LD [M]  net/netfilter/nf_flow_table.o
  CC [M]  net/psample/psample.o
  CC [M]  drivers/media/cec/core/cec-notifier.o
  CC [M]  drivers/media/v4l2-core/v4l2-fh.o
  CC      drivers/power/supply/power_supply_leds.o
  CC [M]  drivers/gpu/drm/amd/amdgpu/amdgpu_fru_eeprom.o
  CC [M]  drivers/net/wireless/ath/ath11k/hw.o
  CC [M]  net/vmw_vsock/af_vsock.o
  CC [M]  net/nsh/nsh.o
  CC      drivers/power/supply/power_supply_hwmon.o
  LD [M]  drivers/media/cec/core/cec.o
  CC [M]  drivers/net/mii.o
  CC [M]  drivers/gpu/drm/amd/amdgpu/amdgpu_rap.o
  CC [M]  drivers/media/v4l2-core/v4l2-event.o
  CC      drivers/hwmon/hwmon.o
  CC [M]  drivers/gpu/drm/radeon/kv_smc.o
  CC [M]  drivers/power/supply/stc3117_fuel_gauge.o
  AR      drivers/media/built-in.a
  CC [M]  drivers/gpu/drm/i915/i915_config.o
  CC [M]  drivers/media/v4l2-core/v4l2-subdev.o
  CC [M]  drivers/net/wireless/ath/ath11k/pcic.o
  CC [M]  net/vmw_vsock/af_vsock_tap.o
  CC [M]  drivers/gpu/drm/i915/i915_driver.o
  CC [M]  drivers/gpu/drm/radeon/kv_dpm.o
  CC [M]  drivers/gpu/drm/amd/amdgpu/amdgpu_fw_attestation.o
  CC [M]  drivers/hwmon/coretemp.o
  CC [M]  drivers/power/supply/mm8013.o
  CC [M]  drivers/net/wireless/realtek/rtw89/ps.o
  CC [M]  drivers/gpu/drm/amd/amdgpu/amdgpu_securedisplay.o
  CC [M]  drivers/hwmon/drivetemp.o
  CC [M]  net/vmw_vsock/vsock_addr.o
  CC [M]  drivers/gpu/drm/i915/i915_drm_client.o
  CC [M]  drivers/net/wireless/ath/ath11k/fw.o
  CC [M]  drivers/media/v4l2-core/v4l2-common.o
  AR      drivers/power/supply/built-in.a
  AR      drivers/power/built-in.a
  CC [M]  drivers/gpu/drm/i915/i915_edram.o
  CC [M]  drivers/gpu/drm/radeon/ci_smc.o
  CC [M]  drivers/hwmon/k10temp.o
  CC [M]  drivers/hwmon/max31827.o
  CC [M]  drivers/gpu/drm/amd/amdgpu/amdgpu_eeprom.o
  CC [M]  drivers/gpu/drm/i915/i915_freq.o
  CC [M]  drivers/net/wireless/realtek/rtw89/chan.o
  CC [M]  net/vmw_vsock/vsock_bpf.o
  CC [M]  drivers/media/v4l2-core/v4l2-ctrls-core.o
  CC [M]  drivers/net/wireless/ath/ath11k/p2p.o
  CC [M]  drivers/gpu/drm/i915/i915_getparam.o
  CC      drivers/thermal/thermal_core.o
  CC [M]  drivers/gpu/drm/radeon/ci_dpm.o
  CC [M]  drivers/hwmon/sht3x.o
  CC [M]  drivers/gpu/drm/i915/i915_gmch.o
  CC [M]  drivers/gpu/drm/amd/amdgpu/amdgpu_mca.o
  CC [M]  drivers/gpu/drm/i915/i915_ioctl.o
  CC [M]  net/vmw_vsock/diag.o
  CC      drivers/thermal/thermal_sysfs.o
  CC [M]  drivers/net/wireless/ath/ath11k/thermal.o
  CC [M]  drivers/media/v4l2-core/v4l2-ctrls-api.o
  CC [M]  drivers/hwmon/sht4x.o
  CC [M]  drivers/net/wireless/realtek/rtw89/ser.o
  CC [M]  drivers/gpu/drm/i915/i915_irq.o
  CC [M]  drivers/gpu/drm/amd/amdgpu/amdgpu_psp_ta.o
  CC      drivers/thermal/thermal_trip.o
  CC [M]  drivers/hwmon/spd5118.o
  CC      drivers/thermal/thermal_helpers.o
  CC [M]  net/vmw_vsock/virtio_transport_common.o
  CC [M]  drivers/gpu/drm/radeon/dce6_afmt.o
  CC [M]  drivers/gpu/drm/i915/i915_mitigations.o
  CC [M]  drivers/media/v4l2-core/v4l2-ctrls-request.o
  CC [M]  drivers/net/wireless/ath/ath11k/wow.o
  CC      drivers/thermal/thermal_thresholds.o
  CC [M]  drivers/net/wireless/realtek/rtw89/acpi.o
  CC      drivers/thermal/thermal_netlink.o
  CC [M]  drivers/gpu/drm/amd/amdgpu/amdgpu_lsdma.o
  CC [M]  drivers/hwmon/occ/common.o
  CC [M]  drivers/media/v4l2-core/v4l2-ctrls-defs.o
  CC [M]  drivers/gpu/drm/radeon/radeon_vm.o
  CC [M]  drivers/gpu/drm/i915/i915_mmio_range.o
  CC [M]  drivers/gpu/drm/i915/i915_module.o
  CC [M]  net/vmw_vsock/vsock_loopback.o
  CC      drivers/thermal/thermal_hwmon.o
  CC [M]  drivers/media/v4l2-core/v4l2-compat-ioctl32.o
  CC [M]  drivers/net/wireless/ath/ath11k/coredump.o
  CC [M]  drivers/hwmon/occ/sysfs.o
  CC [M]  drivers/gpu/drm/amd/amdgpu/amdgpu_ring_mux.o
  CC [M]  drivers/net/wireless/realtek/rtw89/util.o
  CC [M]  drivers/hwmon/occ/p8_i2c.o
  CC      drivers/thermal/gov_fair_share.o
  CC [M]  drivers/media/v4l2-core/v4l2-mc.o
  CC [M]  drivers/gpu/drm/radeon/radeon_ucode.o
  CC [M]  drivers/gpu/drm/i915/i915_params.o
  LD [M]  drivers/hwmon/occ/occ-hwmon-common.o
  LD [M]  drivers/hwmon/occ/occ-p8-hwmon.o
  CC [M]  drivers/hwmon/pmbus/pmbus_core.o
  LD [M]  net/vmw_vsock/vsock.o
  LD [M]  net/vmw_vsock/vsock_diag.o
  LD [M]  net/vmw_vsock/vmw_vsock_virtio_transport_common.o
  CC [M]  net/qrtr/af_qrtr.o
  CC      drivers/thermal/gov_bang_bang.o
  CC [M]  drivers/net/wireless/ath/ath11k/mhi.o
  CC [M]  drivers/gpu/drm/amd/amdgpu/amdgpu_xcp.o
  CC [M]  drivers/net/wireless/realtek/rtw89/wow.o
  AR      drivers/hwmon/built-in.a
  CC [M]  drivers/media/v4l2-core/v4l2-spi.o
  CC [M]  drivers/net/wireless/ath/ath11k/pci.o
  CC [M]  drivers/gpu/drm/radeon/radeon_ib.o
  CC [M]  drivers/gpu/drm/i915/i915_pci.o
  CC      drivers/thermal/gov_step_wise.o
  CC      drivers/thermal/gov_user_space.o
  CC [M]  net/qrtr/ns.o
  CC [M]  drivers/media/v4l2-core/v4l2-i2c.o
  LD [M]  drivers/net/wireless/ath/ath11k/ath11k.o
  CC [M]  drivers/gpu/drm/amd/amdgpu/amdgpu_seq64.o
  CC [M]  drivers/net/netconsole.o
  CC [M]  drivers/gpu/drm/radeon/radeon_sync.o
  CC      drivers/thermal/gov_power_allocator.o
  LD [M]  drivers/net/wireless/ath/ath11k/ath11k_pci.o
  CC [M]  drivers/gpu/drm/radeon/radeon_audio.o
  CC [M]  drivers/gpu/drm/i915/i915_scatterlist.o
  CC [M]  net/qrtr/tun.o
  CC [M]  drivers/net/wireless/realtek/rtw89/debug.o
  CC [M]  drivers/gpu/drm/radeon/radeon_dp_auxch.o
  LD [M]  drivers/media/v4l2-core/videodev.o
  CC [M]  drivers/gpu/drm/radeon/radeon_mn.o
  AR      drivers/thermal/broadcom/built-in.a
  AR      drivers/thermal/renesas/built-in.a
  AR      drivers/thermal/samsung/built-in.a
  CC      drivers/thermal/intel/intel_tcc.o
  CC [M]  net/qrtr/mhi.o
  CC [M]  drivers/gpu/drm/amd/amdgpu/amdgpu_aca.o
  CC [M]  drivers/gpu/drm/i915/i915_switcheroo.o
  LD [M]  net/qrtr/qrtr.o
  CC      drivers/thermal/intel/therm_throt.o
  CC      drivers/thermal/intel/intel_hfi.o
  LD [M]  net/qrtr/qrtr-tun.o
  CC [M]  drivers/thermal/intel/intel_powerclamp.o
  AR      net/built-in.a
  CC [M]  drivers/gpu/drm/i915/i915_sysfs.o
  HOSTCC  drivers/gpu/drm/xe/xe_gen_wa_oob
  CC [M]  drivers/gpu/drm/radeon/r600_dma.o
  CC [M]  drivers/gpu/drm/xe/xe_userptr.o
  GEN     xe_wa_oob.c xe_wa_oob.h
  CC [M]  drivers/gpu/drm/radeon/rv770_dma.o
  LD [M]  net/qrtr/qrtr-mhi.o
  CC [M]  drivers/net/wireless/realtek/rtw89/rtw8852a.o
  CC [M]  drivers/thermal/intel/x86_pkg_temp_thermal.o
  GEN	xe_device_wa_oob.c xe_device_wa_oob.h
  CC [M]  drivers/gpu/drm/amd/amdgpu/amdgpu_dev_coredump.o
  CC [M]  drivers/gpu/drm/xe/xe_bb.o
  AR      drivers/thermal/st/built-in.a
  CC [M]  drivers/gpu/drm/nouveau/dispnv04/i2c/ch7006_drv.o
  CC [M]  drivers/gpu/drm/i915/i915_timer_util.o
  CC [M]  drivers/gpu/drm/xe/xe_bo.o
  CC [M]  drivers/gpu/drm/xe/xe_bo_evict.o
  CC [M]  drivers/thermal/intel/intel_soc_dts_iosf.o
  CC [M]  drivers/gpu/drm/i915/i915_utils.o
  CC [M]  drivers/gpu/drm/i915/intel_clock_gating.o
  CC [M]  drivers/gpu/drm/radeon/evergreen_dma.o
  CC [M]  drivers/gpu/drm/nouveau/dispnv04/i2c/ch7006_mode.o
  CC [M]  drivers/gpu/drm/amd/amdgpu/amdgpu_cper.o
  CC [M]  drivers/gpu/drm/radeon/ni_dma.o
  CC [M]  drivers/thermal/intel/intel_soc_dts_thermal.o
  CC [M]  drivers/net/wireless/realtek/rtw89/rtw8852a_table.o
  CC [M]  drivers/gpu/drm/amd/amdgpu/amdgpu_userq_fence.o
  CC [M]  drivers/gpu/drm/vboxvideo/hgsmi_base.o
  CC [M]  drivers/gpu/drm/xe/xe_dep_scheduler.o
  CC [M]  drivers/gpu/drm/i915/intel_cpu_info.o
  CC [M]  drivers/gpu/drm/i915/intel_device_info.o
  CC [M]  drivers/gpu/drm/nouveau/dispnv04/i2c/sil164_drv.o
  CC [M]  drivers/gpu/drm/radeon/si_dma.o
  CC [M]  drivers/thermal/intel/intel_pch_thermal.o
  CC [M]  drivers/net/tun.o
  CC [M]  drivers/net/wireless/realtek/rtw89/rtw8852a_rfk.o
  CC [M]  drivers/gpu/drm/vboxvideo/modesetting.o
  CC [M]  drivers/gpu/drm/radeon/cik_sdma.o
  CC [M]  drivers/gpu/drm/xe/xe_devcoredump.o
  CC [M]  drivers/gpu/drm/nouveau/nvif/object.o
  CC [M]  drivers/thermal/intel/intel_tcc_cooling.o
  CC [M]  drivers/gpu/drm/amd/amdgpu/amdgpu_eviction_fence.o
  CC [M]  drivers/gpu/drm/i915/intel_memory_region.o
  CC [M]  drivers/gpu/drm/radeon/radeon_uvd.o
  CC [M]  drivers/gpu/drm/vboxvideo/vbva_base.o
  CC [M]  drivers/thermal/intel/int340x_thermal/int3400_thermal.o
  CC [M]  drivers/gpu/drm/xe/xe_device.o
  CC [M]  drivers/gpu/drm/nouveau/nvif/client.o
  CC [M]  drivers/thermal/intel/int340x_thermal/int340x_thermal_zone.o
  CC [M]  drivers/gpu/drm/radeon/uvd_v1_0.o
  CC [M]  drivers/gpu/drm/vboxvideo/vbox_drv.o
  CC [M]  drivers/gpu/drm/i915/intel_pcode.o
  CC [M]  drivers/gpu/drm/amd/amdgpu/amdgpu_ip.o
  CC [M]  drivers/thermal/intel/int340x_thermal/int3402_thermal.o
  CC [M]  drivers/gpu/drm/amd/amdgpu/amdgpu_fdinfo.o
  CC [M]  drivers/net/wireless/realtek/rtw89/rtw8852a_rfk_table.o
  CC [M]  drivers/thermal/intel/int340x_thermal/int3403_thermal.o
  CC [M]  drivers/gpu/drm/nouveau/nvif/conn.o
  CC [M]  drivers/gpu/drm/vboxvideo/vbox_hgsmi.o
  CC [M]  drivers/gpu/drm/xe/xe_device_sysfs.o
  CC [M]  drivers/gpu/drm/radeon/uvd_v2_2.o
  CC [M]  drivers/thermal/intel/int340x_thermal/processor_thermal_device.o
  CC [M]  drivers/gpu/drm/nouveau/nvif/device.o
  CC [M]  drivers/gpu/drm/i915/intel_region_ttm.o
  CC      drivers/watchdog/watchdog_core.o
  CC [M]  drivers/gpu/drm/amd/amdgpu/amdgpu_pmu.o
  CC [M]  drivers/net/wireless/realtek/rtw89/rtw8852ae.o
  CC [M]  drivers/gpu/drm/nouveau/nvif/disp.o
  CC [M]  drivers/gpu/drm/vboxvideo/vbox_irq.o
  CC [M]  drivers/thermal/intel/int340x_thermal/int3401_thermal.o
  CC [M]  drivers/gpu/drm/radeon/uvd_v3_1.o
  CC [M]  drivers/gpu/drm/nouveau/nvif/driver.o
  CC [M]  drivers/gpu/drm/xe/xe_dma_buf.o
  CC      drivers/watchdog/watchdog_dev.o
  CC [M]  drivers/gpu/drm/i915/intel_runtime_pm.o
  CC [M]  drivers/gpu/drm/nouveau/nvif/event.o
  CC [M]  drivers/gpu/drm/vboxvideo/vbox_main.o
  CC [M]  drivers/thermal/intel/int340x_thermal/processor_thermal_device_pci_legacy.o
  CC [M]  drivers/net/wireless/realtek/rtw89/rtw8852b_common.o
  CC [M]  drivers/gpu/drm/amd/amdgpu/cik.o
  CC [M]  drivers/gpu/drm/radeon/uvd_v4_2.o
  CC [M]  drivers/gpu/drm/nouveau/nvif/fifo.o
  CC      drivers/watchdog/watchdog_pretimeout.o
  CC [M]  drivers/gpu/drm/xe/xe_drm_client.o
  CC [M]  drivers/gpu/drm/vboxvideo/vbox_mode.o
  CC [M]  drivers/gpu/drm/i915/intel_step.o
  CC [M]  drivers/thermal/intel/int340x_thermal/processor_thermal_device_pci.o
  CC      drivers/watchdog/pretimeout_panic.o
  CC [M]  drivers/gpu/drm/nouveau/nvif/head.o
  CC [M]  drivers/watchdog/pretimeout_noop.o
  CC [M]  drivers/gpu/drm/radeon/radeon_vce.o
  CC [M]  drivers/gpu/drm/amd/amdgpu/cik_ih.o
  CC [M]  drivers/watchdog/iTCO_wdt.o
  CC [M]  drivers/thermal/intel/int340x_thermal/processor_thermal_rapl.o
  CC [M]  drivers/gpu/drm/xe/xe_drm_ras.o
  CC [M]  drivers/gpu/drm/vboxvideo/vbox_ttm.o
  CC [M]  drivers/watchdog/softdog.o
  CC [M]  drivers/gpu/drm/i915/intel_uncore.o
  CC [M]  drivers/net/wireless/realtek/rtw89/rtw8852b.o
  CC [M]  drivers/gpu/drm/nouveau/nvif/mem.o
  AR      drivers/watchdog/built-in.a
  AR      drivers/gpu/drm/built-in.a
  CC [M]  drivers/gpu/drm/radeon/vce_v1_0.o
  CC [M]  drivers/thermal/intel/int340x_thermal/processor_thermal_rfim.o
  CC [M]  drivers/gpu/drm/xe/xe_eu_stall.o
  CC [M]  drivers/gpu/drm/amd/amdgpu/dce_v8_0.o
  LD [M]  drivers/gpu/drm/vboxvideo/vboxvideo.o
  CC [M]  drivers/gpu/drm/amd/amdgpu/gfx_v7_0.o
  CC [M]  drivers/gpu/drm/xe/xe_exec.o
  CC [M]  drivers/gpu/drm/radeon/vce_v2_0.o
  CC [M]  drivers/gpu/drm/nouveau/nvif/mmu.o
  CC [M]  drivers/gpu/drm/radeon/radeon_fbdev.o
  CC [M]  drivers/thermal/intel/int340x_thermal/platform_temperature_control.o
  CC [M]  drivers/net/wireless/realtek/rtw89/rtw8852b_table.o
  CC [M]  drivers/net/tap.o
  CC [M]  drivers/gpu/drm/i915/intel_uncore_trace.o
  CC [M]  drivers/thermal/intel/int340x_thermal/processor_thermal_mbox.o
  CC [M]  drivers/gpu/drm/xe/xe_exec_queue.o
  CC [M]  drivers/thermal/intel/int340x_thermal/processor_thermal_wt_req.o
  AR      drivers/thermal/qcom/built-in.a
  CC [M]  drivers/gpu/drm/i915/intel_wakeref.o
  CC [M]  drivers/gpu/drm/nouveau/nvif/outp.o
  LD [M]  drivers/gpu/drm/drm_gpusvm_helper.o
  CC [M]  drivers/net/wireless/realtek/rtw89/rtw8852b_rfk.o
  CC [M]  drivers/gpu/drm/radeon/radeon_atpx_handler.o
  CC [M]  drivers/gpu/drm/amd/amdgpu/cik_sdma.o
  CC [M]  drivers/gpu/drm/amd/amdgpu/uvd_v4_2.o
  CC [M]  drivers/thermal/intel/int340x_thermal/processor_thermal_wt_hint.o
  CC [M]  drivers/gpu/drm/i915/vlv_iosf_sb.o
  CC [M]  drivers/net/wireless/realtek/rtw89/rtw8852b_rfk_table.o
  CC [M]  drivers/gpu/drm/xe/xe_execlist.o
  CC [M]  drivers/gpu/drm/nouveau/nvif/timer.o
  CC      drivers/md/dm-builtin.o
  CC [M]  drivers/gpu/drm/radeon/radeon_acpi.o
  CC [M]  drivers/thermal/intel/int340x_thermal/processor_thermal_power_floor.o
  MKREG   drivers/gpu/drm/radeon/r100_reg_safe.h
  MKREG   drivers/gpu/drm/radeon/rn50_reg_safe.h
  MKREG   drivers/gpu/drm/radeon/r300_reg_safe.h
  MKREG   drivers/gpu/drm/radeon/r420_reg_safe.h
  CC [M]  drivers/gpu/drm/radeon/rs600.o
  CC [M]  drivers/gpu/drm/amd/amdgpu/vce_v2_0.o
  CC [M]  drivers/gpu/drm/i915/vlv_suspend.o
  AR      drivers/thermal/intel/built-in.a
  CC [M]  drivers/md/raid1.o
  CC [M]  drivers/gpu/drm/nouveau/nvif/vmm.o
  CC [M]  drivers/gpu/drm/xe/xe_force_wake.o
  AR      drivers/thermal/tegra/built-in.a
  CC [M]  drivers/net/veth.o
  CC [M]  drivers/thermal/intel/int340x_thermal/processor_thermal_soc_slider.o
  CC [M]  drivers/net/wireless/realtek/rtw89/rtw8852be.o
  CC [M]  drivers/gpu/drm/amd/amdgpu/si.o
  CC [M]  drivers/gpu/drm/radeon/rv515.o
  CC [M]  drivers/gpu/drm/nouveau/nvif/chan.o
  CC [M]  drivers/gpu/drm/xe/xe_ggtt.o
  CC [M]  drivers/gpu/drm/i915/i915_memcpy.o
  CC [M]  drivers/thermal/intel/int340x_thermal/int3406_thermal.o
  CC [M]  drivers/gpu/drm/amd/amdgpu/gmc_v6_0.o
  CC [M]  drivers/gpu/drm/i915/i915_mm.o
  CC [M]  drivers/gpu/drm/nouveau/nvif/chan506f.o
  CC [M]  drivers/net/wireless/realtek/rtw89/rtw8852bu.o
  CC [M]  drivers/thermal/intel/int340x_thermal/acpi_thermal_rel.o
  CC [M]  drivers/gpu/drm/nouveau/nvif/chan906f.o
  CC [M]  drivers/md/raid10.o
  CC [M]  drivers/gpu/drm/i915/i915_sw_fence.o
  CC [M]  drivers/gpu/drm/radeon/r200.o
  CC [M]  drivers/gpu/drm/xe/xe_gpu_scheduler.o
  CC [M]  drivers/gpu/drm/i915/i915_sw_fence_work.o
  CC      drivers/edac/edac_mc.o
  CC [M]  drivers/gpu/drm/amd/amdgpu/gfx_v6_0.o
  CC [M]  drivers/gpu/drm/i915/i915_syncmap.o
  CC [M]  drivers/gpu/drm/xe/xe_gsc.o
  CC [M]  drivers/gpu/drm/nouveau/nvif/chanc36f.o
  CC [M]  drivers/gpu/drm/i915/i915_user_extensions.o
  AR      drivers/thermal/mediatek/built-in.a
  CC [M]  drivers/thermal/testing/command.o
  CC [M]  drivers/gpu/drm/i915/i915_ioc32.o
  CC [M]  drivers/net/wireless/realtek/rtw89/rtw8852c.o
  CC [M]  drivers/gpu/drm/radeon/r600_cs.o
  CC      drivers/edac/edac_device.o
  CC [M]  drivers/thermal/testing/zone.o
  CC [M]  drivers/gpu/drm/i915/i915_debugfs.o
  CC [M]  drivers/gpu/drm/nouveau/nvif/user.o
  CC [M]  drivers/gpu/drm/xe/xe_gsc_debugfs.o
  CC      drivers/edac/edac_mc_sysfs.o
  CC [M]  drivers/gpu/drm/amd/amdgpu/si_ih.o
  LD [M]  drivers/thermal/testing/thermal-testing.o
  AR      drivers/thermal/built-in.a
  CC [M]  drivers/md/raid5.o
  CC [M]  drivers/gpu/drm/nouveau/nvif/userc361.o
  LD [M]  drivers/gpu/drm/drm_suballoc_helper.o
  CC [M]  drivers/gpu/drm/i915/i915_debugfs_params.o
  CC [M]  drivers/gpu/drm/xe/xe_gsc_proxy.o
  CC [M]  drivers/gpu/drm/radeon/evergreen_cs.o
  CC [M]  drivers/gpu/drm/i915/i915_pmu.o
  CC      drivers/edac/edac_module.o
  CC [M]  drivers/net/wireless/realtek/rtw89/rtw8852c_table.o
  CC [M]  drivers/gpu/drm/nouveau/nvkm/core/client.o
  CC [M]  drivers/gpu/drm/amd/amdgpu/si_dma.o
  CC [M]  drivers/gpu/drm/xe/xe_gsc_submit.o
  CC [M]  drivers/net/geneve.o
  CC [M]  drivers/gpu/drm/xe/xe_gt.o
  CC      drivers/edac/edac_device_sysfs.o
  CC [M]  drivers/gpu/drm/i915/i915_bo.o
  CC [M]  drivers/gpu/drm/nouveau/nvkm/core/engine.o
  CC [M]  drivers/gpu/drm/radeon/r100.o
  CC [M]  drivers/gpu/drm/amd/amdgpu/dce_v6_0.o
  CC [M]  drivers/gpu/drm/xe/xe_gt_ccs_mode.o
  CC [M]  drivers/net/wireless/realtek/rtw89/rtw8852c_rfk.o
  CC      drivers/edac/wq.o
  CC [M]  drivers/gpu/drm/i915/i915_display_pc8.o
  CC [M]  drivers/gpu/drm/xe/xe_gt_clock.o
  CC [M]  drivers/gpu/drm/nouveau/nvkm/core/enum.o
  CC [M]  drivers/gpu/drm/xe/xe_gt_freq.o
  CC [M]  drivers/md/raid5-cache.o
  CC [M]  drivers/gpu/drm/nouveau/nvkm/core/event.o
  CC      drivers/edac/scrub.o
  CC      drivers/edac/ecs.o
  CC [M]  drivers/gpu/drm/amd/amdgpu/uvd_v3_1.o
  CC [M]  drivers/gpu/drm/i915/i915_dpt.o
  CC [M]  drivers/gpu/drm/radeon/r300.o
  CC [M]  drivers/gpu/drm/nouveau/nvkm/core/firmware.o
  CC [M]  drivers/gpu/drm/amd/amdgpu/vce_v1_0.o
  CC      drivers/edac/mem_repair.o
  CC [M]  drivers/gpu/drm/xe/xe_gt_idle.o
  CC      drivers/edac/edac_pci.o
  CC      drivers/edac/edac_pci_sysfs.o
  CC [M]  drivers/md/raid5-ppl.o
  CC [M]  drivers/gpu/drm/nouveau/nvkm/core/gpuobj.o
  CC [M]  drivers/gpu/drm/i915/i915_dsb_buffer.o
  CC      drivers/edac/ghes_edac.o
  CC [M]  drivers/net/wireless/realtek/rtw89/rtw8852c_rfk_table.o
  CC [M]  drivers/gpu/drm/radeon/r420.o
  CC [M]  drivers/gpu/drm/amd/amdgpu/vi.o
  CC [M]  drivers/gpu/drm/xe/xe_gt_mcr.o
  CC [M]  drivers/gpu/drm/nouveau/nvkm/core/intr.o
  CC [M]  drivers/gpu/drm/i915/i915_hdcp_gsc.o
  AR      drivers/edac/built-in.a
  LD [M]  drivers/gpu/drm/drm_vram_helper.o
  CC [M]  drivers/gpu/drm/amd/amdgpu/mxgpu_vi.o
  LD [M]  drivers/gpu/drm/radeon/radeon.o
  CC [M]  drivers/gpu/drm/xe/xe_gt_sysfs.o
  CC [M]  drivers/md/md.o
  CC [M]  drivers/gpu/drm/i915/i915_initial_plane.o
  CC [M]  drivers/net/wireless/realtek/rtw89/rtw8852ce.o
  LD [M]  drivers/gpu/drm/drm_ttm_helper.o
  CC [M]  drivers/gpu/drm/nouveau/nvkm/core/ioctl.o
  CC      drivers/cpufreq/cpufreq.o
  CC      drivers/cpufreq/freq_table.o
  CC      drivers/cpufreq/cpufreq_stats.o
  CC [M]  drivers/gpu/drm/xe/xe_gt_throttle.o
  CC [M]  drivers/gpu/drm/amd/amdgpu/nbio_v6_1.o
  CC      drivers/cpuidle/cpuidle.o
  CC [M]  drivers/gpu/drm/nouveau/nvkm/core/memory.o
  CC [M]  drivers/net/wireless/realtek/rtw89/pci.o
  CC [M]  drivers/gpu/drm/i915/i915_overlay.o
  CC [M]  drivers/gpu/drm/i915/i915_panic.o
  CC [M]  drivers/gpu/drm/xe/xe_gt_topology.o
  CC      drivers/cpufreq/cpufreq_performance.o
  CC [M]  drivers/gpu/drm/nouveau/nvkm/core/mm.o
  CC [M]  drivers/gpu/drm/amd/amdgpu/soc15.o
  CC      drivers/cpufreq/cpufreq_governor_attr_set.o
  CC      drivers/cpuidle/driver.o
  CC [M]  drivers/gpu/drm/i915/gt/gen2_engine_cs.o
  CC [M]  drivers/gpu/drm/amd/amdgpu/emu_soc.o
  CC [M]  drivers/gpu/drm/xe/xe_guc.o
  CC [M]  drivers/md/md-bitmap.o
  CC      drivers/cpuidle/governor.o
  CC      drivers/cpufreq/amd-pstate.o
  CC [M]  drivers/gpu/drm/nouveau/nvkm/core/object.o
  CC [M]  drivers/net/wireless/realtek/rtw89/pci_be.o
  CC [M]  drivers/gpu/drm/amd/amdgpu/mxgpu_ai.o
  CC [M]  drivers/gpu/drm/i915/gt/gen6_engine_cs.o
  CC      drivers/cpuidle/sysfs.o
  CC [M]  drivers/gpu/drm/nouveau/nvkm/core/oproxy.o
  CC [M]  drivers/gpu/drm/i915/gt/gen6_ppgtt.o
  CC [M]  drivers/gpu/drm/xe/xe_guc_ads.o
  CC [M]  drivers/md/dm-uevent.o
  CC      drivers/cpuidle/governors/menu.o
  CC      drivers/cpufreq/amd-pstate-trace.o
  CC [M]  drivers/gpu/drm/xe/xe_guc_buf.o
  CC [M]  drivers/gpu/drm/amd/amdgpu/nbio_v7_0.o
  CC [M]  drivers/net/wireless/realtek/rtw89/usb.o
  AR      drivers/cpuidle/governors/built-in.a
  CC      drivers/cpuidle/poll_state.o
  CC [M]  drivers/gpu/drm/nouveau/nvkm/core/option.o
  AR      drivers/cpuidle/built-in.a
  CC [M]  drivers/md/dm.o
  CC [M]  drivers/md/dm-table.o
  CC      drivers/cpufreq/intel_pstate.o
  CC [M]  drivers/gpu/drm/i915/gt/gen7_renderclear.o
  CC [M]  drivers/gpu/drm/amd/amdgpu/vega10_reg_init.o
  CC [M]  drivers/gpu/drm/xe/xe_guc_capture.o
  CC [M]  drivers/gpu/drm/nouveau/nvkm/core/ramht.o
  CC [M]  drivers/net/vrf.o
  LD [M]  drivers/net/wireless/realtek/rtw89/rtw89_core.o
  AR      drivers/mmc/built-in.a
  CC [M]  drivers/md/dm-target.o
  LD [M]  drivers/net/wireless/realtek/rtw89/rtw89_8852a.o
  LD [M]  drivers/net/wireless/realtek/rtw89/rtw89_8852ae.o
  LD [M]  drivers/net/wireless/realtek/rtw89/rtw89_8852b_common.o
  LD [M]  drivers/net/wireless/realtek/rtw89/rtw89_8852b.o
  LD [M]  drivers/net/wireless/realtek/rtw89/rtw89_8852be.o
  CC [M]  drivers/gpu/drm/i915/gt/gen8_engine_cs.o
  LD [M]  drivers/net/wireless/realtek/rtw89/rtw89_8852bu.o
  LD [M]  drivers/net/wireless/realtek/rtw89/rtw89_8852c.o
  LD [M]  drivers/net/wireless/realtek/rtw89/rtw89_8852ce.o
  LD [M]  drivers/net/wireless/realtek/rtw89/rtw89_pci.o
  LD [M]  drivers/net/wireless/realtek/rtw89/rtw89_usb.o
  AR      drivers/net/wireless/built-in.a
  CC [M]  drivers/gpu/drm/xe/xe_guc_ct.o
  CC [M]  drivers/gpu/drm/nouveau/nvkm/core/subdev.o
  CC [M]  drivers/gpu/drm/amd/amdgpu/vega20_reg_init.o
  CC [M]  drivers/cpufreq/acpi-cpufreq.o
  AR      drivers/ufs/built-in.a
  CC      drivers/firmware/dmi_scan.o
  CC [M]  drivers/net/mhi_net.o
  CC [M]  drivers/md/dm-linear.o
  CC [M]  drivers/gpu/drm/i915/gt/gen8_ppgtt.o
  AR      drivers/cpufreq/built-in.a
  CC [M]  drivers/gpu/drm/amd/amdgpu/nbio_v7_4.o
  CC [M]  drivers/gpu/drm/nouveau/nvkm/core/uevent.o
  CC [M]  drivers/gpu/drm/amd/amdgpu/nbio_v2_3.o
  CC      drivers/firmware/dmi-sysfs.o
  CC [M]  drivers/gpu/drm/i915/gt/intel_breadcrumbs.o
  CC [M]  drivers/gpu/drm/xe/xe_guc_db_mgr.o
  CC [M]  drivers/md/dm-stripe.o
  CC [M]  drivers/gpu/drm/i915/gt/intel_context.o
  CC      drivers/firmware/dmi-id.o
  CC [M]  drivers/net/net_failover.o
  CC [M]  drivers/gpu/drm/nouveau/nvkm/nvfw/fw.o
  CC [M]  drivers/gpu/drm/xe/xe_guc_engine_activity.o
  CC      drivers/firmware/memmap.o
  CC [M]  drivers/md/dm-ioctl.o
  CC [M]  drivers/gpu/drm/amd/amdgpu/nv.o
  CC [M]  drivers/gpu/drm/xe/xe_guc_hwconfig.o
  CC [M]  drivers/gpu/drm/xe/xe_guc_id_mgr.o
  CC [M]  drivers/gpu/drm/i915/gt/intel_context_sseu.o
  CC [M]  drivers/gpu/drm/xe/xe_guc_klv_helpers.o
  CC [M]  drivers/gpu/drm/nouveau/nvkm/nvfw/hs.o
  CC [M]  drivers/net/bonding/bond_main.o
  CC      drivers/firmware/sysfb.o
  CC [M]  drivers/md/dm-io.o
  CC [M]  drivers/net/bonding/bond_3ad.o
  CC [M]  drivers/gpu/drm/xe/xe_guc_log.o
  CC [M]  drivers/gpu/drm/amd/amdgpu/arct_reg_init.o
  CC [M]  drivers/gpu/drm/i915/gt/intel_engine_cs.o
  CC      drivers/firmware/sysfb_simplefb.o
  CC [M]  drivers/gpu/drm/nouveau/nvkm/nvfw/ls.o
  AR      drivers/firmware/arm_ffa/built-in.a
  CC [M]  drivers/net/bonding/bond_alb.o
  CC [M]  drivers/md/dm-kcopyd.o
  CC [M]  drivers/net/ipvlan/ipvlan_core.o
  AR      drivers/firmware/arm_scmi/built-in.a
  AR      drivers/firmware/broadcom/built-in.a
  AR      drivers/firmware/cirrus/test/built-in.a
  AR      drivers/firmware/cirrus/built-in.a
  AR      drivers/firmware/meson/built-in.a
  CC [M]  drivers/md/dm-sysfs.o
  AR      drivers/firmware/microchip/built-in.a
  CC      drivers/firmware/efi/efi-bgrt.o
  CC [M]  drivers/gpu/drm/xe/xe_guc_pagefault.o
  CC [M]  drivers/gpu/drm/amd/amdgpu/mxgpu_nv.o
  CC [M]  drivers/gpu/drm/nouveau/nvkm/nvfw/acr.o
  CC      drivers/firmware/efi/efi.o
  CC [M]  drivers/md/dm-stats.o
  CC [M]  drivers/gpu/drm/i915/gt/intel_engine_heartbeat.o
  CC [M]  drivers/gpu/drm/amd/amdgpu/nbio_v7_2.o
  CC [M]  drivers/net/bonding/bond_sysfs.o
  CC      drivers/firmware/efi/vars.o
  CC [M]  drivers/gpu/drm/xe/xe_guc_pc.o
  CC [M]  drivers/net/ipvlan/ipvlan_main.o
  CC [M]  drivers/gpu/drm/nouveau/nvkm/nvfw/flcn.o
  CC      drivers/firmware/efi/reboot.o
  CC [M]  drivers/md/dm-rq.o
  CC [M]  drivers/md/dm-io-rewind.o
  CC      drivers/firmware/efi/memattr.o
  CC [M]  drivers/gpu/drm/i915/gt/intel_engine_pm.o
  CC [M]  drivers/gpu/drm/amd/amdgpu/hdp_v4_0.o
  CC      drivers/firmware/efi/tpm.o
  CC [M]  drivers/gpu/drm/nouveau/nvkm/falcon/base.o
  CC [M]  drivers/net/bonding/bond_sysfs_slave.o
  AR      drivers/crypto/stm32/built-in.a
  AR      drivers/crypto/inside-secure/eip93/built-in.a
  AR      drivers/crypto/inside-secure/built-in.a
  CC [M]  drivers/gpu/drm/xe/xe_guc_rc.o
  AR      drivers/crypto/xilinx/built-in.a
  AR      drivers/crypto/hisilicon/built-in.a
  CC      drivers/firmware/efi/memmap.o
  AR      drivers/crypto/intel/keembay/built-in.a
  AR      drivers/crypto/intel/ixp4xx/built-in.a
  CC [M]  drivers/net/ipvlan/ipvlan_l3s.o
  CC [M]  drivers/md/dm-bufio.o
  AR      drivers/crypto/intel/built-in.a
  AR      drivers/crypto/starfive/built-in.a
  AR      drivers/crypto/cavium/built-in.a
  AR      drivers/crypto/ti/built-in.a
  AR      drivers/crypto/built-in.a
  CC [M]  drivers/gpu/drm/i915/gt/intel_engine_user.o
  CC [M]  drivers/net/wireguard/main.o
  CC      drivers/firmware/efi/capsule.o
  CC [M]  drivers/gpu/drm/amd/amdgpu/hdp_v5_0.o
  CC [M]  drivers/gpu/drm/nouveau/nvkm/falcon/cmdq.o
  CC [M]  drivers/net/bonding/bond_debugfs.o
  CC [M]  drivers/gpu/drm/xe/xe_guc_submit.o
  CC      drivers/firmware/efi/esrt.o
  CC [M]  drivers/gpu/drm/nouveau/nvkm/falcon/fw.o
  CC [M]  drivers/net/ipvlan/ipvtap.o
  CC [M]  drivers/gpu/drm/i915/gt/intel_execlists_submission.o
  CC [M]  drivers/md/dm-crypt.o
  CC [M]  drivers/gpu/drm/amd/amdgpu/aldebaran_reg_init.o
  CC [M]  drivers/gpu/drm/nouveau/nvkm/falcon/msgq.o
  CC [M]  drivers/net/wireguard/noise.o
  CC      drivers/firmware/efi/efi-pstore.o
  CC [M]  drivers/net/bonding/bond_netlink.o
  CC [M]  drivers/gpu/drm/nouveau/nvkm/falcon/qmgr.o
  CC [M]  drivers/gpu/drm/nouveau/nvkm/falcon/v1.o
  CC      drivers/firmware/efi/cper.o
  LD [M]  drivers/net/ipvlan/ipvlan.o
  CC [M]  drivers/net/bonding/bond_options.o
  CC [M]  drivers/gpu/drm/amd/amdgpu/aldebaran.o
  CC [M]  drivers/gpu/drm/xe/xe_guc_tlb_inval.o
  CC [M]  drivers/gpu/drm/nouveau/nvkm/falcon/gm200.o
  CC [M]  drivers/net/wireguard/device.o
  CC [M]  drivers/gpu/drm/i915/gt/intel_ggtt.o
  CC [M]  drivers/md/dm-snap.o
  CC [M]  drivers/gpu/drm/amd/amdgpu/soc21.o
  CC [M]  drivers/gpu/drm/nouveau/nvkm/falcon/gp102.o
  CC      drivers/firmware/efi/cper_cxl.o
  CC [M]  drivers/gpu/drm/nouveau/nvkm/falcon/tu102.o
  CC [M]  drivers/gpu/drm/xe/xe_heci_gsc.o
  CC      drivers/clocksource/acpi_pm.o
  CC [M]  drivers/net/bonding/bond_procfs.o
  CC      drivers/firmware/efi/runtime-wrappers.o
  CC [M]  drivers/gpu/drm/xe/xe_huc.o
  CC [M]  drivers/md/dm-exception-store.o
  CC [M]  drivers/net/wireguard/peer.o
  CC [M]  drivers/gpu/drm/amd/amdgpu/soc24.o
  CC [M]  drivers/gpu/drm/i915/gt/intel_ggtt_fencing.o
  CC [M]  drivers/gpu/drm/nouveau/nvkm/falcon/ga100.o
  CC      drivers/clocksource/i8253.o
  CC [M]  drivers/gpu/drm/xe/xe_hw_engine.o
  CC      drivers/firmware/efi/dev-path-parser.o
  CC [M]  drivers/md/dm-snap-transient.o
  AR      drivers/clocksource/built-in.a
  CC      drivers/firmware/efi/apple-properties.o
  LD [M]  drivers/net/bonding/bonding.o
  CC      drivers/firmware/efi/rci2-table.o
  CC [M]  drivers/gpu/drm/nouveau/nvkm/falcon/ga102.o
  CC [M]  drivers/gpu/drm/amd/amdgpu/sienna_cichlid.o
  CC [M]  drivers/net/wireguard/timers.o
  CC [M]  drivers/gpu/drm/xe/xe_hw_engine_class_sysfs.o
  CC [M]  drivers/gpu/drm/i915/gt/intel_gt.o
  CC [M]  drivers/gpu/drm/nouveau/nvkm/subdev/acr/base.o
  CC [M]  drivers/md/dm-snap-persistent.o
  CC [M]  drivers/net/vxlan/vxlan_core.o
  CC      drivers/firmware/efi/sysfb_efi.o
  CC      drivers/firmware/efi/earlycon.o
  CC [M]  drivers/gpu/drm/nouveau/nvkm/subdev/acr/lsfw.o
  CC [M]  drivers/gpu/drm/xe/xe_hw_engine_group.o
  CC [M]  drivers/gpu/drm/amd/amdgpu/smu_v13_0_10.o
  CC [M]  drivers/md/dm-ebs-target.o
  CC [M]  drivers/net/wireguard/queueing.o
  CC [M]  drivers/gpu/drm/xe/xe_hw_error.o
  CC [M]  drivers/gpu/drm/i915/gt/intel_gt_buffer_pool.o
  CC      drivers/firmware/efi/cper-x86.o
  CC [M]  drivers/net/usb/catc.o
  AR      drivers/md/built-in.a
  LD [M]  drivers/md/raid456.o
  CC [M]  drivers/gpu/drm/nouveau/nvkm/subdev/acr/gm200.o
  CC [M]  drivers/net/vxlan/vxlan_multicast.o
  LD [M]  drivers/md/md-mod.o
  LD [M]  drivers/md/dm-mod.o
  LD [M]  drivers/md/dm-snapshot.o
  LD [M]  drivers/md/dm-ebs.o
  CC [M]  drivers/gpu/drm/nouveau/nvkm/subdev/acr/gm20b.o
  CC [M]  drivers/firmware/efi/efibc.o
  CC [M]  drivers/gpu/drm/amd/amdgpu/nbio_v4_3.o
  CC [M]  drivers/net/usb/kaweth.o
  CC [M]  drivers/gpu/drm/xe/xe_hw_fence.o
  CC [M]  drivers/net/wireguard/send.o
  CC [M]  drivers/gpu/drm/i915/gt/intel_gt_ccs_mode.o
  CC [M]  drivers/gpu/drm/nouveau/nvkm/subdev/acr/gp102.o
  CC [M]  drivers/firmware/efi/capsule-loader.o
  AR      drivers/firmware/imx/built-in.a
  CC [M]  drivers/net/vxlan/vxlan_vnifilter.o
  CC [M]  drivers/gpu/drm/amd/amdgpu/hdp_v6_0.o
  CC [M]  drivers/net/thunderbolt/main.o
  CC [M]  drivers/gpu/drm/i915/gt/intel_gt_clock_utils.o
  CC [M]  drivers/net/usb/pegasus.o
  CC [M]  drivers/gpu/drm/xe/xe_irq.o
  CC [M]  drivers/gpu/drm/nouveau/nvkm/subdev/acr/gp108.o
  CC      drivers/firmware/efi/libstub/alignedmem.o
  CC [M]  drivers/gpu/drm/amd/amdgpu/nbio_v7_7.o
  CC [M]  drivers/net/wireguard/receive.o
  CC [M]  drivers/gpu/drm/i915/gt/intel_gt_debugfs.o
  CC [M]  drivers/gpu/drm/i915/gt/intel_gt_engines_debugfs.o
  CC      drivers/firmware/efi/libstub/efi-stub-helper.o
  CC [M]  drivers/gpu/drm/nouveau/nvkm/subdev/acr/gv100.o
  CC [M]  drivers/net/vxlan/vxlan_mdb.o
  CC [M]  drivers/gpu/drm/xe/xe_late_bind_fw.o
  CC [M]  drivers/net/usb/rtl8150.o
  CC [M]  drivers/net/thunderbolt/trace.o
  CC [M]  drivers/gpu/drm/amd/amdgpu/hdp_v5_2.o
  CC [M]  drivers/gpu/drm/nouveau/nvkm/subdev/acr/gp10b.o
  CC [M]  drivers/net/wireguard/socket.o
  CC      drivers/firmware/efi/libstub/file.o
  CC [M]  drivers/gpu/drm/i915/gt/intel_gt_irq.o
  CC [M]  drivers/gpu/drm/nouveau/nvkm/subdev/acr/tu102.o
  LD [M]  drivers/net/thunderbolt/thunderbolt_net.o
  CC [M]  drivers/net/wireguard/peerlookup.o
  CC [M]  drivers/gpu/drm/xe/xe_lrc.o
  CC [M]  drivers/net/usb/r8152.o
  CC [M]  drivers/gpu/drm/nouveau/nvkm/subdev/acr/ga100.o
  CC [M]  drivers/gpu/drm/amd/amdgpu/lsdma_v6_0.o
  CC      drivers/firmware/efi/libstub/gop.o
  LD [M]  drivers/net/vxlan/vxlan.o
  CC [M]  drivers/gpu/drm/nouveau/nvkm/subdev/acr/ga102.o
  CC [M]  drivers/gpu/drm/nouveau/nvkm/subdev/bar/base.o
  CC [M]  drivers/gpu/drm/i915/gt/intel_gt_mcr.o
  AR      drivers/firmware/psci/built-in.a
  CC [M]  drivers/gpu/drm/xe/xe_mem_pool.o
  CC [M]  drivers/net/wireguard/allowedips.o
  AR      drivers/firmware/efi/built-in.a
  CC [M]  drivers/net/usb/hso.o
  CC      drivers/firmware/efi/libstub/lib-cmdline.o
  CC      drivers/firmware/efi/libstub/lib-ctype.o
  CC      drivers/firmware/efi/libstub/mem.o
  CC [M]  drivers/gpu/drm/amd/amdgpu/nbio_v7_9.o
  CC [M]  drivers/gpu/drm/nouveau/nvkm/subdev/bar/nv50.o
  CC      drivers/firmware/efi/libstub/pci.o
  CC      drivers/hid/hid-core.o
  CC [M]  drivers/gpu/drm/i915/gt/intel_gt_pm.o
  CC      drivers/firmware/efi/libstub/printk.o
  CC [M]  drivers/net/wireguard/ratelimiter.o
  CC [M]  drivers/gpu/drm/xe/xe_migrate.o
  CC      drivers/firmware/efi/libstub/random.o
  CC [M]  drivers/gpu/drm/nouveau/nvkm/subdev/bar/g84.o
  CC [M]  drivers/gpu/drm/amd/amdgpu/aqua_vanjaram.o
  CC      drivers/firmware/efi/libstub/randomalloc.o
  CC [M]  drivers/net/usb/lan78xx.o
  CC [M]  drivers/gpu/drm/i915/gt/intel_gt_pm_debugfs.o
  CC      drivers/hid/hid-input.o
  CC [M]  drivers/gpu/drm/nouveau/nvkm/subdev/bar/gf100.o
  CC [M]  drivers/net/wireguard/cookie.o
  CC      drivers/firmware/efi/libstub/secureboot.o
  CC [M]  drivers/gpu/drm/amd/amdgpu/nbio_v7_11.o
  CC [M]  drivers/gpu/drm/xe/xe_mmio.o
  CC      drivers/firmware/efi/libstub/skip_spaces.o
  CC      drivers/firmware/efi/libstub/smbios.o
  CC [M]  drivers/gpu/drm/amd/amdgpu/lsdma_v7_0.o
  CC [M]  drivers/gpu/drm/nouveau/nvkm/subdev/bar/gk20a.o
  CC [M]  drivers/net/usb/asix_devices.o
  AR      drivers/firmware/qcom/built-in.a
  CC [M]  drivers/gpu/drm/i915/gt/intel_gt_pm_irq.o
  CC [M]  drivers/net/wireguard/netlink.o
  CC [M]  drivers/net/wireguard/generated/netlink.o
  CC      drivers/hid/hid-quirks.o
  CC      drivers/firmware/efi/libstub/tpm.o
  CC [M]  drivers/gpu/drm/i915/gt/intel_gt_requests.o
  CC [M]  drivers/gpu/drm/xe/xe_mmio_gem.o
  CC [M]  drivers/gpu/drm/nouveau/nvkm/subdev/bar/gm107.o
  CC [M]  drivers/gpu/drm/amd/amdgpu/hdp_v7_0.o
  CC      drivers/firmware/efi/libstub/vsprintf.o
  CC      drivers/firmware/efi/libstub/x86-5lvl.o
  CC      drivers/hid/hid-debug.o
  AR      drivers/platform/x86/amd/built-in.a
  AR      drivers/platform/x86/hp/built-in.a
  CC [M]  drivers/platform/x86/hp/hp-wmi.o
  CC [M]  drivers/net/usb/asix_common.o
  CC      drivers/firmware/efi/libstub/x86-stub.o
  LD [M]  drivers/net/wireguard/wireguard.o
  CC [M]  drivers/net/usb/ax88172a.o
  CC [M]  drivers/gpu/drm/i915/gt/intel_gt_sysfs.o
  CC [M]  drivers/gpu/drm/xe/xe_mocs.o
  CC [M]  drivers/gpu/drm/nouveau/nvkm/subdev/bar/gm20b.o
  CC [M]  drivers/gpu/drm/amd/amdgpu/nbif_v6_3_1.o
  STUBCPY drivers/firmware/efi/libstub/alignedmem.stub.o
  STUBCPY drivers/firmware/efi/libstub/efi-stub-helper.stub.o
  STUBCPY drivers/firmware/efi/libstub/file.stub.o
  CC [M]  drivers/platform/x86/hp/hp-bioscfg/bioscfg.o
  STUBCPY drivers/firmware/efi/libstub/gop.stub.o
  CC      drivers/hid/hid-haptic.o
  STUBCPY drivers/firmware/efi/libstub/lib-cmdline.stub.o
  STUBCPY drivers/firmware/efi/libstub/lib-ctype.stub.o
  STUBCPY drivers/firmware/efi/libstub/mem.stub.o
  STUBCPY drivers/firmware/efi/libstub/pci.stub.o
  STUBCPY drivers/firmware/efi/libstub/printk.stub.o
  STUBCPY drivers/firmware/efi/libstub/random.stub.o
  CC [M]  drivers/gpu/drm/nouveau/nvkm/subdev/bar/tu102.o
  STUBCPY drivers/firmware/efi/libstub/randomalloc.stub.o
  STUBCPY drivers/firmware/efi/libstub/secureboot.stub.o
  STUBCPY drivers/firmware/efi/libstub/skip_spaces.stub.o
  STUBCPY drivers/firmware/efi/libstub/smbios.stub.o
  STUBCPY drivers/firmware/efi/libstub/tpm.stub.o
  STUBCPY drivers/firmware/efi/libstub/vsprintf.stub.o
  STUBCPY drivers/firmware/efi/libstub/x86-5lvl.stub.o
  STUBCPY drivers/firmware/efi/libstub/x86-stub.stub.o
  AR      drivers/firmware/efi/libstub/lib.a
  AR      drivers/firmware/samsung/built-in.a
  AR      drivers/firmware/smccc/built-in.a
  AR      drivers/firmware/tegra/built-in.a
  AR      drivers/firmware/xilinx/built-in.a
  AR      drivers/firmware/built-in.a
  CC      drivers/hid/hidraw.o
  CC      drivers/hid/hid-generic.o
  CC [M]  drivers/net/usb/ax88179_178a.o
  CC [M]  drivers/gpu/drm/i915/gt/intel_gt_sysfs_pm.o
  CC [M]  drivers/platform/x86/hp/hp-bioscfg/biosattr-interface.o
  CC      drivers/hid/usbhid/hid-core.o
  AR      drivers/platform/x86/lenovo/built-in.a
  CC [M]  drivers/platform/x86/lenovo/ideapad-laptop.o
  CC [M]  drivers/gpu/drm/amd/amdgpu/cyan_skillfish_reg_init.o
  CC [M]  drivers/gpu/drm/nouveau/nvkm/subdev/bios/base.o
  CC [M]  drivers/gpu/drm/amd/amdgpu/soc_v1_0.o
  CC [M]  drivers/gpu/drm/xe/xe_module.o
  CC [M]  drivers/platform/x86/hp/hp-bioscfg/enum-attributes.o
  CC [M]  drivers/platform/x86/lenovo/thinkpad_acpi.o
  CC [M]  drivers/gpu/drm/i915/gt/intel_gtt.o
  CC      drivers/hid/usbhid/hiddev.o
  CC [M]  drivers/gpu/drm/xe/xe_nvm.o
  CC [M]  drivers/net/usb/cdc_ether.o
  AR      drivers/net/built-in.a
  CC [M]  drivers/gpu/drm/nouveau/nvkm/subdev/bios/bit.o
  CC [M]  drivers/gpu/drm/nouveau/nvkm/subdev/bios/boost.o
  CC [M]  drivers/platform/x86/hp/hp-bioscfg/int-attributes.o
  CC [M]  drivers/gpu/drm/amd/amdgpu/lsdma_v7_1.o
  CC [M]  drivers/gpu/drm/xe/xe_oa.o
  CC      drivers/hid/usbhid/hid-pidff.o
  CC      drivers/mailbox/mailbox.o
  CC [M]  drivers/platform/x86/hp/hp-bioscfg/order-list-attributes.o
  CC [M]  drivers/gpu/drm/i915/gt/intel_llc.o
  CC [M]  drivers/gpu/drm/nouveau/nvkm/subdev/bios/conn.o
  CC [M]  drivers/net/usb/cdc_eem.o
  CC [M]  drivers/gpu/drm/amd/amdgpu/df_v1_7.o
  CC [M]  drivers/gpu/drm/xe/xe_observation.o
  CC [M]  drivers/gpu/drm/amd/amdgpu/df_v3_6.o
  CC      drivers/mailbox/pcc.o
  CC [M]  drivers/platform/x86/hp/hp-bioscfg/passwdobj-attributes.o
  CC [M]  drivers/gpu/drm/i915/gt/intel_lrc.o
  CC [M]  drivers/gpu/drm/nouveau/nvkm/subdev/bios/cstep.o
  CC [M]  drivers/hid/uhid.o
  AR      drivers/mailbox/built-in.a
  AR      drivers/virt/vboxguest/built-in.a
  AR      drivers/virt/coco/built-in.a
  AR      drivers/virt/built-in.a
  CC      drivers/extcon/extcon.o
  AR      drivers/hid/usbhid/built-in.a
  CC [M]  drivers/gpu/drm/xe/xe_pagefault.o
  CC [M]  drivers/net/usb/dm9601.o
  CC [M]  drivers/net/usb/sr9700.o
  CC [M]  drivers/platform/x86/hp/hp-bioscfg/spmobj-attributes.o
  CC      drivers/extcon/devres.o
  CC [M]  drivers/gpu/drm/amd/amdgpu/df_v4_3.o
  AR      drivers/extcon/built-in.a
  CC [M]  drivers/gpu/drm/nouveau/nvkm/subdev/bios/dcb.o
  CC [M]  drivers/net/usb/sr9800.o
  CC [M]  drivers/hid/hid-axff.o
  CC [M]  drivers/gpu/drm/i915/gt/intel_migrate.o
  CC [M]  drivers/platform/x86/hp/hp-bioscfg/string-attributes.o
  CC [M]  drivers/gpu/drm/xe/xe_page_reclaim.o
  CC [M]  drivers/platform/x86/hp/hp-bioscfg/surestart-attributes.o
  CC [M]  drivers/hid/hid-betopff.o
  CC [M]  drivers/gpu/drm/i915/gt/intel_mocs.o
  CC [M]  drivers/gpu/drm/nouveau/nvkm/subdev/bios/disp.o
  CC [M]  drivers/net/usb/smsc75xx.o
  CC [M]  drivers/gpu/drm/amd/amdgpu/df_v4_6_2.o
  CC [M]  drivers/hid/hid-bigbenff.o
  CC [M]  drivers/gpu/drm/i915/gt/intel_ppgtt.o
  LD [M]  drivers/platform/x86/hp/hp-bioscfg/hp-bioscfg.o
  AR      drivers/platform/x86/intel/wmi/built-in.a
  CC [M]  drivers/platform/x86/intel/wmi/thunderbolt.o
  CC [M]  drivers/gpu/drm/xe/xe_pat.o
  CC [M]  drivers/gpu/drm/amd/amdgpu/df_v4_15.o
  AR      drivers/platform/x86/uniwill/built-in.a
  CC [M]  drivers/platform/x86/uniwill/uniwill-acpi.o
  CC [M]  drivers/platform/wmi/core.o
  CC [M]  drivers/gpu/drm/nouveau/nvkm/subdev/bios/dp.o
  CC [M]  drivers/hid/hid-cp2112.o
  LD [M]  drivers/platform/x86/intel/wmi/intel-wmi-thunderbolt.o
  CC      drivers/platform/x86/intel/turbo_max_3.o
  CC [M]  drivers/gpu/drm/amd/amdgpu/gmc_v7_0.o
  CC [M]  drivers/gpu/drm/i915/gt/intel_rc6.o
  CC [M]  drivers/platform/x86/intel/hid.o
  CC [M]  drivers/net/usb/smsc95xx.o
  CC [M]  drivers/platform/x86/uniwill/uniwill-wmi.o
  CC [M]  drivers/platform/wmi/marshalling.o
  CC [M]  drivers/gpu/drm/amd/amdgpu/gmc_v8_0.o
  CC [M]  drivers/gpu/drm/nouveau/nvkm/subdev/bios/extdev.o
  CC [M]  drivers/hid/hid-dr.o
  LD [M]  drivers/platform/x86/uniwill/uniwill-laptop.o
  CC [M]  drivers/gpu/drm/nouveau/nvkm/subdev/bios/fan.o
  CC [M]  drivers/platform/wmi/string.o
  CC [M]  drivers/platform/x86/intel/vbtn.o
  CC [M]  drivers/gpu/drm/i915/gt/intel_region_lmem.o
  CC      drivers/platform/x86/p2sb.o
  CC [M]  drivers/gpu/drm/amd/amdgpu/gfxhub_v1_0.o
  CC [M]  drivers/hid/hid-emsff.o
  CC [M]  drivers/net/usb/gl620a.o
  CC [M]  drivers/gpu/drm/i915/gt/intel_renderstate.o
  LD [M]  drivers/platform/wmi/wmi.o
  CC [M]  drivers/gpu/drm/amd/amdgpu/mmhub_v1_0.o
  CC [M]  drivers/gpu/drm/nouveau/nvkm/subdev/bios/gpio.o
  CC [M]  drivers/gpu/drm/amd/amdgpu/gmc_v9_0.o
  CC [M]  drivers/platform/x86/intel/ehl_pse_io.o
  CC [M]  drivers/gpu/drm/xe/xe_pci.o
  CC [M]  drivers/gpu/drm/i915/gt/intel_reset.o
  CC [M]  drivers/hid/hid-ft260.o
  CC [M]  drivers/net/usb/net1080.o
  AR      drivers/memory/built-in.a
  CC [M]  drivers/platform/x86/intel/vsec.o
  CC [M]  drivers/gpu/drm/nouveau/nvkm/subdev/bios/i2c.o
  CC [M]  drivers/gpu/drm/i915/gt/intel_ring.o
  CC [M]  drivers/hid/hid-google-stadiaff.o
  CC [M]  drivers/gpu/drm/xe/xe_pci_rebar.o
  CC [M]  drivers/gpu/drm/amd/amdgpu/gfxhub_v1_1.o
  CC [M]  drivers/hid/hid-holtek-kbd.o
  CC      drivers/platform/x86/intel_scu_ipc.o
  CC      drivers/powercap/powercap_sys.o
  CC [M]  drivers/platform/x86/intel/punit_ipc.o
  CC [M]  drivers/gpu/drm/nouveau/nvkm/subdev/bios/iccsense.o
  CC [M]  drivers/net/usb/plusb.o
  CC [M]  drivers/gpu/drm/i915/gt/intel_ring_submission.o
  CC [M]  drivers/gpu/drm/xe/xe_pcode.o
  CC [M]  drivers/platform/x86/intel/plr_tpmi.o
  CC [M]  drivers/hid/hid-holtek-mouse.o
  CC [M]  drivers/gpu/drm/i915/gt/intel_rps.o
  CC [M]  drivers/platform/x86/intel/tpmi_power_domains.o
  CC      drivers/powercap/idle_inject.o
  CC [M]  drivers/gpu/drm/amd/amdgpu/mmhub_v9_4.o
  CC [M]  drivers/gpu/drm/nouveau/nvkm/subdev/bios/image.o
  CC [M]  drivers/gpu/drm/xe/xe_pm.o
  CC [M]  drivers/net/usb/rndis_host.o
  CC [M]  drivers/hid/hid-holtekff.o
  CC [M]  drivers/platform/x86/intel/vsec_tpmi.o
  CC [M]  drivers/powercap/intel_rapl_common.o
  CC [M]  drivers/net/usb/cdc_subset.o
  CC [M]  drivers/gpu/drm/amd/amdgpu/gfxhub_v2_0.o
  CC [M]  drivers/gpu/drm/xe/xe_preempt_fence.o
  CC [M]  drivers/gpu/drm/nouveau/nvkm/subdev/bios/init.o
  CC [M]  drivers/hid/hid-jabra.o
  CC [M]  drivers/gpu/drm/i915/gt/intel_sa_media.o
  CC [M]  drivers/powercap/intel_rapl_msr.o
  CC [M]  drivers/platform/x86/intel/rst.o
  CC [M]  drivers/gpu/drm/xe/xe_psmi.o
  CC [M]  drivers/net/usb/zaurus.o
  CC [M]  drivers/net/usb/mcs7830.o
  CC [M]  drivers/gpu/drm/xe/xe_pt.o
  CC [M]  drivers/gpu/drm/amd/amdgpu/mmhub_v2_0.o
  CC [M]  drivers/hid/hid-lg.o
  CC [M]  drivers/platform/x86/intel/pmc/core.o
  CC [M]  drivers/powercap/intel_rapl_tpmi.o
  CC [M]  drivers/gpu/drm/i915/gt/intel_sseu.o
  CC [M]  drivers/gpu/drm/nouveau/nvkm/subdev/bios/mxm.o
  CC [M]  drivers/gpu/drm/xe/xe_pt_walk.o
  AR      drivers/powercap/built-in.a
  CC [M]  drivers/platform/x86/intel/pmt/class.o
  AR      drivers/perf/built-in.a
  CC [M]  drivers/perf/dwc_pcie_pmu.o
  CC [M]  drivers/net/usb/usbnet.o
  CC [M]  drivers/gpu/drm/nouveau/nvkm/subdev/bios/npde.o
  CC [M]  drivers/hid/hid-lgff.o
  CC [M]  drivers/gpu/drm/amd/amdgpu/gmc_v10_0.o
  CC [M]  drivers/gpu/drm/xe/xe_pxp.o
  CC [M]  drivers/platform/x86/intel/pmc/spt.o
  CC [M]  drivers/gpu/drm/nouveau/nvkm/subdev/bios/pcir.o
  CC [M]  drivers/platform/x86/intel/pmt/telemetry.o
  CC [M]  drivers/hid/hid-lg2ff.o
  CC [M]  drivers/gpu/drm/i915/gt/intel_sseu_debugfs.o
  CC [M]  drivers/gpu/drm/xe/xe_pxp_debugfs.o
  CC [M]  drivers/gpu/drm/amd/amdgpu/gfxhub_v2_1.o
  CC [M]  drivers/platform/x86/intel/pmc/cnp.o
  CC [M]  drivers/hid/hid-lg3ff.o
  CC [M]  drivers/gpu/drm/nouveau/nvkm/subdev/bios/perf.o
  CC [M]  drivers/net/usb/int51x1.o
  CC [M]  drivers/platform/x86/intel/pmt/crashlog.o
  CC [M]  drivers/gpu/drm/nouveau/nvkm/subdev/bios/pll.o
  CC [M]  drivers/gpu/drm/amd/amdgpu/mmhub_v2_3.o
  CC [M]  drivers/gpu/drm/xe/xe_pxp_submit.o
  CC [M]  drivers/gpu/drm/i915/gt/intel_timeline.o
  CC [M]  drivers/platform/x86/intel/pmc/icl.o
  CC [M]  drivers/hid/hid-lg4ff.o
  CC [M]  drivers/platform/x86/intel/pmt/discovery.o
  CC [M]  drivers/gpu/drm/xe/xe_query.o
  CC [M]  drivers/gpu/drm/nouveau/nvkm/subdev/bios/pmu.o
  CC [M]  drivers/net/usb/kalmia.o
  CC [M]  drivers/gpu/drm/i915/gt/intel_tlb.o
  CC [M]  drivers/platform/x86/intel/pmc/tgl.o
  CC [M]  drivers/gpu/drm/amd/amdgpu/mmhub_v1_7.o
  CC [M]  drivers/gpu/drm/nouveau/nvkm/subdev/bios/power_budget.o
  CC [M]  drivers/platform/x86/intel/pmt/features.o
  LD [M]  drivers/platform/x86/intel/pmt/pmt_class.o
  LD [M]  drivers/platform/x86/intel/pmt/pmt_telemetry.o
  LD [M]  drivers/platform/x86/intel/pmt/pmt_crashlog.o
  CC [M]  drivers/gpu/drm/amd/amdgpu/gfxhub_v3_0.o
  LD [M]  drivers/platform/x86/intel/pmt/pmt_discovery.o
  CC [M]  drivers/net/usb/ipheth.o
  CC [M]  drivers/hid/hid-lg-g15.o
  CC [M]  drivers/gpu/drm/nouveau/nvkm/subdev/bios/ramcfg.o
  CC [M]  drivers/platform/x86/intel/pmc/adl.o
  CC [M]  drivers/gpu/drm/xe/xe_range_fence.o
  CC [M]  drivers/gpu/drm/xe/xe_reg_sr.o
  CC [M]  drivers/gpu/drm/i915/gt/intel_wopcm.o
  CC [M]  drivers/gpu/drm/nouveau/nvkm/subdev/bios/rammap.o
  CC      drivers/platform/x86/intel_scu_pcidrv.o
  CC [M]  drivers/platform/x86/intel/pmc/mtl.o
  CC [M]  drivers/platform/x86/intel/pmc/arl.o
  CC [M]  drivers/net/usb/sierra_net.o
  CC [M]  drivers/gpu/drm/nouveau/nvkm/subdev/bios/shadow.o
  CC [M]  drivers/hid/hid-logitech-dj.o
  CC [M]  drivers/gpu/drm/amd/amdgpu/mmhub_v3_0.o
  CC [M]  drivers/gpu/drm/nouveau/nvkm/subdev/bios/shadowacpi.o
  CC      drivers/platform/x86/pmc_atom.o
  CC [M]  drivers/gpu/drm/xe/xe_reg_whitelist.o
  CC [M]  drivers/gpu/drm/i915/gt/intel_workarounds.o
  CC [M]  drivers/platform/x86/intel/uncore-frequency/uncore-frequency.o
  CC [M]  drivers/platform/x86/intel/pmc/lnl.o
  CC [M]  drivers/platform/x86/intel/uncore-frequency/uncore-frequency-common.o
  CC [M]  drivers/hid/hid-logitech-hidpp.o
  CC [M]  drivers/gpu/drm/nouveau/nvkm/subdev/bios/shadowof.o
  CC [M]  drivers/net/usb/cx82310_eth.o
  CC [M]  drivers/gpu/drm/amd/amdgpu/mmhub_v3_0_2.o
  CC [M]  drivers/platform/x86/intel/uncore-frequency/uncore-frequency-tpmi.o
  CC [M]  drivers/platform/x86/intel/pmc/ptl.o
  CC      drivers/ras/ras.o
  LD [M]  drivers/platform/x86/intel/uncore-frequency/intel-uncore-frequency.o
  LD [M]  drivers/platform/x86/intel/uncore-frequency/intel-uncore-frequency-common.o
  LD [M]  drivers/platform/x86/intel/uncore-frequency/intel-uncore-frequency-tpmi.o
  CC      drivers/ras/debugfs.o
  CC [M]  drivers/gpu/drm/i915/gt/shmem_utils.o
  CC [M]  drivers/gpu/drm/nouveau/nvkm/subdev/bios/shadowpci.o
  CC [M]  drivers/platform/x86/intel/pmc/wcl.o
  CC      drivers/ras/cec.o
  CC [M]  drivers/gpu/drm/xe/xe_ring_ops.o
  CC [M]  drivers/gpu/drm/i915/gt/sysfs_engines.o
  CC [M]  drivers/net/usb/cdc_ncm.o
  CC [M]  drivers/gpu/drm/amd/amdgpu/gmc_v11_0.o
  CC [M]  drivers/hid/hid-mcp2200.o
  CC [M]  drivers/hid/hid-mcp2221.o
  CC [M]  drivers/platform/x86/intel/pmc/pltdrv.o
  AR      drivers/ras/amd/atl/built-in.a
  AR      drivers/ras/built-in.a
  CC [M]  drivers/hid/hid-mf.o
  CC [M]  drivers/gpu/drm/nouveau/nvkm/subdev/bios/shadowramin.o
  AR      drivers/hwtracing/intel_th/built-in.a
  AR      drivers/android/built-in.a
  CC [M]  drivers/platform/x86/intel/pmc/ssram_telemetry.o
  CC [M]  drivers/gpu/drm/i915/gt/intel_ggtt_gmch.o
  CC [M]  drivers/net/usb/huawei_cdc_ncm.o
  CC [M]  drivers/gpu/drm/xe/xe_rtp.o
  CC [M]  drivers/gpu/drm/amd/amdgpu/mmhub_v3_0_1.o
  CC      drivers/nvmem/core.o
  CC [M]  drivers/hid/hid-microsoft.o
  AR      drivers/nvmem/layouts/built-in.a
  LD [M]  drivers/platform/x86/intel/pmc/intel_pmc_core.o
  CC [M]  drivers/hid/hid-multitouch.o
  LD [M]  drivers/platform/x86/intel/pmc/intel_pmc_core_pltdrv.o
  LD [M]  drivers/platform/x86/intel/pmc/intel_pmc_ssram_telemetry.o
  AR      drivers/platform/x86/intel/built-in.a
  LD [M]  drivers/platform/x86/intel/intel-hid.o
  LD [M]  drivers/platform/x86/intel/intel-vbtn.o
  LD [M]  drivers/platform/x86/intel/intel-ehl_pse_io.o
  LD [M]  drivers/platform/x86/intel/intel-vsec.o
  LD [M]  drivers/platform/x86/intel/intel-punit_ipc.o
  LD [M]  drivers/platform/x86/intel/intel-plr_tpmi.o
  LD [M]  drivers/platform/x86/intel/intel-tpmi_power_domains.o
  LD [M]  drivers/platform/x86/intel/intel-vsec_tpmi.o
  CC [M]  drivers/gpu/drm/nouveau/nvkm/subdev/bios/shadowrom.o
  LD [M]  drivers/platform/x86/intel/intel-rst.o
  AR      drivers/platform/x86/tuxedo/nb04/built-in.a
  AR      drivers/platform/x86/tuxedo/built-in.a
  CC [M]  drivers/platform/x86/wmi-bmof.o
  CC [M]  drivers/gpu/drm/nouveau/nvkm/subdev/bios/timing.o
  CC [M]  drivers/gpu/drm/xe/xe_sa.o
  CC [M]  drivers/gpu/drm/i915/gt/gen6_renderstate.o
  CC [M]  drivers/net/usb/lg-vl600.o
  AR      drivers/nvmem/built-in.a
  CC [M]  drivers/net/usb/qmi_wwan.o
  CC [M]  drivers/platform/x86/mxm-wmi.o
  CC [M]  drivers/gpu/drm/nouveau/nvkm/subdev/bios/therm.o
  CC [M]  drivers/gpu/drm/i915/gt/gen7_renderstate.o
  CC [M]  drivers/gpu/drm/amd/amdgpu/gfxhub_v3_0_3.o
  CC [M]  drivers/gpu/drm/nouveau/nvkm/subdev/bios/vmap.o
  CC [M]  drivers/hid/hid-nintendo.o
  CC [M]  drivers/gpu/drm/xe/xe_sched_job.o
  CC [M]  drivers/gpu/drm/i915/gt/gen8_renderstate.o
  CC [M]  drivers/gpu/drm/i915/gt/gen9_renderstate.o
  CC [M]  drivers/platform/x86/nvidia-wmi-ec-backlight.o
  CC [M]  drivers/gpu/drm/i915/gem/i915_gem_busy.o
  CC [M]  drivers/hid/hid-pl.o
  CC [M]  drivers/gpu/drm/xe/xe_shrinker.o
  CC      drivers/mux/core.o
  CC [M]  drivers/gpu/drm/nouveau/nvkm/subdev/bios/volt.o
  CC [M]  drivers/net/usb/cdc_mbim.o
  CC [M]  drivers/platform/x86/acer-wmi.o
  CC [M]  drivers/gpu/drm/amd/amdgpu/gfxhub_v1_2.o
  CC [M]  drivers/gpu/drm/nouveau/nvkm/subdev/bios/vpstate.o
  CC [M]  drivers/gpu/drm/xe/xe_soc_remapper.o
  CC [M]  drivers/hid/hid-plantronics.o
  AR      drivers/mux/built-in.a
  CC [M]  drivers/gpu/drm/xe/xe_step.o
  CC [M]  drivers/gpu/drm/i915/gem/i915_gem_clflush.o
  CC [M]  drivers/gpu/drm/amd/amdgpu/mmhub_v1_8.o
  CC [M]  drivers/gpu/drm/nouveau/nvkm/subdev/bios/xpio.o
  CC [M]  drivers/hid/hid-playstation.o
  CC [M]  drivers/net/usb/ch9200.o
  CC [M]  drivers/platform/x86/asus-wmi.o
  CC [M]  drivers/gpu/drm/nouveau/nvkm/subdev/bios/M0203.o
  CC [M]  drivers/gpu/drm/nouveau/nvkm/subdev/bios/M0205.o
  CC [M]  drivers/gpu/drm/xe/xe_survivability_mode.o
  CC [M]  drivers/gpu/drm/i915/gem/i915_gem_context.o
  AR      drivers/accel/built-in.a
  CC [M]  drivers/platform/x86/asus-nb-wmi.o
  CC [M]  drivers/net/usb/aqc111.o
  CC [M]  drivers/hid/hid-sjoy.o
  CC [M]  drivers/gpu/drm/amd/amdgpu/mmhub_v3_3.o
  CC [M]  drivers/gpu/drm/i915/gem/i915_gem_create.o
  CC [M]  drivers/gpu/drm/nouveau/nvkm/subdev/bios/M0209.o
  CC [M]  drivers/gpu/drm/nouveau/nvkm/subdev/bios/P0260.o
  CC [M]  drivers/platform/x86/firmware_attributes_class.o
  CC [M]  drivers/gpu/drm/xe/xe_sync.o
  CC [M]  drivers/gpu/drm/amd/amdgpu/gfxhub_v11_5_0.o
  CC [M]  drivers/hid/hid-sony.o
  CC [M]  drivers/net/usb/r8153_ecm.o
  CC [M]  drivers/platform/x86/quickstart.o
  CC [M]  drivers/platform/x86/msi-laptop.o
  CC [M]  drivers/gpu/drm/amd/amdgpu/mmhub_v4_1_0.o
  CC [M]  drivers/gpu/drm/nouveau/nvkm/subdev/bus/base.o
  CC [M]  drivers/gpu/drm/i915/gem/i915_gem_dmabuf.o
  CC [M]  drivers/gpu/drm/xe/xe_tile.o
  CC [M]  drivers/hid/hid-steam.o
  CC [M]  drivers/gpu/drm/nouveau/nvkm/subdev/bus/hwsq.o
  CC [M]  drivers/platform/x86/msi-wmi.o
  CC [M]  drivers/gpu/drm/nouveau/nvkm/subdev/bus/nv04.o
  LD [M]  drivers/net/usb/asix.o
  CC [M]  drivers/hid/hid-gaff.o
  AR      drivers/resctrl/built-in.a
  CC [M]  drivers/gpu/drm/i915/gem/i915_gem_domain.o
  CC [M]  drivers/gpu/drm/nouveau/nvkm/subdev/bus/nv31.o
  CC [M]  drivers/gpu/drm/xe/xe_tile_sysfs.o
  CC [M]  drivers/gpu/drm/amd/amdgpu/gfxhub_v12_0.o
  CC [M]  drivers/gpu/drm/nouveau/nvkm/subdev/bus/nv50.o
  CC [M]  drivers/hid/hid-tmff.o
  CC [M]  drivers/platform/x86/samsung-laptop.o
  CC [M]  drivers/nvdimm/core.o
  CC [M]  drivers/pps/pps.o
  CC [M]  drivers/hid/hid-thrustmaster.o
  CC [M]  drivers/pps/kapi.o
  CC [M]  drivers/gpu/drm/xe/xe_tlb_inval.o
  CC [M]  drivers/gpu/drm/i915/gem/i915_gem_execbuffer.o
  CC [M]  drivers/nvdimm/bus.o
  CC [M]  drivers/gpu/drm/nouveau/nvkm/subdev/bus/g94.o
  CC [M]  drivers/platform/x86/toshiba-wmi.o
  CC [M]  drivers/gpu/drm/amd/amdgpu/gmc_v12_0.o
  CC [M]  drivers/gpu/drm/nouveau/nvkm/subdev/bus/gf100.o
  CC [M]  drivers/pps/sysfs.o
  CC [M]  drivers/nvdimm/dimm_devs.o
  CC [M]  drivers/hid/hid-u2fzero.o
  CC [M]  drivers/platform/x86/system76_acpi.o
  CC [M]  drivers/gpu/drm/xe/xe_tlb_inval_job.o
  CC [M]  drivers/nvdimm/nd_perf.o
  LD [M]  drivers/pps/pps_core.o
  CC [M]  drivers/nvdimm/dimm.o
  CC [M]  drivers/platform/x86/intel_scu_pltdrv.o
  CC [M]  drivers/gpu/drm/nouveau/nvkm/subdev/clk/base.o
  CC [M]  drivers/gpu/drm/amd/amdgpu/mmhub_v4_2_0.o
  CC [M]  drivers/hid/hid-uclogic-core.o
  CC [M]  drivers/gpu/drm/xe/xe_trace.o
  CC [M]  drivers/gpu/drm/i915/gem/i915_gem_internal.o
  CC [M]  drivers/gpu/drm/xe/xe_trace_bo.o
  CC [M]  drivers/platform/x86/intel_scu_ipcutil.o
  CC [M]  drivers/w1/w1.o
  CC [M]  drivers/nvdimm/region_devs.o
  CC [M]  drivers/gpu/drm/nouveau/nvkm/subdev/clk/nv04.o
  CC [M]  drivers/gpu/drm/amd/amdgpu/gfxhub_v12_1.o
  CC [M]  drivers/hid/hid-uclogic-rdesc.o
  AR      drivers/platform/x86/built-in.a
  AR      drivers/platform/built-in.a
  CC [M]  drivers/gpu/drm/nouveau/nvkm/subdev/clk/nv40.o
  CC [M]  drivers/w1/w1_int.o
  CC [M]  drivers/gpu/drm/i915/gem/i915_gem_lmem.o
  CC [M]  drivers/gpu/drm/xe/xe_trace_guc.o
  CC [M]  drivers/bluetooth/hci_vhci.o
  CC [M]  drivers/gpu/drm/amd/amdgpu/gmc_v12_1.o
  CC [M]  drivers/hid/hid-uclogic-params.o
  CC [M]  drivers/gpu/drm/amd/amdgpu/umc_v6_0.o
  CC [M]  drivers/nvdimm/region.o
  CC [M]  drivers/gpu/drm/nouveau/nvkm/subdev/clk/nv50.o
  CC [M]  drivers/gpu/drm/amd/amdgpu/umc_v6_1.o
  CC [M]  drivers/w1/w1_family.o
  CC [M]  drivers/gpu/drm/xe/xe_trace_lrc.o
  CC [M]  drivers/gpu/drm/i915/gem/i915_gem_mman.o
  CC [M]  drivers/gpu/drm/xe/xe_ttm_stolen_mgr.o
  CC [M]  drivers/hid/hid-universal-pidff.o
  CC [M]  drivers/nvdimm/namespace_devs.o
  CC [M]  drivers/gpu/drm/amd/amdgpu/umc_v6_7.o
  CC [M]  drivers/bluetooth/hci_ldisc.o
  CC [M]  drivers/w1/w1_netlink.o
  CC [M]  drivers/gpu/drm/nouveau/nvkm/subdev/clk/g84.o
  CC [M]  drivers/gpu/drm/amd/amdgpu/umc_v8_7.o
  CC [M]  drivers/gpu/drm/xe/xe_ttm_sys_mgr.o
  CC [M]  drivers/gpu/drm/nouveau/nvkm/subdev/clk/gt215.o
  CC [M]  drivers/gpu/drm/i915/gem/i915_gem_object.o
  CC [M]  drivers/hid/hid-led.o
  CC [M]  drivers/w1/w1_io.o
  CC [M]  drivers/gpu/drm/amd/amdgpu/umc_v8_10.o
  CC [M]  drivers/gpu/drm/nouveau/nvkm/subdev/clk/mcp77.o
  CC [M]  drivers/bluetooth/hci_serdev.o
  CC [M]  drivers/nvdimm/label.o
  CC [M]  drivers/w1/slaves/w1_ds2780.o
  CC [M]  drivers/bluetooth/hci_h4.o
  CC [M]  drivers/gpu/drm/xe/xe_ttm_vram_mgr.o
  CC [M]  drivers/hid/hid-zpff.o
  CC [M]  drivers/w1/slaves/w1_ds2781.o
  CC [M]  drivers/gpu/drm/i915/gem/i915_gem_object_frontbuffer.o
  LD [M]  drivers/w1/wire.o
  CC [M]  drivers/gpu/drm/amd/amdgpu/umc_v12_0.o
  CC [M]  drivers/gpu/drm/nouveau/nvkm/subdev/clk/gf100.o
  CC [M]  drivers/dca/dca-core.o
  CC [M]  drivers/dca/dca-sysfs.o
  CC [M]  drivers/nvdimm/badrange.o
  CC [M]  drivers/gpu/drm/amd/amdgpu/umc_v8_14.o
  CC [M]  drivers/hid/i2c-hid/i2c-hid-core.o
  CC [M]  drivers/bluetooth/hci_bcsp.o
  CC [M]  drivers/gpu/drm/xe/xe_tuning.o
  CC [M]  drivers/gpu/drm/i915/gem/i915_gem_pages.o
  CC [M]  drivers/bluetooth/hci_ll.o
  CC [M]  drivers/gpu/drm/nouveau/nvkm/subdev/clk/gk104.o
  CC [M]  drivers/gpu/drm/amd/amdgpu/amdgpu_irq.o
  LD [M]  drivers/dca/dca.o
  CC [M]  drivers/gpu/drm/amd/amdgpu/amdgpu_ih.o
  LD [M]  drivers/nvdimm/libnvdimm.o
  CC [M]  drivers/gpu/drm/amd/amdgpu/iceland_ih.o
  CC [M]  drivers/gpu/drm/xe/xe_uc.o
  CC [M]  drivers/gpu/drm/xe/xe_uc_fw.o
  CC [M]  drivers/hid/i2c-hid/i2c-hid-dmi-quirks.o
  CC [M]  drivers/gpu/drm/i915/gem/i915_gem_phys.o
  CC [M]  drivers/gpu/drm/nouveau/nvkm/subdev/clk/gk20a.o
  AR      drivers/hid/built-in.a
  CC [M]  drivers/soundwire/bus_type.o
  CC [M]  drivers/bluetooth/hci_ath.o
  CC [M]  drivers/soundwire/bus.o
  CC [M]  drivers/bluetooth/hci_h5.o
  CC [M]  drivers/hid/i2c-hid/i2c-hid-acpi.o
  CC [M]  drivers/gpu/drm/amd/amdgpu/tonga_ih.o
  CC [M]  drivers/gpu/drm/xe/xe_validation.o
  CC [M]  drivers/bluetooth/hci_intel.o
  CC [M]  drivers/gpu/drm/nouveau/nvkm/subdev/clk/gm20b.o
  CC [M]  drivers/gpu/drm/i915/gem/i915_gem_pm.o
  CC [M]  drivers/gpu/drm/nouveau/nvkm/subdev/clk/gp10b.o
  CC [M]  drivers/soundwire/master.o
  LD [M]  drivers/hid/hid-logitech.o
  CC [M]  drivers/thunderbolt/nhi.o
  LD [M]  drivers/hid/i2c-hid/i2c-hid.o
  LD [M]  drivers/hid/hid-uclogic.o
  CC [M]  drivers/thunderbolt/nhi_ops.o
  CC [M]  drivers/gpu/drm/amd/amdgpu/cz_ih.o
  CC [M]  drivers/thunderbolt/ctl.o
  CC [M]  drivers/gpu/drm/xe/xe_vm.o
  CC [M]  drivers/gpu/drm/i915/gem/i915_gem_region.o
  CC [M]  drivers/gpu/drm/nouveau/nvkm/subdev/clk/pllnv04.o
  CC [M]  drivers/soundwire/slave.o
  CC [M]  drivers/gpu/drm/nouveau/nvkm/subdev/clk/pllgt215.o
  CC [M]  drivers/bluetooth/hci_bcm.o
  CC [M]  drivers/thunderbolt/tb.o
  CC [M]  drivers/bluetooth/hci_qca.o
  CC [M]  drivers/dibs/dibs_main.o
  CC [M]  drivers/gpu/drm/amd/amdgpu/vega10_ih.o
  CC [M]  drivers/soundwire/mipi_disco.o
  CC [M]  drivers/gpu/drm/nouveau/nvkm/subdev/devinit/base.o
  CC [M]  drivers/gpu/drm/i915/gem/i915_gem_shmem.o
  CC [M]  drivers/gpu/drm/amd/amdgpu/vega20_ih.o
  CC [M]  drivers/dibs/dibs_loopback.o
  CC [M]  drivers/soundwire/stream.o
  CC [M]  drivers/gpu/drm/xe/xe_vm_madvise.o
  LD [M]  drivers/dibs/dibs.o
  CC [M]  drivers/gpu/drm/nouveau/nvkm/subdev/devinit/nv04.o
  CC [M]  drivers/gpu/drm/i915/gem/i915_gem_shrinker.o
  CC [M]  drivers/thunderbolt/switch.o
  CC [M]  drivers/gpu/drm/amd/amdgpu/navi10_ih.o
  CC [M]  drivers/bluetooth/hci_ag6xx.o
  CC [M]  drivers/gpu/drm/nouveau/nvkm/subdev/devinit/nv05.o
  CC [M]  drivers/soundwire/sysfs_slave.o
  CC [M]  drivers/gpu/drm/xe/xe_vram.o
  CC [M]  drivers/gpu/drm/xe/xe_vram_freq.o
  CC [M]  drivers/gpu/drm/nouveau/nvkm/subdev/devinit/nv10.o
  CC [M]  drivers/gpu/drm/nouveau/nvkm/subdev/devinit/nv1a.o
  CC [M]  drivers/gpu/drm/i915/gem/i915_gem_stolen.o
  CC [M]  drivers/soundwire/sysfs_slave_dpn.o
  CC [M]  drivers/gpu/drm/amd/amdgpu/ih_v6_0.o
  CC [M]  drivers/bluetooth/hci_mrvl.o
  CC [M]  drivers/thunderbolt/cap.o
  CC [M]  drivers/gpu/drm/amd/amdgpu/ih_v6_1.o
  CC [M]  drivers/gpu/drm/i915/gem/i915_gem_throttle.o
  CC [M]  drivers/gpu/drm/xe/xe_vsec.o
  CC [M]  drivers/gpu/drm/nouveau/nvkm/subdev/devinit/nv20.o
  CC [M]  drivers/gpu/drm/xe/xe_wa.o
  CC [M]  drivers/soundwire/debugfs.o
  CC [M]  drivers/thunderbolt/path.o
  CC [M]  drivers/gpu/drm/i915/gem/i915_gem_tiling.o
  CC [M]  drivers/bluetooth/hci_aml.o
  CC [M]  drivers/gpu/drm/xe/xe_wait_user_fence.o
  CC [M]  drivers/gpu/drm/nouveau/nvkm/subdev/devinit/nv50.o
  CC [M]  drivers/soundwire/irq.o
  CC [M]  drivers/thunderbolt/tunnel.o
  CC [M]  drivers/gpu/drm/amd/amdgpu/ih_v7_0.o
  CC [M]  drivers/gpu/drm/xe/xe_wopcm.o
  CC [M]  drivers/soundwire/generic_bandwidth_allocation.o
  CC [M]  drivers/bluetooth/hci_bcm4377.o
  CC [M]  drivers/gpu/drm/i915/gem/i915_gem_ttm.o
  CC [M]  drivers/soundwire/cadence_master.o
  CC [M]  drivers/gpu/drm/nouveau/nvkm/subdev/devinit/g84.o
  CC [M]  drivers/gpu/drm/i915/gem/i915_gem_ttm_move.o
  CC [M]  drivers/gpu/drm/xe/xe_i2c.o
  CC [M]  drivers/gpu/drm/amd/amdgpu/amdgpu_psp.o
  CC [M]  drivers/gpu/drm/amd/amdgpu/psp_v3_1.o
  CC [M]  drivers/thunderbolt/eeprom.o
  CC [M]  drivers/soundwire/intel.o
  CC [M]  drivers/gpu/drm/nouveau/nvkm/subdev/devinit/g98.o
  CC [M]  drivers/gpu/drm/nouveau/nvkm/subdev/devinit/gt215.o
  CC [M]  drivers/gpu/drm/nouveau/nvkm/subdev/devinit/mcp89.o
  CC [M]  drivers/bluetooth/bpa10x.o
  CC [M]  drivers/thunderbolt/domain.o
  CC [M]  drivers/gpu/drm/xe/xe_hwmon.o
  CC [M]  drivers/gpu/drm/i915/gem/i915_gem_ttm_pm.o
  CC [M]  drivers/gpu/drm/amd/amdgpu/psp_v10_0.o
  CC [M]  drivers/soundwire/intel_ace2x.o
  CC [M]  drivers/soundwire/intel_ace2x_debugfs.o
  CC [M]  drivers/gpu/drm/nouveau/nvkm/subdev/devinit/gf100.o
  CC [M]  drivers/gpu/drm/i915/gem/i915_gem_userptr.o
  CC [M]  drivers/gpu/drm/xe/xe_pmu.o
  CC [M]  drivers/thunderbolt/dma_port.o
  CC [M]  drivers/bluetooth/bfusb.o
  CC [M]  drivers/gpu/drm/nouveau/nvkm/subdev/devinit/gm107.o
  CC [M]  drivers/gpu/drm/i915/gem/i915_gem_wait.o
  CC [M]  drivers/gpu/drm/amd/amdgpu/psp_v11_0.o
  CC [M]  drivers/soundwire/intel_auxdevice.o
  CC [M]  drivers/gpu/drm/i915/i915_active.o
  CC [M]  drivers/gpu/drm/i915/i915_cmd_parser.o
  CC [M]  drivers/gpu/drm/nouveau/nvkm/subdev/devinit/gm200.o
  CC [M]  drivers/thunderbolt/icm.o
  CC [M]  drivers/gpu/drm/xe/xe_configfs.o
  CC [M]  drivers/bluetooth/btusb.o
  CC [M]  drivers/thunderbolt/property.o
  CC [M]  drivers/soundwire/intel_init.o
  CC [M]  drivers/gpu/drm/nouveau/nvkm/subdev/devinit/gv100.o
  CC [M]  drivers/gpu/drm/amd/amdgpu/psp_v11_0_8.o
  CC [M]  drivers/gpu/drm/amd/amdgpu/psp_v12_0.o
  CC [M]  drivers/gpu/drm/xe/xe_gt_sriov_vf.o
  CC [M]  drivers/gpu/drm/nouveau/nvkm/subdev/devinit/tu102.o
  CC [M]  drivers/thunderbolt/xdomain.o
  CC [M]  drivers/gpu/drm/i915/i915_deps.o
  CC [M]  drivers/gpu/drm/i915/i915_gem.o
  CC [M]  drivers/soundwire/dmi-quirks.o
  CC [M]  drivers/gpu/drm/amd/amdgpu/psp_v13_0.o
  CC [M]  drivers/gpu/drm/nouveau/nvkm/subdev/devinit/ga100.o
  CC [M]  drivers/gpu/drm/nouveau/nvkm/subdev/devinit/r535.o
  CC [M]  drivers/gpu/drm/i915/i915_gem_evict.o
  CC [M]  drivers/thunderbolt/lc.o
  CC [M]  drivers/thunderbolt/tmu.o
  CC [M]  drivers/soundwire/intel_bus_common.o
  CC [M]  drivers/gpu/drm/xe/xe_guc_relay.o
  CC [M]  drivers/bluetooth/btintel.o
  CC [M]  drivers/thunderbolt/usb4.o
  CC [M]  drivers/gpu/drm/amd/amdgpu/psp_v13_0_4.o
  CC [M]  drivers/gpu/drm/nouveau/nvkm/subdev/fault/base.o
  CC [M]  drivers/gpu/drm/nouveau/nvkm/subdev/fault/user.o
  LD [M]  drivers/soundwire/soundwire-bus.o
  LD [M]  drivers/soundwire/soundwire-generic-allocation.o
  LD [M]  drivers/soundwire/soundwire-cadence.o
  CC [M]  drivers/gpu/drm/i915/i915_gem_gtt.o
  LD [M]  drivers/soundwire/soundwire-intel.o
  CC [M]  drivers/gpu/drm/xe/xe_memirq.o
  CC [M]  drivers/gpu/drm/i915/i915_gem_ww.o
  CC [M]  drivers/thunderbolt/usb4_port.o
  CC [M]  drivers/thunderbolt/nvm.o
  CC [M]  drivers/gpu/drm/amd/amdgpu/psp_v14_0.o
  CC [M]  drivers/gpu/drm/i915/i915_query.o
  CC [M]  drivers/gpu/drm/nouveau/nvkm/subdev/fault/gp100.o
  CC [M]  drivers/gpu/drm/amd/amdgpu/psp_v15_0.o
  CC [M]  drivers/bluetooth/btbcm.o
  CC [M]  drivers/thunderbolt/retimer.o
  CC [M]  drivers/gpu/drm/i915/i915_request.o
  CC [M]  drivers/gpu/drm/xe/xe_sriov.o
  CC [M]  drivers/gpu/drm/xe/xe_sriov_vf.o
  CC [M]  drivers/gpu/drm/nouveau/nvkm/subdev/fault/gp10b.o
  CC [M]  drivers/gpu/drm/nouveau/nvkm/subdev/fault/gv100.o
  CC [M]  drivers/bluetooth/btrtl.o
  CC [M]  drivers/thunderbolt/quirks.o
  CC [M]  drivers/gpu/drm/i915/i915_scheduler.o
  CC [M]  drivers/gpu/drm/amd/amdgpu/psp_v15_0_8.o
  CC [M]  drivers/thunderbolt/clx.o
  CC [M]  drivers/gpu/drm/amd/amdgpu/dce_v10_0.o
  CC [M]  drivers/gpu/drm/xe/xe_sriov_vf_ccs.o
  CC [M]  drivers/gpu/drm/xe/xe_tile_sriov_vf.o
  CC [M]  drivers/thunderbolt/acpi.o
  CC [M]  drivers/gpu/drm/i915/i915_trace_points.o
  CC [M]  drivers/gpu/drm/nouveau/nvkm/subdev/fault/tu102.o
  CC [M]  drivers/thunderbolt/debugfs.o
  CC [M]  drivers/gpu/drm/amd/amdgpu/amdgpu_vkms.o
  CC [M]  drivers/gpu/drm/xe/display/intel_fbdev_fb.o
  CC [M]  drivers/bluetooth/btqca.o
  CC [M]  drivers/gpu/drm/xe/display/xe_display.o
  LD [M]  drivers/thunderbolt/thunderbolt.o
  CC [M]  drivers/gpu/drm/nouveau/nvkm/subdev/fb/base.o
  CC [M]  drivers/gpu/drm/i915/i915_ttm_buddy_manager.o
  CC [M]  drivers/gpu/drm/amd/amdgpu/amdgpu_gfx.o
  CC [M]  drivers/gpu/drm/nouveau/nvkm/subdev/fb/nv04.o
  CC [M]  drivers/bluetooth/btmtk.o
  CC [M]  drivers/gpu/drm/i915/i915_vma.o
  CC [M]  drivers/gpu/drm/xe/display/xe_display_bo.o
  CC [M]  drivers/gpu/drm/amd/amdgpu/amdgpu_rlc.o
  CC [M]  drivers/gpu/drm/nouveau/nvkm/subdev/fb/nv10.o
  CC [M]  drivers/gpu/drm/xe/display/xe_display_pcode.o
  CC [M]  drivers/gpu/drm/i915/i915_vma_resource.o
  CC [M]  drivers/bluetooth/virtio_bt.o
  CC [M]  drivers/gpu/drm/amd/amdgpu/gfx_v8_0.o
  CC [M]  drivers/gpu/drm/i915/gt/uc/intel_gsc_fw.o
  CC [M]  drivers/gpu/drm/xe/display/xe_display_rpm.o
  CC [M]  drivers/gpu/drm/xe/display/xe_display_wa.o
  CC [M]  drivers/gpu/drm/nouveau/nvkm/subdev/fb/nv1a.o
  CC [M]  drivers/gpu/drm/xe/display/xe_dsb_buffer.o
  CC [M]  drivers/bluetooth/hci_nokia.o
  CC [M]  drivers/gpu/drm/amd/amdgpu/gfx_v9_0.o
  CC [M]  drivers/gpu/drm/xe/display/xe_fb_pin.o
  CC [M]  drivers/gpu/drm/amd/amdgpu/gfx_v9_4.o
  CC [M]  drivers/gpu/drm/i915/gt/uc/intel_gsc_proxy.o
  CC [M]  drivers/gpu/drm/nouveau/nvkm/subdev/fb/nv20.o
  LD [M]  drivers/bluetooth/hci_uart.o
  CC [M]  drivers/gpu/drm/nouveau/nvkm/subdev/fb/nv25.o
  CC [M]  drivers/gpu/drm/i915/gt/uc/intel_gsc_uc.o
  CC [M]  drivers/gpu/drm/i915/gt/uc/intel_gsc_uc_debugfs.o
  CC [M]  drivers/gpu/drm/amd/amdgpu/gfx_v9_4_2.o
  CC [M]  drivers/gpu/drm/xe/display/xe_frontbuffer.o
  CC [M]  drivers/gpu/drm/nouveau/nvkm/subdev/fb/nv30.o
  CC [M]  drivers/gpu/drm/i915/gt/uc/intel_gsc_uc_heci_cmd_submit.o
  CC [M]  drivers/gpu/drm/amd/amdgpu/gfx_v9_4_3.o
  CC [M]  drivers/gpu/drm/xe/display/xe_hdcp_gsc.o
  CC [M]  drivers/gpu/drm/nouveau/nvkm/subdev/fb/nv35.o
  CC [M]  drivers/gpu/drm/xe/display/xe_initial_plane.o
  CC [M]  drivers/gpu/drm/xe/display/xe_panic.o
  CC [M]  drivers/gpu/drm/amd/amdgpu/gfx_v10_0.o
  CC [M]  drivers/gpu/drm/nouveau/nvkm/subdev/fb/nv36.o
  CC [M]  drivers/gpu/drm/i915/gt/uc/intel_guc.o
  CC [M]  drivers/gpu/drm/xe/display/xe_stolen.o
  CC [M]  drivers/gpu/drm/amd/amdgpu/imu_v11_0.o
  CC [M]  drivers/gpu/drm/i915/gt/uc/intel_guc_ads.o
  CC [M]  drivers/gpu/drm/xe/display/xe_tdf.o
  CC [M]  drivers/gpu/drm/i915/gt/uc/intel_guc_capture.o
  CC [M]  drivers/gpu/drm/nouveau/nvkm/subdev/fb/nv40.o
  CC [M]  drivers/gpu/drm/amd/amdgpu/gfx_v11_0.o
  CC [M]  drivers/gpu/drm/nouveau/nvkm/subdev/fb/nv41.o
  CC [M]  drivers/gpu/drm/xe/i915-display/icl_dsi.o
  CC [M]  drivers/gpu/drm/nouveau/nvkm/subdev/fb/nv44.o
  CC [M]  drivers/gpu/drm/i915/gt/uc/intel_guc_ct.o
  CC [M]  drivers/gpu/drm/i915/gt/uc/intel_guc_debugfs.o
  CC [M]  drivers/gpu/drm/xe/i915-display/intel_alpm.o
  CC [M]  drivers/gpu/drm/i915/gt/uc/intel_guc_fw.o
  CC [M]  drivers/gpu/drm/amd/amdgpu/gfx_v11_0_3.o
  CC [M]  drivers/gpu/drm/nouveau/nvkm/subdev/fb/nv46.o
  CC [M]  drivers/gpu/drm/i915/gt/uc/intel_guc_hwconfig.o
  CC [M]  drivers/gpu/drm/amd/amdgpu/imu_v11_0_3.o
  CC [M]  drivers/gpu/drm/nouveau/nvkm/subdev/fb/nv47.o
  CC [M]  drivers/gpu/drm/xe/i915-display/intel_atomic.o
  CC [M]  drivers/gpu/drm/xe/i915-display/intel_audio.o
  CC [M]  drivers/gpu/drm/amd/amdgpu/gfx_v12_0.o
  CC [M]  drivers/gpu/drm/xe/i915-display/intel_backlight.o
  CC [M]  drivers/gpu/drm/xe/i915-display/intel_bios.o
  CC [M]  drivers/gpu/drm/nouveau/nvkm/subdev/fb/nv49.o
  CC [M]  drivers/gpu/drm/i915/gt/uc/intel_guc_log.o
  CC [M]  drivers/gpu/drm/i915/gt/uc/intel_guc_log_debugfs.o
  CC [M]  drivers/gpu/drm/amd/amdgpu/gfx_v12_1.o
  CC [M]  drivers/gpu/drm/xe/i915-display/intel_bo.o
  CC [M]  drivers/gpu/drm/amd/amdgpu/imu_v12_0.o
  CC [M]  drivers/gpu/drm/i915/gt/uc/intel_guc_rc.o
  CC [M]  drivers/gpu/drm/nouveau/nvkm/subdev/fb/nv4e.o
  CC [M]  drivers/gpu/drm/nouveau/nvkm/subdev/fb/nv50.o
  CC [M]  drivers/gpu/drm/amd/amdgpu/imu_v12_1.o
  CC [M]  drivers/gpu/drm/xe/i915-display/intel_bw.o
  CC [M]  drivers/gpu/drm/nouveau/nvkm/subdev/fb/g84.o
  CC [M]  drivers/gpu/drm/i915/gt/uc/intel_guc_slpc.o
  CC [M]  drivers/gpu/drm/amd/amdgpu/amdgpu_sdma.o
  CC [M]  drivers/gpu/drm/i915/gt/uc/intel_guc_submission.o
  CC [M]  drivers/gpu/drm/i915/gt/uc/intel_huc.o
  CC [M]  drivers/gpu/drm/xe/i915-display/intel_casf.o
  CC [M]  drivers/gpu/drm/amd/amdgpu/sdma_v2_4.o
  CC [M]  drivers/gpu/drm/amd/amdgpu/sdma_v3_0.o
  CC [M]  drivers/gpu/drm/nouveau/nvkm/subdev/fb/gt215.o
  CC [M]  drivers/gpu/drm/xe/i915-display/intel_cdclk.o
  CC [M]  drivers/gpu/drm/xe/i915-display/intel_cmtg.o
  CC [M]  drivers/gpu/drm/nouveau/nvkm/subdev/fb/mcp77.o
  CC [M]  drivers/gpu/drm/i915/gt/uc/intel_huc_debugfs.o
  CC [M]  drivers/gpu/drm/xe/i915-display/intel_color.o
  CC [M]  drivers/gpu/drm/i915/gt/uc/intel_huc_fw.o
  CC [M]  drivers/gpu/drm/amd/amdgpu/sdma_v4_0.o
  CC [M]  drivers/gpu/drm/nouveau/nvkm/subdev/fb/mcp89.o
  CC [M]  drivers/gpu/drm/xe/i915-display/intel_colorop.o
  CC [M]  drivers/gpu/drm/xe/i915-display/intel_color_pipeline.o
  CC [M]  drivers/gpu/drm/amd/amdgpu/sdma_v4_4.o
  CC [M]  drivers/gpu/drm/amd/amdgpu/sdma_v4_4_2.o
  CC [M]  drivers/gpu/drm/xe/i915-display/intel_combo_phy.o
  CC [M]  drivers/gpu/drm/i915/gt/uc/intel_uc.o
  CC [M]  drivers/gpu/drm/nouveau/nvkm/subdev/fb/gf100.o
  CC [M]  drivers/gpu/drm/xe/i915-display/intel_connector.o
  CC [M]  drivers/gpu/drm/amd/amdgpu/sdma_v5_0.o
  CC [M]  drivers/gpu/drm/nouveau/nvkm/subdev/fb/gf108.o
  CC [M]  drivers/gpu/drm/i915/gt/uc/intel_uc_debugfs.o
  CC [M]  drivers/gpu/drm/xe/i915-display/intel_crtc.o
  CC [M]  drivers/gpu/drm/xe/i915-display/intel_crtc_state_dump.o
  CC [M]  drivers/gpu/drm/nouveau/nvkm/subdev/fb/gk104.o
  CC [M]  drivers/gpu/drm/amd/amdgpu/sdma_v5_2.o
  CC [M]  drivers/gpu/drm/amd/amdgpu/sdma_v6_0.o
  CC [M]  drivers/gpu/drm/i915/gt/uc/intel_uc_fw.o
  CC [M]  drivers/gpu/drm/amd/amdgpu/sdma_v7_0.o
  CC [M]  drivers/gpu/drm/amd/amdgpu/sdma_v7_1.o
  CC [M]  drivers/gpu/drm/i915/gt/intel_gsc.o
  CC [M]  drivers/gpu/drm/amd/amdgpu/amdgpu_mes.o
  CC [M]  drivers/gpu/drm/xe/i915-display/intel_cursor.o
  CC [M]  drivers/gpu/drm/nouveau/nvkm/subdev/fb/gk110.o
  CC [M]  drivers/gpu/drm/xe/i915-display/intel_cx0_phy.o
  CC [M]  drivers/gpu/drm/i915/i915_hwmon.o
  CC [M]  drivers/gpu/drm/i915/display/hsw_ips.o
  CC [M]  drivers/gpu/drm/nouveau/nvkm/subdev/fb/gk20a.o
  CC [M]  drivers/gpu/drm/nouveau/nvkm/subdev/fb/gm107.o
  CC [M]  drivers/gpu/drm/nouveau/nvkm/subdev/fb/gm200.o
  CC [M]  drivers/gpu/drm/nouveau/nvkm/subdev/fb/gm20b.o
  CC [M]  drivers/gpu/drm/i915/display/i9xx_display_sr.o
  CC [M]  drivers/gpu/drm/amd/amdgpu/mes_v11_0.o
  CC [M]  drivers/gpu/drm/amd/amdgpu/mes_v12_0.o
  CC [M]  drivers/gpu/drm/i915/display/i9xx_plane.o
  CC [M]  drivers/gpu/drm/nouveau/nvkm/subdev/fb/gp100.o
  CC [M]  drivers/gpu/drm/i915/display/i9xx_wm.o
  CC [M]  drivers/gpu/drm/xe/i915-display/intel_dbuf_bw.o
  CC [M]  drivers/gpu/drm/xe/i915-display/intel_ddi.o
  CC [M]  drivers/gpu/drm/nouveau/nvkm/subdev/fb/gp102.o
  CC [M]  drivers/gpu/drm/xe/i915-display/intel_ddi_buf_trans.o
  CC [M]  drivers/gpu/drm/i915/display/intel_alpm.o
  CC [M]  drivers/gpu/drm/amd/amdgpu/mes_v12_1.o
  CC [M]  drivers/gpu/drm/nouveau/nvkm/subdev/fb/gp10b.o
  CC [M]  drivers/gpu/drm/xe/i915-display/intel_de.o
  CC [M]  drivers/gpu/drm/amd/amdgpu/mes_userqueue.o
  CC [M]  drivers/gpu/drm/i915/display/intel_atomic.o
  CC [M]  drivers/gpu/drm/i915/display/intel_audio.o
  CC [M]  drivers/gpu/drm/i915/display/intel_bios.o
  CC [M]  drivers/gpu/drm/amd/amdgpu/amdgpu_uvd.o
  CC [M]  drivers/gpu/drm/nouveau/nvkm/subdev/fb/gv100.o
  CC [M]  drivers/gpu/drm/nouveau/nvkm/subdev/fb/tu102.o
  CC [M]  drivers/gpu/drm/i915/display/intel_bo.o
  CC [M]  drivers/gpu/drm/amd/amdgpu/uvd_v5_0.o
  CC [M]  drivers/gpu/drm/xe/i915-display/intel_display.o
  CC [M]  drivers/gpu/drm/nouveau/nvkm/subdev/fb/ga100.o
  CC [M]  drivers/gpu/drm/i915/display/intel_bw.o
  CC [M]  drivers/gpu/drm/xe/i915-display/intel_display_conversion.o
  CC [M]  drivers/gpu/drm/nouveau/nvkm/subdev/fb/ga102.o
  CC [M]  drivers/gpu/drm/nouveau/nvkm/subdev/fb/gh100.o
  CC [M]  drivers/gpu/drm/xe/i915-display/intel_display_device.o
  CC [M]  drivers/gpu/drm/i915/display/intel_casf.o
  CC [M]  drivers/gpu/drm/amd/amdgpu/uvd_v6_0.o
  CC [M]  drivers/gpu/drm/i915/display/intel_cdclk.o
  CC [M]  drivers/gpu/drm/i915/display/intel_cmtg.o
  CC [M]  drivers/gpu/drm/xe/i915-display/intel_display_driver.o
  CC [M]  drivers/gpu/drm/amd/amdgpu/uvd_v7_0.o
  CC [M]  drivers/gpu/drm/nouveau/nvkm/subdev/fb/gb100.o
  CC [M]  drivers/gpu/drm/amd/amdgpu/amdgpu_vce.o
  CC [M]  drivers/gpu/drm/i915/display/intel_color.o
  CC [M]  drivers/gpu/drm/xe/i915-display/intel_display_irq.o
  CC [M]  drivers/gpu/drm/nouveau/nvkm/subdev/fb/gb202.o
  CC [M]  drivers/gpu/drm/amd/amdgpu/vce_v3_0.o
  CC [M]  drivers/gpu/drm/i915/display/intel_colorop.o
  CC [M]  drivers/gpu/drm/amd/amdgpu/vce_v4_0.o
  CC [M]  drivers/gpu/drm/xe/i915-display/intel_display_params.o
  CC [M]  drivers/gpu/drm/nouveau/nvkm/subdev/fb/r535.o
  CC [M]  drivers/gpu/drm/i915/display/intel_color_pipeline.o
  CC [M]  drivers/gpu/drm/amd/amdgpu/amdgpu_vcn.o
  CC [M]  drivers/gpu/drm/xe/i915-display/intel_display_power.o
  CC [M]  drivers/gpu/drm/nouveau/nvkm/subdev/fb/ram.o
  CC [M]  drivers/gpu/drm/i915/display/intel_combo_phy.o
  CC [M]  drivers/gpu/drm/i915/display/intel_connector.o
  CC [M]  drivers/gpu/drm/i915/display/intel_crtc.o
  CC [M]  drivers/gpu/drm/i915/display/intel_crtc_state_dump.o
  CC [M]  drivers/gpu/drm/i915/display/intel_cursor.o
  CC [M]  drivers/gpu/drm/nouveau/nvkm/subdev/fb/ramnv04.o
  CC [M]  drivers/gpu/drm/xe/i915-display/intel_display_power_map.o
  CC [M]  drivers/gpu/drm/nouveau/nvkm/subdev/fb/ramnv10.o
  CC [M]  drivers/gpu/drm/amd/amdgpu/vcn_sw_ring.o
  CC [M]  drivers/gpu/drm/i915/display/intel_dbuf_bw.o
  CC [M]  drivers/gpu/drm/xe/i915-display/intel_display_power_well.o
  CC [M]  drivers/gpu/drm/i915/display/intel_de.o
  CC [M]  drivers/gpu/drm/nouveau/nvkm/subdev/fb/ramnv1a.o
  CC [M]  drivers/gpu/drm/amd/amdgpu/vcn_v1_0.o
  CC [M]  drivers/gpu/drm/nouveau/nvkm/subdev/fb/ramnv20.o
  CC [M]  drivers/gpu/drm/xe/i915-display/intel_display_rpm.o
  CC [M]  drivers/gpu/drm/i915/display/intel_display.o
  CC [M]  drivers/gpu/drm/i915/display/intel_display_conversion.o
  CC [M]  drivers/gpu/drm/amd/amdgpu/vcn_v2_0.o
  CC [M]  drivers/gpu/drm/amd/amdgpu/vcn_v2_5.o
  CC [M]  drivers/gpu/drm/amd/amdgpu/vcn_v3_0.o
  CC [M]  drivers/gpu/drm/nouveau/nvkm/subdev/fb/ramnv40.o
  CC [M]  drivers/gpu/drm/xe/i915-display/intel_display_rps.o
  CC [M]  drivers/gpu/drm/nouveau/nvkm/subdev/fb/ramnv41.o
  CC [M]  drivers/gpu/drm/amd/amdgpu/vcn_v4_0.o
  CC [M]  drivers/gpu/drm/amd/amdgpu/vcn_v4_0_3.o
  CC [M]  drivers/gpu/drm/xe/i915-display/intel_display_trace.o
  CC [M]  drivers/gpu/drm/xe/i915-display/intel_display_utils.o
  CC [M]  drivers/gpu/drm/i915/display/intel_display_driver.o
  CC [M]  drivers/gpu/drm/nouveau/nvkm/subdev/fb/ramnv44.o
  CC [M]  drivers/gpu/drm/xe/i915-display/intel_display_wa.o
  CC [M]  drivers/gpu/drm/i915/display/intel_display_irq.o
  CC [M]  drivers/gpu/drm/nouveau/nvkm/subdev/fb/ramnv49.o
  CC [M]  drivers/gpu/drm/xe/i915-display/intel_dkl_phy.o
  CC [M]  drivers/gpu/drm/i915/display/intel_display_params.o
  CC [M]  drivers/gpu/drm/nouveau/nvkm/subdev/fb/ramnv4e.o
  CC [M]  drivers/gpu/drm/nouveau/nvkm/subdev/fb/ramnv50.o
  CC [M]  drivers/gpu/drm/xe/i915-display/intel_dmc.o
  CC [M]  drivers/gpu/drm/xe/i915-display/intel_dmc_wl.o
  CC [M]  drivers/gpu/drm/amd/amdgpu/vcn_v4_0_5.o
  CC [M]  drivers/gpu/drm/i915/display/intel_display_power.o
  CC [M]  drivers/gpu/drm/nouveau/nvkm/subdev/fb/ramgt215.o
  CC [M]  drivers/gpu/drm/xe/i915-display/intel_dp.o
  CC [M]  drivers/gpu/drm/amd/amdgpu/vcn_v5_0_0.o
  CC [M]  drivers/gpu/drm/nouveau/nvkm/subdev/fb/rammcp77.o
  CC [M]  drivers/gpu/drm/i915/display/intel_display_power_map.o
  CC [M]  drivers/gpu/drm/xe/i915-display/intel_dp_aux.o
  CC [M]  drivers/gpu/drm/amd/amdgpu/vcn_v5_0_1.o
  CC [M]  drivers/gpu/drm/nouveau/nvkm/subdev/fb/ramgf100.o
  CC [M]  drivers/gpu/drm/i915/display/intel_display_power_well.o
  CC [M]  drivers/gpu/drm/i915/display/intel_display_reset.o
  CC [M]  drivers/gpu/drm/i915/display/intel_display_rpm.o
  CC [M]  drivers/gpu/drm/amd/amdgpu/vcn_v5_0_2.o
  CC [M]  drivers/gpu/drm/nouveau/nvkm/subdev/fb/ramgf108.o
  CC [M]  drivers/gpu/drm/i915/display/intel_display_rps.o
  CC [M]  drivers/gpu/drm/xe/i915-display/intel_dp_aux_backlight.o
  CC [M]  drivers/gpu/drm/amd/amdgpu/amdgpu_jpeg.o
  CC [M]  drivers/gpu/drm/i915/display/intel_display_snapshot.o
  CC [M]  drivers/gpu/drm/xe/i915-display/intel_dp_hdcp.o
  CC [M]  drivers/gpu/drm/i915/display/intel_display_utils.o
  CC [M]  drivers/gpu/drm/i915/display/intel_display_wa.o
  CC [M]  drivers/gpu/drm/nouveau/nvkm/subdev/fb/ramgk104.o
  CC [M]  drivers/gpu/drm/nouveau/nvkm/subdev/fb/ramgm107.o
  CC [M]  drivers/gpu/drm/nouveau/nvkm/subdev/fb/ramgm200.o
  CC [M]  drivers/gpu/drm/amd/amdgpu/jpeg_v1_0.o
  CC [M]  drivers/gpu/drm/amd/amdgpu/jpeg_v2_0.o
  CC [M]  drivers/gpu/drm/amd/amdgpu/jpeg_v2_5.o
  CC [M]  drivers/gpu/drm/xe/i915-display/intel_dp_link_training.o
  CC [M]  drivers/gpu/drm/i915/display/intel_dmc.o
  CC [M]  drivers/gpu/drm/amd/amdgpu/jpeg_v3_0.o
  CC [M]  drivers/gpu/drm/nouveau/nvkm/subdev/fb/ramgp100.o
  CC [M]  drivers/gpu/drm/i915/display/intel_dmc_wl.o
  CC [M]  drivers/gpu/drm/xe/i915-display/intel_dp_mst.o
  CC [M]  drivers/gpu/drm/xe/i915-display/intel_dp_test.o
  CC [M]  drivers/gpu/drm/i915/display/intel_dpio_phy.o
  CC [M]  drivers/gpu/drm/i915/display/intel_dpll.o
  CC [M]  drivers/gpu/drm/amd/amdgpu/jpeg_v4_0.o
  CC [M]  drivers/gpu/drm/nouveau/nvkm/subdev/fb/ramgp102.o
  CC [M]  drivers/gpu/drm/i915/display/intel_dpll_mgr.o
  CC [M]  drivers/gpu/drm/amd/amdgpu/jpeg_v4_0_3.o
  CC [M]  drivers/gpu/drm/i915/display/intel_dpt.o
  CC [M]  drivers/gpu/drm/amd/amdgpu/jpeg_v4_0_5.o
  CC [M]  drivers/gpu/drm/nouveau/nvkm/subdev/fb/sddr2.o
  CC [M]  drivers/gpu/drm/xe/i915-display/intel_dpll.o
  CC [M]  drivers/gpu/drm/i915/display/intel_dram.o
  CC [M]  drivers/gpu/drm/i915/display/intel_drrs.o
  CC [M]  drivers/gpu/drm/i915/display/intel_dsb.o
  CC [M]  drivers/gpu/drm/i915/display/intel_fb.o
  CC [M]  drivers/gpu/drm/xe/i915-display/intel_dpll_mgr.o
  CC [M]  drivers/gpu/drm/nouveau/nvkm/subdev/fb/sddr3.o
  CC [M]  drivers/gpu/drm/amd/amdgpu/jpeg_v5_0_0.o
  CC [M]  drivers/gpu/drm/xe/i915-display/intel_dpt.o
  CC [M]  drivers/gpu/drm/xe/i915-display/intel_dram.o
  CC [M]  drivers/gpu/drm/nouveau/nvkm/subdev/fb/gddr3.o
  CC [M]  drivers/gpu/drm/i915/display/intel_fb_pin.o
  CC [M]  drivers/gpu/drm/amd/amdgpu/jpeg_v5_0_1.o
  CC [M]  drivers/gpu/drm/i915/display/intel_fbc.o
  CC [M]  drivers/gpu/drm/nouveau/nvkm/subdev/fb/gddr5.o
  CC [M]  drivers/gpu/drm/nouveau/nvkm/subdev/fuse/base.o
  CC [M]  drivers/gpu/drm/i915/display/intel_fdi.o
  CC [M]  drivers/gpu/drm/amd/amdgpu/jpeg_v5_0_2.o
  CC [M]  drivers/gpu/drm/xe/i915-display/intel_drrs.o
  CC [M]  drivers/gpu/drm/xe/i915-display/intel_dsb.o
  CC [M]  drivers/gpu/drm/amd/amdgpu/jpeg_v5_3_0.o
  CC [M]  drivers/gpu/drm/amd/amdgpu/amdgpu_vpe.o
  CC [M]  drivers/gpu/drm/nouveau/nvkm/subdev/fuse/nv50.o
  CC [M]  drivers/gpu/drm/nouveau/nvkm/subdev/fuse/gf100.o
  CC [M]  drivers/gpu/drm/xe/i915-display/intel_dsi.o
  CC [M]  drivers/gpu/drm/amd/amdgpu/vpe_v6_1.o
  CC [M]  drivers/gpu/drm/i915/display/intel_fifo_underrun.o
  CC [M]  drivers/gpu/drm/amd/amdgpu/amdgpu_umsch_mm.o
  CC [M]  drivers/gpu/drm/nouveau/nvkm/subdev/fuse/gm107.o
  CC [M]  drivers/gpu/drm/xe/i915-display/intel_dsi_dcs_backlight.o
  CC [M]  drivers/gpu/drm/i915/display/intel_flipq.o
  CC [M]  drivers/gpu/drm/nouveau/nvkm/subdev/gpio/base.o
  CC [M]  drivers/gpu/drm/amd/amdgpu/umsch_mm_v4_0.o
  CC [M]  drivers/gpu/drm/xe/i915-display/intel_dsi_vbt.o
  CC [M]  drivers/gpu/drm/xe/i915-display/intel_encoder.o
  CC [M]  drivers/gpu/drm/i915/display/intel_frontbuffer.o
  CC [M]  drivers/gpu/drm/nouveau/nvkm/subdev/gpio/nv10.o
  CC [M]  drivers/gpu/drm/nouveau/nvkm/subdev/gpio/nv50.o
  CC [M]  drivers/gpu/drm/nouveau/nvkm/subdev/gpio/g94.o
  CC [M]  drivers/gpu/drm/nouveau/nvkm/subdev/gpio/gf119.o
  CC [M]  drivers/gpu/drm/xe/i915-display/intel_fb.o
  CC [M]  drivers/gpu/drm/amd/amdgpu/athub_v1_0.o
  CC [M]  drivers/gpu/drm/i915/display/intel_global_state.o
  CC [M]  drivers/gpu/drm/nouveau/nvkm/subdev/gpio/gk104.o
  CC [M]  drivers/gpu/drm/i915/display/intel_hdcp.o
  CC [M]  drivers/gpu/drm/i915/display/intel_hdcp_gsc_message.o
  CC [M]  drivers/gpu/drm/amd/amdgpu/athub_v2_0.o
  CC [M]  drivers/gpu/drm/amd/amdgpu/athub_v2_1.o
  CC [M]  drivers/gpu/drm/xe/i915-display/intel_fbc.o
  CC [M]  drivers/gpu/drm/xe/i915-display/intel_fdi.o
  CC [M]  drivers/gpu/drm/xe/i915-display/intel_fifo_underrun.o
  CC [M]  drivers/gpu/drm/nouveau/nvkm/subdev/gpio/ga102.o
  CC [M]  drivers/gpu/drm/xe/i915-display/intel_flipq.o
  CC [M]  drivers/gpu/drm/amd/amdgpu/athub_v3_0.o
  CC [M]  drivers/gpu/drm/i915/display/intel_hotplug.o
  CC [M]  drivers/gpu/drm/amd/amdgpu/athub_v4_1_0.o
  CC [M]  drivers/gpu/drm/amd/amdgpu/smuio_v9_0.o
  CC [M]  drivers/gpu/drm/nouveau/nvkm/subdev/fsp/base.o
  CC [M]  drivers/gpu/drm/xe/i915-display/intel_frontbuffer.o
  CC [M]  drivers/gpu/drm/i915/display/intel_hotplug_irq.o
  CC [M]  drivers/gpu/drm/amd/amdgpu/smuio_v11_0.o
  CC [M]  drivers/gpu/drm/nouveau/nvkm/subdev/fsp/gh100.o
  CC [M]  drivers/gpu/drm/nouveau/nvkm/subdev/fsp/gb100.o
  CC [M]  drivers/gpu/drm/nouveau/nvkm/subdev/fsp/gb202.o
  CC [M]  drivers/gpu/drm/i915/display/intel_hti.o
  CC [M]  drivers/gpu/drm/xe/i915-display/intel_global_state.o
  CC [M]  drivers/gpu/drm/xe/i915-display/intel_gmbus.o
  CC [M]  drivers/gpu/drm/amd/amdgpu/smuio_v11_0_6.o
  CC [M]  drivers/gpu/drm/amd/amdgpu/smuio_v13_0.o
  CC [M]  drivers/gpu/drm/amd/amdgpu/smuio_v13_0_3.o
  CC [M]  drivers/gpu/drm/nouveau/nvkm/subdev/gsp/base.o
  CC [M]  drivers/gpu/drm/i915/display/intel_initial_plane.o
  CC [M]  drivers/gpu/drm/xe/i915-display/intel_hdcp.o
  CC [M]  drivers/gpu/drm/i915/display/intel_link_bw.o
  CC [M]  drivers/gpu/drm/xe/i915-display/intel_hdcp_gsc_message.o
  CC [M]  drivers/gpu/drm/xe/i915-display/intel_hdmi.o
  CC [M]  drivers/gpu/drm/xe/i915-display/intel_hotplug.o
  CC [M]  drivers/gpu/drm/nouveau/nvkm/subdev/gsp/fwsec.o
  CC [M]  drivers/gpu/drm/nouveau/nvkm/subdev/gsp/gv100.o
  CC [M]  drivers/gpu/drm/amd/amdgpu/smuio_v13_0_6.o
  CC [M]  drivers/gpu/drm/nouveau/nvkm/subdev/gsp/tu102.o
  CC [M]  drivers/gpu/drm/i915/display/intel_load_detect.o
  CC [M]  drivers/gpu/drm/i915/display/intel_lpe_audio.o
  CC [M]  drivers/gpu/drm/i915/display/intel_modeset_lock.o
  CC [M]  drivers/gpu/drm/i915/display/intel_modeset_setup.o
  CC [M]  drivers/gpu/drm/xe/i915-display/intel_hotplug_irq.o
  CC [M]  drivers/gpu/drm/amd/amdgpu/smuio_v14_0_2.o
  CC [M]  drivers/gpu/drm/nouveau/nvkm/subdev/gsp/tu116.o
  CC [M]  drivers/gpu/drm/i915/display/intel_modeset_verify.o
  CC [M]  drivers/gpu/drm/xe/i915-display/intel_hti.o
  CC [M]  drivers/gpu/drm/amd/amdgpu/smuio_v15_0_0.o
  CC [M]  drivers/gpu/drm/amd/amdgpu/smuio_v15_0_8.o
  CC [M]  drivers/gpu/drm/xe/i915-display/intel_initial_plane.o
  CC [M]  drivers/gpu/drm/i915/display/intel_overlay.o
  CC [M]  drivers/gpu/drm/nouveau/nvkm/subdev/gsp/ga100.o
  CC [M]  drivers/gpu/drm/amd/amdgpu/amdgpu_reset.o
  CC [M]  drivers/gpu/drm/xe/i915-display/intel_link_bw.o
  CC [M]  drivers/gpu/drm/xe/i915-display/intel_lspcon.o
  CC [M]  drivers/gpu/drm/nouveau/nvkm/subdev/gsp/ga102.o
  CC [M]  drivers/gpu/drm/i915/display/intel_parent.o
  CC [M]  drivers/gpu/drm/amd/amdgpu/mca_v3_0.o
  CC [M]  drivers/gpu/drm/amd/amdgpu/amdgpu_amdkfd.o
  CC [M]  drivers/gpu/drm/nouveau/nvkm/subdev/gsp/gh100.o
  CC [M]  drivers/gpu/drm/i915/display/intel_pch.o
  CC [M]  drivers/gpu/drm/i915/display/intel_pch_display.o
  CC [M]  drivers/gpu/drm/nouveau/nvkm/subdev/gsp/ad102.o
  CC [M]  drivers/gpu/drm/xe/i915-display/intel_lt_phy.o
  CC [M]  drivers/gpu/drm/amd/amdgpu/amdgpu_userq.o
  CC [M]  drivers/gpu/drm/i915/display/intel_pch_refclk.o
  CC [M]  drivers/gpu/drm/xe/i915-display/intel_modeset_lock.o
  CC [M]  drivers/gpu/drm/amd/amdgpu/amdgpu_cgs.o
  CC [M]  drivers/gpu/drm/i915/display/intel_plane.o
  CC [M]  drivers/gpu/drm/i915/display/intel_pmdemand.o
  CC [M]  drivers/gpu/drm/nouveau/nvkm/subdev/gsp/gb100.o
  CC [M]  drivers/gpu/drm/xe/i915-display/intel_modeset_setup.o
  CC [M]  drivers/gpu/drm/amd/amdgpu/amdgpu_job.o
  CC [M]  drivers/gpu/drm/i915/display/intel_psr.o
  CC [M]  drivers/gpu/drm/nouveau/nvkm/subdev/gsp/gb202.o
  CC [M]  drivers/gpu/drm/i915/display/intel_quirks.o
  CC [M]  drivers/gpu/drm/xe/i915-display/intel_modeset_verify.o
  CC [M]  drivers/gpu/drm/amd/amdgpu/amdgpu_ioc32.o
  CC [M]  drivers/gpu/drm/i915/display/intel_rom.o
  CC [M]  drivers/gpu/drm/xe/i915-display/intel_overlay.o
  CC [M]  drivers/gpu/drm/i915/display/intel_sbi.o
  CC [M]  drivers/gpu/drm/xe/i915-display/intel_panel.o
  CC [M]  drivers/gpu/drm/nouveau/nvkm/subdev/gsp/rm/client.o
  CC [M]  drivers/gpu/drm/amd/amdgpu/amdgpu_atpx_handler.o
  CC [M]  drivers/gpu/drm/amd/amdgpu/amdgpu_acpi.o
  CC [M]  drivers/gpu/drm/nouveau/nvkm/subdev/gsp/rm/engine.o
  CC [M]  drivers/gpu/drm/nouveau/nvkm/subdev/gsp/rm/gr.o
  CC [M]  drivers/gpu/drm/xe/i915-display/intel_parent.o
  CC [M]  drivers/gpu/drm/i915/display/intel_sprite.o
  CC [M]  drivers/gpu/drm/amd/amdgpu/amdgpu_hmm.o
  CC [M]  drivers/gpu/drm/xe/i915-display/intel_pch.o
  CC [M]  drivers/gpu/drm/nouveau/nvkm/subdev/gsp/rm/nvdec.o
  CC [M]  drivers/gpu/drm/amd/amdgpu/../pm/swsmu/smu11/arcturus_ppt.o
  CC [M]  drivers/gpu/drm/amd/amdgpu/../pm/swsmu/smu11/navi10_ppt.o
  CC [M]  drivers/gpu/drm/amd/amdgpu/../pm/swsmu/smu11/sienna_cichlid_ppt.o
  CC [M]  drivers/gpu/drm/xe/i915-display/intel_pfit.o
  CC [M]  drivers/gpu/drm/nouveau/nvkm/subdev/gsp/rm/nvenc.o
  CC [M]  drivers/gpu/drm/nouveau/nvkm/subdev/gsp/rm/tu1xx.o
  CC [M]  drivers/gpu/drm/nouveau/nvkm/subdev/gsp/rm/ga100.o
  CC [M]  drivers/gpu/drm/xe/i915-display/intel_plane.o
  CC [M]  drivers/gpu/drm/i915/display/intel_sprite_uapi.o
  CC [M]  drivers/gpu/drm/amd/amdgpu/../pm/swsmu/smu11/vangogh_ppt.o
  CC [M]  drivers/gpu/drm/i915/display/intel_tc.o
  CC [M]  drivers/gpu/drm/i915/display/intel_vblank.o
  CC [M]  drivers/gpu/drm/i915/display/intel_vga.o
  CC [M]  drivers/gpu/drm/xe/i915-display/intel_pmdemand.o
  CC [M]  drivers/gpu/drm/i915/display/intel_wm.o
  CC [M]  drivers/gpu/drm/nouveau/nvkm/subdev/gsp/rm/ga1xx.o
  CC [M]  drivers/gpu/drm/i915/display/skl_prefill.o
  CC [M]  drivers/gpu/drm/xe/i915-display/intel_pps.o
  CC [M]  drivers/gpu/drm/xe/i915-display/intel_psr.o
  CC [M]  drivers/gpu/drm/nouveau/nvkm/subdev/gsp/rm/ad10x.o
  CC [M]  drivers/gpu/drm/amd/amdgpu/../pm/swsmu/smu11/cyan_skillfish_ppt.o
  CC [M]  drivers/gpu/drm/nouveau/nvkm/subdev/gsp/rm/gh100.o
  CC [M]  drivers/gpu/drm/nouveau/nvkm/subdev/gsp/rm/gb10x.o
  CC [M]  drivers/gpu/drm/i915/display/skl_scaler.o
  CC [M]  drivers/gpu/drm/xe/i915-display/intel_qp_tables.o
  CC [M]  drivers/gpu/drm/xe/i915-display/intel_quirks.o
  CC [M]  drivers/gpu/drm/amd/amdgpu/../pm/swsmu/smu11/smu_v11_0.o
  CC [M]  drivers/gpu/drm/amd/amdgpu/../pm/swsmu/smu12/renoir_ppt.o
  CC [M]  drivers/gpu/drm/nouveau/nvkm/subdev/gsp/rm/gb20x.o
  CC [M]  drivers/gpu/drm/i915/display/skl_universal_plane.o
  CC [M]  drivers/gpu/drm/xe/i915-display/intel_rom.o
  CC [M]  drivers/gpu/drm/amd/amdgpu/../pm/swsmu/smu12/smu_v12_0.o
  CC [M]  drivers/gpu/drm/i915/display/skl_watermark.o
  CC [M]  drivers/gpu/drm/xe/i915-display/intel_snps_hdmi_pll.o
  CC [M]  drivers/gpu/drm/amd/amdgpu/../pm/swsmu/smu13/smu_v13_0.o
  CC [M]  drivers/gpu/drm/i915/display/vlv_clock.o
  CC [M]  drivers/gpu/drm/nouveau/nvkm/subdev/gsp/rm/r535/rm.o
  CC [M]  drivers/gpu/drm/nouveau/nvkm/subdev/gsp/rm/r535/gsp.o
  CC [M]  drivers/gpu/drm/nouveau/nvkm/subdev/gsp/rm/r535/rpc.o
  CC [M]  drivers/gpu/drm/amd/amdgpu/../pm/swsmu/smu13/aldebaran_ppt.o
  CC [M]  drivers/gpu/drm/i915/display/vlv_sideband.o
  CC [M]  drivers/gpu/drm/xe/i915-display/intel_snps_phy.o
  CC [M]  drivers/gpu/drm/xe/i915-display/intel_tc.o
  CC [M]  drivers/gpu/drm/nouveau/nvkm/subdev/gsp/rm/r535/ctrl.o
  CC [M]  drivers/gpu/drm/amd/amdgpu/../pm/swsmu/smu13/yellow_carp_ppt.o
  CC [M]  drivers/gpu/drm/nouveau/nvkm/subdev/gsp/rm/r535/alloc.o
  CC [M]  drivers/gpu/drm/xe/i915-display/intel_vblank.o
  CC [M]  drivers/gpu/drm/nouveau/nvkm/subdev/gsp/rm/r535/client.o
  CC [M]  drivers/gpu/drm/nouveau/nvkm/subdev/gsp/rm/r535/device.o
  CC [M]  drivers/gpu/drm/i915/display/intel_acpi.o
  CC [M]  drivers/gpu/drm/xe/i915-display/intel_vdsc.o
  CC [M]  drivers/gpu/drm/amd/amdgpu/../pm/swsmu/smu13/smu_v13_0_0_ppt.o
  CC [M]  drivers/gpu/drm/nouveau/nvkm/subdev/gsp/rm/r535/bar.o
  CC [M]  drivers/gpu/drm/i915/display/intel_opregion.o
  CC [M]  drivers/gpu/drm/i915/display/intel_fbdev.o
  CC [M]  drivers/gpu/drm/nouveau/nvkm/subdev/gsp/rm/r535/fbsr.o
  CC [M]  drivers/gpu/drm/nouveau/nvkm/subdev/gsp/rm/r535/vmm.o
  CC [M]  drivers/gpu/drm/amd/amdgpu/../pm/swsmu/smu13/smu_v13_0_4_ppt.o
  CC [M]  drivers/gpu/drm/i915/display/intel_fbdev_fb.o
  CC [M]  drivers/gpu/drm/xe/i915-display/intel_vga.o
  CC [M]  drivers/gpu/drm/amd/amdgpu/../pm/swsmu/smu13/smu_v13_0_5_ppt.o
  CC [M]  drivers/gpu/drm/nouveau/nvkm/subdev/gsp/rm/r535/disp.o
  CC [M]  drivers/gpu/drm/nouveau/nvkm/subdev/gsp/rm/r535/fifo.o
  CC [M]  drivers/gpu/drm/i915/display/intel_display_debugfs.o
  CC [M]  drivers/gpu/drm/amd/amdgpu/../pm/swsmu/smu13/smu_v13_0_7_ppt.o
  CC [M]  drivers/gpu/drm/nouveau/nvkm/subdev/gsp/rm/r535/ce.o
  CC [M]  drivers/gpu/drm/nouveau/nvkm/subdev/gsp/rm/r535/gr.o
  CC [M]  drivers/gpu/drm/xe/i915-display/intel_vrr.o
  CC [M]  drivers/gpu/drm/xe/i915-display/intel_wm.o
  CC [M]  drivers/gpu/drm/i915/display/intel_display_debugfs_params.o
  CC [M]  drivers/gpu/drm/nouveau/nvkm/subdev/gsp/rm/r535/nvdec.o
  CC [M]  drivers/gpu/drm/amd/amdgpu/../pm/swsmu/smu13/smu_v13_0_6_ppt.o
  CC [M]  drivers/gpu/drm/xe/i915-display/skl_prefill.o
  CC [M]  drivers/gpu/drm/nouveau/nvkm/subdev/gsp/rm/r535/nvenc.o
  CC [M]  drivers/gpu/drm/amd/amdgpu/../pm/swsmu/smu13/smu_v13_0_12_ppt.o
  CC [M]  drivers/gpu/drm/amd/amdgpu/../pm/swsmu/smu14/smu_v14_0.o
  CC [M]  drivers/gpu/drm/amd/amdgpu/../pm/swsmu/smu14/smu_v14_0_0_ppt.o
  CC [M]  drivers/gpu/drm/xe/i915-display/skl_scaler.o
  CC [M]  drivers/gpu/drm/i915/display/intel_pipe_crc.o
  CC [M]  drivers/gpu/drm/nouveau/nvkm/subdev/gsp/rm/r535/nvjpg.o
  CC [M]  drivers/gpu/drm/amd/amdgpu/../pm/swsmu/smu14/smu_v14_0_2_ppt.o
  CC [M]  drivers/gpu/drm/nouveau/nvkm/subdev/gsp/rm/r535/ofa.o
  CC [M]  drivers/gpu/drm/xe/i915-display/skl_universal_plane.o
  CC [M]  drivers/gpu/drm/xe/i915-display/skl_watermark.o
  CC [M]  drivers/gpu/drm/i915/display/dvo_ch7017.o
  CC [M]  drivers/gpu/drm/nouveau/nvkm/subdev/gsp/rm/r570/rm.o
  CC [M]  drivers/gpu/drm/xe/i915-display/intel_acpi.o
  CC [M]  drivers/gpu/drm/amd/amdgpu/../pm/swsmu/smu15/smu_v15_0.o
  CC [M]  drivers/gpu/drm/nouveau/nvkm/subdev/gsp/rm/r570/gsp.o
  CC [M]  drivers/gpu/drm/i915/display/dvo_ch7xxx.o
  CC [M]  drivers/gpu/drm/i915/display/dvo_ivch.o
  CC [M]  drivers/gpu/drm/i915/display/dvo_ns2501.o
  CC [M]  drivers/gpu/drm/i915/display/dvo_sil164.o
  CC [M]  drivers/gpu/drm/i915/display/dvo_tfp410.o
  CC [M]  drivers/gpu/drm/i915/display/g4x_dp.o
  CC [M]  drivers/gpu/drm/nouveau/nvkm/subdev/gsp/rm/r570/client.o
  CC [M]  drivers/gpu/drm/amd/amdgpu/../pm/swsmu/smu15/smu_v15_0_0_ppt.o
  CC [M]  drivers/gpu/drm/i915/display/g4x_hdmi.o
  CC [M]  drivers/gpu/drm/i915/display/icl_dsi.o
  CC [M]  drivers/gpu/drm/i915/display/intel_backlight.o
  CC [M]  drivers/gpu/drm/nouveau/nvkm/subdev/gsp/rm/r570/fbsr.o
  CC [M]  drivers/gpu/drm/xe/i915-display/intel_opregion.o
  CC [M]  drivers/gpu/drm/amd/amdgpu/../pm/swsmu/smu15/smu_v15_0_8_ppt.o
  CC [M]  drivers/gpu/drm/nouveau/nvkm/subdev/gsp/rm/r570/disp.o
  CC [M]  drivers/gpu/drm/xe/i915-display/intel_fbdev.o
  CC [M]  drivers/gpu/drm/i915/display/intel_crt.o
  CC [M]  drivers/gpu/drm/i915/display/intel_cx0_phy.o
  CC [M]  drivers/gpu/drm/xe/xe_debugfs.o
  CC [M]  drivers/gpu/drm/amd/amdgpu/../pm/swsmu/amdgpu_smu.o
  CC [M]  drivers/gpu/drm/i915/display/intel_ddi.o
  CC [M]  drivers/gpu/drm/xe/xe_gt_debugfs.o
  CC [M]  drivers/gpu/drm/nouveau/nvkm/subdev/gsp/rm/r570/fifo.o
  CC [M]  drivers/gpu/drm/nouveau/nvkm/subdev/gsp/rm/r570/gr.o
  CC [M]  drivers/gpu/drm/amd/amdgpu/../pm/swsmu/smu_cmn.o
  CC [M]  drivers/gpu/drm/amd/amdgpu/../pm/powerplay/smumgr/smumgr.o
  CC [M]  drivers/gpu/drm/nouveau/nvkm/subdev/gsp/rm/r570/ofa.o
  CC [M]  drivers/gpu/drm/nouveau/nvkm/subdev/i2c/base.o
  CC [M]  drivers/gpu/drm/i915/display/intel_ddi_buf_trans.o
  CC [M]  drivers/gpu/drm/amd/amdgpu/../pm/powerplay/smumgr/smu8_smumgr.o
  CC [M]  drivers/gpu/drm/xe/xe_gt_sriov_vf_debugfs.o
  CC [M]  drivers/gpu/drm/xe/xe_gt_stats.o
  CC [M]  drivers/gpu/drm/i915/display/intel_display_device.o
  CC [M]  drivers/gpu/drm/amd/amdgpu/../pm/powerplay/smumgr/tonga_smumgr.o
  CC [M]  drivers/gpu/drm/nouveau/nvkm/subdev/i2c/nv04.o
  CC [M]  drivers/gpu/drm/xe/xe_guc_debugfs.o
  CC [M]  drivers/gpu/drm/i915/display/intel_display_trace.o
  CC [M]  drivers/gpu/drm/i915/display/intel_dkl_phy.o
  CC [M]  drivers/gpu/drm/amd/amdgpu/../pm/powerplay/smumgr/fiji_smumgr.o
  CC [M]  drivers/gpu/drm/xe/xe_huc_debugfs.o
  CC [M]  drivers/gpu/drm/nouveau/nvkm/subdev/i2c/nv4e.o
  CC [M]  drivers/gpu/drm/amd/amdgpu/../pm/powerplay/smumgr/polaris10_smumgr.o
  CC [M]  drivers/gpu/drm/nouveau/nvkm/subdev/i2c/nv50.o
  CC [M]  drivers/gpu/drm/xe/xe_tile_debugfs.o
  CC [M]  drivers/gpu/drm/amd/amdgpu/../pm/powerplay/smumgr/iceland_smumgr.o
  CC [M]  drivers/gpu/drm/i915/display/intel_dp.o
  CC [M]  drivers/gpu/drm/nouveau/nvkm/subdev/i2c/g94.o
  CC [M]  drivers/gpu/drm/amd/amdgpu/../pm/powerplay/smumgr/smu7_smumgr.o
  CC [M]  drivers/gpu/drm/nouveau/nvkm/subdev/i2c/gf117.o
  CC [M]  drivers/gpu/drm/amd/amdgpu/../pm/powerplay/smumgr/vega10_smumgr.o
  CC [M]  drivers/gpu/drm/amd/amdgpu/../pm/powerplay/smumgr/smu10_smumgr.o
  CC [M]  drivers/gpu/drm/i915/display/intel_dp_aux.o
  CC [M]  drivers/gpu/drm/xe/xe_uc_debugfs.o
  CC [M]  drivers/gpu/drm/i915/display/intel_dp_aux_backlight.o
  CC [M]  drivers/gpu/drm/nouveau/nvkm/subdev/i2c/gf119.o
  CC [M]  drivers/gpu/drm/xe/i915-display/intel_display_debugfs.o
  CC [M]  drivers/gpu/drm/xe/i915-display/intel_display_debugfs_params.o
  CC [M]  drivers/gpu/drm/xe/i915-display/intel_pipe_crc.o
  CC [M]  drivers/gpu/drm/i915/display/intel_dp_hdcp.o
  CC [M]  drivers/gpu/drm/amd/amdgpu/../pm/powerplay/smumgr/ci_smumgr.o
  CC [M]  drivers/gpu/drm/nouveau/nvkm/subdev/i2c/gk104.o
  CC [M]  drivers/gpu/drm/i915/display/intel_dp_link_training.o
  CC [M]  drivers/gpu/drm/xe/i915-display/intel_dp_tunnel.o
  CC [M]  drivers/gpu/drm/i915/display/intel_dp_mst.o
  CC [M]  drivers/gpu/drm/amd/amdgpu/../pm/powerplay/smumgr/vega12_smumgr.o
  CC [M]  drivers/gpu/drm/i915/display/intel_dp_test.o
  CC [M]  drivers/gpu/drm/i915/display/intel_dsi.o
  CC [M]  drivers/gpu/drm/i915/display/intel_dsi_dcs_backlight.o
  CC [M]  drivers/gpu/drm/nouveau/nvkm/subdev/i2c/gk110.o
  CC [M]  drivers/gpu/drm/amd/amdgpu/../pm/powerplay/smumgr/vegam_smumgr.o
  LD [M]  drivers/gpu/drm/xe/xe.o
  CC [M]  drivers/gpu/drm/i915/display/intel_dsi_vbt.o
  CC [M]  drivers/gpu/drm/nouveau/nvkm/subdev/i2c/gm200.o
  CC [M]  drivers/gpu/drm/amd/amdgpu/../pm/powerplay/smumgr/smu9_smumgr.o
  CC [M]  drivers/gpu/drm/nouveau/nvkm/subdev/i2c/pad.o
  CC [M]  drivers/gpu/drm/nouveau/nvkm/subdev/i2c/padnv04.o
  CC [M]  drivers/gpu/drm/amd/amdgpu/../pm/powerplay/smumgr/vega20_smumgr.o
  CC [M]  drivers/gpu/drm/i915/display/intel_dvo.o
  CC [M]  drivers/gpu/drm/amd/amdgpu/../pm/powerplay/hwmgr/hwmgr.o
  CC [M]  drivers/gpu/drm/amd/amdgpu/../pm/powerplay/hwmgr/processpptables.o
  CC [M]  drivers/gpu/drm/i915/display/intel_encoder.o
  CC [M]  drivers/gpu/drm/i915/display/intel_gmbus.o
  CC [M]  drivers/gpu/drm/amd/amdgpu/../pm/powerplay/hwmgr/hardwaremanager.o
  CC [M]  drivers/gpu/drm/nouveau/nvkm/subdev/i2c/padnv4e.o
  CC [M]  drivers/gpu/drm/nouveau/nvkm/subdev/i2c/padnv50.o
  CC [M]  drivers/gpu/drm/i915/display/intel_hdmi.o
  CC [M]  drivers/gpu/drm/nouveau/nvkm/subdev/i2c/padg94.o
  CC [M]  drivers/gpu/drm/i915/display/intel_lspcon.o
  CC [M]  drivers/gpu/drm/amd/amdgpu/../pm/powerplay/hwmgr/smu8_hwmgr.o
  CC [M]  drivers/gpu/drm/nouveau/nvkm/subdev/i2c/padgf119.o
  CC [M]  drivers/gpu/drm/i915/display/intel_lt_phy.o
  CC [M]  drivers/gpu/drm/i915/display/intel_lvds.o
  CC [M]  drivers/gpu/drm/i915/display/intel_panel.o
  CC [M]  drivers/gpu/drm/i915/display/intel_pfit.o
  CC [M]  drivers/gpu/drm/amd/amdgpu/../pm/powerplay/hwmgr/pppcielanes.o
  CC [M]  drivers/gpu/drm/nouveau/nvkm/subdev/i2c/padgm200.o
  CC [M]  drivers/gpu/drm/amd/amdgpu/../pm/powerplay/hwmgr/process_pptables_v1_0.o
  CC [M]  drivers/gpu/drm/i915/display/intel_pps.o
  CC [M]  drivers/gpu/drm/nouveau/nvkm/subdev/i2c/bus.o
  CC [M]  drivers/gpu/drm/amd/amdgpu/../pm/powerplay/hwmgr/ppatomctrl.o
  CC [M]  drivers/gpu/drm/amd/amdgpu/../pm/powerplay/hwmgr/ppatomfwctrl.o
  CC [M]  drivers/gpu/drm/nouveau/nvkm/subdev/i2c/busnv04.o
  CC [M]  drivers/gpu/drm/nouveau/nvkm/subdev/i2c/busnv4e.o
  CC [M]  drivers/gpu/drm/amd/amdgpu/../pm/powerplay/hwmgr/smu7_hwmgr.o
  CC [M]  drivers/gpu/drm/amd/amdgpu/../pm/powerplay/hwmgr/smu7_powertune.o
  CC [M]  drivers/gpu/drm/i915/display/intel_qp_tables.o
  CC [M]  drivers/gpu/drm/i915/display/intel_sdvo.o
  CC [M]  drivers/gpu/drm/amd/amdgpu/../pm/powerplay/hwmgr/smu7_thermal.o
  CC [M]  drivers/gpu/drm/nouveau/nvkm/subdev/i2c/busnv50.o
  CC [M]  drivers/gpu/drm/nouveau/nvkm/subdev/i2c/busgf119.o
  CC [M]  drivers/gpu/drm/i915/display/intel_snps_hdmi_pll.o
  CC [M]  drivers/gpu/drm/amd/amdgpu/../pm/powerplay/hwmgr/smu7_clockpowergating.o
  CC [M]  drivers/gpu/drm/amd/amdgpu/../pm/powerplay/hwmgr/vega10_processpptables.o
  CC [M]  drivers/gpu/drm/i915/display/intel_snps_phy.o
  CC [M]  drivers/gpu/drm/i915/display/intel_tv.o
  CC [M]  drivers/gpu/drm/nouveau/nvkm/subdev/i2c/bit.o
  CC [M]  drivers/gpu/drm/i915/display/intel_vdsc.o
  CC [M]  drivers/gpu/drm/nouveau/nvkm/subdev/i2c/auxch.o
  CC [M]  drivers/gpu/drm/i915/display/intel_vrr.o
  CC [M]  drivers/gpu/drm/amd/amdgpu/../pm/powerplay/hwmgr/vega10_hwmgr.o
  CC [M]  drivers/gpu/drm/i915/display/vlv_dsi.o
  CC [M]  drivers/gpu/drm/amd/amdgpu/../pm/powerplay/hwmgr/vega10_powertune.o
  CC [M]  drivers/gpu/drm/nouveau/nvkm/subdev/i2c/auxg94.o
  CC [M]  drivers/gpu/drm/amd/amdgpu/../pm/powerplay/hwmgr/vega10_thermal.o
  CC [M]  drivers/gpu/drm/i915/display/vlv_dsi_pll.o
  CC [M]  drivers/gpu/drm/i915/display/intel_dp_tunnel.o
  CC [M]  drivers/gpu/drm/i915/i915_perf.o
  CC [M]  drivers/gpu/drm/amd/amdgpu/../pm/powerplay/hwmgr/smu10_hwmgr.o
  CC [M]  drivers/gpu/drm/nouveau/nvkm/subdev/i2c/auxgf119.o
  CC [M]  drivers/gpu/drm/nouveau/nvkm/subdev/i2c/auxgm200.o
  CC [M]  drivers/gpu/drm/amd/amdgpu/../pm/powerplay/hwmgr/pp_psm.o
  CC [M]  drivers/gpu/drm/nouveau/nvkm/subdev/i2c/anx9805.o
  CC [M]  drivers/gpu/drm/i915/pxp/intel_pxp.o
  CC [M]  drivers/gpu/drm/amd/amdgpu/../pm/powerplay/hwmgr/vega12_processpptables.o
  CC [M]  drivers/gpu/drm/nouveau/nvkm/subdev/iccsense/base.o
  CC [M]  drivers/gpu/drm/nouveau/nvkm/subdev/iccsense/gf100.o
  CC [M]  drivers/gpu/drm/i915/pxp/intel_pxp_huc.o
  CC [M]  drivers/gpu/drm/amd/amdgpu/../pm/powerplay/hwmgr/vega12_hwmgr.o
  CC [M]  drivers/gpu/drm/amd/amdgpu/../pm/powerplay/hwmgr/vega12_thermal.o
  CC [M]  drivers/gpu/drm/amd/amdgpu/../pm/powerplay/hwmgr/pp_overdriver.o
  CC [M]  drivers/gpu/drm/nouveau/nvkm/subdev/instmem/base.o
  CC [M]  drivers/gpu/drm/i915/pxp/intel_pxp_tee.o
  CC [M]  drivers/gpu/drm/i915/i915_gpu_error.o
  CC [M]  drivers/gpu/drm/i915/i915_vgpu.o
  CC [M]  drivers/gpu/drm/nouveau/nvkm/subdev/instmem/nv04.o
  CC [M]  drivers/gpu/drm/amd/amdgpu/../pm/powerplay/hwmgr/smu_helper.o
  CC [M]  drivers/gpu/drm/nouveau/nvkm/subdev/instmem/nv40.o
  CC [M]  drivers/gpu/drm/nouveau/nvkm/subdev/instmem/nv50.o
  CC [M]  drivers/gpu/drm/nouveau/nvkm/subdev/instmem/gk20a.o
  CC [M]  drivers/gpu/drm/amd/amdgpu/../pm/powerplay/hwmgr/vega20_processpptables.o
  CC [M]  drivers/gpu/drm/amd/amdgpu/../pm/powerplay/hwmgr/vega20_hwmgr.o
  CC [M]  drivers/gpu/drm/nouveau/nvkm/subdev/instmem/gh100.o
  CC [M]  drivers/gpu/drm/nouveau/nvkm/subdev/ltc/base.o
  CC [M]  drivers/gpu/drm/amd/amdgpu/../pm/powerplay/hwmgr/vega20_powertune.o
  CC [M]  drivers/gpu/drm/nouveau/nvkm/subdev/ltc/gf100.o
  CC [M]  drivers/gpu/drm/nouveau/nvkm/subdev/ltc/gk104.o
  CC [M]  drivers/gpu/drm/nouveau/nvkm/subdev/ltc/gm107.o
  LD [M]  drivers/gpu/drm/i915/i915.o
  CC [M]  drivers/gpu/drm/nouveau/nvkm/subdev/ltc/gm200.o
  CC [M]  drivers/gpu/drm/amd/amdgpu/../pm/powerplay/hwmgr/vega20_thermal.o
  CC [M]  drivers/gpu/drm/amd/amdgpu/../pm/powerplay/hwmgr/common_baco.o
  CC [M]  drivers/gpu/drm/nouveau/nvkm/subdev/ltc/gp100.o
  CC [M]  drivers/gpu/drm/nouveau/nvkm/subdev/ltc/gp102.o
  CC [M]  drivers/gpu/drm/amd/amdgpu/../pm/powerplay/hwmgr/vega10_baco.o
  CC [M]  drivers/gpu/drm/nouveau/nvkm/subdev/ltc/gp10b.o
  CC [M]  drivers/gpu/drm/nouveau/nvkm/subdev/ltc/ga102.o
  CC [M]  drivers/gpu/drm/amd/amdgpu/../pm/powerplay/hwmgr/vega20_baco.o
  CC [M]  drivers/gpu/drm/nouveau/nvkm/subdev/mc/base.o
  CC [M]  drivers/gpu/drm/amd/amdgpu/../pm/powerplay/hwmgr/vega12_baco.o
  CC [M]  drivers/gpu/drm/amd/amdgpu/../pm/powerplay/hwmgr/smu9_baco.o
  CC [M]  drivers/gpu/drm/nouveau/nvkm/subdev/mc/nv04.o
  CC [M]  drivers/gpu/drm/nouveau/nvkm/subdev/mc/nv11.o
  CC [M]  drivers/gpu/drm/amd/amdgpu/../pm/powerplay/hwmgr/tonga_baco.o
  CC [M]  drivers/gpu/drm/amd/amdgpu/../pm/powerplay/hwmgr/polaris_baco.o
  CC [M]  drivers/gpu/drm/nouveau/nvkm/subdev/mc/nv17.o
  CC [M]  drivers/gpu/drm/amd/amdgpu/../pm/powerplay/hwmgr/fiji_baco.o
  CC [M]  drivers/gpu/drm/amd/amdgpu/../pm/powerplay/hwmgr/ci_baco.o
  CC [M]  drivers/gpu/drm/amd/amdgpu/../pm/powerplay/hwmgr/smu7_baco.o
  CC [M]  drivers/gpu/drm/nouveau/nvkm/subdev/mc/nv44.o
  CC [M]  drivers/gpu/drm/nouveau/nvkm/subdev/mc/nv50.o
  CC [M]  drivers/gpu/drm/amd/amdgpu/../pm/powerplay/amd_powerplay.o
  CC [M]  drivers/gpu/drm/amd/amdgpu/../pm/legacy-dpm/legacy_dpm.o
  CC [M]  drivers/gpu/drm/nouveau/nvkm/subdev/mc/g84.o
  CC [M]  drivers/gpu/drm/nouveau/nvkm/subdev/mc/g98.o
  CC [M]  drivers/gpu/drm/nouveau/nvkm/subdev/mc/gt215.o
  CC [M]  drivers/gpu/drm/amd/amdgpu/../pm/legacy-dpm/kv_dpm.o
  CC [M]  drivers/gpu/drm/nouveau/nvkm/subdev/mc/gf100.o
  CC [M]  drivers/gpu/drm/amd/amdgpu/../pm/legacy-dpm/kv_smc.o
  CC [M]  drivers/gpu/drm/amd/amdgpu/../pm/legacy-dpm/si_dpm.o
  CC [M]  drivers/gpu/drm/nouveau/nvkm/subdev/mc/gk104.o
  CC [M]  drivers/gpu/drm/nouveau/nvkm/subdev/mc/gk20a.o
  CC [M]  drivers/gpu/drm/amd/amdgpu/../pm/legacy-dpm/si_smc.o
  CC [M]  drivers/gpu/drm/amd/amdgpu/../pm/amdgpu_dpm.o
  CC [M]  drivers/gpu/drm/nouveau/nvkm/subdev/mc/gp100.o
  CC [M]  drivers/gpu/drm/nouveau/nvkm/subdev/mc/gp10b.o
  CC [M]  drivers/gpu/drm/amd/amdgpu/../pm/amdgpu_pm.o
  CC [M]  drivers/gpu/drm/nouveau/nvkm/subdev/mc/ga100.o
  CC [M]  drivers/gpu/drm/nouveau/nvkm/subdev/mmu/base.o
  CC [M]  drivers/gpu/drm/nouveau/nvkm/subdev/mmu/nv04.o
  CC [M]  drivers/gpu/drm/nouveau/nvkm/subdev/mmu/nv41.o
  CC [M]  drivers/gpu/drm/nouveau/nvkm/subdev/mmu/nv44.o
  CC [M]  drivers/gpu/drm/nouveau/nvkm/subdev/mmu/nv50.o
  CC [M]  drivers/gpu/drm/nouveau/nvkm/subdev/mmu/g84.o
  CC [M]  drivers/gpu/drm/amd/amdgpu/../pm/amdgpu_dpm_internal.o
  CC [M]  drivers/gpu/drm/amd/amdgpu/../display/amdgpu_dm/amdgpu_dm.o
  CC [M]  drivers/gpu/drm/amd/amdgpu/../display/amdgpu_dm/amdgpu_dm_plane.o
  CC [M]  drivers/gpu/drm/amd/amdgpu/../display/amdgpu_dm/amdgpu_dm_crtc.o
  CC [M]  drivers/gpu/drm/amd/amdgpu/../display/amdgpu_dm/amdgpu_dm_irq.o
  CC [M]  drivers/gpu/drm/amd/amdgpu/../display/amdgpu_dm/amdgpu_dm_mst_types.o
  CC [M]  drivers/gpu/drm/amd/amdgpu/../display/amdgpu_dm/amdgpu_dm_color.o
  CC [M]  drivers/gpu/drm/nouveau/nvkm/subdev/mmu/mcp77.o
  CC [M]  drivers/gpu/drm/amd/amdgpu/../display/amdgpu_dm/amdgpu_dm_services.o
  CC [M]  drivers/gpu/drm/nouveau/nvkm/subdev/mmu/gf100.o
  CC [M]  drivers/gpu/drm/amd/amdgpu/../display/amdgpu_dm/amdgpu_dm_helpers.o
  CC [M]  drivers/gpu/drm/amd/amdgpu/../display/amdgpu_dm/amdgpu_dm_pp_smu.o
  CC [M]  drivers/gpu/drm/amd/amdgpu/../display/amdgpu_dm/amdgpu_dm_psr.o
  CC [M]  drivers/gpu/drm/nouveau/nvkm/subdev/mmu/gk104.o
  CC [M]  drivers/gpu/drm/nouveau/nvkm/subdev/mmu/gk20a.o
  CC [M]  drivers/gpu/drm/amd/amdgpu/../display/amdgpu_dm/amdgpu_dm_replay.o
  CC [M]  drivers/gpu/drm/nouveau/nvkm/subdev/mmu/gm200.o
  CC [M]  drivers/gpu/drm/amd/amdgpu/../display/amdgpu_dm/amdgpu_dm_quirks.o
  CC [M]  drivers/gpu/drm/nouveau/nvkm/subdev/mmu/gm20b.o
  CC [M]  drivers/gpu/drm/amd/amdgpu/../display/amdgpu_dm/amdgpu_dm_wb.o
  CC [M]  drivers/gpu/drm/amd/amdgpu/../display/amdgpu_dm/amdgpu_dm_colorop.o
  CC [M]  drivers/gpu/drm/amd/amdgpu/../display/amdgpu_dm/amdgpu_dm_ism.o
  CC [M]  drivers/gpu/drm/amd/amdgpu/../display/amdgpu_dm/dc_fpu.o
  CC [M]  drivers/gpu/drm/nouveau/nvkm/subdev/mmu/gp100.o
  CC [M]  drivers/gpu/drm/nouveau/nvkm/subdev/mmu/gp10b.o
  CC [M]  drivers/gpu/drm/amd/amdgpu/../display/amdgpu_dm/amdgpu_dm_hdcp.o
  CC [M]  drivers/gpu/drm/nouveau/nvkm/subdev/mmu/gv100.o
  CC [M]  drivers/gpu/drm/amd/amdgpu/../display/amdgpu_dm/amdgpu_dm_crc.o
  CC [M]  drivers/gpu/drm/nouveau/nvkm/subdev/mmu/tu102.o
  CC [M]  drivers/gpu/drm/nouveau/nvkm/subdev/mmu/gh100.o
  CC [M]  drivers/gpu/drm/amd/amdgpu/../display/amdgpu_dm/amdgpu_dm_debugfs.o
  CC [M]  drivers/gpu/drm/amd/amdgpu/../display/dc/dc_spl_translate.o
  CC [M]  drivers/gpu/drm/amd/amdgpu/../display/dc/basics/conversion.o
  CC [M]  drivers/gpu/drm/nouveau/nvkm/subdev/mmu/mem.o
  CC [M]  drivers/gpu/drm/amd/amdgpu/../display/dc/basics/fixpt31_32.o
  CC [M]  drivers/gpu/drm/amd/amdgpu/../display/dc/basics/vector.o
  CC [M]  drivers/gpu/drm/nouveau/nvkm/subdev/mmu/memnv04.o
  CC [M]  drivers/gpu/drm/amd/amdgpu/../display/dc/basics/dc_common.o
  CC [M]  drivers/gpu/drm/amd/amdgpu/../display/dc/basics/dce_calcs.o
  CC [M]  drivers/gpu/drm/amd/amdgpu/../display/dc/basics/custom_float.o
  CC [M]  drivers/gpu/drm/amd/amdgpu/../display/dc/basics/bw_fixed.o
  CC [M]  drivers/gpu/drm/nouveau/nvkm/subdev/mmu/memnv50.o
  CC [M]  drivers/gpu/drm/nouveau/nvkm/subdev/mmu/memgf100.o
  CC [M]  drivers/gpu/drm/nouveau/nvkm/subdev/mmu/vmm.o
  CC [M]  drivers/gpu/drm/amd/amdgpu/../display/dc/bios/bios_parser.o
  CC [M]  drivers/gpu/drm/amd/amdgpu/../display/dc/bios/bios_parser_interface.o
  CC [M]  drivers/gpu/drm/amd/amdgpu/../display/dc/bios/bios_parser_helper.o
  CC [M]  drivers/gpu/drm/amd/amdgpu/../display/dc/bios/command_table.o
  CC [M]  drivers/gpu/drm/nouveau/nvkm/subdev/mmu/vmmnv04.o
  CC [M]  drivers/gpu/drm/nouveau/nvkm/subdev/mmu/vmmnv41.o
  CC [M]  drivers/gpu/drm/nouveau/nvkm/subdev/mmu/vmmnv44.o
  CC [M]  drivers/gpu/drm/nouveau/nvkm/subdev/mmu/vmmnv50.o
  CC [M]  drivers/gpu/drm/nouveau/nvkm/subdev/mmu/vmmmcp77.o
  CC [M]  drivers/gpu/drm/amd/amdgpu/../display/dc/bios/command_table_helper.o
  CC [M]  drivers/gpu/drm/nouveau/nvkm/subdev/mmu/vmmgf100.o
  CC [M]  drivers/gpu/drm/amd/amdgpu/../display/dc/bios/bios_parser_common.o
  CC [M]  drivers/gpu/drm/nouveau/nvkm/subdev/mmu/vmmgk104.o
  CC [M]  drivers/gpu/drm/amd/amdgpu/../display/dc/bios/command_table2.o
  CC [M]  drivers/gpu/drm/nouveau/nvkm/subdev/mmu/vmmgk20a.o
  CC [M]  drivers/gpu/drm/amd/amdgpu/../display/dc/bios/command_table_helper2.o
  CC [M]  drivers/gpu/drm/amd/amdgpu/../display/dc/bios/bios_parser2.o
  CC [M]  drivers/gpu/drm/amd/amdgpu/../display/dc/bios/dce80/command_table_helper_dce80.o
  CC [M]  drivers/gpu/drm/nouveau/nvkm/subdev/mmu/vmmgm200.o
  CC [M]  drivers/gpu/drm/amd/amdgpu/../display/dc/bios/dce110/command_table_helper_dce110.o
  CC [M]  drivers/gpu/drm/nouveau/nvkm/subdev/mmu/vmmgm20b.o
  CC [M]  drivers/gpu/drm/amd/amdgpu/../display/dc/bios/dce112/command_table_helper_dce112.o
  CC [M]  drivers/gpu/drm/amd/amdgpu/../display/dc/bios/dce112/command_table_helper2_dce112.o
  CC [M]  drivers/gpu/drm/nouveau/nvkm/subdev/mmu/vmmgp100.o
  CC [M]  drivers/gpu/drm/nouveau/nvkm/subdev/mmu/vmmgp10b.o
  CC [M]  drivers/gpu/drm/amd/amdgpu/../display/dc/dml/display_mode_lib.o
  CC [M]  drivers/gpu/drm/nouveau/nvkm/subdev/mmu/vmmgv100.o
  CC [M]  drivers/gpu/drm/amd/amdgpu/../display/dc/dml/display_rq_dlg_helpers.o
  CC [M]  drivers/gpu/drm/amd/amdgpu/../display/dc/dml/dml1_display_rq_dlg_calc.o
  CC [M]  drivers/gpu/drm/nouveau/nvkm/subdev/mmu/vmmtu102.o
  CC [M]  drivers/gpu/drm/amd/amdgpu/../display/dc/dml/dcn10/dcn10_fpu.o
  CC [M]  drivers/gpu/drm/amd/amdgpu/../display/dc/dml/dcn20/dcn20_fpu.o
  CC [M]  drivers/gpu/drm/amd/amdgpu/../display/dc/dml/display_mode_vba.o
  CC [M]  drivers/gpu/drm/nouveau/nvkm/subdev/mmu/vmmgh100.o
  CC [M]  drivers/gpu/drm/amd/amdgpu/../display/dc/dml/dcn20/display_rq_dlg_calc_20.o
  CC [M]  drivers/gpu/drm/amd/amdgpu/../display/dc/dml/dcn20/display_mode_vba_20.o
  CC [M]  drivers/gpu/drm/amd/amdgpu/../display/dc/dml/dcn20/display_rq_dlg_calc_20v2.o
  CC [M]  drivers/gpu/drm/nouveau/nvkm/subdev/mmu/umem.o
  CC [M]  drivers/gpu/drm/nouveau/nvkm/subdev/mmu/ummu.o
  CC [M]  drivers/gpu/drm/nouveau/nvkm/subdev/mmu/uvmm.o
  CC [M]  drivers/gpu/drm/nouveau/nvkm/subdev/mxm/base.o
  CC [M]  drivers/gpu/drm/nouveau/nvkm/subdev/mxm/mxms.o
  CC [M]  drivers/gpu/drm/amd/amdgpu/../display/dc/dml/dcn20/display_mode_vba_20v2.o
  CC [M]  drivers/gpu/drm/amd/amdgpu/../display/dc/dml/dcn21/display_rq_dlg_calc_21.o
  CC [M]  drivers/gpu/drm/amd/amdgpu/../display/dc/dml/dcn21/display_mode_vba_21.o
  CC [M]  drivers/gpu/drm/nouveau/nvkm/subdev/mxm/nv50.o
  CC [M]  drivers/gpu/drm/amd/amdgpu/../display/dc/dml/dcn30/dcn30_fpu.o
  CC [M]  drivers/gpu/drm/nouveau/nvkm/subdev/pci/agp.o
  CC [M]  drivers/gpu/drm/amd/amdgpu/../display/dc/dml/dcn30/display_mode_vba_30.o
  CC [M]  drivers/gpu/drm/nouveau/nvkm/subdev/pci/base.o
  CC [M]  drivers/gpu/drm/nouveau/nvkm/subdev/pci/pcie.o
  CC [M]  drivers/gpu/drm/amd/amdgpu/../display/dc/dml/dcn30/display_rq_dlg_calc_30.o
  CC [M]  drivers/gpu/drm/amd/amdgpu/../display/dc/dml/dcn31/display_mode_vba_31.o
  CC [M]  drivers/gpu/drm/nouveau/nvkm/subdev/pci/nv04.o
  CC [M]  drivers/gpu/drm/nouveau/nvkm/subdev/pci/nv40.o
  CC [M]  drivers/gpu/drm/nouveau/nvkm/subdev/pci/nv46.o
  CC [M]  drivers/gpu/drm/nouveau/nvkm/subdev/pci/nv4c.o
  CC [M]  drivers/gpu/drm/amd/amdgpu/../display/dc/dml/dcn31/display_rq_dlg_calc_31.o
  CC [M]  drivers/gpu/drm/amd/amdgpu/../display/dc/dml/dcn314/display_mode_vba_314.o
  CC [M]  drivers/gpu/drm/amd/amdgpu/../display/dc/dml/dcn314/display_rq_dlg_calc_314.o
  CC [M]  drivers/gpu/drm/nouveau/nvkm/subdev/pci/g84.o
  CC [M]  drivers/gpu/drm/amd/amdgpu/../display/dc/dml/dcn32/display_mode_vba_32.o
  CC [M]  drivers/gpu/drm/amd/amdgpu/../display/dc/dml/dcn32/display_rq_dlg_calc_32.o
  CC [M]  drivers/gpu/drm/amd/amdgpu/../display/dc/dml/dcn32/display_mode_vba_util_32.o
  CC [M]  drivers/gpu/drm/nouveau/nvkm/subdev/pci/g92.o
  CC [M]  drivers/gpu/drm/nouveau/nvkm/subdev/pci/g94.o
  CC [M]  drivers/gpu/drm/amd/amdgpu/../display/dc/dml/dcn31/dcn31_fpu.o
  CC [M]  drivers/gpu/drm/amd/amdgpu/../display/dc/dml/dcn32/dcn32_fpu.o
  CC [M]  drivers/gpu/drm/amd/amdgpu/../display/dc/dml/dcn321/dcn321_fpu.o
  CC [M]  drivers/gpu/drm/nouveau/nvkm/subdev/pci/gf100.o
  CC [M]  drivers/gpu/drm/amd/amdgpu/../display/dc/dml/dcn301/dcn301_fpu.o
  CC [M]  drivers/gpu/drm/amd/amdgpu/../display/dc/dml/dcn302/dcn302_fpu.o
  CC [M]  drivers/gpu/drm/amd/amdgpu/../display/dc/dml/dcn303/dcn303_fpu.o
  CC [M]  drivers/gpu/drm/nouveau/nvkm/subdev/pci/gf106.o
  CC [M]  drivers/gpu/drm/nouveau/nvkm/subdev/pci/gk104.o
  CC [M]  drivers/gpu/drm/amd/amdgpu/../display/dc/dml/dcn314/dcn314_fpu.o
  CC [M]  drivers/gpu/drm/amd/amdgpu/../display/dc/dml/dcn35/dcn35_fpu.o
  CC [M]  drivers/gpu/drm/nouveau/nvkm/subdev/pci/gp100.o
  CC [M]  drivers/gpu/drm/nouveau/nvkm/subdev/pci/gh100.o
  CC [M]  drivers/gpu/drm/amd/amdgpu/../display/dc/dml/dcn351/dcn351_fpu.o
  CC [M]  drivers/gpu/drm/amd/amdgpu/../display/dc/dml/dsc/rc_calc_fpu.o
  CC [M]  drivers/gpu/drm/nouveau/nvkm/subdev/pmu/base.o
  CC [M]  drivers/gpu/drm/nouveau/nvkm/subdev/pmu/memx.o
  CC [M]  drivers/gpu/drm/amd/amdgpu/../display/dc/dml/calcs/dcn_calcs.o
  CC [M]  drivers/gpu/drm/amd/amdgpu/../display/dc/dml/calcs/dcn_calc_math.o
  CC [M]  drivers/gpu/drm/nouveau/nvkm/subdev/pmu/gt215.o
  CC [M]  drivers/gpu/drm/amd/amdgpu/../display/dc/dml/calcs/dcn_calc_auto.o
  CC [M]  drivers/gpu/drm/amd/amdgpu/../display/dc/clk_mgr/clk_mgr.o
  CC [M]  drivers/gpu/drm/nouveau/nvkm/subdev/pmu/gf100.o
  CC [M]  drivers/gpu/drm/amd/amdgpu/../display/dc/clk_mgr/dce100/dce_clk_mgr.o
  CC [M]  drivers/gpu/drm/nouveau/nvkm/subdev/pmu/gf119.o
  CC [M]  drivers/gpu/drm/nouveau/nvkm/subdev/pmu/gk104.o
  CC [M]  drivers/gpu/drm/amd/amdgpu/../display/dc/clk_mgr/dce110/dce110_clk_mgr.o
  CC [M]  drivers/gpu/drm/nouveau/nvkm/subdev/pmu/gk110.o
  CC [M]  drivers/gpu/drm/amd/amdgpu/../display/dc/clk_mgr/dce112/dce112_clk_mgr.o
  CC [M]  drivers/gpu/drm/amd/amdgpu/../display/dc/clk_mgr/dce120/dce120_clk_mgr.o
  CC [M]  drivers/gpu/drm/amd/amdgpu/../display/dc/clk_mgr/dcn10/rv1_clk_mgr.o
  CC [M]  drivers/gpu/drm/amd/amdgpu/../display/dc/clk_mgr/dcn10/rv1_clk_mgr_vbios_smu.o
  CC [M]  drivers/gpu/drm/nouveau/nvkm/subdev/pmu/gk208.o
  CC [M]  drivers/gpu/drm/nouveau/nvkm/subdev/pmu/gk20a.o
  CC [M]  drivers/gpu/drm/nouveau/nvkm/subdev/pmu/gm107.o
  CC [M]  drivers/gpu/drm/nouveau/nvkm/subdev/pmu/gm200.o
  CC [M]  drivers/gpu/drm/nouveau/nvkm/subdev/pmu/gm20b.o
  CC [M]  drivers/gpu/drm/amd/amdgpu/../display/dc/clk_mgr/dcn10/rv2_clk_mgr.o
  CC [M]  drivers/gpu/drm/amd/amdgpu/../display/dc/clk_mgr/dcn20/dcn20_clk_mgr.o
  CC [M]  drivers/gpu/drm/amd/amdgpu/../display/dc/clk_mgr/dcn201/dcn201_clk_mgr.o
  CC [M]  drivers/gpu/drm/nouveau/nvkm/subdev/pmu/gp102.o
  CC [M]  drivers/gpu/drm/amd/amdgpu/../display/dc/clk_mgr/dcn21/rn_clk_mgr.o
  CC [M]  drivers/gpu/drm/nouveau/nvkm/subdev/pmu/gp10b.o
  CC [M]  drivers/gpu/drm/amd/amdgpu/../display/dc/clk_mgr/dcn21/rn_clk_mgr_vbios_smu.o
  CC [M]  drivers/gpu/drm/nouveau/nvkm/subdev/privring/gf100.o
  CC [M]  drivers/gpu/drm/nouveau/nvkm/subdev/privring/gf117.o
  CC [M]  drivers/gpu/drm/amd/amdgpu/../display/dc/clk_mgr/dcn30/dcn30_clk_mgr.o
  CC [M]  drivers/gpu/drm/amd/amdgpu/../display/dc/clk_mgr/dcn30/dcn30_clk_mgr_smu_msg.o
  CC [M]  drivers/gpu/drm/amd/amdgpu/../display/dc/clk_mgr/dcn30/dcn30m_clk_mgr.o
  CC [M]  drivers/gpu/drm/amd/amdgpu/../display/dc/clk_mgr/dcn30/dcn30m_clk_mgr_smu_msg.o
  CC [M]  drivers/gpu/drm/nouveau/nvkm/subdev/privring/gk104.o
  CC [M]  drivers/gpu/drm/nouveau/nvkm/subdev/privring/gk20a.o
  CC [M]  drivers/gpu/drm/nouveau/nvkm/subdev/privring/gm200.o
  CC [M]  drivers/gpu/drm/amd/amdgpu/../display/dc/clk_mgr/dcn301/vg_clk_mgr.o
  CC [M]  drivers/gpu/drm/nouveau/nvkm/subdev/privring/gp10b.o
  CC [M]  drivers/gpu/drm/amd/amdgpu/../display/dc/clk_mgr/dcn301/dcn301_smu.o
  CC [M]  drivers/gpu/drm/amd/amdgpu/../display/dc/clk_mgr/dcn31/dcn31_smu.o
  CC [M]  drivers/gpu/drm/amd/amdgpu/../display/dc/clk_mgr/dcn31/dcn31_clk_mgr.o
  CC [M]  drivers/gpu/drm/nouveau/nvkm/subdev/therm/base.o
  CC [M]  drivers/gpu/drm/amd/amdgpu/../display/dc/clk_mgr/dcn314/dcn314_smu.o
  CC [M]  drivers/gpu/drm/nouveau/nvkm/subdev/therm/fan.o
  CC [M]  drivers/gpu/drm/nouveau/nvkm/subdev/therm/fannil.o
  CC [M]  drivers/gpu/drm/nouveau/nvkm/subdev/therm/fanpwm.o
  CC [M]  drivers/gpu/drm/amd/amdgpu/../display/dc/clk_mgr/dcn314/dcn314_clk_mgr.o
  CC [M]  drivers/gpu/drm/nouveau/nvkm/subdev/therm/fantog.o
  CC [M]  drivers/gpu/drm/amd/amdgpu/../display/dc/clk_mgr/dcn315/dcn315_smu.o
  CC [M]  drivers/gpu/drm/nouveau/nvkm/subdev/therm/ic.o
  CC [M]  drivers/gpu/drm/amd/amdgpu/../display/dc/clk_mgr/dcn315/dcn315_clk_mgr.o
  CC [M]  drivers/gpu/drm/nouveau/nvkm/subdev/therm/temp.o
  CC [M]  drivers/gpu/drm/amd/amdgpu/../display/dc/clk_mgr/dcn316/dcn316_smu.o
  CC [M]  drivers/gpu/drm/nouveau/nvkm/subdev/therm/nv40.o
  CC [M]  drivers/gpu/drm/amd/amdgpu/../display/dc/clk_mgr/dcn316/dcn316_clk_mgr.o
  CC [M]  drivers/gpu/drm/nouveau/nvkm/subdev/therm/nv50.o
  CC [M]  drivers/gpu/drm/amd/amdgpu/../display/dc/clk_mgr/dcn32/dcn32_clk_mgr.o
  CC [M]  drivers/gpu/drm/amd/amdgpu/../display/dc/clk_mgr/dcn32/dcn32_clk_mgr_smu_msg.o
  CC [M]  drivers/gpu/drm/amd/amdgpu/../display/dc/clk_mgr/dcn35/dcn35_smu.o
  CC [M]  drivers/gpu/drm/nouveau/nvkm/subdev/therm/g84.o
  CC [M]  drivers/gpu/drm/amd/amdgpu/../display/dc/clk_mgr/dcn35/dcn351_clk_mgr.o
  CC [M]  drivers/gpu/drm/amd/amdgpu/../display/dc/clk_mgr/dcn35/dcn35_clk_mgr.o
  CC [M]  drivers/gpu/drm/nouveau/nvkm/subdev/therm/gt215.o
  CC [M]  drivers/gpu/drm/amd/amdgpu/../display/dc/clk_mgr/dcn401/dcn401_clk_mgr.o
  CC [M]  drivers/gpu/drm/amd/amdgpu/../display/dc/clk_mgr/dcn401/dcn401_clk_mgr_smu_msg.o
  CC [M]  drivers/gpu/drm/nouveau/nvkm/subdev/therm/gf100.o
  CC [M]  drivers/gpu/drm/nouveau/nvkm/subdev/therm/gf119.o
  CC [M]  drivers/gpu/drm/amd/amdgpu/../display/dc/clk_mgr/dcn42/dcn42_smu.o
  CC [M]  drivers/gpu/drm/nouveau/nvkm/subdev/therm/gk104.o
  CC [M]  drivers/gpu/drm/amd/amdgpu/../display/dc/clk_mgr/dcn42/dcn42_clk_mgr.o
  CC [M]  drivers/gpu/drm/nouveau/nvkm/subdev/therm/gm107.o
  CC [M]  drivers/gpu/drm/nouveau/nvkm/subdev/therm/gm200.o
  CC [M]  drivers/gpu/drm/nouveau/nvkm/subdev/therm/gp100.o
  CC [M]  drivers/gpu/drm/amd/amdgpu/../display/dc/dce/dce_audio.o
  CC [M]  drivers/gpu/drm/amd/amdgpu/../display/dc/dce/dce_stream_encoder.o
  CC [M]  drivers/gpu/drm/amd/amdgpu/../display/dc/dce/dce_link_encoder.o
  CC [M]  drivers/gpu/drm/nouveau/nvkm/subdev/timer/base.o
  CC [M]  drivers/gpu/drm/amd/amdgpu/../display/dc/dce/dce_mem_input.o
  CC [M]  drivers/gpu/drm/amd/amdgpu/../display/dc/dce/dce_clock_source.o
  CC [M]  drivers/gpu/drm/nouveau/nvkm/subdev/timer/nv04.o
  CC [M]  drivers/gpu/drm/nouveau/nvkm/subdev/timer/nv40.o
  CC [M]  drivers/gpu/drm/amd/amdgpu/../display/dc/dce/dce_scl_filters.o
  CC [M]  drivers/gpu/drm/nouveau/nvkm/subdev/timer/nv41.o
  CC [M]  drivers/gpu/drm/nouveau/nvkm/subdev/timer/gk20a.o
  CC [M]  drivers/gpu/drm/amd/amdgpu/../display/dc/dce/dce_transform.o
  CC [M]  drivers/gpu/drm/amd/amdgpu/../display/dc/dce/dce_opp.o
  CC [M]  drivers/gpu/drm/nouveau/nvkm/subdev/top/base.o
  CC [M]  drivers/gpu/drm/amd/amdgpu/../display/dc/dce/dce_dmcu.o
  CC [M]  drivers/gpu/drm/amd/amdgpu/../display/dc/dce/dce_abm.o
  CC [M]  drivers/gpu/drm/amd/amdgpu/../display/dc/dce/dce_ipp.o
  CC [M]  drivers/gpu/drm/nouveau/nvkm/subdev/top/gk104.o
  CC [M]  drivers/gpu/drm/amd/amdgpu/../display/dc/dce/dce_aux.o
  CC [M]  drivers/gpu/drm/nouveau/nvkm/subdev/top/ga100.o
  CC [M]  drivers/gpu/drm/nouveau/nvkm/subdev/vfn/base.o
  CC [M]  drivers/gpu/drm/amd/amdgpu/../display/dc/dce/dce_i2c.o
  CC [M]  drivers/gpu/drm/nouveau/nvkm/subdev/vfn/uvfn.o
  CC [M]  drivers/gpu/drm/amd/amdgpu/../display/dc/dce/dce_i2c_hw.o
  CC [M]  drivers/gpu/drm/amd/amdgpu/../display/dc/dce/dce_i2c_sw.o
  CC [M]  drivers/gpu/drm/amd/amdgpu/../display/dc/dce/dmub_psr.o
  CC [M]  drivers/gpu/drm/nouveau/nvkm/subdev/vfn/tu102.o
  CC [M]  drivers/gpu/drm/nouveau/nvkm/subdev/vfn/gv100.o
  CC [M]  drivers/gpu/drm/nouveau/nvkm/subdev/vfn/ga100.o
  CC [M]  drivers/gpu/drm/amd/amdgpu/../display/dc/dce/dmub_abm.o
  CC [M]  drivers/gpu/drm/nouveau/nvkm/subdev/vfn/r535.o
  CC [M]  drivers/gpu/drm/nouveau/nvkm/subdev/volt/base.o
  CC [M]  drivers/gpu/drm/amd/amdgpu/../display/dc/dce/dmub_abm_lcd.o
  CC [M]  drivers/gpu/drm/nouveau/nvkm/subdev/volt/gpio.o
  CC [M]  drivers/gpu/drm/amd/amdgpu/../display/dc/dce/dce_panel_cntl.o
  CC [M]  drivers/gpu/drm/nouveau/nvkm/subdev/volt/nv40.o
  CC [M]  drivers/gpu/drm/nouveau/nvkm/subdev/volt/gf100.o
  CC [M]  drivers/gpu/drm/amd/amdgpu/../display/dc/dce/dmub_hw_lock_mgr.o
  CC [M]  drivers/gpu/drm/amd/amdgpu/../display/dc/dce/dmub_outbox.o
  CC [M]  drivers/gpu/drm/nouveau/nvkm/subdev/volt/gf117.o
  CC [M]  drivers/gpu/drm/nouveau/nvkm/subdev/volt/gk104.o
  CC [M]  drivers/gpu/drm/amd/amdgpu/../display/dc/dce/dmub_replay.o
  CC [M]  drivers/gpu/drm/amd/amdgpu/../display/dc/gpio/gpio_base.o
  CC [M]  drivers/gpu/drm/nouveau/nvkm/subdev/volt/gk20a.o
  CC [M]  drivers/gpu/drm/nouveau/nvkm/subdev/volt/gm20b.o
  CC [M]  drivers/gpu/drm/amd/amdgpu/../display/dc/gpio/gpio_service.o
  CC [M]  drivers/gpu/drm/amd/amdgpu/../display/dc/gpio/hw_factory.o
  CC [M]  drivers/gpu/drm/nouveau/nvkm/engine/falcon.o
  CC [M]  drivers/gpu/drm/amd/amdgpu/../display/dc/gpio/hw_gpio.o
  CC [M]  drivers/gpu/drm/amd/amdgpu/../display/dc/gpio/hw_hpd.o
  CC [M]  drivers/gpu/drm/amd/amdgpu/../display/dc/gpio/hw_ddc.o
  CC [M]  drivers/gpu/drm/nouveau/nvkm/engine/xtensa.o
  CC [M]  drivers/gpu/drm/nouveau/nvkm/engine/bsp/g84.o
  CC [M]  drivers/gpu/drm/amd/amdgpu/../display/dc/gpio/hw_generic.o
  CC [M]  drivers/gpu/drm/amd/amdgpu/../display/dc/gpio/hw_translate.o
  CC [M]  drivers/gpu/drm/nouveau/nvkm/engine/ce/gt215.o
  CC [M]  drivers/gpu/drm/amd/amdgpu/../display/dc/gpio/dce80/hw_translate_dce80.o
  CC [M]  drivers/gpu/drm/nouveau/nvkm/engine/ce/gf100.o
  CC [M]  drivers/gpu/drm/nouveau/nvkm/engine/ce/gk104.o
  CC [M]  drivers/gpu/drm/nouveau/nvkm/engine/ce/gm107.o
  CC [M]  drivers/gpu/drm/amd/amdgpu/../display/dc/gpio/dce80/hw_factory_dce80.o
  CC [M]  drivers/gpu/drm/nouveau/nvkm/engine/ce/gm200.o
  CC [M]  drivers/gpu/drm/nouveau/nvkm/engine/ce/gp100.o
  CC [M]  drivers/gpu/drm/amd/amdgpu/../display/dc/gpio/dce110/hw_translate_dce110.o
  CC [M]  drivers/gpu/drm/nouveau/nvkm/engine/ce/gp102.o
  CC [M]  drivers/gpu/drm/nouveau/nvkm/engine/ce/gv100.o
  CC [M]  drivers/gpu/drm/nouveau/nvkm/engine/ce/tu102.o
  CC [M]  drivers/gpu/drm/nouveau/nvkm/engine/ce/ga100.o
  CC [M]  drivers/gpu/drm/amd/amdgpu/../display/dc/gpio/dce110/hw_factory_dce110.o
  CC [M]  drivers/gpu/drm/nouveau/nvkm/engine/ce/ga102.o
  CC [M]  drivers/gpu/drm/nouveau/nvkm/engine/ce/gb202.o
  CC [M]  drivers/gpu/drm/amd/amdgpu/../display/dc/gpio/dce120/hw_translate_dce120.o
  CC [M]  drivers/gpu/drm/amd/amdgpu/../display/dc/gpio/dce120/hw_factory_dce120.o
  CC [M]  drivers/gpu/drm/nouveau/nvkm/engine/cipher/g84.o
  CC [M]  drivers/gpu/drm/nouveau/nvkm/engine/device/acpi.o
  CC [M]  drivers/gpu/drm/amd/amdgpu/../display/dc/gpio/dcn10/hw_translate_dcn10.o
  CC [M]  drivers/gpu/drm/nouveau/nvkm/engine/device/base.o
  CC [M]  drivers/gpu/drm/nouveau/nvkm/engine/device/ctrl.o
  CC [M]  drivers/gpu/drm/amd/amdgpu/../display/dc/gpio/dcn10/hw_factory_dcn10.o
  CC [M]  drivers/gpu/drm/amd/amdgpu/../display/dc/gpio/dcn20/hw_translate_dcn20.o
  CC [M]  drivers/gpu/drm/nouveau/nvkm/engine/device/pci.o
  CC [M]  drivers/gpu/drm/amd/amdgpu/../display/dc/gpio/dcn20/hw_factory_dcn20.o
  CC [M]  drivers/gpu/drm/amd/amdgpu/../display/dc/gpio/dcn21/hw_translate_dcn21.o
  CC [M]  drivers/gpu/drm/amd/amdgpu/../display/dc/gpio/dcn21/hw_factory_dcn21.o
  CC [M]  drivers/gpu/drm/amd/amdgpu/../display/dc/gpio/dcn30/hw_translate_dcn30.o
  CC [M]  drivers/gpu/drm/nouveau/nvkm/engine/device/tegra.o
  CC [M]  drivers/gpu/drm/nouveau/nvkm/engine/device/user.o
  CC [M]  drivers/gpu/drm/nouveau/nvkm/engine/disp/base.o
  CC [M]  drivers/gpu/drm/nouveau/nvkm/engine/disp/chan.o
  CC [M]  drivers/gpu/drm/amd/amdgpu/../display/dc/gpio/dcn30/hw_factory_dcn30.o
  CC [M]  drivers/gpu/drm/nouveau/nvkm/engine/disp/conn.o
  CC [M]  drivers/gpu/drm/nouveau/nvkm/engine/disp/dp.o
  CC [M]  drivers/gpu/drm/nouveau/nvkm/engine/disp/hdmi.o
  CC [M]  drivers/gpu/drm/nouveau/nvkm/engine/disp/head.o
  CC [M]  drivers/gpu/drm/amd/amdgpu/../display/dc/gpio/dcn315/hw_translate_dcn315.o
  CC [M]  drivers/gpu/drm/nouveau/nvkm/engine/disp/ior.o
  CC [M]  drivers/gpu/drm/amd/amdgpu/../display/dc/gpio/dcn315/hw_factory_dcn315.o
  CC [M]  drivers/gpu/drm/amd/amdgpu/../display/dc/gpio/dcn32/hw_translate_dcn32.o
  CC [M]  drivers/gpu/drm/amd/amdgpu/../display/dc/gpio/dcn32/hw_factory_dcn32.o
  CC [M]  drivers/gpu/drm/amd/amdgpu/../display/dc/gpio/dcn401/hw_translate_dcn401.o
  CC [M]  drivers/gpu/drm/nouveau/nvkm/engine/disp/outp.o
  CC [M]  drivers/gpu/drm/nouveau/nvkm/engine/disp/vga.o
  CC [M]  drivers/gpu/drm/amd/amdgpu/../display/dc/gpio/dcn401/hw_factory_dcn401.o
  CC [M]  drivers/gpu/drm/nouveau/nvkm/engine/disp/nv04.o
  CC [M]  drivers/gpu/drm/amd/amdgpu/../display/dc/gpio/dcn42/hw_translate_dcn42.o
  CC [M]  drivers/gpu/drm/nouveau/nvkm/engine/disp/nv50.o
  CC [M]  drivers/gpu/drm/nouveau/nvkm/engine/disp/g84.o
  CC [M]  drivers/gpu/drm/nouveau/nvkm/engine/disp/g94.o
  CC [M]  drivers/gpu/drm/amd/amdgpu/../display/dc/gpio/dcn42/hw_factory_dcn42.o
  CC [M]  drivers/gpu/drm/amd/amdgpu/../display/dc/hwss/dce80/dce80_hwseq.o
  CC [M]  drivers/gpu/drm/nouveau/nvkm/engine/disp/gt200.o
  CC [M]  drivers/gpu/drm/amd/amdgpu/../display/dc/hwss/dce/dce_hwseq.o
  CC [M]  drivers/gpu/drm/nouveau/nvkm/engine/disp/mcp77.o
  CC [M]  drivers/gpu/drm/amd/amdgpu/../display/dc/hwss/dce100/dce100_hwseq.o
  CC [M]  drivers/gpu/drm/nouveau/nvkm/engine/disp/gt215.o
  CC [M]  drivers/gpu/drm/amd/amdgpu/../display/dc/hwss/dce110/dce110_hwseq.o
  CC [M]  drivers/gpu/drm/nouveau/nvkm/engine/disp/mcp89.o
  CC [M]  drivers/gpu/drm/nouveau/nvkm/engine/disp/gf119.o
  CC [M]  drivers/gpu/drm/amd/amdgpu/../display/dc/hwss/dce112/dce112_hwseq.o
  CC [M]  drivers/gpu/drm/nouveau/nvkm/engine/disp/gk104.o
  CC [M]  drivers/gpu/drm/amd/amdgpu/../display/dc/hwss/dce120/dce120_hwseq.o
  CC [M]  drivers/gpu/drm/nouveau/nvkm/engine/disp/gk110.o
  CC [M]  drivers/gpu/drm/nouveau/nvkm/engine/disp/gm107.o
  CC [M]  drivers/gpu/drm/amd/amdgpu/../display/dc/hwss/dcn10/dcn10_hwseq.o
  CC [M]  drivers/gpu/drm/nouveau/nvkm/engine/disp/gm200.o
  CC [M]  drivers/gpu/drm/nouveau/nvkm/engine/disp/gp100.o
  CC [M]  drivers/gpu/drm/nouveau/nvkm/engine/disp/gp102.o
  CC [M]  drivers/gpu/drm/nouveau/nvkm/engine/disp/gv100.o
  CC [M]  drivers/gpu/drm/nouveau/nvkm/engine/disp/tu102.o
  CC [M]  drivers/gpu/drm/amd/amdgpu/../display/dc/hwss/dcn10/dcn10_init.o
  CC [M]  drivers/gpu/drm/amd/amdgpu/../display/dc/hwss/dcn20/dcn20_hwseq.o
  CC [M]  drivers/gpu/drm/nouveau/nvkm/engine/disp/ga102.o
  CC [M]  drivers/gpu/drm/nouveau/nvkm/engine/disp/udisp.o
  CC [M]  drivers/gpu/drm/nouveau/nvkm/engine/disp/uconn.o
  CC [M]  drivers/gpu/drm/amd/amdgpu/../display/dc/hwss/dcn20/dcn20_init.o
  CC [M]  drivers/gpu/drm/amd/amdgpu/../display/dc/hwss/dcn201/dcn201_hwseq.o
  CC [M]  drivers/gpu/drm/amd/amdgpu/../display/dc/hwss/dcn201/dcn201_init.o
  CC [M]  drivers/gpu/drm/nouveau/nvkm/engine/disp/uoutp.o
  CC [M]  drivers/gpu/drm/amd/amdgpu/../display/dc/hwss/dcn21/dcn21_hwseq.o
  CC [M]  drivers/gpu/drm/nouveau/nvkm/engine/disp/uhead.o
  CC [M]  drivers/gpu/drm/nouveau/nvkm/engine/dma/base.o
  CC [M]  drivers/gpu/drm/amd/amdgpu/../display/dc/hwss/dcn21/dcn21_init.o
  CC [M]  drivers/gpu/drm/nouveau/nvkm/engine/dma/nv04.o
  CC [M]  drivers/gpu/drm/nouveau/nvkm/engine/dma/nv50.o
  CC [M]  drivers/gpu/drm/amd/amdgpu/../display/dc/hwss/dcn30/dcn30_hwseq.o
  CC [M]  drivers/gpu/drm/amd/amdgpu/../display/dc/hwss/dcn30/dcn30_init.o
  CC [M]  drivers/gpu/drm/nouveau/nvkm/engine/dma/gf100.o
  CC [M]  drivers/gpu/drm/amd/amdgpu/../display/dc/hwss/dcn301/dcn301_hwseq.o
  CC [M]  drivers/gpu/drm/nouveau/nvkm/engine/dma/gf119.o
  CC [M]  drivers/gpu/drm/nouveau/nvkm/engine/dma/gv100.o
  CC [M]  drivers/gpu/drm/amd/amdgpu/../display/dc/hwss/dcn301/dcn301_init.o
  CC [M]  drivers/gpu/drm/amd/amdgpu/../display/dc/hwss/dcn302/dcn302_hwseq.o
  CC [M]  drivers/gpu/drm/nouveau/nvkm/engine/dma/user.o
  CC [M]  drivers/gpu/drm/nouveau/nvkm/engine/dma/usernv04.o
  CC [M]  drivers/gpu/drm/amd/amdgpu/../display/dc/hwss/dcn302/dcn302_init.o
  CC [M]  drivers/gpu/drm/amd/amdgpu/../display/dc/hwss/dcn303/dcn303_hwseq.o
  CC [M]  drivers/gpu/drm/nouveau/nvkm/engine/dma/usernv50.o
  CC [M]  drivers/gpu/drm/nouveau/nvkm/engine/dma/usergf100.o
  CC [M]  drivers/gpu/drm/amd/amdgpu/../display/dc/hwss/dcn303/dcn303_init.o
  CC [M]  drivers/gpu/drm/amd/amdgpu/../display/dc/hwss/dcn31/dcn31_hwseq.o
  CC [M]  drivers/gpu/drm/nouveau/nvkm/engine/dma/usergf119.o
  CC [M]  drivers/gpu/drm/amd/amdgpu/../display/dc/hwss/dcn31/dcn31_init.o
  CC [M]  drivers/gpu/drm/amd/amdgpu/../display/dc/hwss/dcn314/dcn314_hwseq.o
  CC [M]  drivers/gpu/drm/nouveau/nvkm/engine/dma/usergv100.o
  CC [M]  drivers/gpu/drm/amd/amdgpu/../display/dc/hwss/dcn314/dcn314_init.o
  CC [M]  drivers/gpu/drm/nouveau/nvkm/engine/fifo/base.o
  CC [M]  drivers/gpu/drm/amd/amdgpu/../display/dc/hwss/dcn32/dcn32_hwseq.o
  CC [M]  drivers/gpu/drm/nouveau/nvkm/engine/fifo/cgrp.o
  CC [M]  drivers/gpu/drm/nouveau/nvkm/engine/fifo/chan.o
  CC [M]  drivers/gpu/drm/amd/amdgpu/../display/dc/hwss/dcn32/dcn32_init.o
  CC [M]  drivers/gpu/drm/amd/amdgpu/../display/dc/hwss/dcn35/dcn35_hwseq.o
  CC [M]  drivers/gpu/drm/amd/amdgpu/../display/dc/hwss/dcn35/dcn35_init.o
  CC [M]  drivers/gpu/drm/nouveau/nvkm/engine/fifo/chid.o
  CC [M]  drivers/gpu/drm/nouveau/nvkm/engine/fifo/runl.o
  CC [M]  drivers/gpu/drm/nouveau/nvkm/engine/fifo/runq.o
  CC [M]  drivers/gpu/drm/amd/amdgpu/../display/dc/hwss/dcn351/dcn351_hwseq.o
  CC [M]  drivers/gpu/drm/nouveau/nvkm/engine/fifo/nv04.o
  CC [M]  drivers/gpu/drm/nouveau/nvkm/engine/fifo/nv10.o
  CC [M]  drivers/gpu/drm/amd/amdgpu/../display/dc/hwss/dcn351/dcn351_init.o
  CC [M]  drivers/gpu/drm/nouveau/nvkm/engine/fifo/nv17.o
  CC [M]  drivers/gpu/drm/nouveau/nvkm/engine/fifo/nv40.o
  CC [M]  drivers/gpu/drm/nouveau/nvkm/engine/fifo/nv50.o
  CC [M]  drivers/gpu/drm/amd/amdgpu/../display/dc/hwss/dcn401/dcn401_hwseq.o
  CC [M]  drivers/gpu/drm/amd/amdgpu/../display/dc/hwss/dcn401/dcn401_init.o
  CC [M]  drivers/gpu/drm/nouveau/nvkm/engine/fifo/g84.o
  CC [M]  drivers/gpu/drm/nouveau/nvkm/engine/fifo/g98.o
  CC [M]  drivers/gpu/drm/amd/amdgpu/../display/dc/hwss/dcn42/dcn42_hwseq.o
  CC [M]  drivers/gpu/drm/amd/amdgpu/../display/dc/hwss/dcn42/dcn42_init.o
  CC [M]  drivers/gpu/drm/amd/amdgpu/../display/dc/irq/irq_service.o
  CC [M]  drivers/gpu/drm/nouveau/nvkm/engine/fifo/gf100.o
  CC [M]  drivers/gpu/drm/amd/amdgpu/../display/dc/irq/dce80/irq_service_dce80.o
  CC [M]  drivers/gpu/drm/nouveau/nvkm/engine/fifo/gk104.o
  CC [M]  drivers/gpu/drm/nouveau/nvkm/engine/fifo/gk110.o
  CC [M]  drivers/gpu/drm/nouveau/nvkm/engine/fifo/gk208.o
  CC [M]  drivers/gpu/drm/amd/amdgpu/../display/dc/irq/dce110/irq_service_dce110.o
  CC [M]  drivers/gpu/drm/amd/amdgpu/../display/dc/irq/dce120/irq_service_dce120.o
  CC [M]  drivers/gpu/drm/amd/amdgpu/../display/dc/irq/dcn10/irq_service_dcn10.o
  CC [M]  drivers/gpu/drm/nouveau/nvkm/engine/fifo/gk20a.o
  CC [M]  drivers/gpu/drm/nouveau/nvkm/engine/fifo/gm107.o
  CC [M]  drivers/gpu/drm/amd/amdgpu/../display/dc/irq/dcn20/irq_service_dcn20.o
  CC [M]  drivers/gpu/drm/amd/amdgpu/../display/dc/irq/dcn21/irq_service_dcn21.o
  CC [M]  drivers/gpu/drm/amd/amdgpu/../display/dc/irq/dcn201/irq_service_dcn201.o
  CC [M]  drivers/gpu/drm/nouveau/nvkm/engine/fifo/gm200.o
  CC [M]  drivers/gpu/drm/nouveau/nvkm/engine/fifo/gp100.o
  CC [M]  drivers/gpu/drm/amd/amdgpu/../display/dc/irq/dcn30/irq_service_dcn30.o
  CC [M]  drivers/gpu/drm/nouveau/nvkm/engine/fifo/gv100.o
  CC [M]  drivers/gpu/drm/amd/amdgpu/../display/dc/irq/dcn302/irq_service_dcn302.o
  CC [M]  drivers/gpu/drm/amd/amdgpu/../display/dc/irq/dcn303/irq_service_dcn303.o
  CC [M]  drivers/gpu/drm/nouveau/nvkm/engine/fifo/tu102.o
  CC [M]  drivers/gpu/drm/amd/amdgpu/../display/dc/irq/dcn31/irq_service_dcn31.o
  CC [M]  drivers/gpu/drm/nouveau/nvkm/engine/fifo/ga100.o
  CC [M]  drivers/gpu/drm/nouveau/nvkm/engine/fifo/ga102.o
  CC [M]  drivers/gpu/drm/nouveau/nvkm/engine/fifo/gb202.o
  CC [M]  drivers/gpu/drm/nouveau/nvkm/engine/fifo/ucgrp.o
  CC [M]  drivers/gpu/drm/amd/amdgpu/../display/dc/irq/dcn314/irq_service_dcn314.o
  CC [M]  drivers/gpu/drm/amd/amdgpu/../display/dc/irq/dcn315/irq_service_dcn315.o
  CC [M]  drivers/gpu/drm/nouveau/nvkm/engine/fifo/uchan.o
  CC [M]  drivers/gpu/drm/amd/amdgpu/../display/dc/irq/dcn32/irq_service_dcn32.o
  CC [M]  drivers/gpu/drm/amd/amdgpu/../display/dc/irq/dcn35/irq_service_dcn35.o
  CC [M]  drivers/gpu/drm/nouveau/nvkm/engine/gr/base.o
  CC [M]  drivers/gpu/drm/nouveau/nvkm/engine/gr/nv04.o
  CC [M]  drivers/gpu/drm/amd/amdgpu/../display/dc/irq/dcn351/irq_service_dcn351.o
  CC [M]  drivers/gpu/drm/nouveau/nvkm/engine/gr/nv10.o
  CC [M]  drivers/gpu/drm/amd/amdgpu/../display/dc/irq/dcn36/irq_service_dcn36.o
  CC [M]  drivers/gpu/drm/nouveau/nvkm/engine/gr/nv15.o
  CC [M]  drivers/gpu/drm/amd/amdgpu/../display/dc/irq/dcn401/irq_service_dcn401.o
  CC [M]  drivers/gpu/drm/nouveau/nvkm/engine/gr/nv17.o
  CC [M]  drivers/gpu/drm/amd/amdgpu/../display/dc/irq/dcn42/irq_service_dcn42.o
  CC [M]  drivers/gpu/drm/nouveau/nvkm/engine/gr/nv20.o
  CC [M]  drivers/gpu/drm/amd/amdgpu/../display/dc/link/link_detection.o
  CC [M]  drivers/gpu/drm/amd/amdgpu/../display/dc/link/link_dpms.o
  CC [M]  drivers/gpu/drm/nouveau/nvkm/engine/gr/nv25.o
  CC [M]  drivers/gpu/drm/nouveau/nvkm/engine/gr/nv2a.o
  CC [M]  drivers/gpu/drm/amd/amdgpu/../display/dc/link/link_factory.o
  CC [M]  drivers/gpu/drm/nouveau/nvkm/engine/gr/nv30.o
  CC [M]  drivers/gpu/drm/amd/amdgpu/../display/dc/link/link_resource.o
  CC [M]  drivers/gpu/drm/nouveau/nvkm/engine/gr/nv34.o
  CC [M]  drivers/gpu/drm/amd/amdgpu/../display/dc/link/link_validation.o
  CC [M]  drivers/gpu/drm/nouveau/nvkm/engine/gr/nv35.o
  CC [M]  drivers/gpu/drm/nouveau/nvkm/engine/gr/nv40.o
  CC [M]  drivers/gpu/drm/amd/amdgpu/../display/dc/link/accessories/link_dp_trace.o
  CC [M]  drivers/gpu/drm/amd/amdgpu/../display/dc/link/accessories/link_dp_cts.o
  CC [M]  drivers/gpu/drm/nouveau/nvkm/engine/gr/nv44.o
  CC [M]  drivers/gpu/drm/nouveau/nvkm/engine/gr/nv50.o
  CC [M]  drivers/gpu/drm/amd/amdgpu/../display/dc/link/hwss/link_hwss_dio.o
  CC [M]  drivers/gpu/drm/amd/amdgpu/../display/dc/link/hwss/link_hwss_dpia.o
  CC [M]  drivers/gpu/drm/nouveau/nvkm/engine/gr/g84.o
  CC [M]  drivers/gpu/drm/amd/amdgpu/../display/dc/link/hwss/link_hwss_hpo_dp.o
  CC [M]  drivers/gpu/drm/nouveau/nvkm/engine/gr/gt200.o
  CC [M]  drivers/gpu/drm/nouveau/nvkm/engine/gr/mcp79.o
  CC [M]  drivers/gpu/drm/nouveau/nvkm/engine/gr/gt215.o
  CC [M]  drivers/gpu/drm/amd/amdgpu/../display/dc/link/hwss/link_hwss_dio_fixed_vs_pe_retimer.o
  CC [M]  drivers/gpu/drm/nouveau/nvkm/engine/gr/mcp89.o
  CC [M]  drivers/gpu/drm/nouveau/nvkm/engine/gr/gf100.o
  CC [M]  drivers/gpu/drm/amd/amdgpu/../display/dc/link/hwss/link_hwss_hpo_fixed_vs_pe_retimer_dp.o
  CC [M]  drivers/gpu/drm/nouveau/nvkm/engine/gr/gf104.o
  CC [M]  drivers/gpu/drm/amd/amdgpu/../display/dc/link/hwss/link_hwss_virtual.o
  CC [M]  drivers/gpu/drm/nouveau/nvkm/engine/gr/gf108.o
  CC [M]  drivers/gpu/drm/amd/amdgpu/../display/dc/link/protocols/link_hpd.o
  CC [M]  drivers/gpu/drm/nouveau/nvkm/engine/gr/gf110.o
  CC [M]  drivers/gpu/drm/amd/amdgpu/../display/dc/link/protocols/link_ddc.o
  CC [M]  drivers/gpu/drm/nouveau/nvkm/engine/gr/gf117.o
  CC [M]  drivers/gpu/drm/amd/amdgpu/../display/dc/link/protocols/link_dpcd.o
  CC [M]  drivers/gpu/drm/amd/amdgpu/../display/dc/link/protocols/link_dp_dpia.o
  CC [M]  drivers/gpu/drm/nouveau/nvkm/engine/gr/gf119.o
  CC [M]  drivers/gpu/drm/nouveau/nvkm/engine/gr/gk104.o
  CC [M]  drivers/gpu/drm/amd/amdgpu/../display/dc/link/protocols/link_dp_training.o
  CC [M]  drivers/gpu/drm/nouveau/nvkm/engine/gr/gk110.o
  CC [M]  drivers/gpu/drm/nouveau/nvkm/engine/gr/gk110b.o
  CC [M]  drivers/gpu/drm/amd/amdgpu/../display/dc/link/protocols/link_dp_training_8b_10b.o
  CC [M]  drivers/gpu/drm/amd/amdgpu/../display/dc/link/protocols/link_dp_training_128b_132b.o
  CC [M]  drivers/gpu/drm/nouveau/nvkm/engine/gr/gk208.o
  CC [M]  drivers/gpu/drm/nouveau/nvkm/engine/gr/gk20a.o
  CC [M]  drivers/gpu/drm/amd/amdgpu/../display/dc/link/protocols/link_dp_training_dpia.o
  CC [M]  drivers/gpu/drm/amd/amdgpu/../display/dc/link/protocols/link_dp_training_auxless.o
  CC [M]  drivers/gpu/drm/amd/amdgpu/../display/dc/link/protocols/link_dp_training_fixed_vs_pe_retimer.o
  CC [M]  drivers/gpu/drm/nouveau/nvkm/engine/gr/gm107.o
  CC [M]  drivers/gpu/drm/amd/amdgpu/../display/dc/link/protocols/link_dp_phy.o
  CC [M]  drivers/gpu/drm/nouveau/nvkm/engine/gr/gm200.o
  CC [M]  drivers/gpu/drm/amd/amdgpu/../display/dc/link/protocols/link_dp_capability.o
  CC [M]  drivers/gpu/drm/amd/amdgpu/../display/dc/link/protocols/link_edp_panel_control.o
  CC [M]  drivers/gpu/drm/nouveau/nvkm/engine/gr/gm20b.o
  CC [M]  drivers/gpu/drm/amd/amdgpu/../display/dc/link/protocols/link_dp_panel_replay.o
  CC [M]  drivers/gpu/drm/amd/amdgpu/../display/dc/link/protocols/link_dp_irq_handler.o
  CC [M]  drivers/gpu/drm/amd/amdgpu/../display/dc/link/protocols/link_dp_dpia_bw.o
  CC [M]  drivers/gpu/drm/nouveau/nvkm/engine/gr/gp100.o
  CC [M]  drivers/gpu/drm/amd/amdgpu/../display/dc/dsc/dcn20/dcn20_dsc.o
  CC [M]  drivers/gpu/drm/nouveau/nvkm/engine/gr/gp102.o
  CC [M]  drivers/gpu/drm/nouveau/nvkm/engine/gr/gp104.o
  CC [M]  drivers/gpu/drm/amd/amdgpu/../display/dc/dsc/dcn35/dcn35_dsc.o
  CC [M]  drivers/gpu/drm/amd/amdgpu/../display/dc/dsc/dcn401/dcn401_dsc.o
  CC [M]  drivers/gpu/drm/amd/amdgpu/../display/dc/dsc/dc_dsc.o
  CC [M]  drivers/gpu/drm/nouveau/nvkm/engine/gr/gp107.o
  CC [M]  drivers/gpu/drm/amd/amdgpu/../display/dc/dsc/rc_calc.o
  CC [M]  drivers/gpu/drm/nouveau/nvkm/engine/gr/gp108.o
  CC [M]  drivers/gpu/drm/nouveau/nvkm/engine/gr/gp10b.o
  CC [M]  drivers/gpu/drm/amd/amdgpu/../display/dc/dsc/rc_calc_dpi.o
  CC [M]  drivers/gpu/drm/amd/amdgpu/../display/dc/resource/dce80/dce80_resource.o
  CC [M]  drivers/gpu/drm/nouveau/nvkm/engine/gr/gv100.o
  CC [M]  drivers/gpu/drm/amd/amdgpu/../display/dc/resource/dce100/dce100_resource.o
  CC [M]  drivers/gpu/drm/amd/amdgpu/../display/dc/resource/dce110/dce110_resource.o
  CC [M]  drivers/gpu/drm/nouveau/nvkm/engine/gr/tu102.o
  CC [M]  drivers/gpu/drm/amd/amdgpu/../display/dc/resource/dce112/dce112_resource.o
  CC [M]  drivers/gpu/drm/amd/amdgpu/../display/dc/resource/dce120/dce120_resource.o
  CC [M]  drivers/gpu/drm/amd/amdgpu/../display/dc/resource/dcn10/dcn10_resource.o
  CC [M]  drivers/gpu/drm/nouveau/nvkm/engine/gr/ga102.o
  CC [M]  drivers/gpu/drm/amd/amdgpu/../display/dc/resource/dcn20/dcn20_resource.o
  CC [M]  drivers/gpu/drm/nouveau/nvkm/engine/gr/ctxnv40.o
  CC [M]  drivers/gpu/drm/amd/amdgpu/../display/dc/resource/dcn201/dcn201_resource.o
  CC [M]  drivers/gpu/drm/amd/amdgpu/../display/dc/resource/dcn21/dcn21_resource.o
  CC [M]  drivers/gpu/drm/amd/amdgpu/../display/dc/resource/dcn30/dcn30_resource.o
  CC [M]  drivers/gpu/drm/nouveau/nvkm/engine/gr/ctxnv50.o
  CC [M]  drivers/gpu/drm/nouveau/nvkm/engine/gr/ctxgf100.o
  CC [M]  drivers/gpu/drm/nouveau/nvkm/engine/gr/ctxgf104.o
  CC [M]  drivers/gpu/drm/amd/amdgpu/../display/dc/resource/dcn301/dcn301_resource.o
  CC [M]  drivers/gpu/drm/amd/amdgpu/../display/dc/resource/dcn302/dcn302_resource.o
  CC [M]  drivers/gpu/drm/amd/amdgpu/../display/dc/resource/dcn303/dcn303_resource.o
  CC [M]  drivers/gpu/drm/amd/amdgpu/../display/dc/resource/dcn31/dcn31_resource.o
  CC [M]  drivers/gpu/drm/nouveau/nvkm/engine/gr/ctxgf108.o
  CC [M]  drivers/gpu/drm/nouveau/nvkm/engine/gr/ctxgf110.o
  CC [M]  drivers/gpu/drm/nouveau/nvkm/engine/gr/ctxgf117.o
  CC [M]  drivers/gpu/drm/amd/amdgpu/../display/dc/resource/dcn314/dcn314_resource.o
  CC [M]  drivers/gpu/drm/nouveau/nvkm/engine/gr/ctxgf119.o
  CC [M]  drivers/gpu/drm/nouveau/nvkm/engine/gr/ctxgk104.o
  CC [M]  drivers/gpu/drm/amd/amdgpu/../display/dc/resource/dcn315/dcn315_resource.o
  CC [M]  drivers/gpu/drm/nouveau/nvkm/engine/gr/ctxgk110.o
  CC [M]  drivers/gpu/drm/amd/amdgpu/../display/dc/resource/dcn316/dcn316_resource.o
  CC [M]  drivers/gpu/drm/amd/amdgpu/../display/dc/resource/dcn32/dcn32_resource.o
  CC [M]  drivers/gpu/drm/nouveau/nvkm/engine/gr/ctxgk110b.o
  CC [M]  drivers/gpu/drm/amd/amdgpu/../display/dc/resource/dcn32/dcn32_resource_helpers.o
  CC [M]  drivers/gpu/drm/nouveau/nvkm/engine/gr/ctxgk208.o
  CC [M]  drivers/gpu/drm/amd/amdgpu/../display/dc/resource/dcn321/dcn321_resource.o
  CC [M]  drivers/gpu/drm/nouveau/nvkm/engine/gr/ctxgk20a.o
  CC [M]  drivers/gpu/drm/amd/amdgpu/../display/dc/resource/dcn35/dcn35_resource.o
  CC [M]  drivers/gpu/drm/amd/amdgpu/../display/dc/resource/dcn351/dcn351_resource.o
  CC [M]  drivers/gpu/drm/amd/amdgpu/../display/dc/resource/dcn36/dcn36_resource.o
  CC [M]  drivers/gpu/drm/amd/amdgpu/../display/dc/resource/dcn401/dcn401_resource.o
  CC [M]  drivers/gpu/drm/amd/amdgpu/../display/dc/resource/dcn42/dcn42_resource.o
  CC [M]  drivers/gpu/drm/nouveau/nvkm/engine/gr/ctxgm107.o
  CC [M]  drivers/gpu/drm/nouveau/nvkm/engine/gr/ctxgm200.o
  CC [M]  drivers/gpu/drm/nouveau/nvkm/engine/gr/ctxgm20b.o
  CC [M]  drivers/gpu/drm/nouveau/nvkm/engine/gr/ctxgp100.o
  CC [M]  drivers/gpu/drm/nouveau/nvkm/engine/gr/ctxgp102.o
  CC [M]  drivers/gpu/drm/amd/amdgpu/../display/dc/resource/dcn42/dcn42_resource_fpu.o
  CC [M]  drivers/gpu/drm/nouveau/nvkm/engine/gr/ctxgp104.o
  CC [M]  drivers/gpu/drm/nouveau/nvkm/engine/gr/ctxgp107.o
  CC [M]  drivers/gpu/drm/nouveau/nvkm/engine/gr/ctxgv100.o
  CC [M]  drivers/gpu/drm/nouveau/nvkm/engine/gr/ctxtu102.o
  CC [M]  drivers/gpu/drm/amd/amdgpu/../display/dc/optc/dcn10/dcn10_optc.o
  CC [M]  drivers/gpu/drm/amd/amdgpu/../display/dc/optc/dcn20/dcn20_optc.o
  CC [M]  drivers/gpu/drm/nouveau/nvkm/engine/gr/ctxga102.o
  CC [M]  drivers/gpu/drm/amd/amdgpu/../display/dc/optc/dcn201/dcn201_optc.o
  CC [M]  drivers/gpu/drm/nouveau/nvkm/engine/mpeg/nv31.o
  CC [M]  drivers/gpu/drm/amd/amdgpu/../display/dc/optc/dcn30/dcn30_optc.o
  CC [M]  drivers/gpu/drm/nouveau/nvkm/engine/mpeg/nv40.o
  CC [M]  drivers/gpu/drm/amd/amdgpu/../display/dc/optc/dcn301/dcn301_optc.o
  CC [M]  drivers/gpu/drm/amd/amdgpu/../display/dc/optc/dcn31/dcn31_optc.o
  CC [M]  drivers/gpu/drm/nouveau/nvkm/engine/mpeg/nv44.o
  CC [M]  drivers/gpu/drm/nouveau/nvkm/engine/mpeg/nv50.o
  CC [M]  drivers/gpu/drm/nouveau/nvkm/engine/mpeg/g84.o
  CC [M]  drivers/gpu/drm/amd/amdgpu/../display/dc/optc/dcn314/dcn314_optc.o
  CC [M]  drivers/gpu/drm/nouveau/nvkm/engine/mspdec/base.o
  CC [M]  drivers/gpu/drm/nouveau/nvkm/engine/mspdec/g98.o
  CC [M]  drivers/gpu/drm/nouveau/nvkm/engine/mspdec/gt215.o
  CC [M]  drivers/gpu/drm/nouveau/nvkm/engine/mspdec/gf100.o
  CC [M]  drivers/gpu/drm/nouveau/nvkm/engine/mspdec/gk104.o
  CC [M]  drivers/gpu/drm/nouveau/nvkm/engine/msppp/base.o
  CC [M]  drivers/gpu/drm/nouveau/nvkm/engine/msppp/g98.o
  CC [M]  drivers/gpu/drm/amd/amdgpu/../display/dc/optc/dcn32/dcn32_optc.o
  CC [M]  drivers/gpu/drm/nouveau/nvkm/engine/msppp/gt215.o
  CC [M]  drivers/gpu/drm/amd/amdgpu/../display/dc/optc/dcn35/dcn35_optc.o
  CC [M]  drivers/gpu/drm/amd/amdgpu/../display/dc/optc/dcn401/dcn401_optc.o
  CC [M]  drivers/gpu/drm/amd/amdgpu/../display/dc/optc/dcn42/dcn42_optc.o
  CC [M]  drivers/gpu/drm/nouveau/nvkm/engine/msppp/gf100.o
  CC [M]  drivers/gpu/drm/amd/amdgpu/../display/dc/dpp/dcn10/dcn10_dpp.o
  CC [M]  drivers/gpu/drm/amd/amdgpu/../display/dc/dpp/dcn10/dcn10_dpp_dscl.o
  CC [M]  drivers/gpu/drm/amd/amdgpu/../display/dc/dpp/dcn10/dcn10_dpp_cm.o
  CC [M]  drivers/gpu/drm/nouveau/nvkm/engine/msvld/base.o
  CC [M]  drivers/gpu/drm/amd/amdgpu/../display/dc/dpp/dcn20/dcn20_dpp.o
  CC [M]  drivers/gpu/drm/amd/amdgpu/../display/dc/dpp/dcn20/dcn20_dpp_cm.o
  CC [M]  drivers/gpu/drm/amd/amdgpu/../display/dc/dpp/dcn201/dcn201_dpp.o
  CC [M]  drivers/gpu/drm/nouveau/nvkm/engine/msvld/g98.o
  CC [M]  drivers/gpu/drm/nouveau/nvkm/engine/msvld/gt215.o
  CC [M]  drivers/gpu/drm/nouveau/nvkm/engine/msvld/mcp89.o
  CC [M]  drivers/gpu/drm/nouveau/nvkm/engine/msvld/gf100.o
  CC [M]  drivers/gpu/drm/nouveau/nvkm/engine/msvld/gk104.o
  CC [M]  drivers/gpu/drm/amd/amdgpu/../display/dc/dpp/dcn30/dcn30_dpp.o
  CC [M]  drivers/gpu/drm/nouveau/nvkm/engine/nvenc/base.o
  CC [M]  drivers/gpu/drm/amd/amdgpu/../display/dc/dpp/dcn30/dcn30_dpp_cm.o
  CC [M]  drivers/gpu/drm/nouveau/nvkm/engine/nvenc/gm107.o
  CC [M]  drivers/gpu/drm/amd/amdgpu/../display/dc/dpp/dcn32/dcn32_dpp.o
  CC [M]  drivers/gpu/drm/amd/amdgpu/../display/dc/dpp/dcn35/dcn35_dpp.o
  CC [M]  drivers/gpu/drm/nouveau/nvkm/engine/nvenc/tu102.o
  CC [M]  drivers/gpu/drm/amd/amdgpu/../display/dc/dpp/dcn401/dcn401_dpp.o
  CC [M]  drivers/gpu/drm/amd/amdgpu/../display/dc/dpp/dcn401/dcn401_dpp_cm.o
  CC [M]  drivers/gpu/drm/nouveau/nvkm/engine/nvdec/base.o
  CC [M]  drivers/gpu/drm/amd/amdgpu/../display/dc/dpp/dcn401/dcn401_dpp_dscl.o
  CC [M]  drivers/gpu/drm/amd/amdgpu/../display/dc/dpp/dcn42/dcn42_dpp.o
  CC [M]  drivers/gpu/drm/nouveau/nvkm/engine/nvdec/gm107.o
  CC [M]  drivers/gpu/drm/nouveau/nvkm/engine/nvdec/tu102.o
  CC [M]  drivers/gpu/drm/nouveau/nvkm/engine/nvdec/ga102.o
  CC [M]  drivers/gpu/drm/amd/amdgpu/../display/dc/hubbub/dcn10/dcn10_hubbub.o
  CC [M]  drivers/gpu/drm/nouveau/nvkm/engine/sec/g98.o
  CC [M]  drivers/gpu/drm/nouveau/nvkm/engine/sec2/base.o
  CC [M]  drivers/gpu/drm/nouveau/nvkm/engine/sec2/gp102.o
  CC [M]  drivers/gpu/drm/amd/amdgpu/../display/dc/hubbub/dcn20/dcn20_hubbub.o
  CC [M]  drivers/gpu/drm/nouveau/nvkm/engine/sec2/gp108.o
  CC [M]  drivers/gpu/drm/amd/amdgpu/../display/dc/hubbub/dcn201/dcn201_hubbub.o
  CC [M]  drivers/gpu/drm/nouveau/nvkm/engine/sec2/tu102.o
  CC [M]  drivers/gpu/drm/amd/amdgpu/../display/dc/hubbub/dcn21/dcn21_hubbub.o
  CC [M]  drivers/gpu/drm/nouveau/nvkm/engine/sec2/ga102.o
  CC [M]  drivers/gpu/drm/amd/amdgpu/../display/dc/hubbub/dcn30/dcn30_hubbub.o
  CC [M]  drivers/gpu/drm/amd/amdgpu/../display/dc/hubbub/dcn301/dcn301_hubbub.o
  CC [M]  drivers/gpu/drm/amd/amdgpu/../display/dc/hubbub/dcn31/dcn31_hubbub.o
  CC [M]  drivers/gpu/drm/amd/amdgpu/../display/dc/hubbub/dcn32/dcn32_hubbub.o
  CC [M]  drivers/gpu/drm/amd/amdgpu/../display/dc/hubbub/dcn35/dcn35_hubbub.o
  CC [M]  drivers/gpu/drm/amd/amdgpu/../display/dc/hubbub/dcn401/dcn401_hubbub.o
  CC [M]  drivers/gpu/drm/amd/amdgpu/../display/dc/hubbub/dcn42/dcn42_hubbub.o
  CC [M]  drivers/gpu/drm/amd/amdgpu/../display/dc/dccg/dcn20/dcn20_dccg.o
  CC [M]  drivers/gpu/drm/nouveau/nvkm/engine/sec2/r535.o
  CC [M]  drivers/gpu/drm/amd/amdgpu/../display/dc/dccg/dcn201/dcn201_dccg.o
  CC [M]  drivers/gpu/drm/amd/amdgpu/../display/dc/dccg/dcn21/dcn21_dccg.o
  CC [M]  drivers/gpu/drm/nouveau/nvkm/engine/sw/base.o
  CC [M]  drivers/gpu/drm/nouveau/nvkm/engine/sw/nv04.o
  CC [M]  drivers/gpu/drm/nouveau/nvkm/engine/sw/nv10.o
  CC [M]  drivers/gpu/drm/nouveau/nvkm/engine/sw/nv50.o
  CC [M]  drivers/gpu/drm/nouveau/nvkm/engine/sw/gf100.o
  CC [M]  drivers/gpu/drm/amd/amdgpu/../display/dc/dccg/dcn30/dcn30_dccg.o
  CC [M]  drivers/gpu/drm/amd/amdgpu/../display/dc/dccg/dcn301/dcn301_dccg.o
  CC [M]  drivers/gpu/drm/nouveau/nvkm/engine/sw/chan.o
  CC [M]  drivers/gpu/drm/amd/amdgpu/../display/dc/dccg/dcn31/dcn31_dccg.o
  CC [M]  drivers/gpu/drm/nouveau/nvkm/engine/sw/nvsw.o
  CC [M]  drivers/gpu/drm/nouveau/nvkm/engine/vp/g84.o
  CC [M]  drivers/gpu/drm/amd/amdgpu/../display/dc/dccg/dcn314/dcn314_dccg.o
  CC [M]  drivers/gpu/drm/nouveau/nouveau_acpi.o
  CC [M]  drivers/gpu/drm/nouveau/nouveau_debugfs.o
  CC [M]  drivers/gpu/drm/nouveau/nouveau_drm.o
  CC [M]  drivers/gpu/drm/nouveau/nouveau_hwmon.o
  CC [M]  drivers/gpu/drm/amd/amdgpu/../display/dc/dccg/dcn32/dcn32_dccg.o
  CC [M]  drivers/gpu/drm/amd/amdgpu/../display/dc/dccg/dcn35/dcn35_dccg.o
  CC [M]  drivers/gpu/drm/nouveau/nouveau_ioc32.o
  CC [M]  drivers/gpu/drm/nouveau/nouveau_led.o
  CC [M]  drivers/gpu/drm/amd/amdgpu/../display/dc/dccg/dcn401/dcn401_dccg.o
  CC [M]  drivers/gpu/drm/nouveau/nouveau_nvif.o
  CC [M]  drivers/gpu/drm/amd/amdgpu/../display/dc/dccg/dcn42/dcn42_dccg.o
  CC [M]  drivers/gpu/drm/nouveau/nouveau_vga.o
  CC [M]  drivers/gpu/drm/amd/amdgpu/../display/dc/hubp/dcn10/dcn10_hubp.o
  CC [M]  drivers/gpu/drm/amd/amdgpu/../display/dc/hubp/dcn20/dcn20_hubp.o
  CC [M]  drivers/gpu/drm/nouveau/nouveau_bo.o
  CC [M]  drivers/gpu/drm/nouveau/nouveau_bo0039.o
  CC [M]  drivers/gpu/drm/amd/amdgpu/../display/dc/hubp/dcn201/dcn201_hubp.o
  CC [M]  drivers/gpu/drm/amd/amdgpu/../display/dc/hubp/dcn21/dcn21_hubp.o
  CC [M]  drivers/gpu/drm/nouveau/nouveau_bo5039.o
  CC [M]  drivers/gpu/drm/amd/amdgpu/../display/dc/hubp/dcn30/dcn30_hubp.o
  CC [M]  drivers/gpu/drm/nouveau/nouveau_bo74c1.o
  CC [M]  drivers/gpu/drm/nouveau/nouveau_bo85b5.o
  CC [M]  drivers/gpu/drm/nouveau/nouveau_bo9039.o
  CC [M]  drivers/gpu/drm/amd/amdgpu/../display/dc/hubp/dcn31/dcn31_hubp.o
  CC [M]  drivers/gpu/drm/amd/amdgpu/../display/dc/hubp/dcn32/dcn32_hubp.o
  CC [M]  drivers/gpu/drm/nouveau/nouveau_bo90b5.o
  CC [M]  drivers/gpu/drm/nouveau/nouveau_boa0b5.o
  CC [M]  drivers/gpu/drm/nouveau/nouveau_gem.o
  CC [M]  drivers/gpu/drm/amd/amdgpu/../display/dc/hubp/dcn35/dcn35_hubp.o
  CC [M]  drivers/gpu/drm/nouveau/nouveau_mem.o
  CC [M]  drivers/gpu/drm/nouveau/nouveau_prime.o
  CC [M]  drivers/gpu/drm/amd/amdgpu/../display/dc/hubp/dcn401/dcn401_hubp.o
  CC [M]  drivers/gpu/drm/nouveau/nouveau_sgdma.o
  CC [M]  drivers/gpu/drm/nouveau/nouveau_ttm.o
  CC [M]  drivers/gpu/drm/nouveau/nouveau_vmm.o
  CC [M]  drivers/gpu/drm/nouveau/nouveau_exec.o
  CC [M]  drivers/gpu/drm/amd/amdgpu/../display/dc/hubp/dcn42/dcn42_hubp.o
  CC [M]  drivers/gpu/drm/amd/amdgpu/../display/dc/dio/virtual/virtual_link_encoder.o
  CC [M]  drivers/gpu/drm/nouveau/nouveau_sched.o
  CC [M]  drivers/gpu/drm/amd/amdgpu/../display/dc/dio/virtual/virtual_stream_encoder.o
  CC [M]  drivers/gpu/drm/amd/amdgpu/../display/dc/dio/dcn10/dcn10_link_encoder.o
  CC [M]  drivers/gpu/drm/amd/amdgpu/../display/dc/dio/dcn10/dcn10_stream_encoder.o
  CC [M]  drivers/gpu/drm/nouveau/nouveau_uvmm.o
  CC [M]  drivers/gpu/drm/nouveau/nouveau_backlight.o
  CC [M]  drivers/gpu/drm/amd/amdgpu/../display/dc/dio/dcn10/dcn10_dio.o
  CC [M]  drivers/gpu/drm/amd/amdgpu/../display/dc/dio/dcn20/dcn20_link_encoder.o
  CC [M]  drivers/gpu/drm/nouveau/nouveau_bios.o
  CC [M]  drivers/gpu/drm/amd/amdgpu/../display/dc/dio/dcn20/dcn20_stream_encoder.o
  CC [M]  drivers/gpu/drm/nouveau/nouveau_connector.o
  CC [M]  drivers/gpu/drm/nouveau/nouveau_display.o
  CC [M]  drivers/gpu/drm/amd/amdgpu/../display/dc/dio/dcn30/dcn30_dio_link_encoder.o
  CC [M]  drivers/gpu/drm/nouveau/nouveau_dp.o
  CC [M]  drivers/gpu/drm/amd/amdgpu/../display/dc/dio/dcn30/dcn30_dio_stream_encoder.o
  CC [M]  drivers/gpu/drm/amd/amdgpu/../display/dc/dio/dcn301/dcn301_dio_link_encoder.o
  CC [M]  drivers/gpu/drm/nouveau/dispnv04/arb.o
  CC [M]  drivers/gpu/drm/amd/amdgpu/../display/dc/dio/dcn31/dcn31_dio_link_encoder.o
  CC [M]  drivers/gpu/drm/amd/amdgpu/../display/dc/dio/dcn314/dcn314_dio_stream_encoder.o
  CC [M]  drivers/gpu/drm/nouveau/dispnv04/crtc.o
  CC [M]  drivers/gpu/drm/amd/amdgpu/../display/dc/dio/dcn32/dcn32_dio_link_encoder.o
  CC [M]  drivers/gpu/drm/nouveau/dispnv04/cursor.o
  CC [M]  drivers/gpu/drm/amd/amdgpu/../display/dc/dio/dcn32/dcn32_dio_stream_encoder.o
  CC [M]  drivers/gpu/drm/nouveau/dispnv04/dac.o
  CC [M]  drivers/gpu/drm/nouveau/dispnv04/dfp.o
  CC [M]  drivers/gpu/drm/nouveau/dispnv04/disp.o
  CC [M]  drivers/gpu/drm/nouveau/dispnv04/hw.o
  CC [M]  drivers/gpu/drm/amd/amdgpu/../display/dc/dio/dcn35/dcn35_dio_link_encoder.o
  CC [M]  drivers/gpu/drm/nouveau/dispnv04/nouveau_i2c_encoder.o
  CC [M]  drivers/gpu/drm/amd/amdgpu/../display/dc/dio/dcn35/dcn35_dio_stream_encoder.o
  CC [M]  drivers/gpu/drm/amd/amdgpu/../display/dc/dio/dcn321/dcn321_dio_link_encoder.o
  CC [M]  drivers/gpu/drm/amd/amdgpu/../display/dc/dio/dcn401/dcn401_dio_link_encoder.o
  CC [M]  drivers/gpu/drm/nouveau/dispnv04/overlay.o
  CC [M]  drivers/gpu/drm/nouveau/dispnv04/tvmodesnv17.o
  CC [M]  drivers/gpu/drm/amd/amdgpu/../display/dc/dio/dcn401/dcn401_dio_stream_encoder.o
  CC [M]  drivers/gpu/drm/nouveau/dispnv04/tvnv04.o
  CC [M]  drivers/gpu/drm/nouveau/dispnv04/tvnv17.o
  CC [M]  drivers/gpu/drm/amd/amdgpu/../display/dc/dio/dcn42/dcn42_dio_link_encoder.o
  CC [M]  drivers/gpu/drm/nouveau/dispnv50/disp.o
  CC [M]  drivers/gpu/drm/amd/amdgpu/../display/dc/dio/dcn42/dcn42_dio_stream_encoder.o
  CC [M]  drivers/gpu/drm/amd/amdgpu/../display/dc/dwb/dcn30/dcn30_dwb.o
  CC [M]  drivers/gpu/drm/nouveau/dispnv50/lut.o
  CC [M]  drivers/gpu/drm/nouveau/dispnv50/core.o
  CC [M]  drivers/gpu/drm/amd/amdgpu/../display/dc/dwb/dcn30/dcn30_dwb_cm.o
  CC [M]  drivers/gpu/drm/nouveau/dispnv50/core507d.o
  CC [M]  drivers/gpu/drm/nouveau/dispnv50/core827d.o
  CC [M]  drivers/gpu/drm/amd/amdgpu/../display/dc/dwb/dcn35/dcn35_dwb.o
  CC [M]  drivers/gpu/drm/amd/amdgpu/../display/dc/hpo/dcn31/dcn31_hpo_dp_stream_encoder.o
  CC [M]  drivers/gpu/drm/nouveau/dispnv50/core907d.o
  CC [M]  drivers/gpu/drm/amd/amdgpu/../display/dc/hpo/dcn31/dcn31_hpo_dp_link_encoder.o
  CC [M]  drivers/gpu/drm/nouveau/dispnv50/core917d.o
  CC [M]  drivers/gpu/drm/amd/amdgpu/../display/dc/hpo/dcn32/dcn32_hpo_dp_link_encoder.o
  CC [M]  drivers/gpu/drm/amd/amdgpu/../display/dc/hpo/dcn42/dcn42_hpo_dp_link_encoder.o
  CC [M]  drivers/gpu/drm/amd/amdgpu/../display/dc/mmhubbub/dcn20/dcn20_mmhubbub.o
  CC [M]  drivers/gpu/drm/nouveau/dispnv50/corec37d.o
  CC [M]  drivers/gpu/drm/nouveau/dispnv50/corec57d.o
  CC [M]  drivers/gpu/drm/nouveau/dispnv50/coreca7d.o
  CC [M]  drivers/gpu/drm/nouveau/dispnv50/crc.o
  CC [M]  drivers/gpu/drm/amd/amdgpu/../display/dc/mmhubbub/dcn32/dcn32_mmhubbub.o
  CC [M]  drivers/gpu/drm/nouveau/dispnv50/crc907d.o
  CC [M]  drivers/gpu/drm/nouveau/dispnv50/crcc37d.o
  CC [M]  drivers/gpu/drm/nouveau/dispnv50/crcc57d.o
  CC [M]  drivers/gpu/drm/amd/amdgpu/../display/dc/mmhubbub/dcn35/dcn35_mmhubbub.o
  CC [M]  drivers/gpu/drm/nouveau/dispnv50/crcca7d.o
  CC [M]  drivers/gpu/drm/amd/amdgpu/../display/dc/mmhubbub/dcn42/dcn42_mmhubbub.o
  CC [M]  drivers/gpu/drm/nouveau/dispnv50/dac507d.o
  CC [M]  drivers/gpu/drm/amd/amdgpu/../display/dc/mpc/dcn10/dcn10_mpc.o
  CC [M]  drivers/gpu/drm/amd/amdgpu/../display/dc/mpc/dcn20/dcn20_mpc.o
  CC [M]  drivers/gpu/drm/nouveau/dispnv50/dac907d.o
  CC [M]  drivers/gpu/drm/amd/amdgpu/../display/dc/mpc/dcn30/dcn30_mpc.o
  CC [M]  drivers/gpu/drm/nouveau/dispnv50/pior507d.o
  CC [M]  drivers/gpu/drm/amd/amdgpu/../display/dc/mpc/dcn32/dcn32_mpc.o
  CC [M]  drivers/gpu/drm/nouveau/dispnv50/sor507d.o
  CC [M]  drivers/gpu/drm/amd/amdgpu/../display/dc/mpc/dcn401/dcn401_mpc.o
  CC [M]  drivers/gpu/drm/amd/amdgpu/../display/dc/mpc/dcn42/dcn42_mpc.o
  CC [M]  drivers/gpu/drm/nouveau/dispnv50/sor907d.o
  CC [M]  drivers/gpu/drm/nouveau/dispnv50/sorc37d.o
  CC [M]  drivers/gpu/drm/nouveau/dispnv50/head.o
  CC [M]  drivers/gpu/drm/nouveau/dispnv50/head507d.o
  CC [M]  drivers/gpu/drm/amd/amdgpu/../display/dc/opp/dcn10/dcn10_opp.o
  CC [M]  drivers/gpu/drm/amd/amdgpu/../display/dc/opp/dcn20/dcn20_opp.o
  CC [M]  drivers/gpu/drm/amd/amdgpu/../display/dc/opp/dcn35/dcn35_opp.o
  CC [M]  drivers/gpu/drm/nouveau/dispnv50/head827d.o
  CC [M]  drivers/gpu/drm/nouveau/dispnv50/head907d.o
  CC [M]  drivers/gpu/drm/amd/amdgpu/../display/dc/pg/dcn35/dcn35_pg_cntl.o
  CC [M]  drivers/gpu/drm/amd/amdgpu/../display/dc/pg/dcn42/dcn42_pg_cntl.o
  CC [M]  drivers/gpu/drm/nouveau/dispnv50/head917d.o
  CC [M]  drivers/gpu/drm/amd/amdgpu/../display/dc/dcn10/dcn10_ipp.o
  CC [M]  drivers/gpu/drm/amd/amdgpu/../display/dc/dcn10/dcn10_hw_sequencer_debug.o
  CC [M]  drivers/gpu/drm/nouveau/dispnv50/headc37d.o
  CC [M]  drivers/gpu/drm/nouveau/dispnv50/headc57d.o
  CC [M]  drivers/gpu/drm/nouveau/dispnv50/headca7d.o
  CC [M]  drivers/gpu/drm/nouveau/dispnv50/wimm.o
  CC [M]  drivers/gpu/drm/nouveau/dispnv50/wimmc37b.o
  CC [M]  drivers/gpu/drm/amd/amdgpu/../display/dc/dcn10/dcn10_cm_common.o
  CC [M]  drivers/gpu/drm/amd/amdgpu/../display/dc/dcn20/dcn20_vmid.o
  CC [M]  drivers/gpu/drm/amd/amdgpu/../display/dc/dcn20/dcn20_dwb.o
  CC [M]  drivers/gpu/drm/nouveau/dispnv50/wndw.o
  CC [M]  drivers/gpu/drm/nouveau/dispnv50/wndwc37e.o
  CC [M]  drivers/gpu/drm/nouveau/dispnv50/wndwc57e.o
  CC [M]  drivers/gpu/drm/nouveau/dispnv50/wndwc67e.o
  CC [M]  drivers/gpu/drm/amd/amdgpu/../display/dc/dcn20/dcn20_dwb_scl.o
  CC [M]  drivers/gpu/drm/nouveau/dispnv50/wndwca7e.o
  CC [M]  drivers/gpu/drm/amd/amdgpu/../display/dc/dcn21/dcn21_link_encoder.o
  CC [M]  drivers/gpu/drm/nouveau/dispnv50/base.o
  CC [M]  drivers/gpu/drm/amd/amdgpu/../display/dc/dcn201/dcn201_mpc.o
  CC [M]  drivers/gpu/drm/amd/amdgpu/../display/dc/dcn201/dcn201_opp.o
  CC [M]  drivers/gpu/drm/nouveau/dispnv50/base507c.o
  CC [M]  drivers/gpu/drm/nouveau/dispnv50/base827c.o
  CC [M]  drivers/gpu/drm/amd/amdgpu/../display/dc/dcn201/dcn201_link_encoder.o
  CC [M]  drivers/gpu/drm/nouveau/dispnv50/base907c.o
  CC [M]  drivers/gpu/drm/amd/amdgpu/../display/dc/dcn30/dcn30_vpg.o
  CC [M]  drivers/gpu/drm/amd/amdgpu/../display/dc/dcn30/dcn30_afmt.o
  CC [M]  drivers/gpu/drm/nouveau/dispnv50/base917c.o
  CC [M]  drivers/gpu/drm/nouveau/dispnv50/curs.o
  CC [M]  drivers/gpu/drm/nouveau/dispnv50/curs507a.o
  CC [M]  drivers/gpu/drm/nouveau/dispnv50/curs907a.o
  CC [M]  drivers/gpu/drm/nouveau/dispnv50/cursc37a.o
  CC [M]  drivers/gpu/drm/amd/amdgpu/../display/dc/dcn30/dcn30_cm_common.o
  CC [M]  drivers/gpu/drm/amd/amdgpu/../display/dc/dcn30/dcn30_mmhubbub.o
  CC [M]  drivers/gpu/drm/nouveau/dispnv50/oimm.o
  CC [M]  drivers/gpu/drm/nouveau/dispnv50/oimm507b.o
  CC [M]  drivers/gpu/drm/amd/amdgpu/../display/dc/dcn301/dcn301_panel_cntl.o
  CC [M]  drivers/gpu/drm/amd/amdgpu/../display/dc/dcn31/dcn31_panel_cntl.o
  CC [M]  drivers/gpu/drm/nouveau/dispnv50/ovly.o
  CC [M]  drivers/gpu/drm/nouveau/dispnv50/ovly507e.o
  CC [M]  drivers/gpu/drm/amd/amdgpu/../display/dc/dcn31/dcn31_apg.o
  CC [M]  drivers/gpu/drm/nouveau/dispnv50/ovly827e.o
  CC [M]  drivers/gpu/drm/nouveau/dispnv50/ovly907e.o
  CC [M]  drivers/gpu/drm/nouveau/dispnv50/ovly917e.o
  CC [M]  drivers/gpu/drm/nouveau/nouveau_abi16.o
  CC [M]  drivers/gpu/drm/nouveau/nouveau_chan.o
  CC [M]  drivers/gpu/drm/amd/amdgpu/../display/dc/dcn31/dcn31_afmt.o
  CC [M]  drivers/gpu/drm/amd/amdgpu/../display/dc/dcn31/dcn31_vpg.o
  CC [M]  drivers/gpu/drm/nouveau/nouveau_dma.o
  CC [M]  drivers/gpu/drm/amd/amdgpu/../display/dc/dml2_0/display_mode_core.o
  CC [M]  drivers/gpu/drm/amd/amdgpu/../display/dc/dml2_0/display_mode_util.o
  CC [M]  drivers/gpu/drm/amd/amdgpu/../display/dc/dml2_0/dml2_wrapper_fpu.o
  CC [M]  drivers/gpu/drm/amd/amdgpu/../display/dc/dml2_0/dml2_wrapper.o
  CC [M]  drivers/gpu/drm/nouveau/nouveau_fence.o
  CC [M]  drivers/gpu/drm/nouveau/nv04_fence.o
  CC [M]  drivers/gpu/drm/amd/amdgpu/../display/dc/dml2_0/dml2_utils.o
  CC [M]  drivers/gpu/drm/amd/amdgpu/../display/dc/dml2_0/dml2_policy.o
  CC [M]  drivers/gpu/drm/nouveau/nv10_fence.o
  CC [M]  drivers/gpu/drm/nouveau/nv17_fence.o
  CC [M]  drivers/gpu/drm/nouveau/nv50_fence.o
  CC [M]  drivers/gpu/drm/amd/amdgpu/../display/dc/dml2_0/dml2_translation_helper.o
  CC [M]  drivers/gpu/drm/amd/amdgpu/../display/dc/dml2_0/dml2_dc_resource_mgmt.o
  CC [M]  drivers/gpu/drm/nouveau/nv84_fence.o
  CC [M]  drivers/gpu/drm/nouveau/nvc0_fence.o
  CC [M]  drivers/gpu/drm/amd/amdgpu/../display/dc/dml2_0/dml2_mall_phantom.o
  CC [M]  drivers/gpu/drm/amd/amdgpu/../display/dc/dml2_0/dml_display_rq_dlg_calc.o
  CC [M]  drivers/gpu/drm/nouveau/gv100_fence.o
  CC [M]  drivers/gpu/drm/amd/amdgpu/../display/dc/dml2_0/dml21/src/dml2_top/dml2_top_interfaces.o
  LD [M]  drivers/gpu/drm/nouveau/ch7006.o
  CC [M]  drivers/gpu/drm/amd/amdgpu/../display/dc/dml2_0/dml21/src/dml2_top/dml2_top_soc15.o
  LD [M]  drivers/gpu/drm/nouveau/sil164.o
  CC [M]  drivers/gpu/drm/amd/amdgpu/../display/dc/dml2_0/dml21/src/dml2_core/dml2_core_dcn4.o
  CC [M]  drivers/gpu/drm/amd/amdgpu/../display/dc/dml2_0/dml21/src/dml2_core/dml2_core_utils.o
  LD [M]  drivers/gpu/drm/nouveau/nouveau.o
  CC [M]  drivers/gpu/drm/amd/amdgpu/../display/dc/dml2_0/dml21/src/dml2_core/dml2_core_factory.o
  CC [M]  drivers/gpu/drm/amd/amdgpu/../display/dc/dml2_0/dml21/src/dml2_core/dml2_core_dcn4_calcs.o
  CC [M]  drivers/gpu/drm/amd/amdgpu/../display/dc/dml2_0/dml21/src/dml2_dpmm/dml2_dpmm_dcn4.o
  CC [M]  drivers/gpu/drm/amd/amdgpu/../display/dc/dml2_0/dml21/src/dml2_dpmm/dml2_dpmm_factory.o
  CC [M]  drivers/gpu/drm/amd/amdgpu/../display/dc/dml2_0/dml21/src/dml2_mcg/dml2_mcg_dcn4.o
  CC [M]  drivers/gpu/drm/amd/amdgpu/../display/dc/dml2_0/dml21/src/dml2_mcg/dml2_mcg_dcn42.o
  CC [M]  drivers/gpu/drm/amd/amdgpu/../display/dc/dml2_0/dml21/src/dml2_mcg/dml2_mcg_factory.o
  CC [M]  drivers/gpu/drm/amd/amdgpu/../display/dc/dml2_0/dml21/src/dml2_pmo/dml2_pmo_dcn3.o
  CC [M]  drivers/gpu/drm/amd/amdgpu/../display/dc/dml2_0/dml21/src/dml2_pmo/dml2_pmo_factory.o
  CC [M]  drivers/gpu/drm/amd/amdgpu/../display/dc/dml2_0/dml21/src/dml2_pmo/dml2_pmo_dcn4_fams2.o
  CC [M]  drivers/gpu/drm/amd/amdgpu/../display/dc/dml2_0/dml21/src/dml2_pmo/dml2_pmo_dcn42.o
  CC [M]  drivers/gpu/drm/amd/amdgpu/../display/dc/dml2_0/dml21/src/dml2_standalone_libraries/lib_float_math.o
  CC [M]  drivers/gpu/drm/amd/amdgpu/../display/dc/dml2_0/dml21/dml21_translation_helper.o
  CC [M]  drivers/gpu/drm/amd/amdgpu/../display/dc/dml2_0/dml21/dml21_wrapper.o
  CC [M]  drivers/gpu/drm/amd/amdgpu/../display/dc/dml2_0/dml21/dml21_wrapper_fpu.o
  CC [M]  drivers/gpu/drm/amd/amdgpu/../display/dc/dml2_0/dml21/dml21_utils.o
  CC [M]  drivers/gpu/drm/amd/amdgpu/../display/dc/soc_and_ip_translator/soc_and_ip_translator.o
  CC [M]  drivers/gpu/drm/amd/amdgpu/../display/dc/soc_and_ip_translator/dcn401/dcn401_soc_and_ip_translator.o
  CC [M]  drivers/gpu/drm/amd/amdgpu/../display/dc/soc_and_ip_translator/dcn42/dcn42_soc_and_ip_translator.o
  CC [M]  drivers/gpu/drm/amd/amdgpu/../display/dc/dce120/dce120_timing_generator.o
  CC [M]  drivers/gpu/drm/amd/amdgpu/../display/dc/dce112/dce112_compressor.o
  CC [M]  drivers/gpu/drm/amd/amdgpu/../display/dc/dce110/dce110_timing_generator.o
  CC [M]  drivers/gpu/drm/amd/amdgpu/../display/dc/dce110/dce110_compressor.o
  CC [M]  drivers/gpu/drm/amd/amdgpu/../display/dc/dce110/dce110_opp_regamma_v.o
  CC [M]  drivers/gpu/drm/amd/amdgpu/../display/dc/dce110/dce110_opp_csc_v.o
  CC [M]  drivers/gpu/drm/amd/amdgpu/../display/dc/dce110/dce110_timing_generator_v.o
  CC [M]  drivers/gpu/drm/amd/amdgpu/../display/dc/dce110/dce110_mem_input_v.o
  CC [M]  drivers/gpu/drm/amd/amdgpu/../display/dc/dce110/dce110_opp_v.o
  CC [M]  drivers/gpu/drm/amd/amdgpu/../display/dc/dce110/dce110_transform_v.o
  CC [M]  drivers/gpu/drm/amd/amdgpu/../display/dc/dce80/dce80_timing_generator.o
  CC [M]  drivers/gpu/drm/amd/amdgpu/../display/dc/hdcp/hdcp_msg.o
  CC [M]  drivers/gpu/drm/amd/amdgpu/../display/dc/sspl/dc_spl.o
  CC [M]  drivers/gpu/drm/amd/amdgpu/../display/dc/sspl/dc_spl_scl_filters.o
  CC [M]  drivers/gpu/drm/amd/amdgpu/../display/dc/sspl/dc_spl_scl_easf_filters.o
  CC [M]  drivers/gpu/drm/amd/amdgpu/../display/dc/sspl/dc_spl_isharp_filters.o
  CC [M]  drivers/gpu/drm/amd/amdgpu/../display/dc/sspl/dc_spl_filters.o
  CC [M]  drivers/gpu/drm/amd/amdgpu/../display/dc/sspl/spl_fixpt31_32.o
  CC [M]  drivers/gpu/drm/amd/amdgpu/../display/dc/sspl/spl_custom_float.o
  CC [M]  drivers/gpu/drm/amd/amdgpu/../display/dc/dc_dmub_srv.o
  CC [M]  drivers/gpu/drm/amd/amdgpu/../display/dc/dc_edid_parser.o
  CC [M]  drivers/gpu/drm/amd/amdgpu/../display/dc/dc_fused_io.o
  CC [M]  drivers/gpu/drm/amd/amdgpu/../display/dc/dc_helper.o
  CC [M]  drivers/gpu/drm/amd/amdgpu/../display/dc/core/dc.o
  CC [M]  drivers/gpu/drm/amd/amdgpu/../display/dc/core/dc_debug.o
  CC [M]  drivers/gpu/drm/amd/amdgpu/../display/dc/core/dc_hw_sequencer.o
  CC [M]  drivers/gpu/drm/amd/amdgpu/../display/dc/core/dc_link_enc_cfg.o
  CC [M]  drivers/gpu/drm/amd/amdgpu/../display/dc/core/dc_link_exports.o
  CC [M]  drivers/gpu/drm/amd/amdgpu/../display/dc/core/dc_resource.o
  CC [M]  drivers/gpu/drm/amd/amdgpu/../display/dc/core/dc_sink.o
  CC [M]  drivers/gpu/drm/amd/amdgpu/../display/dc/core/dc_stat.o
  CC [M]  drivers/gpu/drm/amd/amdgpu/../display/dc/core/dc_state.o
  CC [M]  drivers/gpu/drm/amd/amdgpu/../display/dc/core/dc_stream.o
  CC [M]  drivers/gpu/drm/amd/amdgpu/../display/dc/core/dc_surface.o
  CC [M]  drivers/gpu/drm/amd/amdgpu/../display/dc/core/dc_vm_helper.o
  CC [M]  drivers/gpu/drm/amd/amdgpu/../display/modules/freesync/freesync.o
  CC [M]  drivers/gpu/drm/amd/amdgpu/../display/modules/color/color_gamma.o
  CC [M]  drivers/gpu/drm/amd/amdgpu/../display/modules/color/color_table.o
  CC [M]  drivers/gpu/drm/amd/amdgpu/../display/modules/info_packet/info_packet.o
  CC [M]  drivers/gpu/drm/amd/amdgpu/../display/modules/power/power_helpers.o
  CC [M]  drivers/gpu/drm/amd/amdgpu/../display/dmub/src/dmub_srv.o
  CC [M]  drivers/gpu/drm/amd/amdgpu/../display/dmub/src/dmub_srv_stat.o
  CC [M]  drivers/gpu/drm/amd/amdgpu/../display/dmub/src/dmub_reg.o
  CC [M]  drivers/gpu/drm/amd/amdgpu/../display/dmub/src/dmub_dcn20.o
  CC [M]  drivers/gpu/drm/amd/amdgpu/../display/dmub/src/dmub_dcn21.o
  CC [M]  drivers/gpu/drm/amd/amdgpu/../display/dmub/src/dmub_dcn30.o
  CC [M]  drivers/gpu/drm/amd/amdgpu/../display/dmub/src/dmub_dcn301.o
  CC [M]  drivers/gpu/drm/amd/amdgpu/../display/dmub/src/dmub_dcn302.o
  CC [M]  drivers/gpu/drm/amd/amdgpu/../display/dmub/src/dmub_dcn303.o
  CC [M]  drivers/gpu/drm/amd/amdgpu/../display/dmub/src/dmub_dcn31.o
  CC [M]  drivers/gpu/drm/amd/amdgpu/../display/dmub/src/dmub_dcn314.o
  CC [M]  drivers/gpu/drm/amd/amdgpu/../display/dmub/src/dmub_dcn315.o
  CC [M]  drivers/gpu/drm/amd/amdgpu/../display/dmub/src/dmub_dcn316.o
  CC [M]  drivers/gpu/drm/amd/amdgpu/../display/dmub/src/dmub_dcn32.o
  CC [M]  drivers/gpu/drm/amd/amdgpu/../display/dmub/src/dmub_dcn35.o
  CC [M]  drivers/gpu/drm/amd/amdgpu/../display/dmub/src/dmub_dcn351.o
  CC [M]  drivers/gpu/drm/amd/amdgpu/../display/dmub/src/dmub_dcn36.o
  CC [M]  drivers/gpu/drm/amd/amdgpu/../display/dmub/src/dmub_dcn401.o
  CC [M]  drivers/gpu/drm/amd/amdgpu/../display/dmub/src/dmub_dcn42.o
  CC [M]  drivers/gpu/drm/amd/amdgpu/../display/modules/hdcp/hdcp_ddc.o
  CC [M]  drivers/gpu/drm/amd/amdgpu/../display/modules/hdcp/hdcp_log.o
  CC [M]  drivers/gpu/drm/amd/amdgpu/../display/modules/hdcp/hdcp_psp.o
  CC [M]  drivers/gpu/drm/amd/amdgpu/../display/modules/hdcp/hdcp.o
  CC [M]  drivers/gpu/drm/amd/amdgpu/../display/modules/hdcp/hdcp1_execution.o
  CC [M]  drivers/gpu/drm/amd/amdgpu/../display/modules/hdcp/hdcp1_transition.o
  CC [M]  drivers/gpu/drm/amd/amdgpu/../display/modules/hdcp/hdcp2_execution.o
  CC [M]  drivers/gpu/drm/amd/amdgpu/../display/modules/hdcp/hdcp2_transition.o
  CC [M]  drivers/gpu/drm/amd/amdgpu/../ras/ras_mgr/amdgpu_ras_sys.o
  CC [M]  drivers/gpu/drm/amd/amdgpu/../ras/ras_mgr/amdgpu_ras_mgr.o
  CC [M]  drivers/gpu/drm/amd/amdgpu/../ras/ras_mgr/amdgpu_ras_eeprom_i2c.o
  CC [M]  drivers/gpu/drm/amd/amdgpu/../ras/ras_mgr/amdgpu_ras_mp1_v13_0.o
  CC [M]  drivers/gpu/drm/amd/amdgpu/../ras/ras_mgr/amdgpu_ras_cmd.o
  CC [M]  drivers/gpu/drm/amd/amdgpu/../ras/ras_mgr/amdgpu_virt_ras_cmd.o
  CC [M]  drivers/gpu/drm/amd/amdgpu/../ras/ras_mgr/amdgpu_ras_process.o
  CC [M]  drivers/gpu/drm/amd/amdgpu/../ras/ras_mgr/amdgpu_ras_nbio_v7_9.o
  CC [M]  drivers/gpu/drm/amd/amdgpu/../ras/rascore/ras_core.o
  CC [M]  drivers/gpu/drm/amd/amdgpu/../ras/rascore/ras_mp1.o
  CC [M]  drivers/gpu/drm/amd/amdgpu/../ras/rascore/ras_mp1_v13_0.o
  CC [M]  drivers/gpu/drm/amd/amdgpu/../ras/rascore/ras_aca.o
  CC [M]  drivers/gpu/drm/amd/amdgpu/../ras/rascore/ras_aca_v1_0.o
  CC [M]  drivers/gpu/drm/amd/amdgpu/../ras/rascore/ras_eeprom.o
  CC [M]  drivers/gpu/drm/amd/amdgpu/../ras/rascore/ras_umc.o
  CC [M]  drivers/gpu/drm/amd/amdgpu/../ras/rascore/ras_umc_v12_0.o
  CC [M]  drivers/gpu/drm/amd/amdgpu/../ras/rascore/ras_cmd.o
  CC [M]  drivers/gpu/drm/amd/amdgpu/../ras/rascore/ras_gfx.o
  CC [M]  drivers/gpu/drm/amd/amdgpu/../ras/rascore/ras_gfx_v9_0.o
  CC [M]  drivers/gpu/drm/amd/amdgpu/../ras/rascore/ras_process.o
  CC [M]  drivers/gpu/drm/amd/amdgpu/../ras/rascore/ras_nbio.o
  CC [M]  drivers/gpu/drm/amd/amdgpu/../ras/rascore/ras_nbio_v7_9.o
  CC [M]  drivers/gpu/drm/amd/amdgpu/../ras/rascore/ras_log_ring.o
  CC [M]  drivers/gpu/drm/amd/amdgpu/../ras/rascore/ras_cper.o
  CC [M]  drivers/gpu/drm/amd/amdgpu/../ras/rascore/ras_psp.o
  CC [M]  drivers/gpu/drm/amd/amdgpu/../ras/rascore/ras_psp_v13_0.o
  CC [M]  drivers/gpu/drm/amd/amdgpu/../ras/rascore/ras_eeprom_fw.o
  LD [M]  drivers/gpu/drm/amd/amdgpu/amdgpu.o
  AR      drivers/gpu/built-in.a
  AR      drivers/built-in.a
  AR      built-in.a
  AR      built-in-fixup.a
  COPY    vmlinux.a
  LD      vmlinux.o
  MODPOST Module.symvers
  CC      .vmlinux.export.o
  CC [M]  arch/x86/events/intel/intel-uncore.mod.o
  CC [M]  .module-common.o
  CC [M]  arch/x86/events/intel/intel-cstate.mod.o
  CC [M]  arch/x86/events/rapl.mod.o
  CC [M]  arch/x86/crypto/aesni-intel.mod.o
  CC [M]  fs/nls/nls_cp437.mod.o
  CC [M]  fs/nls/nls_cp850.mod.o
  CC [M]  fs/nls/nls_cp852.mod.o
  CC [M]  fs/nls/nls_cp855.mod.o
  CC [M]  fs/nls/nls_cp866.mod.o
  CC [M]  fs/nls/nls_iso8859-5.mod.o
  CC [M]  fs/nls/nls_koi8-r.mod.o
  CC [M]  fs/nls/nls_koi8-u.mod.o
  CC [M]  fs/nls/nls_koi8-ru.mod.o
  CC [M]  fs/nls/nls_utf8.mod.o
  CC [M]  fs/fuse/cuse.mod.o
  CC [M]  fs/pstore/ramoops.mod.o
  CC [M]  fs/pstore/pstore_zone.mod.o
  CC [M]  fs/pstore/pstore_blk.mod.o
  CC [M]  fs/squashfs/squashfs.mod.o
  CC [M]  fs/fat/fat.mod.o
  CC [M]  fs/fat/vfat.mod.o
  CC [M]  fs/exfat/exfat.mod.o
  CC [M]  fs/ntfs3/ntfs3.mod.o
  CC [M]  crypto/aead.mod.o
  CC [M]  crypto/geniv.mod.o
  UPD     include/generated/utsversion.h
  CC      init/version-timestamp.o
  KSYMS   .tmp_vmlinux0.kallsyms.S
  AS      .tmp_vmlinux0.kallsyms.o
  LD      .tmp_vmlinux1
  CC [M]  crypto/seqiv.mod.o
  CC [M]  crypto/echainiv.mod.o
  CC [M]  crypto/crypto_user.mod.o
  CC [M]  crypto/cmac.mod.o
  CC [M]  crypto/xcbc.mod.o
  CC [M]  crypto/crypto_null.mod.o
  CC [M]  crypto/gcm.mod.o
  CC [M]  crypto/ccm.mod.o
  NM      .tmp_vmlinux1.syms
  CC [M]  crypto/chacha20poly1305.mod.o
  CC [M]  crypto/cryptd.mod.o
  CC [M]  crypto/chacha.mod.o
  CC [M]  crypto/deflate.mod.o
  CC [M]  crypto/crc32-cryptoapi.mod.o
  CC [M]  crypto/authenc.mod.o
  CC [M]  crypto/authencesn.mod.o
  KSYMS   .tmp_vmlinux1.kallsyms.S
  CC [M]  crypto/rng.mod.o
  AS      .tmp_vmlinux1.kallsyms.o
  LD      .tmp_vmlinux2
  CC [M]  crypto/af_alg.mod.o
  CC [M]  crypto/algif_hash.mod.o
  CC [M]  crypto/algif_skcipher.mod.o
  CC [M]  crypto/algif_rng.mod.o
  CC [M]  crypto/algif_aead.mod.o
  CC [M]  crypto/essiv.mod.o
  CC [M]  crypto/async_tx/async_tx.mod.o
  CC [M]  crypto/async_tx/async_memcpy.mod.o
  NM      .tmp_vmlinux2.syms
  CC [M]  crypto/async_tx/async_xor.mod.o
  CC [M]  crypto/async_tx/async_pq.mod.o
  CC [M]  crypto/async_tx/async_raid6_recov.mod.o
  CC [M]  lib/math/cordic.mod.o
  CC [M]  lib/math/polynomial.mod.o
  CC [M]  lib/crc/crc8.mod.o
  KSYMS   .tmp_vmlinux2.kallsyms.S
  CC [M]  lib/crc/crc-ccitt.mod.o
  CC [M]  lib/crc/crc-itu-t.mod.o
  AS      .tmp_vmlinux2.kallsyms.o
  LD      vmlinux.unstripped
  CC [M]  lib/crypto/libarc4.mod.o
  CC [M]  lib/crypto/gf128mul.mod.o
  CC [M]  lib/crypto/libcurve25519.mod.o
  CC [M]  lib/crypto/libgf128hash.mod.o
  CC [M]  lib/crypto/libmd5.mod.o
  CC [M]  lib/reed_solomon/reed_solomon.mod.o
  CC [M]  lib/lz4/lz4_decompress.mod.o
  CC [M]  lib/ts_kmp.mod.o
  NM      System.map
  CC [M]  lib/ts_bm.mod.o
  CC [M]  lib/ts_fsm.mod.o
  CC [M]  drivers/bus/mhi/host/mhi.mod.o
  CC [M]  lib/asn1_decoder.mod.o
  CC [M]  drivers/pinctrl/cirrus/pinctrl-cs42l43.mod.o
  SORTTAB vmlinux.unstripped
  CC [M]  drivers/pinctrl/intel/pinctrl-lynxpoint.mod.o
  CC [M]  drivers/pinctrl/intel/pinctrl-intel-platform.mod.o
  CC [M]  drivers/pinctrl/intel/pinctrl-alderlake.mod.o
  OBJCOPY vmlinux
  GEN     modules.builtin.modinfo
  GEN     modules.builtin
  CC [M]  drivers/pinctrl/intel/pinctrl-broxton.mod.o
  CC [M]  drivers/pinctrl/intel/pinctrl-cedarfork.mod.o
  CC [M]  drivers/pinctrl/intel/pinctrl-cannonlake.mod.o
  CC      arch/x86/boot/a20.o
  AS      arch/x86/boot/bioscall.o
  CC [M]  drivers/pinctrl/intel/pinctrl-denverton.mod.o
  CC [M]  drivers/pinctrl/intel/pinctrl-elkhartlake.mod.o
  CC      arch/x86/boot/cmdline.o
  CC [M]  drivers/pinctrl/intel/pinctrl-emmitsburg.mod.o
  AS      arch/x86/boot/copy.o
  CC [M]  drivers/pinctrl/intel/pinctrl-geminilake.mod.o
  HOSTCC  arch/x86/boot/mkcpustr
  CC [M]  drivers/pinctrl/intel/pinctrl-icelake.mod.o
  CC      arch/x86/boot/cpuflags.o
  CC      arch/x86/boot/cpucheck.o
  CC [M]  drivers/pinctrl/intel/pinctrl-jasperlake.mod.o
  CC      arch/x86/boot/early_serial_console.o
  CC      arch/x86/boot/edd.o
  LDS     arch/x86/boot/compressed/vmlinux.lds
  AS      arch/x86/boot/compressed/kernel_info.o
  AS      arch/x86/boot/compressed/head_64.o
  CC [M]  drivers/pinctrl/intel/pinctrl-lakefield.mod.o
  VOFFSET arch/x86/boot/compressed/../voffset.h
  CC      arch/x86/boot/main.o
  CC      arch/x86/boot/compressed/string.o
  CC [M]  drivers/pinctrl/intel/pinctrl-lewisburg.mod.o
  CC [M]  drivers/pinctrl/intel/pinctrl-meteorlake.mod.o
  CC      arch/x86/boot/compressed/cmdline.o
  CC [M]  drivers/pinctrl/intel/pinctrl-meteorpoint.mod.o
  CC [M]  drivers/pinctrl/intel/pinctrl-sunrisepoint.mod.o
  CC      arch/x86/boot/memory.o
  CC      arch/x86/boot/compressed/error.o
  CC [M]  drivers/pinctrl/intel/pinctrl-tigerlake.mod.o
  CC      arch/x86/boot/pm.o
  CC [M]  drivers/pinctrl/pinctrl-cy8c95x0.mod.o
  OBJCOPY arch/x86/boot/compressed/vmlinux.bin
  RELOCS  arch/x86/boot/compressed/vmlinux.relocs
  HOSTCC  arch/x86/boot/compressed/mkpiggy
  CC      arch/x86/boot/compressed/cpuflags.o
  AS      arch/x86/boot/pmjump.o
  CC      arch/x86/boot/printf.o
  CC      arch/x86/boot/regs.o
  CC      arch/x86/boot/string.o
  CC      arch/x86/boot/compressed/early_serial_console.o
  CC      arch/x86/boot/tty.o
  CC [M]  drivers/pinctrl/pinctrl-mcp23s08_i2c.mod.o
  CC      arch/x86/boot/video.o
  CC      arch/x86/boot/compressed/kaslr.o
  CC      arch/x86/boot/compressed/ident_map_64.o
  CC      arch/x86/boot/video-mode.o
  CC [M]  drivers/pinctrl/pinctrl-mcp23s08_spi.mod.o
  CC      arch/x86/boot/version.o
  CC      arch/x86/boot/compressed/idt_64.o
  CC      arch/x86/boot/video-vga.o
  AS      arch/x86/boot/compressed/idt_handlers_64.o
  CC      arch/x86/boot/video-vesa.o
  CC      arch/x86/boot/compressed/pgtable_64.o
  CC      arch/x86/boot/video-bios.o
  CC [M]  drivers/pinctrl/pinctrl-mcp23s08.mod.o
  CPUSTR  arch/x86/boot/cpustr.h
  CC      arch/x86/boot/compressed/acpi.o
  CC      arch/x86/boot/compressed/efi.o
  CC      arch/x86/boot/cpu.o
  CC [M]  drivers/pwm/pwm-lpss.mod.o
  CC [M]  drivers/pwm/pwm-lpss-pci.mod.o
  CC      arch/x86/boot/compressed/misc.o
  CC [M]  drivers/pwm/pwm-lpss-platform.mod.o
  CC [M]  drivers/leds/trigger/ledtrig-timer.mod.o
  CC [M]  drivers/leds/trigger/ledtrig-oneshot.mod.o
  ZSTD22  arch/x86/boot/compressed/vmlinux.bin.zst
  CC [M]  drivers/leds/trigger/ledtrig-heartbeat.mod.o
  CC [M]  drivers/leds/trigger/ledtrig-backlight.mod.o
  CC [M]  drivers/leds/trigger/ledtrig-gpio.mod.o
  CC [M]  drivers/leds/trigger/ledtrig-activity.mod.o
  CC [M]  drivers/leds/trigger/ledtrig-default-on.mod.o
  CC [M]  drivers/leds/trigger/ledtrig-transient.mod.o
  CC [M]  drivers/leds/trigger/ledtrig-camera.mod.o
  CC [M]  drivers/leds/trigger/ledtrig-netdev.mod.o
  CC [M]  drivers/leds/trigger/ledtrig-pattern.mod.o
  CC [M]  drivers/leds/trigger/ledtrig-tty.mod.o
  CC [M]  drivers/leds/trigger/ledtrig-input-events.mod.o
  CC [M]  drivers/leds/led-class-flash.mod.o
  CC [M]  drivers/leds/led-class-multicolor.mod.o
  CC [M]  drivers/leds/uleds.mod.o
  CC [M]  drivers/pci/hotplug/cpcihp_zt5550.mod.o
  CC [M]  drivers/pci/hotplug/cpcihp_generic.mod.o
  CC [M]  drivers/pci/hotplug/acpiphp_ibm.mod.o
  CC [M]  drivers/pci/controller/vmd.mod.o
  CC [M]  drivers/char/ipmi/ssif_bmc.mod.o
  CC [M]  drivers/acpi/dptf/dptf_power.mod.o
  CC [M]  drivers/acpi/dptf/dptf_pch_fivr.mod.o
  CC [M]  drivers/acpi/video.mod.o
  CC [M]  drivers/acpi/nfit/nfit.mod.o
  CC [M]  drivers/acpi/sbshc.mod.o
  CC [M]  drivers/acpi/sbs.mod.o
  CC [M]  drivers/acpi/ec_sys.mod.o
  CC [M]  drivers/acpi/pfr_update.mod.o
  CC [M]  drivers/acpi/pfr_telemetry.mod.o
  CC [M]  drivers/acpi/acpi_pad.mod.o
  CC [M]  drivers/acpi/acpi_extlog.mod.o
  CC [M]  drivers/acpi/acpi_configfs.mod.o
  CC [M]  drivers/dma/virt-dma.mod.o
  CC [M]  drivers/dma/hsu/hsu_dma.mod.o
  CC [M]  drivers/dma/idma64.mod.o
  CC [M]  drivers/dma/ioat/ioatdma.mod.o
  CC [M]  drivers/soc/qcom/qmi_helpers.mod.o
  CC [M]  drivers/virtio/virtio.mod.o
  CC [M]  drivers/virtio/virtio_ring.mod.o
  CC [M]  drivers/regulator/fixed.mod.o
  CC [M]  drivers/regulator/virtual.mod.o
  CC [M]  drivers/regulator/userspace-consumer.mod.o
  CC [M]  drivers/regulator/gpio-regulator.mod.o
  CC [M]  drivers/tty/serial/8250/8250_dw.mod.o
  CC [M]  drivers/tty/serial/8250/8250_exar.mod.o
  CC [M]  drivers/tty/serial/8250/8250_lpss.mod.o
  CC [M]  drivers/tty/serial/8250/8250_mid.mod.o
  CC [M]  drivers/tty/serial/8250/8250_ni.mod.o
  CC [M]  drivers/tty/serial/8250/8250_pci1xxxx.mod.o
  CC [M]  drivers/tty/serial/8250/8250_pericom.mod.o
  CC [M]  drivers/tty/serial/arc_uart.mod.o
  CC [M]  drivers/tty/serial/jsm/jsm.mod.o
  CC [M]  drivers/tty/serial/max3100.mod.o
  CC [M]  drivers/tty/serial/max310x.mod.o
  CC [M]  drivers/tty/serial/rp2.mod.o
  CC [M]  drivers/tty/serial/sc16is7xx.mod.o
  CC [M]  drivers/tty/serial/sc16is7xx_spi.mod.o
  CC [M]  drivers/tty/serial/sc16is7xx_i2c.mod.o
  CC [M]  drivers/tty/serial/uartlite.mod.o
  CC [M]  drivers/tty/n_hdlc.mod.o
  CC [M]  drivers/char/hw_random/intel-rng.mod.o
  CC [M]  drivers/char/agp/intel-gtt.mod.o
  CC [M]  drivers/char/hangcheck-timer.mod.o
  CC [M]  drivers/iommu/iommufd/iommufd.mod.o
  CC [M]  drivers/base/regmap/regmap-i2c.mod.o
  CC [M]  drivers/base/regmap/regmap-spi.mod.o
  CC [M]  drivers/base/regmap/regmap-sdw.mod.o
  CC [M]  drivers/base/regmap/regmap-sdw-mbq.mod.o
  CC [M]  drivers/block/brd.mod.o
  CC [M]  drivers/block/loop.mod.o
  CC [M]  drivers/block/nbd.mod.o
  CC [M]  drivers/block/mtip32xx/mtip32xx.mod.o
  CC [M]  drivers/block/zram/zram.mod.o
  CC [M]  drivers/block/null_blk/null_blk.mod.o
  CC [M]  drivers/block/ublk_drv.mod.o
  CC [M]  drivers/misc/eeprom/eeprom_93cx6.mod.o
  CC [M]  drivers/misc/cardreader/rtsx_pci.mod.o
  CC [M]  drivers/misc/cardreader/rtsx_usb.mod.o
  CC [M]  drivers/misc/mei/mei.mod.o
  CC [M]  drivers/misc/mei/mei-me.mod.o
  CC [M]  drivers/misc/mei/hdcp/mei_hdcp.mod.o
  CC [M]  drivers/misc/ntsync.mod.o
  CC [M]  drivers/mfd/cs42l43.mod.o
  CC [M]  drivers/mfd/cs42l43-sdw.mod.o
  CC [M]  drivers/mfd/mfd-core.mod.o
  CC [M]  drivers/mfd/ocelot-soc.mod.o
  CC [M]  drivers/mfd/lpc_sch.mod.o
  CC [M]  drivers/mfd/lpc_ich.mod.o
  CC [M]  drivers/mfd/rdc321x-southbridge.mod.o
  CC [M]  drivers/mfd/vx855.mod.o
  CC [M]  drivers/scsi/raid_class.mod.o
  CC [M]  drivers/scsi/sg.mod.o
  CC [M]  drivers/scsi/vhba/vhba.mod.o
  CC [M]  drivers/ata/ahci_platform.mod.o
  CC [M]  drivers/ata/libahci_platform.mod.o
  CC [M]  drivers/gpu/drm/display/drm_display_helper.mod.o
  CC [M]  drivers/gpu/drm/bridge/analogix/analogix-anx78xx.mod.o
  CC [M]  drivers/gpu/drm/bridge/analogix/analogix_dp.mod.o
  CC [M]  drivers/gpu/drm/drm_panel_backlight_quirks.mod.o
  CC [M]  drivers/gpu/drm/drm_exec.mod.o
  CC [M]  drivers/gpu/drm/drm_gpuvm.mod.o
  CC [M]  drivers/gpu/drm/drm_gpusvm_helper.mod.o
  CC [M]  drivers/gpu/drm/drm_buddy.mod.o
  CC [M]  drivers/gpu/drm/drm_suballoc_helper.mod.o
  CC [M]  drivers/gpu/drm/drm_vram_helper.mod.o
  CC [M]  drivers/gpu/drm/drm_ttm_helper.mod.o
  CC [M]  drivers/gpu/drm/ttm/ttm.mod.o
  CC [M]  drivers/gpu/drm/scheduler/gpu-sched.mod.o
  CC [M]  drivers/gpu/drm/radeon/radeon.mod.o
  CC [M]  drivers/gpu/drm/amd/amdgpu/amdgpu.mod.o
  CC [M]  drivers/gpu/drm/amd/amdxcp/amdxcp.mod.o
  CC [M]  drivers/gpu/drm/i915/i915.mod.o
  CC [M]  drivers/gpu/drm/xe/xe.mod.o
  CC [M]  drivers/gpu/drm/nouveau/ch7006.mod.o
  CC [M]  drivers/gpu/drm/nouveau/sil164.mod.o
  CC [M]  drivers/gpu/drm/nouveau/nouveau.mod.o
  CC [M]  drivers/gpu/drm/vboxvideo/vboxvideo.mod.o
  CC [M]  drivers/spi/spi-mux.mod.o
  CC [M]  drivers/spi/spidev.mod.o
  CC [M]  drivers/spi/spi-loopback-test.mod.o
  CC [M]  drivers/spi/spi-axi-spi-engine.mod.o
  CC [M]  drivers/spi/spi-bitbang.mod.o
  CC [M]  drivers/spi/spi-cadence.mod.o
  CC [M]  drivers/spi/spi-ch341.mod.o
  CC [M]  drivers/spi/spi-cs42l43.mod.o
  CC [M]  drivers/spi/spi-dw.mod.o
  CC [M]  drivers/spi/spi-dw-mmio.mod.o
  CC [M]  drivers/spi/spi-dw-pci.mod.o
  CC [M]  drivers/spi/spi-gpio.mod.o
  CC [M]  drivers/spi/spi-intel.mod.o
  CC [M]  drivers/spi/spi-intel-pci.mod.o
  CC [M]  drivers/spi/spi-intel-platform.mod.o
  CC [M]  drivers/spi/spi-mxic.mod.o
  CC [M]  drivers/spi/spi-oc-tiny.mod.o
  CC [M]  drivers/spi/spi-pci1xxxx.mod.o
  CC [M]  drivers/spi/spi-pxa2xx-core.mod.o
  CC [M]  drivers/spi/spi-pxa2xx-platform.mod.o
  CC [M]  drivers/spi/spi-pxa2xx-pci.mod.o
  CC [M]  drivers/spi/spi-sc18is602.mod.o
  CC [M]  drivers/spi/spi-tle62x0.mod.o
  CC [M]  drivers/spi/spi-virtio.mod.o
  CC [M]  drivers/spi/spi-xcomm.mod.o
  CC [M]  drivers/spi/spi-slave-time.mod.o
  CC [M]  drivers/spi/spi-slave-system-control.mod.o
  CC [M]  drivers/spi/spi-offload-trigger-pwm.mod.o
  CC [M]  drivers/spi/spi-offload-trigger-adi-util-sigma-delta.mod.o
  CC [M]  drivers/net/phy/mdio_bus.mod.o
  CC [M]  drivers/net/phy/phylink.mod.o
  CC [M]  drivers/net/phy/libphy.mod.o
  CC [M]  drivers/net/phy/mdio_devres.mod.o
  CC [M]  drivers/net/phy/phy_package.mod.o
  CC [M]  drivers/net/phy/sfp.mod.o
  CC [M]  drivers/net/phy/aquantia/aquantia.mod.o
  CC [M]  drivers/net/phy/ax88796b.mod.o
  CC [M]  drivers/net/phy/dp83640.mod.o
  CC [M]  drivers/net/phy/fixed_phy.mod.o
  CC [M]  drivers/net/phy/mxl-gpy.mod.o
  CC [M]  drivers/net/phy/microchip.mod.o
  CC [M]  drivers/net/phy/realtek/realtek.mod.o
  CC [M]  drivers/net/phy/smsc.mod.o
  CC [M]  drivers/net/phy/ste10Xp.mod.o
  CC [M]  drivers/net/pse-pd/pse_regulator.mod.o
  CC [M]  drivers/net/pse-pd/pd692x0.mod.o
  CC [M]  drivers/net/pse-pd/si3474.mod.o
  CC [M]  drivers/net/pse-pd/tps23881.mod.o
  CC [M]  drivers/net/mdio/acpi_mdio.mod.o
  CC [M]  drivers/net/mdio/fwnode_mdio.mod.o
  CC [M]  drivers/net/mdio/mdio-bitbang.mod.o
  CC [M]  drivers/net/mdio/mdio-cavium.mod.o
  CC [M]  drivers/net/mdio/mdio-gpio.mod.o
  CC [M]  drivers/net/mdio/mdio-i2c.mod.o
  CC [M]  drivers/net/mdio/mdio-mscc-miim.mod.o
  CC [M]  drivers/net/mdio/mdio-mvusb.mod.o
  CC [M]  drivers/net/mdio/mdio-thunder.mod.o
  CC [M]  drivers/net/pcs/pcs_xpcs.mod.o
  CC [M]  drivers/net/ethernet/realtek/8139cp.mod.o
  CC [M]  drivers/net/ethernet/realtek/8139too.mod.o
  CC [M]  drivers/net/ethernet/realtek/r8169.mod.o
  CC [M]  drivers/net/ethernet/realtek/rtase/rtase.mod.o
  CC [M]  drivers/net/ethernet/ec_bhf.mod.o
  CC [M]  drivers/net/ethernet/jme.mod.o
  CC [M]  drivers/net/ethernet/fealnx.mod.o
  CC [M]  drivers/net/ethernet/ethoc.mod.o
  CC [M]  drivers/net/wireless/ath/ath9k/ath9k.mod.o
  CC [M]  drivers/net/wireless/ath/ath9k/ath9k_hw.mod.o
  MKPIGGY arch/x86/boot/compressed/piggy.S
  AS      arch/x86/boot/compressed/piggy.o
  CC [M]  drivers/net/wireless/ath/ath9k/ath9k_common.mod.o
  LD      arch/x86/boot/compressed/vmlinux
  ZOFFSET arch/x86/boot/zoffset.h
  OBJCOPY arch/x86/boot/vmlinux.bin
  CC [M]  drivers/net/wireless/ath/carl9170/carl9170.mod.o
  AS      arch/x86/boot/header.o
  CC [M]  drivers/net/wireless/ath/ar5523/ar5523.mod.o
  LD      arch/x86/boot/setup.elf
  OBJCOPY arch/x86/boot/setup.bin
  BUILD   arch/x86/boot/bzImage
Kernel: arch/x86/boot/bzImage is ready  (#1)
  CC [M]  drivers/net/wireless/ath/ath10k/ath10k_core.mod.o
  CC [M]  drivers/net/wireless/ath/ath10k/ath10k_pci.mod.o
  CC [M]  drivers/net/wireless/ath/ath11k/ath11k.mod.o
  CC [M]  drivers/net/wireless/ath/ath11k/ath11k_pci.mod.o
  CC [M]  drivers/net/wireless/ath/ath.mod.o
  CC [M]  drivers/net/wireless/ralink/rt2x00/rt2x00lib.mod.o
  CC [M]  drivers/net/wireless/ralink/rt2x00/rt2x00usb.mod.o
  CC [M]  drivers/net/wireless/ralink/rt2x00/rt2800lib.mod.o
  CC [M]  drivers/net/wireless/ralink/rt2x00/rt2500usb.mod.o
  CC [M]  drivers/net/wireless/ralink/rt2x00/rt73usb.mod.o
  CC [M]  drivers/net/wireless/ralink/rt2x00/rt2800usb.mod.o
  CC [M]  drivers/net/wireless/realtek/rtl818x/rtl8187/rtl8187.mod.o
  CC [M]  drivers/net/wireless/realtek/rtl8xxxu/rtl8xxxu.mod.o
  CC [M]  drivers/net/wireless/realtek/rtw88/rtw88_core.mod.o
  CC [M]  drivers/net/wireless/realtek/rtw88/rtw88_8822c.mod.o
  CC [M]  drivers/net/wireless/realtek/rtw88/rtw88_8822ce.mod.o
  CC [M]  drivers/net/wireless/realtek/rtw88/rtw88_pci.mod.o
  CC [M]  drivers/net/wireless/realtek/rtw89/rtw89_core.mod.o
  CC [M]  drivers/net/wireless/realtek/rtw89/rtw89_8852a.mod.o
  CC [M]  drivers/net/wireless/realtek/rtw89/rtw89_8852ae.mod.o
  CC [M]  drivers/net/wireless/realtek/rtw89/rtw89_8852b_common.mod.o
  CC [M]  drivers/net/wireless/realtek/rtw89/rtw89_8852b.mod.o
  CC [M]  drivers/net/wireless/realtek/rtw89/rtw89_8852be.mod.o
  CC [M]  drivers/net/wireless/realtek/rtw89/rtw89_8852bu.mod.o
  CC [M]  drivers/net/wireless/realtek/rtw89/rtw89_8852c.mod.o
  CC [M]  drivers/net/wireless/realtek/rtw89/rtw89_8852ce.mod.o
  CC [M]  drivers/net/wireless/realtek/rtw89/rtw89_pci.mod.o
  CC [M]  drivers/net/wireless/realtek/rtw89/rtw89_usb.mod.o
  CC [M]  drivers/net/wireless/virtual/mac80211_hwsim.mod.o
  CC [M]  drivers/net/wireless/virtual/virt_wifi.mod.o
  CC [M]  drivers/net/bonding/bonding.mod.o
  CC [M]  drivers/net/ipvlan/ipvlan.mod.o
  CC [M]  drivers/net/ipvlan/ipvtap.mod.o
  CC [M]  drivers/net/dummy.mod.o
  CC [M]  drivers/net/wireguard/wireguard.mod.o
  CC [M]  drivers/net/ifb.mod.o
  CC [M]  drivers/net/macsec.mod.o
  CC [M]  drivers/net/macvlan.mod.o
  CC [M]  drivers/net/macvtap.mod.o
  CC [M]  drivers/net/mii.mod.o
  CC [M]  drivers/net/netconsole.mod.o
  CC [M]  drivers/net/tun.mod.o
  CC [M]  drivers/net/tap.mod.o
  CC [M]  drivers/net/veth.mod.o
  CC [M]  drivers/net/vxlan/vxlan.mod.o
  CC [M]  drivers/net/geneve.mod.o
  CC [M]  drivers/net/vrf.mod.o
  CC [M]  drivers/net/mhi_net.mod.o
  CC [M]  drivers/net/usb/catc.mod.o
  CC [M]  drivers/net/usb/kaweth.mod.o
  CC [M]  drivers/net/usb/pegasus.mod.o
  CC [M]  drivers/net/usb/rtl8150.mod.o
  CC [M]  drivers/net/usb/r8152.mod.o
  CC [M]  drivers/net/usb/hso.mod.o
  CC [M]  drivers/net/usb/lan78xx.mod.o
  CC [M]  drivers/net/usb/asix.mod.o
  CC [M]  drivers/net/usb/ax88179_178a.mod.o
  CC [M]  drivers/net/usb/cdc_ether.mod.o
  CC [M]  drivers/net/usb/cdc_eem.mod.o
  CC [M]  drivers/net/usb/dm9601.mod.o
  CC [M]  drivers/net/usb/sr9700.mod.o
  CC [M]  drivers/net/usb/sr9800.mod.o
  CC [M]  drivers/net/usb/smsc75xx.mod.o
  CC [M]  drivers/net/usb/smsc95xx.mod.o
  CC [M]  drivers/net/usb/gl620a.mod.o
  CC [M]  drivers/net/usb/net1080.mod.o
  CC [M]  drivers/net/usb/plusb.mod.o
  CC [M]  drivers/net/usb/rndis_host.mod.o
  CC [M]  drivers/net/usb/cdc_subset.mod.o
  CC [M]  drivers/net/usb/zaurus.mod.o
  CC [M]  drivers/net/usb/mcs7830.mod.o
  CC [M]  drivers/net/usb/usbnet.mod.o
  CC [M]  drivers/net/usb/int51x1.mod.o
  CC [M]  drivers/net/usb/kalmia.mod.o
  CC [M]  drivers/net/usb/ipheth.mod.o
  CC [M]  drivers/net/usb/sierra_net.mod.o
  CC [M]  drivers/net/usb/cx82310_eth.mod.o
  CC [M]  drivers/net/usb/cdc_ncm.mod.o
  CC [M]  drivers/net/usb/huawei_cdc_ncm.mod.o
  CC [M]  drivers/net/usb/lg-vl600.mod.o
  CC [M]  drivers/net/usb/qmi_wwan.mod.o
  CC [M]  drivers/net/usb/cdc_mbim.mod.o
  CC [M]  drivers/net/usb/ch9200.mod.o
  CC [M]  drivers/net/usb/aqc111.mod.o
  CC [M]  drivers/net/usb/r8153_ecm.mod.o
  CC [M]  drivers/net/thunderbolt/thunderbolt_net.mod.o
  CC [M]  drivers/net/net_failover.mod.o
  CC [M]  drivers/usb/common/ulpi.mod.o
  CC [M]  drivers/usb/core/ledtrig-usbport.mod.o
  CC [M]  drivers/usb/phy/phy-generic.mod.o
  CC [M]  drivers/usb/phy/phy-gpio-vbus-usb.mod.o
  CC [M]  drivers/usb/phy/phy-isp1301.mod.o
  CC [M]  drivers/usb/host/xhci-pci-renesas.mod.o
  CC [M]  drivers/usb/host/xhci-plat-hcd.mod.o
  CC [M]  drivers/usb/storage/uas.mod.o
  CC [M]  drivers/usb/storage/usb-storage.mod.o
  CC [M]  drivers/usb/storage/ums-realtek.mod.o
  CC [M]  drivers/usb/serial/ch341.mod.o
  CC [M]  drivers/usb/serial/cp210x.mod.o
  CC [M]  drivers/usb/serial/ftdi_sio.mod.o
  CC [M]  drivers/usb/serial/option.mod.o
  CC [M]  drivers/usb/serial/pl2303.mod.o
  CC [M]  drivers/usb/serial/qcserial.mod.o
  CC [M]  drivers/usb/serial/sierra.mod.o
  CC [M]  drivers/usb/serial/usb-serial-simple.mod.o
  CC [M]  drivers/usb/serial/usb_wwan.mod.o
  CC [M]  drivers/usb/misc/ezusb.mod.o
  CC [M]  drivers/usb/mon/usbmon.mod.o
  CC [M]  drivers/usb/class/cdc-acm.mod.o
  CC [M]  drivers/usb/class/usblp.mod.o
  CC [M]  drivers/usb/class/cdc-wdm.mod.o
  CC [M]  drivers/usb/typec/typec.mod.o
  CC [M]  drivers/usb/typec/altmodes/typec_displayport.mod.o
  CC [M]  drivers/usb/typec/altmodes/typec_nvidia.mod.o
  CC [M]  drivers/usb/typec/altmodes/typec_thunderbolt.mod.o
  CC [M]  drivers/usb/typec/ucsi/typec_ucsi.mod.o
  CC [M]  drivers/usb/typec/ucsi/ucsi_acpi.mod.o
  CC [M]  drivers/usb/typec/ucsi/ucsi_ccg.mod.o
  CC [M]  drivers/usb/typec/ucsi/ucsi_stm32g0.mod.o
  CC [M]  drivers/usb/roles/roles.mod.o
  CC [M]  drivers/usb/roles/intel-xhci-usb-role-switch.mod.o
  CC [M]  drivers/input/serio/serport.mod.o
  CC [M]  drivers/input/serio/pcips2.mod.o
  CC [M]  drivers/input/serio/ps2mult.mod.o
  CC [M]  drivers/input/serio/serio_raw.mod.o
  CC [M]  drivers/input/serio/ps2-gpio.mod.o
  CC [M]  drivers/input/serio/userio.mod.o
  CC [M]  drivers/input/keyboard/adp5588-keys.mod.o
  CC [M]  drivers/input/keyboard/cypress-sf.mod.o
  CC [M]  drivers/input/keyboard/dlink-dir685-touchkeys.mod.o
  CC [M]  drivers/input/keyboard/gpio_keys.mod.o
  CC [M]  drivers/input/keyboard/gpio_keys_polled.mod.o
  CC [M]  drivers/input/keyboard/tca8418_keypad.mod.o
  CC [M]  drivers/input/keyboard/lkkbd.mod.o
  CC [M]  drivers/input/keyboard/lm8323.mod.o
  CC [M]  drivers/input/keyboard/lm8333.mod.o
  CC [M]  drivers/input/keyboard/matrix_keypad.mod.o
  CC [M]  drivers/input/keyboard/max7359_keypad.mod.o
  CC [M]  drivers/input/keyboard/mpr121_touchkey.mod.o
  CC [M]  drivers/input/keyboard/newtonkbd.mod.o
  CC [M]  drivers/input/keyboard/opencores-kbd.mod.o
  CC [M]  drivers/input/keyboard/pinephone-keyboard.mod.o
  CC [M]  drivers/input/keyboard/qt1050.mod.o
  CC [M]  drivers/input/keyboard/qt1070.mod.o
  CC [M]  drivers/input/keyboard/qt2160.mod.o
  CC [M]  drivers/input/keyboard/stowaway.mod.o
  CC [M]  drivers/input/keyboard/sunkbd.mod.o
  CC [M]  drivers/input/keyboard/tm2-touchkey.mod.o
  CC [M]  drivers/input/keyboard/xtkbd.mod.o
  CC [M]  drivers/input/mouse/cyapatp.mod.o
  CC [M]  drivers/input/mouse/elan_i2c.mod.o
  CC [M]  drivers/input/mouse/gpio_mouse.mod.o
  CC [M]  drivers/input/mouse/psmouse.mod.o
  CC [M]  drivers/input/mouse/sermouse.mod.o
  CC [M]  drivers/input/mouse/synaptics_i2c.mod.o
  CC [M]  drivers/input/mouse/synaptics_usb.mod.o
  CC [M]  drivers/input/mouse/vsxxxaa.mod.o
  CC [M]  drivers/input/joystick/xpad.mod.o
  CC [M]  drivers/input/tablet/acecad.mod.o
  CC [M]  drivers/input/tablet/aiptek.mod.o
  CC [M]  drivers/input/tablet/hanwang.mod.o
  CC [M]  drivers/input/tablet/kbtab.mod.o
  CC [M]  drivers/input/tablet/pegasus_notetaker.mod.o
  CC [M]  drivers/input/tablet/wacom_serial4.mod.o
  CC [M]  drivers/input/misc/ad714x.mod.o
  CC [M]  drivers/input/misc/ad714x-i2c.mod.o
  CC [M]  drivers/input/misc/ad714x-spi.mod.o
  CC [M]  drivers/input/misc/adxl34x.mod.o
  CC [M]  drivers/input/misc/adxl34x-i2c.mod.o
  CC [M]  drivers/input/misc/adxl34x-spi.mod.o
  CC [M]  drivers/input/misc/apanel.mod.o
  CC [M]  drivers/input/misc/atlas_btns.mod.o
  CC [M]  drivers/input/misc/aw86927.mod.o
  CC [M]  drivers/input/misc/bma150.mod.o
  CC [M]  drivers/input/misc/cm109.mod.o
  CC [M]  drivers/input/misc/cma3000_d0x.mod.o
  CC [M]  drivers/input/misc/cma3000_d0x_i2c.mod.o
  CC [M]  drivers/input/misc/da7280.mod.o
  CC [M]  drivers/input/misc/e3x0-button.mod.o
  CC [M]  drivers/input/misc/drv260x.mod.o
  CC [M]  drivers/input/misc/drv2665.mod.o
  CC [M]  drivers/input/misc/drv2667.mod.o
  CC [M]  drivers/input/misc/gpio-beeper.mod.o
  CC [M]  drivers/input/misc/gpio_decoder.mod.o
  CC [M]  drivers/input/misc/gpio-vibra.mod.o
  CC [M]  drivers/input/misc/ibm-panel.mod.o
  CC [M]  drivers/input/misc/ims-pcu.mod.o
  CC [M]  drivers/input/misc/iqs269a.mod.o
  CC [M]  drivers/input/misc/iqs626a.mod.o
  CC [M]  drivers/input/misc/iqs7222.mod.o
  CC [M]  drivers/input/misc/keyspan_remote.mod.o
  CC [M]  drivers/input/misc/kxtj9.mod.o
  CC [M]  drivers/input/misc/mma8450.mod.o
  CC [M]  drivers/input/misc/pcf8574_keypad.mod.o
  CC [M]  drivers/input/misc/pcspkr.mod.o
  CC [M]  drivers/input/misc/powermate.mod.o
  CC [M]  drivers/input/misc/pwm-beeper.mod.o
  CC [M]  drivers/input/misc/pwm-vibra.mod.o
  CC [M]  drivers/input/misc/regulator-haptic.mod.o
  CC [M]  drivers/input/misc/rotary_encoder.mod.o
  CC [M]  drivers/input/misc/soc_button_array.mod.o
  CC [M]  drivers/input/misc/uinput.mod.o
  CC [M]  drivers/input/misc/yealink.mod.o
  CC [M]  drivers/input/misc/ideapad_slidebar.mod.o
  CC [M]  drivers/input/ff-memless.mod.o
  CC [M]  drivers/input/sparse-keymap.mod.o
  CC [M]  drivers/input/matrix-keymap.mod.o
  CC [M]  drivers/input/mousedev.mod.o
  CC [M]  drivers/input/joydev.mod.o
  CC [M]  drivers/input/rmi4/rmi_core.mod.o
  CC [M]  drivers/input/rmi4/rmi_i2c.mod.o
  CC [M]  drivers/input/rmi4/rmi_spi.mod.o
  CC [M]  drivers/input/rmi4/rmi_smbus.mod.o
  CC [M]  drivers/i2c/algos/i2c-algo-bit.mod.o
  CC [M]  drivers/i2c/algos/i2c-algo-pca.mod.o
  CC [M]  drivers/i2c/busses/i2c-scmi.mod.o
  CC [M]  drivers/i2c/busses/i2c-ali1535.mod.o
  CC [M]  drivers/i2c/busses/i2c-ali1563.mod.o
  CC [M]  drivers/i2c/busses/i2c-ali15x3.mod.o
  CC [M]  drivers/i2c/busses/i2c-i801.mod.o
  CC [M]  drivers/i2c/busses/i2c-isch.mod.o
  CC [M]  drivers/i2c/busses/i2c-ismt.mod.o
  CC [M]  drivers/i2c/busses/i2c-nforce2.mod.o
  CC [M]  drivers/i2c/busses/i2c-nvidia-gpu.mod.o
  CC [M]  drivers/i2c/busses/i2c-piix4.mod.o
  CC [M]  drivers/i2c/busses/i2c-sis5595.mod.o
  CC [M]  drivers/i2c/busses/i2c-sis630.mod.o
  CC [M]  drivers/i2c/busses/i2c-sis96x.mod.o
  CC [M]  drivers/i2c/busses/i2c-via.mod.o
  CC [M]  drivers/i2c/busses/i2c-viapro.mod.o
  CC [M]  drivers/i2c/busses/i2c-viai2c-zhaoxin.mod.o
  CC [M]  drivers/i2c/busses/i2c-viai2c-common.mod.o
  CC [M]  drivers/i2c/busses/i2c-cbus-gpio.mod.o
  CC [M]  drivers/i2c/busses/i2c-emev2.mod.o
  CC [M]  drivers/i2c/busses/i2c-gpio.mod.o
  CC [M]  drivers/i2c/busses/i2c-ocores.mod.o
  CC [M]  drivers/i2c/busses/i2c-pca-platform.mod.o
  CC [M]  drivers/i2c/busses/i2c-simtec.mod.o
  CC [M]  drivers/i2c/busses/i2c-diolan-u2c.mod.o
  CC [M]  drivers/i2c/busses/i2c-cp2615.mod.o
  CC [M]  drivers/i2c/busses/i2c-mchp-pci1xxxx.mod.o
  CC [M]  drivers/i2c/busses/i2c-robotfuzz-osif.mod.o
  CC [M]  drivers/i2c/busses/i2c-taos-evm.mod.o
  CC [M]  drivers/i2c/busses/i2c-tiny-usb.mod.o
  CC [M]  drivers/i2c/busses/i2c-mlxcpld.mod.o
  CC [M]  drivers/i2c/busses/i2c-virtio.mod.o
  CC [M]  drivers/i2c/muxes/i2c-mux-gpio.mod.o
  CC [M]  drivers/i2c/muxes/i2c-mux-ltc4306.mod.o
  CC [M]  drivers/i2c/muxes/i2c-mux-mlxcpld.mod.o
  CC [M]  drivers/i2c/muxes/i2c-mux-pca9541.mod.o
  CC [M]  drivers/i2c/muxes/i2c-mux-pca954x.mod.o
  CC [M]  drivers/i2c/muxes/i2c-mux-reg.mod.o
  CC [M]  drivers/i2c/i2c-smbus.mod.o
  CC [M]  drivers/i2c/i2c-dev.mod.o
  CC [M]  drivers/i2c/i2c-mux.mod.o
  CC [M]  drivers/i2c/i2c-stub.mod.o
  CC [M]  drivers/i2c/i2c-slave-eeprom.mod.o
  CC [M]  drivers/i2c/i2c-slave-testunit.mod.o
  CC [M]  drivers/media/common/videobuf2/videobuf2-common.mod.o
  CC [M]  drivers/media/common/videobuf2/videobuf2-memops.mod.o
  CC [M]  drivers/media/common/videobuf2/videobuf2-v4l2.mod.o
  CC [M]  drivers/media/common/videobuf2/videobuf2-vmalloc.mod.o
  CC [M]  drivers/media/common/uvc.mod.o
  CC [M]  drivers/media/usb/s2255/s2255drv.mod.o
  CC [M]  drivers/media/usb/uvc/uvcvideo.mod.o
  CC [M]  drivers/media/mc/mc.mod.o
  CC [M]  drivers/media/v4l2-core/v4l2-async.mod.o
  CC [M]  drivers/media/v4l2-core/v4l2-flash-led-class.mod.o
  CC [M]  drivers/media/v4l2-core/v4l2loopback.mod.o
  CC [M]  drivers/media/v4l2-core/v4l2-dv-timings.mod.o
  CC [M]  drivers/media/v4l2-core/videodev.mod.o
  CC [M]  drivers/media/cec/core/cec.mod.o
  CC [M]  drivers/ptp/ptp.mod.o
  CC [M]  drivers/ptp/ptp_ines.mod.o
  CC [M]  drivers/ptp/ptp_vmclock.mod.o
  CC [M]  drivers/ptp/ptp_clockmatrix.mod.o
  CC [M]  drivers/ptp/ptp_fc3.mod.o
  CC [M]  drivers/ptp/ptp_idt82p33.mod.o
  CC [M]  drivers/ptp/ptp_mock.mod.o
  CC [M]  drivers/ptp/ptp_netc.mod.o
  CC [M]  drivers/power/supply/stc3117_fuel_gauge.mod.o
  CC [M]  drivers/power/supply/mm8013.mod.o
  CC [M]  drivers/hwmon/coretemp.mod.o
  CC [M]  drivers/hwmon/drivetemp.mod.o
  CC [M]  drivers/hwmon/k10temp.mod.o
  CC [M]  drivers/hwmon/max31827.mod.o
  CC [M]  drivers/hwmon/sht3x.mod.o
  CC [M]  drivers/hwmon/sht4x.mod.o
  CC [M]  drivers/hwmon/spd5118.mod.o
  CC [M]  drivers/hwmon/occ/occ-hwmon-common.mod.o
  CC [M]  drivers/hwmon/occ/occ-p8-hwmon.mod.o
  CC [M]  drivers/hwmon/pmbus/pmbus_core.mod.o
  CC [M]  drivers/thermal/intel/intel_powerclamp.mod.o
  CC [M]  drivers/thermal/intel/x86_pkg_temp_thermal.mod.o
  CC [M]  drivers/thermal/intel/intel_soc_dts_iosf.mod.o
  CC [M]  drivers/thermal/intel/intel_soc_dts_thermal.mod.o
  CC [M]  drivers/thermal/intel/int340x_thermal/int3400_thermal.mod.o
  CC [M]  drivers/thermal/intel/int340x_thermal/int340x_thermal_zone.mod.o
  CC [M]  drivers/thermal/intel/int340x_thermal/int3402_thermal.mod.o
  CC [M]  drivers/thermal/intel/int340x_thermal/int3403_thermal.mod.o
  CC [M]  drivers/thermal/intel/int340x_thermal/processor_thermal_device.mod.o
  CC [M]  drivers/thermal/intel/int340x_thermal/int3401_thermal.mod.o
  CC [M]  drivers/thermal/intel/int340x_thermal/processor_thermal_device_pci_legacy.mod.o
  CC [M]  drivers/thermal/intel/int340x_thermal/processor_thermal_device_pci.mod.o
  CC [M]  drivers/thermal/intel/int340x_thermal/processor_thermal_rapl.mod.o
  CC [M]  drivers/thermal/intel/int340x_thermal/processor_thermal_rfim.mod.o
  CC [M]  drivers/thermal/intel/int340x_thermal/platform_temperature_control.mod.o
  CC [M]  drivers/thermal/intel/int340x_thermal/processor_thermal_mbox.mod.o
  CC [M]  drivers/thermal/intel/int340x_thermal/processor_thermal_wt_req.mod.o
  CC [M]  drivers/thermal/intel/int340x_thermal/processor_thermal_wt_hint.mod.o
  CC [M]  drivers/thermal/intel/int340x_thermal/processor_thermal_power_floor.mod.o
  CC [M]  drivers/thermal/intel/int340x_thermal/processor_thermal_soc_slider.mod.o
  CC [M]  drivers/thermal/intel/int340x_thermal/int3406_thermal.mod.o
  CC [M]  drivers/thermal/intel/int340x_thermal/acpi_thermal_rel.mod.o
  CC [M]  drivers/thermal/intel/intel_pch_thermal.mod.o
  CC [M]  drivers/thermal/intel/intel_tcc_cooling.mod.o
  CC [M]  drivers/thermal/testing/thermal-testing.mod.o
  CC [M]  drivers/watchdog/pretimeout_noop.mod.o
  CC [M]  drivers/watchdog/iTCO_wdt.mod.o
  CC [M]  drivers/watchdog/softdog.mod.o
  CC [M]  drivers/md/raid1.mod.o
  CC [M]  drivers/md/raid10.mod.o
  CC [M]  drivers/md/raid456.mod.o
  CC [M]  drivers/md/md-mod.mod.o
  CC [M]  drivers/md/dm-mod.mod.o
  CC [M]  drivers/md/dm-bufio.mod.o
  CC [M]  drivers/md/dm-crypt.mod.o
  CC [M]  drivers/md/dm-snapshot.mod.o
  CC [M]  drivers/md/dm-ebs.mod.o
  CC [M]  drivers/cpufreq/acpi-cpufreq.mod.o
  CC [M]  drivers/firmware/efi/efibc.mod.o
  CC [M]  drivers/firmware/efi/capsule-loader.mod.o
  CC [M]  drivers/hid/uhid.mod.o
  CC [M]  drivers/hid/hid-axff.mod.o
  CC [M]  drivers/hid/hid-betopff.mod.o
  CC [M]  drivers/hid/hid-bigbenff.mod.o
  CC [M]  drivers/hid/hid-cp2112.mod.o
  CC [M]  drivers/hid/hid-dr.mod.o
  CC [M]  drivers/hid/hid-emsff.mod.o
  CC [M]  drivers/hid/hid-ft260.mod.o
  CC [M]  drivers/hid/hid-google-stadiaff.mod.o
  CC [M]  drivers/hid/hid-holtek-kbd.mod.o
  CC [M]  drivers/hid/hid-holtek-mouse.mod.o
  CC [M]  drivers/hid/hid-holtekff.mod.o
  CC [M]  drivers/hid/hid-jabra.mod.o
  CC [M]  drivers/hid/hid-logitech.mod.o
  CC [M]  drivers/hid/hid-lg-g15.mod.o
  CC [M]  drivers/hid/hid-logitech-dj.mod.o
  CC [M]  drivers/hid/hid-logitech-hidpp.mod.o
  CC [M]  drivers/hid/hid-mcp2200.mod.o
  CC [M]  drivers/hid/hid-mcp2221.mod.o
  CC [M]  drivers/hid/hid-mf.mod.o
  CC [M]  drivers/hid/hid-microsoft.mod.o
  CC [M]  drivers/hid/hid-multitouch.mod.o
  CC [M]  drivers/hid/hid-nintendo.mod.o
  CC [M]  drivers/hid/hid-pl.mod.o
  CC [M]  drivers/hid/hid-plantronics.mod.o
  CC [M]  drivers/hid/hid-playstation.mod.o
  CC [M]  drivers/hid/hid-sjoy.mod.o
  CC [M]  drivers/hid/hid-sony.mod.o
  CC [M]  drivers/hid/hid-steam.mod.o
  CC [M]  drivers/hid/hid-gaff.mod.o
  CC [M]  drivers/hid/hid-tmff.mod.o
  CC [M]  drivers/hid/hid-thrustmaster.mod.o
  CC [M]  drivers/hid/hid-u2fzero.mod.o
  CC [M]  drivers/hid/hid-uclogic.mod.o
  CC [M]  drivers/hid/hid-universal-pidff.mod.o
  CC [M]  drivers/hid/hid-led.mod.o
  CC [M]  drivers/hid/hid-zpff.mod.o
  CC [M]  drivers/hid/i2c-hid/i2c-hid.mod.o
  CC [M]  drivers/hid/i2c-hid/i2c-hid-acpi.mod.o
  CC [M]  drivers/platform/x86/hp/hp-wmi.mod.o
  CC [M]  drivers/platform/x86/hp/hp-bioscfg/hp-bioscfg.mod.o
  CC [M]  drivers/platform/x86/lenovo/ideapad-laptop.mod.o
  CC [M]  drivers/platform/x86/lenovo/thinkpad_acpi.mod.o
  CC [M]  drivers/platform/x86/intel/wmi/intel-wmi-thunderbolt.mod.o
  CC [M]  drivers/platform/x86/intel/pmc/intel_pmc_core.mod.o
  CC [M]  drivers/platform/x86/intel/pmc/intel_pmc_core_pltdrv.mod.o
  CC [M]  drivers/platform/x86/intel/pmc/intel_pmc_ssram_telemetry.mod.o
  CC [M]  drivers/platform/x86/intel/pmt/pmt_class.mod.o
  CC [M]  drivers/platform/x86/intel/pmt/pmt_telemetry.mod.o
  CC [M]  drivers/platform/x86/intel/pmt/pmt_crashlog.mod.o
  CC [M]  drivers/platform/x86/intel/pmt/pmt_discovery.mod.o
  CC [M]  drivers/platform/x86/intel/uncore-frequency/intel-uncore-frequency.mod.o
  CC [M]  drivers/platform/x86/intel/uncore-frequency/intel-uncore-frequency-common.mod.o
  CC [M]  drivers/platform/x86/intel/uncore-frequency/intel-uncore-frequency-tpmi.mod.o
  CC [M]  drivers/platform/x86/intel/intel-hid.mod.o
  CC [M]  drivers/platform/x86/intel/intel-vbtn.mod.o
  CC [M]  drivers/platform/x86/intel/intel-ehl_pse_io.mod.o
  CC [M]  drivers/platform/x86/intel/intel-vsec.mod.o
  CC [M]  drivers/platform/x86/intel/intel-punit_ipc.mod.o
  CC [M]  drivers/platform/x86/intel/intel-plr_tpmi.mod.o
  CC [M]  drivers/platform/x86/intel/intel-tpmi_power_domains.mod.o
  CC [M]  drivers/platform/x86/intel/intel-vsec_tpmi.mod.o
  CC [M]  drivers/platform/x86/intel/intel-rst.mod.o
  CC [M]  drivers/platform/x86/uniwill/uniwill-laptop.mod.o
  CC [M]  drivers/platform/x86/wmi-bmof.mod.o
  CC [M]  drivers/platform/x86/mxm-wmi.mod.o
  CC [M]  drivers/platform/x86/nvidia-wmi-ec-backlight.mod.o
  CC [M]  drivers/platform/x86/acer-wmi.mod.o
  CC [M]  drivers/platform/x86/asus-wmi.mod.o
  CC [M]  drivers/platform/x86/asus-nb-wmi.mod.o
  CC [M]  drivers/platform/x86/firmware_attributes_class.mod.o
  CC [M]  drivers/platform/x86/quickstart.mod.o
  CC [M]  drivers/platform/x86/msi-laptop.mod.o
  CC [M]  drivers/platform/x86/msi-wmi.mod.o
  CC [M]  drivers/platform/x86/samsung-laptop.mod.o
  CC [M]  drivers/platform/x86/toshiba-wmi.mod.o
  CC [M]  drivers/platform/x86/system76_acpi.mod.o
  CC [M]  drivers/platform/x86/intel_scu_pltdrv.mod.o
  CC [M]  drivers/platform/x86/intel_scu_ipcutil.mod.o
  CC [M]  drivers/platform/wmi/wmi.mod.o
  CC [M]  drivers/powercap/intel_rapl_common.mod.o
  CC [M]  drivers/powercap/intel_rapl_msr.mod.o
  CC [M]  drivers/powercap/intel_rapl_tpmi.mod.o
  CC [M]  drivers/perf/dwc_pcie_pmu.mod.o
  CC [M]  drivers/nvdimm/libnvdimm.mod.o
  CC [M]  drivers/pps/pps_core.mod.o
  CC [M]  drivers/w1/slaves/w1_ds2780.mod.o
  CC [M]  drivers/w1/slaves/w1_ds2781.mod.o
  CC [M]  drivers/w1/wire.mod.o
  CC [M]  drivers/bluetooth/hci_vhci.mod.o
  CC [M]  drivers/bluetooth/hci_uart.mod.o
  CC [M]  drivers/bluetooth/hci_bcm4377.mod.o
  CC [M]  drivers/bluetooth/bpa10x.mod.o
  CC [M]  drivers/bluetooth/bfusb.mod.o
  CC [M]  drivers/bluetooth/btusb.mod.o
  CC [M]  drivers/bluetooth/btintel.mod.o
  CC [M]  drivers/bluetooth/btbcm.mod.o
  CC [M]  drivers/bluetooth/btrtl.mod.o
  CC [M]  drivers/bluetooth/btqca.mod.o
  CC [M]  drivers/bluetooth/btmtk.mod.o
  CC [M]  drivers/bluetooth/virtio_bt.mod.o
  CC [M]  drivers/bluetooth/hci_nokia.mod.o
  CC [M]  drivers/dca/dca.mod.o
  CC [M]  drivers/soundwire/soundwire-bus.mod.o
  CC [M]  drivers/soundwire/soundwire-generic-allocation.mod.o
  CC [M]  drivers/soundwire/soundwire-cadence.mod.o
  CC [M]  drivers/soundwire/soundwire-intel.mod.o
  CC [M]  drivers/thunderbolt/thunderbolt.mod.o
  CC [M]  drivers/dibs/dibs.mod.o
  CC [M]  sound/soundcore.mod.o
  CC [M]  sound/core/snd.mod.o
  CC [M]  sound/core/snd-ctl-led.mod.o
  CC [M]  sound/core/snd-hwdep.mod.o
  CC [M]  sound/core/snd-timer.mod.o
  CC [M]  sound/core/snd-hrtimer.mod.o
  CC [M]  sound/core/snd-pcm.mod.o
  CC [M]  sound/core/snd-rawmidi.mod.o
  CC [M]  sound/core/snd-ump.mod.o
  CC [M]  sound/core/snd-compress.mod.o
  CC [M]  sound/drivers/snd-dummy.mod.o
  CC [M]  sound/drivers/snd-aloop.mod.o
  CC [M]  sound/drivers/snd-pcmtest.mod.o
  CC [M]  sound/drivers/snd-serial-u16550.mod.o
  CC [M]  sound/drivers/snd-mtpav.mod.o
  CC [M]  sound/drivers/mpu401/snd-mpu401-uart.mod.o
  CC [M]  sound/drivers/mpu401/snd-mpu401.mod.o
  CC [M]  sound/usb/snd-usb-audio.mod.o
  CC [M]  sound/usb/snd-usbmidi-lib.mod.o
  CC [M]  sound/usb/bcd2000/snd-bcd2000.mod.o
  CC [M]  sound/soc/snd-soc-acpi.mod.o
  CC [M]  sound/soc/snd-soc-core.mod.o
  CC [M]  sound/soc/codecs/snd-soc-aw88395-lib.mod.o
  CC [M]  sound/soc/codecs/snd-soc-aw88399.mod.o
  CC [M]  sound/soc/codecs/snd-soc-dmic.mod.o
  CC [M]  sound/soc/codecs/snd-soc-hdac-hda.mod.o
  CC [M]  sound/soc/codecs/snd-soc-hda-codec.mod.o
  CC [M]  sound/soc/codecs/snd-soc-max98390.mod.o
  CC [M]  sound/soc/codecs/snd-soc-pcm512x.mod.o
  CC [M]  sound/soc/codecs/snd-soc-pcm512x-i2c.mod.o
  CC [M]  sound/soc/codecs/snd-soc-pcm512x-spi.mod.o
  CC [M]  sound/soc/generic/snd-soc-simple-card-utils.mod.o
  CC [M]  sound/soc/generic/snd-soc-simple-card.mod.o
  CC [M]  sound/soc/intel/common/snd-soc-acpi-intel-match.mod.o
  CC [M]  sound/soc/intel/common/snd-soc-acpi-intel-sdca-quirks.mod.o
  CC [M]  sound/soc/intel/avs/snd-soc-avs.mod.o
  CC [M]  sound/soc/intel/avs/boards/snd-soc-avs-dmic.mod.o
  CC [M]  sound/soc/intel/avs/boards/snd-soc-avs-hdaudio.mod.o
  CC [M]  sound/soc/intel/boards/snd-soc-skl_hda_dsp.mod.o
  CC [M]  sound/soc/intel/boards/snd-soc-intel-hda-dsp-common.mod.o
  CC [M]  sound/soc/intel/boards/snd-soc-intel-sof-board-helpers.mod.o
  CC [M]  sound/soc/sdca/snd-soc-sdca.mod.o
  CC [M]  sound/soc/sdca/snd-soc-sdca-class.mod.o
  CC [M]  sound/soc/sdca/snd-soc-sdca-class-function.mod.o
  CC [M]  sound/soc/sof/intel/snd-sof-intel-hda-common.mod.o
  CC [M]  sound/soc/sof/intel/snd-sof-intel-hda-generic.mod.o
  CC [M]  sound/soc/sof/intel/snd-sof-intel-hda-mlink.mod.o
  CC [M]  sound/soc/sof/intel/snd-sof-intel-hda.mod.o
  CC [M]  sound/soc/sof/intel/snd-sof-pci-intel-cnl.mod.o
  CC [M]  sound/soc/sof/intel/snd-sof-pci-intel-tgl.mod.o
  CC [M]  sound/soc/sof/snd-sof.mod.o
  CC [M]  sound/soc/sof/snd-sof-utils.mod.o
  CC [M]  sound/soc/sof/snd-sof-pci.mod.o
  CC [M]  sound/soc/sof/snd-sof-probes.mod.o
  CC [M]  sound/soc/sof/xtensa/snd-sof-xtensa-dsp.mod.o
  CC [M]  sound/soc/sdw_utils/snd-soc-sdw-utils.mod.o
  CC [M]  sound/hda/core/snd-hda-core.mod.o
  CC [M]  sound/hda/core/ext/snd-hda-ext-core.mod.o
  CC [M]  sound/hda/core/snd-intel-dspcfg.mod.o
  CC [M]  sound/hda/core/snd-intel-sdw-acpi.mod.o
  CC [M]  sound/hda/common/snd-hda-codec.mod.o
  CC [M]  sound/hda/codecs/cirrus/snd-hda-codec-cs420x.mod.o
  CC [M]  sound/hda/codecs/cirrus/snd-hda-codec-cs421x.mod.o
  CC [M]  sound/hda/codecs/cirrus/snd-hda-codec-cs8409.mod.o
  CC [M]  sound/hda/codecs/hdmi/snd-hda-codec-hdmi.mod.o
  CC [M]  sound/hda/codecs/hdmi/snd-hda-codec-simplehdmi.mod.o
  CC [M]  sound/hda/codecs/hdmi/snd-hda-codec-intelhdmi.mod.o
  CC [M]  sound/hda/codecs/hdmi/snd-hda-codec-atihdmi.mod.o
  CC [M]  sound/hda/codecs/hdmi/snd-hda-codec-nvhdmi.mod.o
  CC [M]  sound/hda/codecs/hdmi/snd-hda-codec-nvhdmi-mcp.mod.o
  CC [M]  sound/hda/codecs/hdmi/snd-hda-codec-tegrahdmi.mod.o
  CC [M]  sound/hda/codecs/realtek/snd-hda-codec-realtek-lib.mod.o
  CC [M]  sound/hda/codecs/realtek/snd-hda-codec-alc260.mod.o
  CC [M]  sound/hda/codecs/realtek/snd-hda-codec-alc262.mod.o
  CC [M]  sound/hda/codecs/realtek/snd-hda-codec-alc268.mod.o
  CC [M]  sound/hda/codecs/realtek/snd-hda-codec-alc269.mod.o
  CC [M]  sound/hda/codecs/realtek/snd-hda-codec-alc662.mod.o
  CC [M]  sound/hda/codecs/realtek/snd-hda-codec-alc680.mod.o
  CC [M]  sound/hda/codecs/realtek/snd-hda-codec-alc861.mod.o
  CC [M]  sound/hda/codecs/realtek/snd-hda-codec-alc861vd.mod.o
  CC [M]  sound/hda/codecs/realtek/snd-hda-codec-alc880.mod.o
  CC [M]  sound/hda/codecs/realtek/snd-hda-codec-alc882.mod.o
  CC [M]  sound/hda/codecs/side-codecs/snd-hda-scodec-component.mod.o
  CC [M]  sound/hda/codecs/side-codecs/snd-hda-scodec-max98390.mod.o
  CC [M]  sound/hda/codecs/side-codecs/snd-hda-scodec-max98390-i2c.mod.o
  CC [M]  sound/hda/codecs/side-codecs/snd-hda-scodec-aw88399.mod.o
  CC [M]  sound/hda/codecs/side-codecs/snd-hda-scodec-aw88399-i2c.mod.o
  CC [M]  sound/hda/codecs/snd-hda-codec-generic.mod.o
  CC [M]  sound/hda/codecs/snd-hda-codec-cmedia.mod.o
  CC [M]  sound/hda/codecs/snd-hda-codec-cm9825.mod.o
  CC [M]  sound/hda/codecs/snd-hda-codec-analog.mod.o
  CC [M]  sound/hda/codecs/snd-hda-codec-ca0110.mod.o
  CC [M]  sound/hda/codecs/snd-hda-codec-ca0132.mod.o
  CC [M]  sound/hda/codecs/snd-hda-codec-conexant.mod.o
  CC [M]  sound/hda/codecs/snd-hda-codec-idt.mod.o
  CC [M]  sound/hda/codecs/snd-hda-codec-senarytech.mod.o
  CC [M]  sound/hda/codecs/snd-hda-codec-si3054.mod.o
  CC [M]  sound/hda/codecs/snd-hda-codec-via.mod.o
  CC [M]  sound/hda/controllers/snd-hda-intel.mod.o
  CC [M]  sound/hda/controllers/snd-hda-acpi.mod.o
  CC [M]  net/core/pktgen.mod.o
  CC [M]  net/core/selftests.mod.o
  CC [M]  net/core/failover.mod.o
  CC [M]  net/802/psnap.mod.o
  CC [M]  net/802/stp.mod.o
  CC [M]  net/802/garp.mod.o
  CC [M]  net/802/mrp.mod.o
  CC [M]  net/netlink/netlink_diag.mod.o
  CC [M]  net/netfilter/nfnetlink.mod.o
  CC [M]  net/netfilter/nfnetlink_acct.mod.o
  CC [M]  net/netfilter/nfnetlink_queue.mod.o
  CC [M]  net/netfilter/nfnetlink_log.mod.o
  CC [M]  net/netfilter/nfnetlink_osf.mod.o
  CC [M]  net/netfilter/nfnetlink_hook.mod.o
  CC [M]  net/netfilter/nf_conntrack.mod.o
  CC [M]  net/netfilter/nf_conntrack_netlink.mod.o
  CC [M]  net/netfilter/nfnetlink_cttimeout.mod.o
  CC [M]  net/netfilter/nfnetlink_cthelper.mod.o
  CC [M]  net/netfilter/nf_conntrack_amanda.mod.o
  CC [M]  net/netfilter/nf_conntrack_ftp.mod.o
  CC [M]  net/netfilter/nf_conntrack_h323.mod.o
  CC [M]  net/netfilter/nf_conntrack_irc.mod.o
  CC [M]  net/netfilter/nf_conntrack_broadcast.mod.o
  CC [M]  net/netfilter/nf_conntrack_netbios_ns.mod.o
  CC [M]  net/netfilter/nf_conntrack_snmp.mod.o
  CC [M]  net/netfilter/nf_conntrack_pptp.mod.o
  CC [M]  net/netfilter/nf_conntrack_sane.mod.o
  CC [M]  net/netfilter/nf_conntrack_sip.mod.o
  CC [M]  net/netfilter/nf_conntrack_tftp.mod.o
  CC [M]  net/netfilter/nf_log_syslog.mod.o
  CC [M]  net/netfilter/nf_nat.mod.o
  CC [M]  net/netfilter/nf_nat_amanda.mod.o
  CC [M]  net/netfilter/nf_nat_ftp.mod.o
  CC [M]  net/netfilter/nf_nat_irc.mod.o
  CC [M]  net/netfilter/nf_nat_sip.mod.o
  CC [M]  net/netfilter/nf_nat_tftp.mod.o
  CC [M]  net/netfilter/nf_synproxy_core.mod.o
  CC [M]  net/netfilter/nf_conncount.mod.o
  CC [M]  net/netfilter/nf_dup_netdev.mod.o
  CC [M]  net/netfilter/nf_tables.mod.o
  CC [M]  net/netfilter/nft_compat.mod.o
  CC [M]  net/netfilter/nft_connlimit.mod.o
  CC [M]  net/netfilter/nft_numgen.mod.o
  CC [M]  net/netfilter/nft_ct.mod.o
  CC [M]  net/netfilter/nft_flow_offload.mod.o
  CC [M]  net/netfilter/nft_limit.mod.o
  CC [M]  net/netfilter/nft_nat.mod.o
  CC [M]  net/netfilter/nft_queue.mod.o
  CC [M]  net/netfilter/nft_quota.mod.o
  CC [M]  net/netfilter/nft_reject.mod.o
  CC [M]  net/netfilter/nft_reject_inet.mod.o
  CC [M]  net/netfilter/nft_reject_netdev.mod.o
  CC [M]  net/netfilter/nft_tunnel.mod.o
  CC [M]  net/netfilter/nft_log.mod.o
  CC [M]  net/netfilter/nft_masq.mod.o
  CC [M]  net/netfilter/nft_redir.mod.o
  CC [M]  net/netfilter/nft_hash.mod.o
  CC [M]  net/netfilter/nft_fib.mod.o
  CC [M]  net/netfilter/nft_fib_inet.mod.o
  CC [M]  net/netfilter/nft_fib_netdev.mod.o
  CC [M]  net/netfilter/nft_socket.mod.o
  CC [M]  net/netfilter/nft_osf.mod.o
  CC [M]  net/netfilter/nft_tproxy.mod.o
  CC [M]  net/netfilter/nft_xfrm.mod.o
  CC [M]  net/netfilter/nft_synproxy.mod.o
  CC [M]  net/netfilter/nft_chain_nat.mod.o
  CC [M]  net/netfilter/nft_dup_netdev.mod.o
  CC [M]  net/netfilter/nft_fwd_netdev.mod.o
  CC [M]  net/netfilter/nf_flow_table.mod.o
  CC [M]  net/netfilter/nf_flow_table_inet.mod.o
  CC [M]  net/netfilter/x_tables.mod.o
  CC [M]  net/netfilter/xt_tcpudp.mod.o
  CC [M]  net/netfilter/xt_mark.mod.o
  CC [M]  net/netfilter/xt_connmark.mod.o
  CC [M]  net/netfilter/xt_set.mod.o
  CC [M]  net/netfilter/xt_nat.mod.o
  CC [M]  net/netfilter/xt_CHECKSUM.mod.o
  CC [M]  net/netfilter/xt_CLASSIFY.mod.o
  CC [M]  net/netfilter/xt_CT.mod.o
  CC [M]  net/netfilter/xt_DSCP.mod.o
  CC [M]  net/netfilter/xt_HL.mod.o
  CC [M]  net/netfilter/xt_HMARK.mod.o
  CC [M]  net/netfilter/xt_LED.mod.o
  CC [M]  net/netfilter/xt_LOG.mod.o
  CC [M]  net/netfilter/xt_NETMAP.mod.o
  CC [M]  net/netfilter/xt_NFLOG.mod.o
  CC [M]  net/netfilter/xt_NFQUEUE.mod.o
  CC [M]  net/netfilter/xt_RATEEST.mod.o
  CC [M]  net/netfilter/xt_REDIRECT.mod.o
  CC [M]  net/netfilter/xt_MASQUERADE.mod.o
  CC [M]  net/netfilter/xt_TPROXY.mod.o
  CC [M]  net/netfilter/xt_TCPMSS.mod.o
  CC [M]  net/netfilter/xt_TCPOPTSTRIP.mod.o
  CC [M]  net/netfilter/xt_TEE.mod.o
  CC [M]  net/netfilter/xt_TRACE.mod.o
  CC [M]  net/netfilter/xt_IDLETIMER.mod.o
  CC [M]  net/netfilter/xt_addrtype.mod.o
  CC [M]  net/netfilter/xt_bpf.mod.o
  CC [M]  net/netfilter/xt_cluster.mod.o
  CC [M]  net/netfilter/xt_comment.mod.o
  CC [M]  net/netfilter/xt_connbytes.mod.o
  CC [M]  net/netfilter/xt_connlabel.mod.o
  CC [M]  net/netfilter/xt_connlimit.mod.o
  CC [M]  net/netfilter/xt_conntrack.mod.o
  CC [M]  net/netfilter/xt_cpu.mod.o
  CC [M]  net/netfilter/xt_dccp.mod.o
  CC [M]  net/netfilter/xt_devgroup.mod.o
  CC [M]  net/netfilter/xt_dscp.mod.o
  CC [M]  net/netfilter/xt_ecn.mod.o
  CC [M]  net/netfilter/xt_esp.mod.o
  CC [M]  net/netfilter/xt_hashlimit.mod.o
  CC [M]  net/netfilter/xt_helper.mod.o
  CC [M]  net/netfilter/xt_hl.mod.o
  CC [M]  net/netfilter/xt_ipcomp.mod.o
  CC [M]  net/netfilter/xt_iprange.mod.o
  CC [M]  net/netfilter/xt_l2tp.mod.o
  CC [M]  net/netfilter/xt_length.mod.o
  CC [M]  net/netfilter/xt_limit.mod.o
  CC [M]  net/netfilter/xt_mac.mod.o
  CC [M]  net/netfilter/xt_multiport.mod.o
  CC [M]  net/netfilter/xt_nfacct.mod.o
  CC [M]  net/netfilter/xt_osf.mod.o
  CC [M]  net/netfilter/xt_owner.mod.o
  CC [M]  net/netfilter/xt_cgroup.mod.o
  CC [M]  net/netfilter/xt_physdev.mod.o
  CC [M]  net/netfilter/xt_pkttype.mod.o
  CC [M]  net/netfilter/xt_policy.mod.o
  CC [M]  net/netfilter/xt_quota.mod.o
  CC [M]  net/netfilter/xt_rateest.mod.o
  CC [M]  net/netfilter/xt_realm.mod.o
  CC [M]  net/netfilter/xt_recent.mod.o
  CC [M]  net/netfilter/xt_sctp.mod.o
  CC [M]  net/netfilter/xt_socket.mod.o
  CC [M]  net/netfilter/xt_state.mod.o
  CC [M]  net/netfilter/xt_statistic.mod.o
  CC [M]  net/netfilter/xt_string.mod.o
  CC [M]  net/netfilter/xt_tcpmss.mod.o
  CC [M]  net/netfilter/xt_time.mod.o
  CC [M]  net/netfilter/xt_u32.mod.o
  CC [M]  net/netfilter/ipset/ip_set.mod.o
  CC [M]  net/netfilter/ipset/ip_set_bitmap_ip.mod.o
  CC [M]  net/netfilter/ipset/ip_set_bitmap_ipmac.mod.o
  CC [M]  net/netfilter/ipset/ip_set_bitmap_port.mod.o
  CC [M]  net/netfilter/ipset/ip_set_hash_ip.mod.o
  CC [M]  net/netfilter/ipset/ip_set_hash_ipmac.mod.o
  CC [M]  net/netfilter/ipset/ip_set_hash_ipmark.mod.o
  CC [M]  net/netfilter/ipset/ip_set_hash_ipport.mod.o
  CC [M]  net/netfilter/ipset/ip_set_hash_ipportip.mod.o
  CC [M]  net/netfilter/ipset/ip_set_hash_ipportnet.mod.o
  CC [M]  net/netfilter/ipset/ip_set_hash_mac.mod.o
  CC [M]  net/netfilter/ipset/ip_set_hash_net.mod.o
  CC [M]  net/netfilter/ipset/ip_set_hash_netport.mod.o
  CC [M]  net/netfilter/ipset/ip_set_hash_netiface.mod.o
  CC [M]  net/netfilter/ipset/ip_set_hash_netnet.mod.o
  CC [M]  net/netfilter/ipset/ip_set_hash_netportnet.mod.o
  CC [M]  net/netfilter/ipset/ip_set_list_set.mod.o
  CC [M]  net/ipv4/netfilter/nf_defrag_ipv4.mod.o
  CC [M]  net/ipv4/netfilter/nf_socket_ipv4.mod.o
  CC [M]  net/ipv4/netfilter/nf_tproxy_ipv4.mod.o
  CC [M]  net/ipv4/netfilter/nf_reject_ipv4.mod.o
  CC [M]  net/ipv4/netfilter/nf_nat_h323.mod.o
  CC [M]  net/ipv4/netfilter/nf_nat_pptp.mod.o
  CC [M]  net/ipv4/netfilter/nf_nat_snmp_basic.mod.o
  CC [M]  net/ipv4/netfilter/nft_reject_ipv4.mod.o
  CC [M]  net/ipv4/netfilter/nft_fib_ipv4.mod.o
  CC [M]  net/ipv4/netfilter/nft_dup_ipv4.mod.o
  CC [M]  net/ipv4/netfilter/ip_tables.mod.o
  CC [M]  net/ipv4/netfilter/iptable_filter.mod.o
  CC [M]  net/ipv4/netfilter/iptable_mangle.mod.o
  CC [M]  net/ipv4/netfilter/iptable_nat.mod.o
  CC [M]  net/ipv4/netfilter/iptable_raw.mod.o
  CC [M]  net/ipv4/netfilter/iptable_security.mod.o
  CC [M]  net/ipv4/netfilter/ipt_ah.mod.o
  CC [M]  net/ipv4/netfilter/ipt_rpfilter.mod.o
  CC [M]  net/ipv4/netfilter/ipt_ECN.mod.o
  CC [M]  net/ipv4/netfilter/ipt_REJECT.mod.o
  CC [M]  net/ipv4/netfilter/ipt_SYNPROXY.mod.o
  CC [M]  net/ipv4/netfilter/arp_tables.mod.o
  CC [M]  net/ipv4/netfilter/arpt_mangle.mod.o
  CC [M]  net/ipv4/netfilter/arptable_filter.mod.o
  CC [M]  net/ipv4/netfilter/nf_dup_ipv4.mod.o
  CC [M]  net/ipv4/ip_tunnel.mod.o
  CC [M]  net/ipv4/ipip.mod.o
  CC [M]  net/ipv4/fou.mod.o
  CC [M]  net/ipv4/gre.mod.o
  CC [M]  net/ipv4/ip_gre.mod.o
  CC [M]  net/ipv4/udp_tunnel.mod.o
  CC [M]  net/ipv4/ip_vti.mod.o
  CC [M]  net/ipv4/ah4.mod.o
  CC [M]  net/ipv4/esp4.mod.o
  CC [M]  net/ipv4/esp4_offload.mod.o
  CC [M]  net/ipv4/ipcomp.mod.o
  CC [M]  net/ipv4/xfrm4_tunnel.mod.o
  CC [M]  net/ipv4/tunnel4.mod.o
  CC [M]  net/ipv4/inet_diag.mod.o
  CC [M]  net/ipv4/tcp_diag.mod.o
  CC [M]  net/ipv4/udp_diag.mod.o
  CC [M]  net/ipv4/raw_diag.mod.o
  CC [M]  net/ipv4/tcp_bbr.mod.o
  CC [M]  net/ipv4/tcp_bbr3.mod.o
  CC [M]  net/ipv4/tcp_bic.mod.o
  CC [M]  net/ipv4/tcp_cdg.mod.o
  CC [M]  net/ipv4/tcp_dctcp.mod.o
  CC [M]  net/ipv4/tcp_westwood.mod.o
  CC [M]  net/ipv4/tcp_highspeed.mod.o
  CC [M]  net/ipv4/tcp_hybla.mod.o
  CC [M]  net/ipv4/tcp_htcp.mod.o
  CC [M]  net/ipv4/tcp_vegas.mod.o
  CC [M]  net/ipv4/tcp_nv.mod.o
  CC [M]  net/ipv4/tcp_veno.mod.o
  CC [M]  net/ipv4/tcp_scalable.mod.o
  CC [M]  net/ipv4/tcp_lp.mod.o
  CC [M]  net/ipv4/tcp_yeah.mod.o
  CC [M]  net/ipv4/tcp_illinois.mod.o
  CC [M]  net/xfrm/xfrm_algo.mod.o
  CC [M]  net/xfrm/xfrm_ipcomp.mod.o
  CC [M]  net/xfrm/xfrm_iptfs.mod.o
  CC [M]  net/unix/unix_diag.mod.o
  CC [M]  net/ipv6/netfilter/ip6_tables.mod.o
  CC [M]  net/ipv6/netfilter/ip6table_filter.mod.o
  CC [M]  net/ipv6/netfilter/ip6table_mangle.mod.o
  CC [M]  net/ipv6/netfilter/ip6table_raw.mod.o
  CC [M]  net/ipv6/netfilter/ip6table_security.mod.o
  CC [M]  net/ipv6/netfilter/ip6table_nat.mod.o
  CC [M]  net/ipv6/netfilter/nf_defrag_ipv6.mod.o
  CC [M]  net/ipv6/netfilter/nf_socket_ipv6.mod.o
  CC [M]  net/ipv6/netfilter/nf_tproxy_ipv6.mod.o
  CC [M]  net/ipv6/netfilter/nf_reject_ipv6.mod.o
  CC [M]  net/ipv6/netfilter/nf_dup_ipv6.mod.o
  CC [M]  net/ipv6/netfilter/nft_reject_ipv6.mod.o
  CC [M]  net/ipv6/netfilter/nft_dup_ipv6.mod.o
  CC [M]  net/ipv6/netfilter/nft_fib_ipv6.mod.o
  CC [M]  net/ipv6/netfilter/ip6t_ah.mod.o
  CC [M]  net/ipv6/netfilter/ip6t_eui64.mod.o
  CC [M]  net/ipv6/netfilter/ip6t_frag.mod.o
  CC [M]  net/ipv6/netfilter/ip6t_ipv6header.mod.o
  CC [M]  net/ipv6/netfilter/ip6t_mh.mod.o
  CC [M]  net/ipv6/netfilter/ip6t_hbh.mod.o
  CC [M]  net/ipv6/netfilter/ip6t_rpfilter.mod.o
  CC [M]  net/ipv6/netfilter/ip6t_rt.mod.o
  CC [M]  net/ipv6/netfilter/ip6t_srh.mod.o
  CC [M]  net/ipv6/netfilter/ip6t_NPT.mod.o
  CC [M]  net/ipv6/netfilter/ip6t_REJECT.mod.o
  CC [M]  net/ipv6/netfilter/ip6t_SYNPROXY.mod.o
  CC [M]  net/ipv6/ah6.mod.o
  CC [M]  net/ipv6/esp6.mod.o
  CC [M]  net/ipv6/esp6_offload.mod.o
  CC [M]  net/ipv6/ipcomp6.mod.o
  CC [M]  net/ipv6/xfrm6_tunnel.mod.o
  CC [M]  net/ipv6/tunnel6.mod.o
  CC [M]  net/ipv6/mip6.mod.o
  CC [M]  net/ipv6/ila/ila.mod.o
  CC [M]  net/ipv6/ip6_vti.mod.o
  CC [M]  net/ipv6/sit.mod.o
  CC [M]  net/ipv6/ip6_tunnel.mod.o
  CC [M]  net/ipv6/ip6_gre.mod.o
  CC [M]  net/ipv6/fou6.mod.o
  CC [M]  net/ipv6/ip6_udp_tunnel.mod.o
  CC [M]  net/packet/af_packet_diag.mod.o
  CC [M]  net/8021q/8021q.mod.o
  CC [M]  net/wireless/cfg80211.mod.o
  CC [M]  net/xdp/xsk_diag.mod.o
  CC [M]  net/llc/llc.mod.o
  CC [M]  net/tls/tls.mod.o
  CC [M]  net/key/af_key.mod.o
  CC [M]  net/bridge/netfilter/nft_meta_bridge.mod.o
  CC [M]  net/bridge/netfilter/nft_reject_bridge.mod.o
  CC [M]  net/bridge/netfilter/nf_conntrack_bridge.mod.o
  CC [M]  net/bridge/netfilter/ebtables.mod.o
  CC [M]  net/bridge/netfilter/ebtable_broute.mod.o
  CC [M]  net/bridge/netfilter/ebtable_filter.mod.o
  CC [M]  net/bridge/netfilter/ebtable_nat.mod.o
  CC [M]  net/bridge/netfilter/ebt_802_3.mod.o
  CC [M]  net/bridge/netfilter/ebt_among.mod.o
  CC [M]  net/bridge/netfilter/ebt_arp.mod.o
  CC [M]  net/bridge/netfilter/ebt_ip.mod.o
  CC [M]  net/bridge/netfilter/ebt_ip6.mod.o
  CC [M]  net/bridge/netfilter/ebt_limit.mod.o
  CC [M]  net/bridge/netfilter/ebt_mark_m.mod.o
  CC [M]  net/bridge/netfilter/ebt_pkttype.mod.o
  CC [M]  net/bridge/netfilter/ebt_stp.mod.o
  CC [M]  net/bridge/netfilter/ebt_vlan.mod.o
  CC [M]  net/bridge/netfilter/ebt_arpreply.mod.o
  CC [M]  net/bridge/netfilter/ebt_mark.mod.o
  CC [M]  net/bridge/netfilter/ebt_dnat.mod.o
  CC [M]  net/bridge/netfilter/ebt_redirect.mod.o
  CC [M]  net/bridge/netfilter/ebt_snat.mod.o
  CC [M]  net/bridge/netfilter/ebt_log.mod.o
  CC [M]  net/bridge/netfilter/ebt_nflog.mod.o
  CC [M]  net/bridge/bridge.mod.o
  CC [M]  net/bridge/br_netfilter.mod.o
  CC [M]  net/appletalk/appletalk.mod.o
  CC [M]  net/bluetooth/bluetooth.mod.o
  CC [M]  net/bluetooth/rfcomm/rfcomm.mod.o
  CC [M]  net/bluetooth/bnep/bnep.mod.o
  CC [M]  net/bluetooth/hidp/hidp.mod.o
  CC [M]  net/mac80211/mac80211.mod.o
  CC [M]  net/rfkill/rfkill.mod.o
  CC [M]  net/rfkill/rfkill-gpio.mod.o
  CC [M]  net/dns_resolver/dns_resolver.mod.o
  CC [M]  net/psample/psample.mod.o
  CC [M]  net/vmw_vsock/vsock.mod.o
  CC [M]  net/vmw_vsock/vsock_diag.mod.o
  CC [M]  net/vmw_vsock/vmw_vsock_virtio_transport_common.mod.o
  CC [M]  net/vmw_vsock/vsock_loopback.mod.o
  CC [M]  net/nsh/nsh.mod.o
  CC [M]  net/qrtr/qrtr.mod.o
  CC [M]  net/qrtr/qrtr-tun.mod.o
  CC [M]  net/qrtr/qrtr-mhi.mod.o
  LD [M]  arch/x86/events/intel/intel-uncore.ko
  LD [M]  arch/x86/events/intel/intel-cstate.ko
  LD [M]  arch/x86/events/rapl.ko
  LD [M]  arch/x86/crypto/aesni-intel.ko
  LD [M]  fs/nls/nls_cp437.ko
  LD [M]  fs/nls/nls_cp850.ko
  LD [M]  fs/nls/nls_cp852.ko
  LD [M]  fs/nls/nls_cp855.ko
  LD [M]  fs/nls/nls_cp866.ko
  LD [M]  fs/nls/nls_iso8859-5.ko
  LD [M]  fs/nls/nls_koi8-r.ko
  LD [M]  fs/nls/nls_koi8-u.ko
  LD [M]  fs/nls/nls_koi8-ru.ko
  LD [M]  fs/nls/nls_utf8.ko
  LD [M]  fs/fuse/cuse.ko
  LD [M]  fs/pstore/ramoops.ko
  LD [M]  fs/pstore/pstore_zone.ko
  LD [M]  fs/pstore/pstore_blk.ko
  LD [M]  fs/squashfs/squashfs.ko
  LD [M]  fs/fat/fat.ko
  LD [M]  fs/fat/vfat.ko
  LD [M]  fs/exfat/exfat.ko
  LD [M]  fs/ntfs3/ntfs3.ko
  LD [M]  crypto/aead.ko
  LD [M]  crypto/geniv.ko
  LD [M]  crypto/seqiv.ko
  LD [M]  crypto/echainiv.ko
  LD [M]  crypto/crypto_user.ko
  LD [M]  crypto/cmac.ko
  LD [M]  crypto/xcbc.ko
  LD [M]  crypto/crypto_null.ko
  LD [M]  crypto/gcm.ko
  LD [M]  crypto/ccm.ko
  LD [M]  crypto/chacha20poly1305.ko
  LD [M]  crypto/cryptd.ko
  LD [M]  crypto/deflate.ko
  LD [M]  crypto/chacha.ko
  LD [M]  crypto/crc32-cryptoapi.ko
  LD [M]  crypto/authenc.ko
  LD [M]  crypto/authencesn.ko
  LD [M]  crypto/rng.ko
  LD [M]  crypto/af_alg.ko
  LD [M]  crypto/algif_hash.ko
  LD [M]  crypto/algif_skcipher.ko
  LD [M]  crypto/algif_rng.ko
  LD [M]  crypto/algif_aead.ko
  LD [M]  crypto/essiv.ko
  LD [M]  crypto/async_tx/async_tx.ko
  LD [M]  crypto/async_tx/async_memcpy.ko
  LD [M]  crypto/async_tx/async_xor.ko
  LD [M]  crypto/async_tx/async_pq.ko
  LD [M]  crypto/async_tx/async_raid6_recov.ko
  LD [M]  lib/math/cordic.ko
  LD [M]  lib/math/polynomial.ko
  LD [M]  lib/crc/crc8.ko
  LD [M]  lib/crc/crc-ccitt.ko
  LD [M]  lib/crc/crc-itu-t.ko
  LD [M]  lib/crypto/libarc4.ko
  LD [M]  lib/crypto/gf128mul.ko
  LD [M]  lib/crypto/libcurve25519.ko
  LD [M]  lib/crypto/libgf128hash.ko
  LD [M]  lib/crypto/libmd5.ko
  LD [M]  lib/reed_solomon/reed_solomon.ko
  LD [M]  lib/lz4/lz4_decompress.ko
  LD [M]  lib/ts_kmp.ko
  LD [M]  lib/ts_bm.ko
  LD [M]  lib/ts_fsm.ko
  LD [M]  lib/asn1_decoder.ko
  LD [M]  drivers/bus/mhi/host/mhi.ko
  LD [M]  drivers/pinctrl/cirrus/pinctrl-cs42l43.ko
  LD [M]  drivers/pinctrl/intel/pinctrl-lynxpoint.ko
  LD [M]  drivers/pinctrl/intel/pinctrl-intel-platform.ko
  LD [M]  drivers/pinctrl/intel/pinctrl-alderlake.ko
  LD [M]  drivers/pinctrl/intel/pinctrl-broxton.ko
  LD [M]  drivers/pinctrl/intel/pinctrl-cannonlake.ko
  LD [M]  drivers/pinctrl/intel/pinctrl-cedarfork.ko
  LD [M]  drivers/pinctrl/intel/pinctrl-denverton.ko
  LD [M]  drivers/pinctrl/intel/pinctrl-emmitsburg.ko
  LD [M]  drivers/pinctrl/intel/pinctrl-elkhartlake.ko
  LD [M]  drivers/pinctrl/intel/pinctrl-geminilake.ko
  LD [M]  drivers/pinctrl/intel/pinctrl-icelake.ko
  LD [M]  drivers/pinctrl/intel/pinctrl-jasperlake.ko
  LD [M]  drivers/pinctrl/intel/pinctrl-lakefield.ko
  LD [M]  drivers/pinctrl/intel/pinctrl-meteorlake.ko
  LD [M]  drivers/pinctrl/intel/pinctrl-meteorpoint.ko
  LD [M]  drivers/pinctrl/intel/pinctrl-lewisburg.ko
  LD [M]  drivers/pinctrl/intel/pinctrl-sunrisepoint.ko
  LD [M]  drivers/pinctrl/intel/pinctrl-tigerlake.ko
  LD [M]  drivers/pinctrl/pinctrl-cy8c95x0.ko
  LD [M]  drivers/pinctrl/pinctrl-mcp23s08_i2c.ko
  LD [M]  drivers/pinctrl/pinctrl-mcp23s08_spi.ko
  LD [M]  drivers/pinctrl/pinctrl-mcp23s08.ko
  LD [M]  drivers/pwm/pwm-lpss.ko
  LD [M]  drivers/pwm/pwm-lpss-pci.ko
  LD [M]  drivers/pwm/pwm-lpss-platform.ko
  LD [M]  drivers/leds/trigger/ledtrig-timer.ko
  LD [M]  drivers/leds/trigger/ledtrig-oneshot.ko
  LD [M]  drivers/leds/trigger/ledtrig-heartbeat.ko
  LD [M]  drivers/leds/trigger/ledtrig-backlight.ko
  LD [M]  drivers/leds/trigger/ledtrig-activity.ko
  LD [M]  drivers/leds/trigger/ledtrig-gpio.ko
  LD [M]  drivers/leds/trigger/ledtrig-default-on.ko
  LD [M]  drivers/leds/trigger/ledtrig-camera.ko
  LD [M]  drivers/leds/trigger/ledtrig-netdev.ko
  LD [M]  drivers/leds/trigger/ledtrig-transient.ko
  LD [M]  drivers/leds/trigger/ledtrig-pattern.ko
  LD [M]  drivers/leds/trigger/ledtrig-tty.ko
  LD [M]  drivers/leds/trigger/ledtrig-input-events.ko
  LD [M]  drivers/leds/led-class-flash.ko
  LD [M]  drivers/leds/uleds.ko
  LD [M]  drivers/leds/led-class-multicolor.ko
  LD [M]  drivers/pci/hotplug/cpcihp_zt5550.ko
  LD [M]  drivers/pci/hotplug/cpcihp_generic.ko
  LD [M]  drivers/pci/hotplug/acpiphp_ibm.ko
  LD [M]  drivers/pci/controller/vmd.ko
  LD [M]  drivers/char/ipmi/ssif_bmc.ko
  LD [M]  drivers/acpi/dptf/dptf_power.ko
  LD [M]  drivers/acpi/dptf/dptf_pch_fivr.ko
  LD [M]  drivers/acpi/video.ko
  LD [M]  drivers/acpi/nfit/nfit.ko
  LD [M]  drivers/acpi/sbs.ko
  LD [M]  drivers/acpi/sbshc.ko
  LD [M]  drivers/acpi/ec_sys.ko
  LD [M]  drivers/acpi/pfr_update.ko
  LD [M]  drivers/acpi/pfr_telemetry.ko
  LD [M]  drivers/acpi/acpi_pad.ko
  LD [M]  drivers/acpi/acpi_configfs.ko
  LD [M]  drivers/acpi/acpi_extlog.ko
  LD [M]  drivers/dma/virt-dma.ko
  LD [M]  drivers/dma/hsu/hsu_dma.ko
  LD [M]  drivers/dma/idma64.ko
  LD [M]  drivers/soc/qcom/qmi_helpers.ko
  LD [M]  drivers/dma/ioat/ioatdma.ko
  LD [M]  drivers/virtio/virtio.ko
  LD [M]  drivers/virtio/virtio_ring.ko
  LD [M]  drivers/regulator/virtual.ko
  LD [M]  drivers/regulator/fixed.ko
  LD [M]  drivers/regulator/userspace-consumer.ko
  LD [M]  drivers/regulator/gpio-regulator.ko
  LD [M]  drivers/tty/serial/8250/8250_exar.ko
  LD [M]  drivers/tty/serial/8250/8250_lpss.ko
  LD [M]  drivers/tty/serial/8250/8250_dw.ko
  LD [M]  drivers/tty/serial/8250/8250_mid.ko
  LD [M]  drivers/tty/serial/8250/8250_pci1xxxx.ko
  LD [M]  drivers/tty/serial/8250/8250_ni.ko
  LD [M]  drivers/tty/serial/8250/8250_pericom.ko
  LD [M]  drivers/tty/serial/arc_uart.ko
  LD [M]  drivers/tty/serial/max3100.ko
  LD [M]  drivers/tty/serial/jsm/jsm.ko
  LD [M]  drivers/tty/serial/max310x.ko
  LD [M]  drivers/tty/serial/rp2.ko
  LD [M]  drivers/tty/serial/sc16is7xx.ko
  LD [M]  drivers/tty/serial/sc16is7xx_spi.ko
  LD [M]  drivers/tty/serial/sc16is7xx_i2c.ko
  LD [M]  drivers/tty/serial/uartlite.ko
  LD [M]  drivers/tty/n_hdlc.ko
  LD [M]  drivers/char/hw_random/intel-rng.ko
  LD [M]  drivers/char/agp/intel-gtt.ko
  LD [M]  drivers/char/hangcheck-timer.ko
  LD [M]  drivers/iommu/iommufd/iommufd.ko
  LD [M]  drivers/base/regmap/regmap-i2c.ko
  LD [M]  drivers/base/regmap/regmap-spi.ko
  LD [M]  drivers/base/regmap/regmap-sdw.ko
  LD [M]  drivers/base/regmap/regmap-sdw-mbq.ko
  LD [M]  drivers/block/brd.ko
  LD [M]  drivers/block/loop.ko
  LD [M]  drivers/block/nbd.ko
  LD [M]  drivers/block/mtip32xx/mtip32xx.ko
  LD [M]  drivers/block/zram/zram.ko
  LD [M]  drivers/block/null_blk/null_blk.ko
  LD [M]  drivers/block/ublk_drv.ko
  LD [M]  drivers/misc/eeprom/eeprom_93cx6.ko
  LD [M]  drivers/misc/cardreader/rtsx_pci.ko
  LD [M]  drivers/misc/cardreader/rtsx_usb.ko
  LD [M]  drivers/misc/mei/mei.ko
  LD [M]  drivers/misc/mei/mei-me.ko
  LD [M]  drivers/misc/mei/hdcp/mei_hdcp.ko
  LD [M]  drivers/misc/ntsync.ko
  LD [M]  drivers/mfd/cs42l43.ko
  LD [M]  drivers/mfd/cs42l43-sdw.ko
  LD [M]  drivers/mfd/mfd-core.ko
  LD [M]  drivers/mfd/ocelot-soc.ko
  LD [M]  drivers/mfd/lpc_sch.ko
  LD [M]  drivers/mfd/rdc321x-southbridge.ko
  LD [M]  drivers/mfd/lpc_ich.ko
  LD [M]  drivers/mfd/vx855.ko
  LD [M]  drivers/scsi/raid_class.ko
  LD [M]  drivers/scsi/sg.ko
  LD [M]  drivers/ata/ahci_platform.ko
  LD [M]  drivers/scsi/vhba/vhba.ko
  LD [M]  drivers/ata/libahci_platform.ko
  LD [M]  drivers/gpu/drm/display/drm_display_helper.ko
  LD [M]  drivers/gpu/drm/bridge/analogix/analogix-anx78xx.ko
  LD [M]  drivers/gpu/drm/bridge/analogix/analogix_dp.ko
  LD [M]  drivers/gpu/drm/drm_panel_backlight_quirks.ko
  LD [M]  drivers/gpu/drm/drm_exec.ko
  LD [M]  drivers/gpu/drm/drm_gpuvm.ko
  LD [M]  drivers/gpu/drm/drm_gpusvm_helper.ko
  LD [M]  drivers/gpu/drm/drm_buddy.ko
  LD [M]  drivers/gpu/drm/drm_suballoc_helper.ko
  LD [M]  drivers/gpu/drm/drm_vram_helper.ko
  LD [M]  drivers/gpu/drm/drm_ttm_helper.ko
  LD [M]  drivers/gpu/drm/ttm/ttm.ko
  LD [M]  drivers/gpu/drm/scheduler/gpu-sched.ko
  LD [M]  drivers/gpu/drm/radeon/radeon.ko
  LD [M]  drivers/gpu/drm/amd/amdgpu/amdgpu.ko
  LD [M]  drivers/gpu/drm/amd/amdxcp/amdxcp.ko
  LD [M]  drivers/gpu/drm/i915/i915.ko
  LD [M]  drivers/gpu/drm/nouveau/ch7006.ko
  LD [M]  drivers/gpu/drm/xe/xe.ko
  LD [M]  drivers/gpu/drm/nouveau/sil164.ko
  LD [M]  drivers/gpu/drm/vboxvideo/vboxvideo.ko
  LD [M]  drivers/gpu/drm/nouveau/nouveau.ko
  LD [M]  drivers/spi/spi-mux.ko
  LD [M]  drivers/spi/spidev.ko
  LD [M]  drivers/spi/spi-loopback-test.ko
  LD [M]  drivers/spi/spi-axi-spi-engine.ko
  LD [M]  drivers/spi/spi-bitbang.ko
  LD [M]  drivers/spi/spi-cadence.ko
  LD [M]  drivers/spi/spi-ch341.ko
  LD [M]  drivers/spi/spi-cs42l43.ko
  LD [M]  drivers/spi/spi-dw.ko
  LD [M]  drivers/spi/spi-dw-mmio.ko
  LD [M]  drivers/spi/spi-dw-pci.ko
  LD [M]  drivers/spi/spi-gpio.ko
  LD [M]  drivers/spi/spi-intel.ko
  LD [M]  drivers/spi/spi-intel-pci.ko
  LD [M]  drivers/spi/spi-intel-platform.ko
  LD [M]  drivers/spi/spi-mxic.ko
  LD [M]  drivers/spi/spi-oc-tiny.ko
  LD [M]  drivers/spi/spi-pci1xxxx.ko
  LD [M]  drivers/spi/spi-pxa2xx-core.ko
  LD [M]  drivers/spi/spi-pxa2xx-platform.ko
  LD [M]  drivers/spi/spi-sc18is602.ko
  LD [M]  drivers/spi/spi-pxa2xx-pci.ko
  LD [M]  drivers/spi/spi-tle62x0.ko
  LD [M]  drivers/spi/spi-virtio.ko
  LD [M]  drivers/spi/spi-xcomm.ko
  LD [M]  drivers/spi/spi-slave-time.ko
  LD [M]  drivers/spi/spi-offload-trigger-pwm.ko
  LD [M]  drivers/spi/spi-slave-system-control.ko
  LD [M]  drivers/net/phy/mdio_bus.ko
  LD [M]  drivers/spi/spi-offload-trigger-adi-util-sigma-delta.ko
  LD [M]  drivers/net/phy/phylink.ko
  LD [M]  drivers/net/phy/libphy.ko
  LD [M]  drivers/net/phy/mdio_devres.ko
  LD [M]  drivers/net/phy/phy_package.ko
  LD [M]  drivers/net/phy/sfp.ko
  LD [M]  drivers/net/phy/aquantia/aquantia.ko
  LD [M]  drivers/net/phy/ax88796b.ko
  LD [M]  drivers/net/phy/dp83640.ko
  LD [M]  drivers/net/phy/fixed_phy.ko
  LD [M]  drivers/net/phy/mxl-gpy.ko
  LD [M]  drivers/net/phy/microchip.ko
  LD [M]  drivers/net/phy/realtek/realtek.ko
  LD [M]  drivers/net/phy/smsc.ko
  LD [M]  drivers/net/phy/ste10Xp.ko
  LD [M]  drivers/net/pse-pd/pse_regulator.ko
  LD [M]  drivers/net/pse-pd/pd692x0.ko
  LD [M]  drivers/net/pse-pd/si3474.ko
  LD [M]  drivers/net/pse-pd/tps23881.ko
  LD [M]  drivers/net/mdio/acpi_mdio.ko
  LD [M]  drivers/net/mdio/fwnode_mdio.ko
  LD [M]  drivers/net/mdio/mdio-bitbang.ko
  LD [M]  drivers/net/mdio/mdio-gpio.ko
  LD [M]  drivers/net/mdio/mdio-cavium.ko
  LD [M]  drivers/net/mdio/mdio-i2c.ko
  LD [M]  drivers/net/mdio/mdio-mscc-miim.ko
  LD [M]  drivers/net/mdio/mdio-mvusb.ko
  LD [M]  drivers/net/mdio/mdio-thunder.ko
  LD [M]  drivers/net/pcs/pcs_xpcs.ko
  LD [M]  drivers/net/ethernet/realtek/8139cp.ko
  LD [M]  drivers/net/ethernet/realtek/8139too.ko
  LD [M]  drivers/net/ethernet/realtek/r8169.ko
  LD [M]  drivers/net/ethernet/realtek/rtase/rtase.ko
  LD [M]  drivers/net/ethernet/jme.ko
  LD [M]  drivers/net/ethernet/ec_bhf.ko
  LD [M]  drivers/net/ethernet/ethoc.ko
  LD [M]  drivers/net/ethernet/fealnx.ko
  LD [M]  drivers/net/wireless/ath/ath9k/ath9k_hw.ko
  LD [M]  drivers/net/wireless/ath/ath9k/ath9k.ko
  LD [M]  drivers/net/wireless/ath/ath9k/ath9k_common.ko
  LD [M]  drivers/net/wireless/ath/carl9170/carl9170.ko
  LD [M]  drivers/net/wireless/ath/ar5523/ar5523.ko
  LD [M]  drivers/net/wireless/ath/ath10k/ath10k_core.ko
  LD [M]  drivers/net/wireless/ath/ath10k/ath10k_pci.ko
  LD [M]  drivers/net/wireless/ath/ath11k/ath11k.ko
  LD [M]  drivers/net/wireless/ath/ath11k/ath11k_pci.ko
  LD [M]  drivers/net/wireless/ath/ath.ko
  LD [M]  drivers/net/wireless/ralink/rt2x00/rt2x00lib.ko
  LD [M]  drivers/net/wireless/ralink/rt2x00/rt2x00usb.ko
  LD [M]  drivers/net/wireless/ralink/rt2x00/rt2800lib.ko
  LD [M]  drivers/net/wireless/ralink/rt2x00/rt2500usb.ko
  LD [M]  drivers/net/wireless/ralink/rt2x00/rt73usb.ko
  LD [M]  drivers/net/wireless/ralink/rt2x00/rt2800usb.ko
  LD [M]  drivers/net/wireless/realtek/rtl818x/rtl8187/rtl8187.ko
  LD [M]  drivers/net/wireless/realtek/rtl8xxxu/rtl8xxxu.ko
  LD [M]  drivers/net/wireless/realtek/rtw88/rtw88_core.ko
  LD [M]  drivers/net/wireless/realtek/rtw88/rtw88_8822c.ko
  LD [M]  drivers/net/wireless/realtek/rtw88/rtw88_8822ce.ko
  LD [M]  drivers/net/wireless/realtek/rtw88/rtw88_pci.ko
  LD [M]  drivers/net/wireless/realtek/rtw89/rtw89_core.ko
  LD [M]  drivers/net/wireless/realtek/rtw89/rtw89_8852a.ko
  LD [M]  drivers/net/wireless/realtek/rtw89/rtw89_8852ae.ko
  LD [M]  drivers/net/wireless/realtek/rtw89/rtw89_8852b_common.ko
  LD [M]  drivers/net/wireless/realtek/rtw89/rtw89_8852b.ko
  LD [M]  drivers/net/wireless/realtek/rtw89/rtw89_8852be.ko
  LD [M]  drivers/net/wireless/realtek/rtw89/rtw89_8852bu.ko
  LD [M]  drivers/net/wireless/realtek/rtw89/rtw89_8852c.ko
  LD [M]  drivers/net/wireless/realtek/rtw89/rtw89_8852ce.ko
  LD [M]  drivers/net/wireless/realtek/rtw89/rtw89_pci.ko
  LD [M]  drivers/net/wireless/realtek/rtw89/rtw89_usb.ko
  LD [M]  drivers/net/wireless/virtual/mac80211_hwsim.ko
  LD [M]  drivers/net/wireless/virtual/virt_wifi.ko
  LD [M]  drivers/net/bonding/bonding.ko
  LD [M]  drivers/net/ipvlan/ipvlan.ko
  LD [M]  drivers/net/ipvlan/ipvtap.ko
  LD [M]  drivers/net/dummy.ko
  LD [M]  drivers/net/wireguard/wireguard.ko
  LD [M]  drivers/net/ifb.ko
  LD [M]  drivers/net/macsec.ko
  LD [M]  drivers/net/macvlan.ko
  LD [M]  drivers/net/macvtap.ko
  LD [M]  drivers/net/mii.ko
  LD [M]  drivers/net/netconsole.ko
  LD [M]  drivers/net/tun.ko
  LD [M]  drivers/net/veth.ko
  LD [M]  drivers/net/tap.ko
  LD [M]  drivers/net/vxlan/vxlan.ko
  LD [M]  drivers/net/geneve.ko
  LD [M]  drivers/net/vrf.ko
  LD [M]  drivers/net/mhi_net.ko
  LD [M]  drivers/net/usb/catc.ko
  LD [M]  drivers/net/usb/kaweth.ko
  LD [M]  drivers/net/usb/rtl8150.ko
  LD [M]  drivers/net/usb/pegasus.ko
  LD [M]  drivers/net/usb/r8152.ko
  LD [M]  drivers/net/usb/hso.ko
  LD [M]  drivers/net/usb/lan78xx.ko
  LD [M]  drivers/net/usb/asix.ko
  LD [M]  drivers/net/usb/ax88179_178a.ko
  LD [M]  drivers/net/usb/cdc_ether.ko
  LD [M]  drivers/net/usb/cdc_eem.ko
  LD [M]  drivers/net/usb/dm9601.ko
  LD [M]  drivers/net/usb/sr9700.ko
  LD [M]  drivers/net/usb/smsc75xx.ko
  LD [M]  drivers/net/usb/sr9800.ko
  LD [M]  drivers/net/usb/smsc95xx.ko
  LD [M]  drivers/net/usb/gl620a.ko
  LD [M]  drivers/net/usb/net1080.ko
  LD [M]  drivers/net/usb/plusb.ko
  LD [M]  drivers/net/usb/rndis_host.ko
  LD [M]  drivers/net/usb/cdc_subset.ko
  LD [M]  drivers/net/usb/zaurus.ko
  LD [M]  drivers/net/usb/mcs7830.ko
  LD [M]  drivers/net/usb/usbnet.ko
  LD [M]  drivers/net/usb/int51x1.ko
  LD [M]  drivers/net/usb/kalmia.ko
  LD [M]  drivers/net/usb/ipheth.ko
  LD [M]  drivers/net/usb/sierra_net.ko
  LD [M]  drivers/net/usb/cx82310_eth.ko
  LD [M]  drivers/net/usb/huawei_cdc_ncm.ko
  LD [M]  drivers/net/usb/cdc_ncm.ko
  LD [M]  drivers/net/usb/lg-vl600.ko
  LD [M]  drivers/net/usb/qmi_wwan.ko
  LD [M]  drivers/net/usb/cdc_mbim.ko
  LD [M]  drivers/net/usb/ch9200.ko
  LD [M]  drivers/net/usb/aqc111.ko
  LD [M]  drivers/net/usb/r8153_ecm.ko
  LD [M]  drivers/net/thunderbolt/thunderbolt_net.ko
  LD [M]  drivers/usb/common/ulpi.ko
  LD [M]  drivers/net/net_failover.ko
  LD [M]  drivers/usb/core/ledtrig-usbport.ko
  LD [M]  drivers/usb/phy/phy-generic.ko
  LD [M]  drivers/usb/phy/phy-gpio-vbus-usb.ko
  LD [M]  drivers/usb/phy/phy-isp1301.ko
  LD [M]  drivers/usb/host/xhci-pci-renesas.ko
  LD [M]  drivers/usb/host/xhci-plat-hcd.ko
  LD [M]  drivers/usb/storage/uas.ko
  LD [M]  drivers/usb/storage/usb-storage.ko
  LD [M]  drivers/usb/storage/ums-realtek.ko
  LD [M]  drivers/usb/serial/ch341.ko
  LD [M]  drivers/usb/serial/cp210x.ko
  LD [M]  drivers/usb/serial/ftdi_sio.ko
  LD [M]  drivers/usb/serial/option.ko
  LD [M]  drivers/usb/serial/pl2303.ko
  LD [M]  drivers/usb/serial/qcserial.ko
  LD [M]  drivers/usb/serial/sierra.ko
  LD [M]  drivers/usb/serial/usb-serial-simple.ko
  LD [M]  drivers/usb/serial/usb_wwan.ko
  LD [M]  drivers/usb/misc/ezusb.ko
  LD [M]  drivers/usb/mon/usbmon.ko
  LD [M]  drivers/usb/class/usblp.ko
  LD [M]  drivers/usb/class/cdc-acm.ko
  LD [M]  drivers/usb/class/cdc-wdm.ko
  LD [M]  drivers/usb/typec/typec.ko
  LD [M]  drivers/usb/typec/altmodes/typec_displayport.ko
  LD [M]  drivers/usb/typec/altmodes/typec_nvidia.ko
  LD [M]  drivers/usb/typec/ucsi/typec_ucsi.ko
  LD [M]  drivers/usb/typec/ucsi/ucsi_acpi.ko
  LD [M]  drivers/usb/typec/altmodes/typec_thunderbolt.ko
  LD [M]  drivers/usb/typec/ucsi/ucsi_ccg.ko
  LD [M]  drivers/usb/roles/roles.ko
  LD [M]  drivers/usb/typec/ucsi/ucsi_stm32g0.ko
  LD [M]  drivers/usb/roles/intel-xhci-usb-role-switch.ko
  LD [M]  drivers/input/serio/serport.ko
  LD [M]  drivers/input/serio/pcips2.ko
  LD [M]  drivers/input/serio/ps2mult.ko
  LD [M]  drivers/input/serio/serio_raw.ko
  LD [M]  drivers/input/serio/userio.ko
  LD [M]  drivers/input/serio/ps2-gpio.ko
  LD [M]  drivers/input/keyboard/adp5588-keys.ko
  LD [M]  drivers/input/keyboard/dlink-dir685-touchkeys.ko
  LD [M]  drivers/input/keyboard/cypress-sf.ko
  LD [M]  drivers/input/keyboard/gpio_keys.ko
  LD [M]  drivers/input/keyboard/gpio_keys_polled.ko
  LD [M]  drivers/input/keyboard/tca8418_keypad.ko
  LD [M]  drivers/input/keyboard/lkkbd.ko
  LD [M]  drivers/input/keyboard/lm8323.ko
  LD [M]  drivers/input/keyboard/lm8333.ko
  LD [M]  drivers/input/keyboard/matrix_keypad.ko
  LD [M]  drivers/input/keyboard/max7359_keypad.ko
  LD [M]  drivers/input/keyboard/mpr121_touchkey.ko
  LD [M]  drivers/input/keyboard/newtonkbd.ko
  LD [M]  drivers/input/keyboard/opencores-kbd.ko
  LD [M]  drivers/input/keyboard/pinephone-keyboard.ko
  LD [M]  drivers/input/keyboard/qt1050.ko
  LD [M]  drivers/input/keyboard/qt1070.ko
  LD [M]  drivers/input/keyboard/qt2160.ko
  LD [M]  drivers/input/keyboard/stowaway.ko
  LD [M]  drivers/input/keyboard/sunkbd.ko
  LD [M]  drivers/input/keyboard/tm2-touchkey.ko
  LD [M]  drivers/input/keyboard/xtkbd.ko
  LD [M]  drivers/input/mouse/cyapatp.ko
  LD [M]  drivers/input/mouse/elan_i2c.ko
  LD [M]  drivers/input/mouse/gpio_mouse.ko
  LD [M]  drivers/input/mouse/psmouse.ko
  LD [M]  drivers/input/mouse/sermouse.ko
  LD [M]  drivers/input/mouse/synaptics_i2c.ko
  LD [M]  drivers/input/mouse/synaptics_usb.ko
  LD [M]  drivers/input/mouse/vsxxxaa.ko
  LD [M]  drivers/input/joystick/xpad.ko
  LD [M]  drivers/input/tablet/aiptek.ko
  LD [M]  drivers/input/tablet/acecad.ko
  LD [M]  drivers/input/tablet/hanwang.ko
  LD [M]  drivers/input/tablet/kbtab.ko
  LD [M]  drivers/input/tablet/pegasus_notetaker.ko
  LD [M]  drivers/input/misc/ad714x.ko
  LD [M]  drivers/input/tablet/wacom_serial4.ko
  LD [M]  drivers/input/misc/ad714x-i2c.ko
  LD [M]  drivers/input/misc/ad714x-spi.ko
  LD [M]  drivers/input/misc/adxl34x.ko
  LD [M]  drivers/input/misc/adxl34x-i2c.ko
  LD [M]  drivers/input/misc/adxl34x-spi.ko
  LD [M]  drivers/input/misc/apanel.ko
  LD [M]  drivers/input/misc/atlas_btns.ko
  LD [M]  drivers/input/misc/aw86927.ko
  LD [M]  drivers/input/misc/bma150.ko
  LD [M]  drivers/input/misc/cm109.ko
  LD [M]  drivers/input/misc/cma3000_d0x.ko
  LD [M]  drivers/input/misc/cma3000_d0x_i2c.ko
  LD [M]  drivers/input/misc/da7280.ko
  LD [M]  drivers/input/misc/e3x0-button.ko
  LD [M]  drivers/input/misc/drv260x.ko
  LD [M]  drivers/input/misc/drv2667.ko
  LD [M]  drivers/input/misc/gpio-beeper.ko
  LD [M]  drivers/input/misc/drv2665.ko
  LD [M]  drivers/input/misc/gpio_decoder.ko
  LD [M]  drivers/input/misc/gpio-vibra.ko
  LD [M]  drivers/input/misc/ibm-panel.ko
  LD [M]  drivers/input/misc/ims-pcu.ko
  LD [M]  drivers/input/misc/iqs269a.ko
  LD [M]  drivers/input/misc/iqs626a.ko
  LD [M]  drivers/input/misc/iqs7222.ko
  LD [M]  drivers/input/misc/keyspan_remote.ko
  LD [M]  drivers/input/misc/kxtj9.ko
  LD [M]  drivers/input/misc/mma8450.ko
  LD [M]  drivers/input/misc/pcf8574_keypad.ko
  LD [M]  drivers/input/misc/powermate.ko
  LD [M]  drivers/input/misc/pcspkr.ko
  LD [M]  drivers/input/misc/pwm-beeper.ko
  LD [M]  drivers/input/misc/pwm-vibra.ko
  LD [M]  drivers/input/misc/regulator-haptic.ko
  LD [M]  drivers/input/misc/rotary_encoder.ko
  LD [M]  drivers/input/misc/soc_button_array.ko
  LD [M]  drivers/input/misc/uinput.ko
  LD [M]  drivers/input/misc/yealink.ko
  LD [M]  drivers/input/misc/ideapad_slidebar.ko
  LD [M]  drivers/input/ff-memless.ko
  LD [M]  drivers/input/sparse-keymap.ko
  LD [M]  drivers/input/matrix-keymap.ko
  LD [M]  drivers/input/mousedev.ko
  LD [M]  drivers/input/joydev.ko
  LD [M]  drivers/input/rmi4/rmi_core.ko
  LD [M]  drivers/input/rmi4/rmi_i2c.ko
  LD [M]  drivers/input/rmi4/rmi_spi.ko
  LD [M]  drivers/input/rmi4/rmi_smbus.ko
  LD [M]  drivers/i2c/algos/i2c-algo-bit.ko
  LD [M]  drivers/i2c/algos/i2c-algo-pca.ko
  LD [M]  drivers/i2c/busses/i2c-scmi.ko
  LD [M]  drivers/i2c/busses/i2c-ali1535.ko
  LD [M]  drivers/i2c/busses/i2c-ali1563.ko
  LD [M]  drivers/i2c/busses/i2c-ali15x3.ko
  LD [M]  drivers/i2c/busses/i2c-i801.ko
  LD [M]  drivers/i2c/busses/i2c-isch.ko
  LD [M]  drivers/i2c/busses/i2c-ismt.ko
  LD [M]  drivers/i2c/busses/i2c-nforce2.ko
  LD [M]  drivers/i2c/busses/i2c-nvidia-gpu.ko
  LD [M]  drivers/i2c/busses/i2c-piix4.ko
  LD [M]  drivers/i2c/busses/i2c-sis5595.ko
  LD [M]  drivers/i2c/busses/i2c-sis630.ko
  LD [M]  drivers/i2c/busses/i2c-sis96x.ko
  LD [M]  drivers/i2c/busses/i2c-via.ko
  LD [M]  drivers/i2c/busses/i2c-viapro.ko
  LD [M]  drivers/i2c/busses/i2c-viai2c-zhaoxin.ko
  LD [M]  drivers/i2c/busses/i2c-viai2c-common.ko
  LD [M]  drivers/i2c/busses/i2c-cbus-gpio.ko
  LD [M]  drivers/i2c/busses/i2c-emev2.ko
  LD [M]  drivers/i2c/busses/i2c-gpio.ko
  LD [M]  drivers/i2c/busses/i2c-ocores.ko
  LD [M]  drivers/i2c/busses/i2c-pca-platform.ko
  LD [M]  drivers/i2c/busses/i2c-diolan-u2c.ko
  LD [M]  drivers/i2c/busses/i2c-cp2615.ko
  LD [M]  drivers/i2c/busses/i2c-simtec.ko
  LD [M]  drivers/i2c/busses/i2c-mchp-pci1xxxx.ko
  LD [M]  drivers/i2c/busses/i2c-robotfuzz-osif.ko
  LD [M]  drivers/i2c/busses/i2c-taos-evm.ko
  LD [M]  drivers/i2c/busses/i2c-mlxcpld.ko
  LD [M]  drivers/i2c/busses/i2c-tiny-usb.ko
  LD [M]  drivers/i2c/busses/i2c-virtio.ko
  LD [M]  drivers/i2c/muxes/i2c-mux-gpio.ko
  LD [M]  drivers/i2c/muxes/i2c-mux-ltc4306.ko
  LD [M]  drivers/i2c/muxes/i2c-mux-mlxcpld.ko
  LD [M]  drivers/i2c/muxes/i2c-mux-pca9541.ko
  LD [M]  drivers/i2c/muxes/i2c-mux-pca954x.ko
  LD [M]  drivers/i2c/muxes/i2c-mux-reg.ko
  LD [M]  drivers/i2c/i2c-smbus.ko
  LD [M]  drivers/i2c/i2c-dev.ko
  LD [M]  drivers/i2c/i2c-mux.ko
  LD [M]  drivers/i2c/i2c-stub.ko
  LD [M]  drivers/i2c/i2c-slave-testunit.ko
  LD [M]  drivers/media/common/videobuf2/videobuf2-common.ko
  LD [M]  drivers/i2c/i2c-slave-eeprom.ko
  LD [M]  drivers/media/common/videobuf2/videobuf2-memops.ko
  LD [M]  drivers/media/common/videobuf2/videobuf2-v4l2.ko
  LD [M]  drivers/media/common/videobuf2/videobuf2-vmalloc.ko
  LD [M]  drivers/media/common/uvc.ko
  LD [M]  drivers/media/usb/s2255/s2255drv.ko
  LD [M]  drivers/media/usb/uvc/uvcvideo.ko
  LD [M]  drivers/media/mc/mc.ko
  LD [M]  drivers/media/v4l2-core/v4l2-async.ko
  LD [M]  drivers/media/v4l2-core/v4l2-flash-led-class.ko
  LD [M]  drivers/media/v4l2-core/v4l2loopback.ko
  LD [M]  drivers/media/v4l2-core/v4l2-dv-timings.ko
  LD [M]  drivers/media/v4l2-core/videodev.ko
  LD [M]  drivers/media/cec/core/cec.ko
  LD [M]  drivers/ptp/ptp.ko
  LD [M]  drivers/ptp/ptp_ines.ko
  LD [M]  drivers/ptp/ptp_vmclock.ko
  LD [M]  drivers/ptp/ptp_clockmatrix.ko
  LD [M]  drivers/ptp/ptp_fc3.ko
  LD [M]  drivers/ptp/ptp_idt82p33.ko
  LD [M]  drivers/ptp/ptp_mock.ko
  LD [M]  drivers/ptp/ptp_netc.ko
  LD [M]  drivers/power/supply/stc3117_fuel_gauge.ko
  LD [M]  drivers/power/supply/mm8013.ko
  LD [M]  drivers/hwmon/coretemp.ko
  LD [M]  drivers/hwmon/drivetemp.ko
  LD [M]  drivers/hwmon/k10temp.ko
  LD [M]  drivers/hwmon/max31827.ko
  LD [M]  drivers/hwmon/sht3x.ko
  LD [M]  drivers/hwmon/sht4x.ko
  LD [M]  drivers/hwmon/spd5118.ko
  LD [M]  drivers/hwmon/occ/occ-hwmon-common.ko
  LD [M]  drivers/hwmon/occ/occ-p8-hwmon.ko
  LD [M]  drivers/hwmon/pmbus/pmbus_core.ko
  LD [M]  drivers/thermal/intel/x86_pkg_temp_thermal.ko
  LD [M]  drivers/thermal/intel/intel_powerclamp.ko
  LD [M]  drivers/thermal/intel/intel_soc_dts_iosf.ko
  LD [M]  drivers/thermal/intel/int340x_thermal/int3400_thermal.ko
  LD [M]  drivers/thermal/intel/intel_soc_dts_thermal.ko
  LD [M]  drivers/thermal/intel/int340x_thermal/int340x_thermal_zone.ko
  LD [M]  drivers/thermal/intel/int340x_thermal/int3402_thermal.ko
  LD [M]  drivers/thermal/intel/int340x_thermal/int3403_thermal.ko
  LD [M]  drivers/thermal/intel/int340x_thermal/processor_thermal_device.ko
  LD [M]  drivers/thermal/intel/int340x_thermal/int3401_thermal.ko
  LD [M]  drivers/thermal/intel/int340x_thermal/processor_thermal_device_pci_legacy.ko
  LD [M]  drivers/thermal/intel/int340x_thermal/processor_thermal_device_pci.ko
  LD [M]  drivers/thermal/intel/int340x_thermal/processor_thermal_rapl.ko
  LD [M]  drivers/thermal/intel/int340x_thermal/processor_thermal_rfim.ko
  LD [M]  drivers/thermal/intel/int340x_thermal/platform_temperature_control.ko
  LD [M]  drivers/thermal/intel/int340x_thermal/processor_thermal_mbox.ko
  LD [M]  drivers/thermal/intel/int340x_thermal/processor_thermal_wt_req.ko
  LD [M]  drivers/thermal/intel/int340x_thermal/processor_thermal_wt_hint.ko
  LD [M]  drivers/thermal/intel/int340x_thermal/processor_thermal_power_floor.ko
  LD [M]  drivers/thermal/intel/int340x_thermal/processor_thermal_soc_slider.ko
  LD [M]  drivers/thermal/intel/int340x_thermal/int3406_thermal.ko
  LD [M]  drivers/thermal/intel/int340x_thermal/acpi_thermal_rel.ko
  LD [M]  drivers/thermal/intel/intel_pch_thermal.ko
  LD [M]  drivers/thermal/intel/intel_tcc_cooling.ko
  LD [M]  drivers/thermal/testing/thermal-testing.ko
  LD [M]  drivers/watchdog/pretimeout_noop.ko
  LD [M]  drivers/watchdog/iTCO_wdt.ko
  LD [M]  drivers/watchdog/softdog.ko
  LD [M]  drivers/md/raid1.ko
  LD [M]  drivers/md/raid456.ko
  LD [M]  drivers/md/raid10.ko
  LD [M]  drivers/md/md-mod.ko
  LD [M]  drivers/md/dm-mod.ko
  LD [M]  drivers/md/dm-bufio.ko
  LD [M]  drivers/md/dm-crypt.ko
  LD [M]  drivers/md/dm-snapshot.ko
  LD [M]  drivers/md/dm-ebs.ko
  LD [M]  drivers/cpufreq/acpi-cpufreq.ko
  LD [M]  drivers/firmware/efi/efibc.ko
  LD [M]  drivers/firmware/efi/capsule-loader.ko
  LD [M]  drivers/hid/uhid.ko
  LD [M]  drivers/hid/hid-axff.ko
  LD [M]  drivers/hid/hid-betopff.ko
  LD [M]  drivers/hid/hid-bigbenff.ko
  LD [M]  drivers/hid/hid-cp2112.ko
  LD [M]  drivers/hid/hid-dr.ko
  LD [M]  drivers/hid/hid-emsff.ko
  LD [M]  drivers/hid/hid-ft260.ko
  LD [M]  drivers/hid/hid-google-stadiaff.ko
  LD [M]  drivers/hid/hid-holtek-mouse.ko
  LD [M]  drivers/hid/hid-holtek-kbd.ko
  LD [M]  drivers/hid/hid-holtekff.ko
  LD [M]  drivers/hid/hid-jabra.ko
  LD [M]  drivers/hid/hid-logitech.ko
  LD [M]  drivers/hid/hid-lg-g15.ko
  LD [M]  drivers/hid/hid-logitech-dj.ko
  LD [M]  drivers/hid/hid-logitech-hidpp.ko
  LD [M]  drivers/hid/hid-mcp2200.ko
  LD [M]  drivers/hid/hid-mcp2221.ko
  LD [M]  drivers/hid/hid-mf.ko
  LD [M]  drivers/hid/hid-microsoft.ko
  LD [M]  drivers/hid/hid-nintendo.ko
  LD [M]  drivers/hid/hid-multitouch.ko
  LD [M]  drivers/hid/hid-pl.ko
  LD [M]  drivers/hid/hid-plantronics.ko
  LD [M]  drivers/hid/hid-sjoy.ko
  LD [M]  drivers/hid/hid-sony.ko
  LD [M]  drivers/hid/hid-playstation.ko
  LD [M]  drivers/hid/hid-steam.ko
  LD [M]  drivers/hid/hid-gaff.ko
  LD [M]  drivers/hid/hid-tmff.ko
  LD [M]  drivers/hid/hid-thrustmaster.ko
  LD [M]  drivers/hid/hid-u2fzero.ko
  LD [M]  drivers/hid/hid-uclogic.ko
  LD [M]  drivers/hid/hid-universal-pidff.ko
  LD [M]  drivers/hid/hid-led.ko
  LD [M]  drivers/hid/hid-zpff.ko
  LD [M]  drivers/hid/i2c-hid/i2c-hid.ko
  LD [M]  drivers/hid/i2c-hid/i2c-hid-acpi.ko
  LD [M]  drivers/platform/x86/hp/hp-wmi.ko
  LD [M]  drivers/platform/x86/hp/hp-bioscfg/hp-bioscfg.ko
  LD [M]  drivers/platform/x86/lenovo/ideapad-laptop.ko
  LD [M]  drivers/platform/x86/lenovo/thinkpad_acpi.ko
  LD [M]  drivers/platform/x86/intel/wmi/intel-wmi-thunderbolt.ko
  LD [M]  drivers/platform/x86/intel/pmc/intel_pmc_core.ko
  LD [M]  drivers/platform/x86/intel/pmc/intel_pmc_core_pltdrv.ko
  LD [M]  drivers/platform/x86/intel/pmc/intel_pmc_ssram_telemetry.ko
  LD [M]  drivers/platform/x86/intel/pmt/pmt_class.ko
  LD [M]  drivers/platform/x86/intel/pmt/pmt_telemetry.ko
  LD [M]  drivers/platform/x86/intel/pmt/pmt_crashlog.ko
  LD [M]  drivers/platform/x86/intel/pmt/pmt_discovery.ko
  LD [M]  drivers/platform/x86/intel/uncore-frequency/intel-uncore-frequency-common.ko
  LD [M]  drivers/platform/x86/intel/uncore-frequency/intel-uncore-frequency.ko
  LD [M]  drivers/platform/x86/intel/uncore-frequency/intel-uncore-frequency-tpmi.ko
  LD [M]  drivers/platform/x86/intel/intel-hid.ko
  LD [M]  drivers/platform/x86/intel/intel-vbtn.ko
  LD [M]  drivers/platform/x86/intel/intel-ehl_pse_io.ko
  LD [M]  drivers/platform/x86/intel/intel-vsec.ko
  LD [M]  drivers/platform/x86/intel/intel-punit_ipc.ko
  LD [M]  drivers/platform/x86/intel/intel-plr_tpmi.ko
  LD [M]  drivers/platform/x86/intel/intel-tpmi_power_domains.ko
  LD [M]  drivers/platform/x86/intel/intel-vsec_tpmi.ko
  LD [M]  drivers/platform/x86/intel/intel-rst.ko
  LD [M]  drivers/platform/x86/uniwill/uniwill-laptop.ko
  LD [M]  drivers/platform/x86/wmi-bmof.ko
  LD [M]  drivers/platform/x86/mxm-wmi.ko
  LD [M]  drivers/platform/x86/nvidia-wmi-ec-backlight.ko
  LD [M]  drivers/platform/x86/acer-wmi.ko
  LD [M]  drivers/platform/x86/asus-wmi.ko
  LD [M]  drivers/platform/x86/asus-nb-wmi.ko
  LD [M]  drivers/platform/x86/firmware_attributes_class.ko
  LD [M]  drivers/platform/x86/quickstart.ko
  LD [M]  drivers/platform/x86/msi-laptop.ko
  LD [M]  drivers/platform/x86/msi-wmi.ko
  LD [M]  drivers/platform/x86/samsung-laptop.ko
  LD [M]  drivers/platform/x86/toshiba-wmi.ko
  LD [M]  drivers/platform/x86/system76_acpi.ko
  LD [M]  drivers/platform/x86/intel_scu_pltdrv.ko
  LD [M]  drivers/platform/x86/intel_scu_ipcutil.ko
  LD [M]  drivers/platform/wmi/wmi.ko
  LD [M]  drivers/powercap/intel_rapl_common.ko
  LD [M]  drivers/powercap/intel_rapl_msr.ko
  LD [M]  drivers/powercap/intel_rapl_tpmi.ko
  LD [M]  drivers/perf/dwc_pcie_pmu.ko
  LD [M]  drivers/nvdimm/libnvdimm.ko
  LD [M]  drivers/pps/pps_core.ko
  LD [M]  drivers/w1/slaves/w1_ds2780.ko
  LD [M]  drivers/w1/slaves/w1_ds2781.ko
  LD [M]  drivers/w1/wire.ko
  LD [M]  drivers/bluetooth/hci_vhci.ko
  LD [M]  drivers/bluetooth/hci_uart.ko
  LD [M]  drivers/bluetooth/hci_bcm4377.ko
  LD [M]  drivers/bluetooth/bpa10x.ko
  LD [M]  drivers/bluetooth/bfusb.ko
  LD [M]  drivers/bluetooth/btusb.ko
  LD [M]  drivers/bluetooth/btintel.ko
  LD [M]  drivers/bluetooth/btbcm.ko
  LD [M]  drivers/bluetooth/btrtl.ko
  LD [M]  drivers/bluetooth/btqca.ko
  LD [M]  drivers/bluetooth/btmtk.ko
  LD [M]  drivers/bluetooth/virtio_bt.ko
  LD [M]  drivers/bluetooth/hci_nokia.ko
  LD [M]  drivers/dca/dca.ko
  LD [M]  drivers/soundwire/soundwire-bus.ko
  LD [M]  drivers/soundwire/soundwire-generic-allocation.ko
  LD [M]  drivers/soundwire/soundwire-cadence.ko
  LD [M]  drivers/soundwire/soundwire-intel.ko
  LD [M]  drivers/thunderbolt/thunderbolt.ko
  LD [M]  drivers/dibs/dibs.ko
  LD [M]  sound/soundcore.ko
  LD [M]  sound/core/snd.ko
  LD [M]  sound/core/snd-ctl-led.ko
  LD [M]  sound/core/snd-hwdep.ko
  LD [M]  sound/core/snd-timer.ko
  LD [M]  sound/core/snd-hrtimer.ko
  LD [M]  sound/core/snd-pcm.ko
  LD [M]  sound/core/snd-rawmidi.ko
  LD [M]  sound/core/snd-ump.ko
  LD [M]  sound/core/snd-compress.ko
  LD [M]  sound/drivers/snd-dummy.ko
  LD [M]  sound/drivers/snd-aloop.ko
  LD [M]  sound/drivers/snd-pcmtest.ko
  LD [M]  sound/drivers/snd-serial-u16550.ko
  LD [M]  sound/drivers/snd-mtpav.ko
  LD [M]  sound/drivers/mpu401/snd-mpu401-uart.ko
  LD [M]  sound/drivers/mpu401/snd-mpu401.ko
  LD [M]  sound/usb/snd-usb-audio.ko
  LD [M]  sound/usb/snd-usbmidi-lib.ko
  LD [M]  sound/usb/bcd2000/snd-bcd2000.ko
  LD [M]  sound/soc/snd-soc-acpi.ko
  LD [M]  sound/soc/snd-soc-core.ko
  LD [M]  sound/soc/codecs/snd-soc-aw88395-lib.ko
  LD [M]  sound/soc/codecs/snd-soc-aw88399.ko
  LD [M]  sound/soc/codecs/snd-soc-dmic.ko
  LD [M]  sound/soc/codecs/snd-soc-hdac-hda.ko
  LD [M]  sound/soc/codecs/snd-soc-hda-codec.ko
  LD [M]  sound/soc/codecs/snd-soc-max98390.ko
  LD [M]  sound/soc/codecs/snd-soc-pcm512x.ko
  LD [M]  sound/soc/codecs/snd-soc-pcm512x-i2c.ko
  LD [M]  sound/soc/codecs/snd-soc-pcm512x-spi.ko
  LD [M]  sound/soc/generic/snd-soc-simple-card-utils.ko
  LD [M]  sound/soc/generic/snd-soc-simple-card.ko
  LD [M]  sound/soc/intel/common/snd-soc-acpi-intel-match.ko
  LD [M]  sound/soc/intel/common/snd-soc-acpi-intel-sdca-quirks.ko
  LD [M]  sound/soc/intel/avs/snd-soc-avs.ko
  LD [M]  sound/soc/intel/avs/boards/snd-soc-avs-dmic.ko
  LD [M]  sound/soc/intel/avs/boards/snd-soc-avs-hdaudio.ko
  LD [M]  sound/soc/intel/boards/snd-soc-skl_hda_dsp.ko
  LD [M]  sound/soc/intel/boards/snd-soc-intel-hda-dsp-common.ko
  LD [M]  sound/soc/intel/boards/snd-soc-intel-sof-board-helpers.ko
  LD [M]  sound/soc/sdca/snd-soc-sdca.ko
  LD [M]  sound/soc/sdca/snd-soc-sdca-class.ko
  LD [M]  sound/soc/sdca/snd-soc-sdca-class-function.ko
  LD [M]  sound/soc/sof/intel/snd-sof-intel-hda-common.ko
  LD [M]  sound/soc/sof/intel/snd-sof-intel-hda-generic.ko
  LD [M]  sound/soc/sof/intel/snd-sof-intel-hda-mlink.ko
  LD [M]  sound/soc/sof/intel/snd-sof-intel-hda.ko
  LD [M]  sound/soc/sof/intel/snd-sof-pci-intel-cnl.ko
  LD [M]  sound/soc/sof/intel/snd-sof-pci-intel-tgl.ko
  LD [M]  sound/soc/sof/snd-sof.ko
  LD [M]  sound/soc/sof/snd-sof-utils.ko
  LD [M]  sound/soc/sof/snd-sof-probes.ko
  LD [M]  sound/soc/sof/xtensa/snd-sof-xtensa-dsp.ko
  LD [M]  sound/soc/sdw_utils/snd-soc-sdw-utils.ko
  LD [M]  sound/hda/core/snd-hda-core.ko
  LD [M]  sound/soc/sof/snd-sof-pci.ko
  LD [M]  sound/hda/core/ext/snd-hda-ext-core.ko
  LD [M]  sound/hda/core/snd-intel-sdw-acpi.ko
  LD [M]  sound/hda/core/snd-intel-dspcfg.ko
  LD [M]  sound/hda/codecs/cirrus/snd-hda-codec-cs420x.ko
  LD [M]  sound/hda/common/snd-hda-codec.ko
  LD [M]  sound/hda/codecs/cirrus/snd-hda-codec-cs421x.ko
  LD [M]  sound/hda/codecs/cirrus/snd-hda-codec-cs8409.ko
  LD [M]  sound/hda/codecs/hdmi/snd-hda-codec-hdmi.ko
  LD [M]  sound/hda/codecs/hdmi/snd-hda-codec-simplehdmi.ko
  LD [M]  sound/hda/codecs/hdmi/snd-hda-codec-intelhdmi.ko
  LD [M]  sound/hda/codecs/hdmi/snd-hda-codec-atihdmi.ko
  LD [M]  sound/hda/codecs/hdmi/snd-hda-codec-nvhdmi.ko
  LD [M]  sound/hda/codecs/hdmi/snd-hda-codec-nvhdmi-mcp.ko
  LD [M]  sound/hda/codecs/realtek/snd-hda-codec-realtek-lib.ko
  LD [M]  sound/hda/codecs/hdmi/snd-hda-codec-tegrahdmi.ko
  LD [M]  sound/hda/codecs/realtek/snd-hda-codec-alc260.ko
  LD [M]  sound/hda/codecs/realtek/snd-hda-codec-alc262.ko
  LD [M]  sound/hda/codecs/realtek/snd-hda-codec-alc268.ko
  LD [M]  sound/hda/codecs/realtek/snd-hda-codec-alc269.ko
  LD [M]  sound/hda/codecs/realtek/snd-hda-codec-alc662.ko
  LD [M]  sound/hda/codecs/realtek/snd-hda-codec-alc680.ko
  LD [M]  sound/hda/codecs/realtek/snd-hda-codec-alc861vd.ko
  LD [M]  sound/hda/codecs/realtek/snd-hda-codec-alc861.ko
  LD [M]  sound/hda/codecs/realtek/snd-hda-codec-alc880.ko
  LD [M]  sound/hda/codecs/realtek/snd-hda-codec-alc882.ko
  LD [M]  sound/hda/codecs/side-codecs/snd-hda-scodec-component.ko
  LD [M]  sound/hda/codecs/side-codecs/snd-hda-scodec-max98390.ko
  LD [M]  sound/hda/codecs/side-codecs/snd-hda-scodec-max98390-i2c.ko
  LD [M]  sound/hda/codecs/side-codecs/snd-hda-scodec-aw88399.ko
  LD [M]  sound/hda/codecs/side-codecs/snd-hda-scodec-aw88399-i2c.ko
  LD [M]  sound/hda/codecs/snd-hda-codec-generic.ko
  LD [M]  sound/hda/codecs/snd-hda-codec-cmedia.ko
  LD [M]  sound/hda/codecs/snd-hda-codec-cm9825.ko
  LD [M]  sound/hda/codecs/snd-hda-codec-analog.ko
  LD [M]  sound/hda/codecs/snd-hda-codec-ca0110.ko
  LD [M]  sound/hda/codecs/snd-hda-codec-ca0132.ko
  LD [M]  sound/hda/codecs/snd-hda-codec-conexant.ko
  LD [M]  sound/hda/codecs/snd-hda-codec-idt.ko
  LD [M]  sound/hda/codecs/snd-hda-codec-senarytech.ko
  LD [M]  sound/hda/codecs/snd-hda-codec-si3054.ko
  LD [M]  sound/hda/codecs/snd-hda-codec-via.ko
  LD [M]  sound/hda/controllers/snd-hda-intel.ko
  LD [M]  sound/hda/controllers/snd-hda-acpi.ko
  LD [M]  net/core/pktgen.ko
  LD [M]  net/core/selftests.ko
  LD [M]  net/core/failover.ko
  LD [M]  net/802/psnap.ko
  LD [M]  net/802/stp.ko
  LD [M]  net/802/garp.ko
  LD [M]  net/802/mrp.ko
  LD [M]  net/netlink/netlink_diag.ko
  LD [M]  net/netfilter/nfnetlink.ko
  LD [M]  net/netfilter/nfnetlink_acct.ko
  LD [M]  net/netfilter/nfnetlink_queue.ko
  LD [M]  net/netfilter/nfnetlink_log.ko
  LD [M]  net/netfilter/nfnetlink_osf.ko
  LD [M]  net/netfilter/nfnetlink_hook.ko
  LD [M]  net/netfilter/nf_conntrack.ko
  LD [M]  net/netfilter/nf_conntrack_netlink.ko
  LD [M]  net/netfilter/nfnetlink_cttimeout.ko
  LD [M]  net/netfilter/nfnetlink_cthelper.ko
  LD [M]  net/netfilter/nf_conntrack_amanda.ko
  LD [M]  net/netfilter/nf_conntrack_ftp.ko
  LD [M]  net/netfilter/nf_conntrack_h323.ko
  LD [M]  net/netfilter/nf_conntrack_irc.ko
  LD [M]  net/netfilter/nf_conntrack_broadcast.ko
  LD [M]  net/netfilter/nf_conntrack_netbios_ns.ko
  LD [M]  net/netfilter/nf_conntrack_snmp.ko
  LD [M]  net/netfilter/nf_conntrack_pptp.ko
  LD [M]  net/netfilter/nf_conntrack_sane.ko
  LD [M]  net/netfilter/nf_conntrack_sip.ko
  LD [M]  net/netfilter/nf_conntrack_tftp.ko
  LD [M]  net/netfilter/nf_log_syslog.ko
  LD [M]  net/netfilter/nf_nat.ko
  LD [M]  net/netfilter/nf_nat_amanda.ko
  LD [M]  net/netfilter/nf_nat_ftp.ko
  LD [M]  net/netfilter/nf_nat_irc.ko
  LD [M]  net/netfilter/nf_nat_sip.ko
  LD [M]  net/netfilter/nf_nat_tftp.ko
  LD [M]  net/netfilter/nf_synproxy_core.ko
  LD [M]  net/netfilter/nf_conncount.ko
  LD [M]  net/netfilter/nf_dup_netdev.ko
  LD [M]  net/netfilter/nf_tables.ko
  LD [M]  net/netfilter/nft_compat.ko
  LD [M]  net/netfilter/nft_connlimit.ko
  LD [M]  net/netfilter/nft_numgen.ko
  LD [M]  net/netfilter/nft_ct.ko
  LD [M]  net/netfilter/nft_flow_offload.ko
  LD [M]  net/netfilter/nft_limit.ko
  LD [M]  net/netfilter/nft_nat.ko
  LD [M]  net/netfilter/nft_queue.ko
  LD [M]  net/netfilter/nft_quota.ko
  LD [M]  net/netfilter/nft_reject.ko
  LD [M]  net/netfilter/nft_reject_inet.ko
  LD [M]  net/netfilter/nft_reject_netdev.ko
  LD [M]  net/netfilter/nft_tunnel.ko
  LD [M]  net/netfilter/nft_log.ko
  LD [M]  net/netfilter/nft_masq.ko
  LD [M]  net/netfilter/nft_redir.ko
  LD [M]  net/netfilter/nft_hash.ko
  LD [M]  net/netfilter/nft_fib.ko
  LD [M]  net/netfilter/nft_fib_inet.ko
  LD [M]  net/netfilter/nft_fib_netdev.ko
  LD [M]  net/netfilter/nft_socket.ko
  LD [M]  net/netfilter/nft_osf.ko
  LD [M]  net/netfilter/nft_tproxy.ko
  LD [M]  net/netfilter/nft_xfrm.ko
  LD [M]  net/netfilter/nft_synproxy.ko
  LD [M]  net/netfilter/nft_chain_nat.ko
  LD [M]  net/netfilter/nft_dup_netdev.ko
  LD [M]  net/netfilter/nft_fwd_netdev.ko
  LD [M]  net/netfilter/nf_flow_table.ko
  LD [M]  net/netfilter/nf_flow_table_inet.ko
  LD [M]  net/netfilter/x_tables.ko
  LD [M]  net/netfilter/xt_tcpudp.ko
  LD [M]  net/netfilter/xt_mark.ko
  LD [M]  net/netfilter/xt_connmark.ko
  LD [M]  net/netfilter/xt_set.ko
  LD [M]  net/netfilter/xt_nat.ko
  LD [M]  net/netfilter/xt_CHECKSUM.ko
  LD [M]  net/netfilter/xt_CLASSIFY.ko
  LD [M]  net/netfilter/xt_CT.ko
  LD [M]  net/netfilter/xt_DSCP.ko
  LD [M]  net/netfilter/xt_HL.ko
  LD [M]  net/netfilter/xt_HMARK.ko
  LD [M]  net/netfilter/xt_LED.ko
  LD [M]  net/netfilter/xt_LOG.ko
  LD [M]  net/netfilter/xt_NETMAP.ko
  LD [M]  net/netfilter/xt_NFLOG.ko
  LD [M]  net/netfilter/xt_NFQUEUE.ko
  LD [M]  net/netfilter/xt_RATEEST.ko
  LD [M]  net/netfilter/xt_REDIRECT.ko
  LD [M]  net/netfilter/xt_MASQUERADE.ko
  LD [M]  net/netfilter/xt_TPROXY.ko
  LD [M]  net/netfilter/xt_TCPMSS.ko
  LD [M]  net/netfilter/xt_TCPOPTSTRIP.ko
  LD [M]  net/netfilter/xt_TEE.ko
  LD [M]  net/netfilter/xt_TRACE.ko
  LD [M]  net/netfilter/xt_IDLETIMER.ko
  LD [M]  net/netfilter/xt_addrtype.ko
  LD [M]  net/netfilter/xt_bpf.ko
  LD [M]  net/netfilter/xt_cluster.ko
  LD [M]  net/netfilter/xt_comment.ko
  LD [M]  net/netfilter/xt_connbytes.ko
  LD [M]  net/netfilter/xt_connlabel.ko
  LD [M]  net/netfilter/xt_connlimit.ko
  LD [M]  net/netfilter/xt_conntrack.ko
  LD [M]  net/netfilter/xt_cpu.ko
  LD [M]  net/netfilter/xt_dccp.ko
  LD [M]  net/netfilter/xt_devgroup.ko
  LD [M]  net/netfilter/xt_dscp.ko
  LD [M]  net/netfilter/xt_ecn.ko
  LD [M]  net/netfilter/xt_esp.ko
  LD [M]  net/netfilter/xt_hashlimit.ko
  LD [M]  net/netfilter/xt_helper.ko
  LD [M]  net/netfilter/xt_ipcomp.ko
  LD [M]  net/netfilter/xt_hl.ko
  LD [M]  net/netfilter/xt_iprange.ko
  LD [M]  net/netfilter/xt_l2tp.ko
  LD [M]  net/netfilter/xt_limit.ko
  LD [M]  net/netfilter/xt_length.ko
  LD [M]  net/netfilter/xt_mac.ko
  LD [M]  net/netfilter/xt_multiport.ko
  LD [M]  net/netfilter/xt_nfacct.ko
  LD [M]  net/netfilter/xt_osf.ko
  LD [M]  net/netfilter/xt_cgroup.ko
  LD [M]  net/netfilter/xt_pkttype.ko
  LD [M]  net/netfilter/xt_physdev.ko
  LD [M]  net/netfilter/xt_owner.ko
  LD [M]  net/netfilter/xt_policy.ko
  LD [M]  net/netfilter/xt_rateest.ko
  LD [M]  net/netfilter/xt_realm.ko
  LD [M]  net/netfilter/xt_quota.ko
  LD [M]  net/netfilter/xt_recent.ko
  LD [M]  net/netfilter/xt_sctp.ko
  LD [M]  net/netfilter/xt_socket.ko
  LD [M]  net/netfilter/xt_state.ko
  LD [M]  net/netfilter/xt_statistic.ko
  LD [M]  net/netfilter/xt_string.ko
  LD [M]  net/netfilter/xt_tcpmss.ko
  LD [M]  net/netfilter/xt_time.ko
  LD [M]  net/netfilter/xt_u32.ko
  LD [M]  net/netfilter/ipset/ip_set.ko
  LD [M]  net/netfilter/ipset/ip_set_bitmap_ip.ko
  LD [M]  net/netfilter/ipset/ip_set_bitmap_ipmac.ko
  LD [M]  net/netfilter/ipset/ip_set_bitmap_port.ko
  LD [M]  net/netfilter/ipset/ip_set_hash_ip.ko
  LD [M]  net/netfilter/ipset/ip_set_hash_ipmac.ko
  LD [M]  net/netfilter/ipset/ip_set_hash_ipmark.ko
  LD [M]  net/netfilter/ipset/ip_set_hash_ipport.ko
  LD [M]  net/netfilter/ipset/ip_set_hash_ipportip.ko
  LD [M]  net/netfilter/ipset/ip_set_hash_ipportnet.ko
  LD [M]  net/netfilter/ipset/ip_set_hash_mac.ko
  LD [M]  net/netfilter/ipset/ip_set_hash_net.ko
  LD [M]  net/netfilter/ipset/ip_set_hash_netport.ko
  LD [M]  net/netfilter/ipset/ip_set_hash_netiface.ko
  LD [M]  net/netfilter/ipset/ip_set_hash_netnet.ko
  LD [M]  net/netfilter/ipset/ip_set_hash_netportnet.ko
  LD [M]  net/netfilter/ipset/ip_set_list_set.ko
  LD [M]  net/ipv4/netfilter/nf_defrag_ipv4.ko
  LD [M]  net/ipv4/netfilter/nf_tproxy_ipv4.ko
  LD [M]  net/ipv4/netfilter/nf_reject_ipv4.ko
  LD [M]  net/ipv4/netfilter/nf_nat_h323.ko
  LD [M]  net/ipv4/netfilter/nf_socket_ipv4.ko
  LD [M]  net/ipv4/netfilter/nf_nat_pptp.ko
  LD [M]  net/ipv4/netfilter/nf_nat_snmp_basic.ko
  LD [M]  net/ipv4/netfilter/nft_reject_ipv4.ko
  LD [M]  net/ipv4/netfilter/nft_fib_ipv4.ko
  LD [M]  net/ipv4/netfilter/nft_dup_ipv4.ko
  LD [M]  net/ipv4/netfilter/ip_tables.ko
  LD [M]  net/ipv4/netfilter/iptable_filter.ko
  LD [M]  net/ipv4/netfilter/iptable_mangle.ko
  LD [M]  net/ipv4/netfilter/iptable_nat.ko
  LD [M]  net/ipv4/netfilter/iptable_raw.ko
  LD [M]  net/ipv4/netfilter/iptable_security.ko
  LD [M]  net/ipv4/netfilter/ipt_ah.ko
  LD [M]  net/ipv4/netfilter/ipt_rpfilter.ko
  LD [M]  net/ipv4/netfilter/ipt_ECN.ko
  LD [M]  net/ipv4/netfilter/ipt_REJECT.ko
  LD [M]  net/ipv4/netfilter/ipt_SYNPROXY.ko
  LD [M]  net/ipv4/netfilter/arp_tables.ko
  LD [M]  net/ipv4/netfilter/arpt_mangle.ko
  LD [M]  net/ipv4/netfilter/arptable_filter.ko
  LD [M]  net/ipv4/netfilter/nf_dup_ipv4.ko
  LD [M]  net/ipv4/ip_tunnel.ko
  LD [M]  net/ipv4/ipip.ko
  LD [M]  net/ipv4/fou.ko
  LD [M]  net/ipv4/gre.ko
  LD [M]  net/ipv4/ip_gre.ko
  LD [M]  net/ipv4/udp_tunnel.ko
  LD [M]  net/ipv4/ip_vti.ko
  LD [M]  net/ipv4/ah4.ko
  LD [M]  net/ipv4/esp4.ko
  LD [M]  net/ipv4/esp4_offload.ko
  LD [M]  net/ipv4/ipcomp.ko
  LD [M]  net/ipv4/xfrm4_tunnel.ko
  LD [M]  net/ipv4/tunnel4.ko
  LD [M]  net/ipv4/inet_diag.ko
  LD [M]  net/ipv4/tcp_diag.ko
  LD [M]  net/ipv4/udp_diag.ko
  LD [M]  net/ipv4/raw_diag.ko
  LD [M]  net/ipv4/tcp_bbr.ko
  LD [M]  net/ipv4/tcp_bbr3.ko
  LD [M]  net/ipv4/tcp_bic.ko
  LD [M]  net/ipv4/tcp_cdg.ko
  LD [M]  net/ipv4/tcp_dctcp.ko
  LD [M]  net/ipv4/tcp_westwood.ko
  LD [M]  net/ipv4/tcp_highspeed.ko
  LD [M]  net/ipv4/tcp_hybla.ko
  LD [M]  net/ipv4/tcp_htcp.ko
  LD [M]  net/ipv4/tcp_vegas.ko
  LD [M]  net/ipv4/tcp_nv.ko
  LD [M]  net/ipv4/tcp_veno.ko
  LD [M]  net/ipv4/tcp_scalable.ko
  LD [M]  net/ipv4/tcp_lp.ko
  LD [M]  net/ipv4/tcp_yeah.ko
  LD [M]  net/ipv4/tcp_illinois.ko
  LD [M]  net/xfrm/xfrm_algo.ko
  LD [M]  net/xfrm/xfrm_ipcomp.ko
  LD [M]  net/xfrm/xfrm_iptfs.ko
  LD [M]  net/unix/unix_diag.ko
  LD [M]  net/ipv6/netfilter/ip6_tables.ko
  LD [M]  net/ipv6/netfilter/ip6table_filter.ko
  LD [M]  net/ipv6/netfilter/ip6table_mangle.ko
  LD [M]  net/ipv6/netfilter/ip6table_raw.ko
  LD [M]  net/ipv6/netfilter/ip6table_security.ko
  LD [M]  net/ipv6/netfilter/ip6table_nat.ko
  LD [M]  net/ipv6/netfilter/nf_defrag_ipv6.ko
  LD [M]  net/ipv6/netfilter/nf_socket_ipv6.ko
  LD [M]  net/ipv6/netfilter/nf_tproxy_ipv6.ko
  LD [M]  net/ipv6/netfilter/nf_reject_ipv6.ko
  LD [M]  net/ipv6/netfilter/nf_dup_ipv6.ko
  LD [M]  net/ipv6/netfilter/nft_reject_ipv6.ko
  LD [M]  net/ipv6/netfilter/nft_dup_ipv6.ko
  LD [M]  net/ipv6/netfilter/nft_fib_ipv6.ko
  LD [M]  net/ipv6/netfilter/ip6t_ah.ko
  LD [M]  net/ipv6/netfilter/ip6t_eui64.ko
  LD [M]  net/ipv6/netfilter/ip6t_frag.ko
  LD [M]  net/ipv6/netfilter/ip6t_ipv6header.ko
  LD [M]  net/ipv6/netfilter/ip6t_mh.ko
  LD [M]  net/ipv6/netfilter/ip6t_hbh.ko
  LD [M]  net/ipv6/netfilter/ip6t_rpfilter.ko
  LD [M]  net/ipv6/netfilter/ip6t_rt.ko
  LD [M]  net/ipv6/netfilter/ip6t_srh.ko
  LD [M]  net/ipv6/netfilter/ip6t_NPT.ko
  LD [M]  net/ipv6/netfilter/ip6t_REJECT.ko
  LD [M]  net/ipv6/netfilter/ip6t_SYNPROXY.ko
  LD [M]  net/ipv6/ah6.ko
  LD [M]  net/ipv6/esp6.ko
  LD [M]  net/ipv6/esp6_offload.ko
  LD [M]  net/ipv6/ipcomp6.ko
  LD [M]  net/ipv6/xfrm6_tunnel.ko
  LD [M]  net/ipv6/tunnel6.ko
  LD [M]  net/ipv6/mip6.ko
  LD [M]  net/ipv6/ila/ila.ko
  LD [M]  net/ipv6/ip6_vti.ko
  LD [M]  net/ipv6/sit.ko
  LD [M]  net/ipv6/ip6_tunnel.ko
  LD [M]  net/ipv6/ip6_gre.ko
  LD [M]  net/ipv6/fou6.ko
  LD [M]  net/ipv6/ip6_udp_tunnel.ko
  LD [M]  net/packet/af_packet_diag.ko
  LD [M]  net/8021q/8021q.ko
  LD [M]  net/wireless/cfg80211.ko
  LD [M]  net/xdp/xsk_diag.ko
  LD [M]  net/llc/llc.ko
  LD [M]  net/tls/tls.ko
  LD [M]  net/key/af_key.ko
  LD [M]  net/bridge/netfilter/nft_meta_bridge.ko
  LD [M]  net/bridge/netfilter/nft_reject_bridge.ko
  LD [M]  net/bridge/netfilter/ebtables.ko
  LD [M]  net/bridge/netfilter/nf_conntrack_bridge.ko
  LD [M]  net/bridge/netfilter/ebtable_broute.ko
  LD [M]  net/bridge/netfilter/ebtable_filter.ko
  LD [M]  net/bridge/netfilter/ebtable_nat.ko
  LD [M]  net/bridge/netfilter/ebt_among.ko
  LD [M]  net/bridge/netfilter/ebt_802_3.ko
  LD [M]  net/bridge/netfilter/ebt_arp.ko
  LD [M]  net/bridge/netfilter/ebt_ip.ko
  LD [M]  net/bridge/netfilter/ebt_ip6.ko
  LD [M]  net/bridge/netfilter/ebt_limit.ko
  LD [M]  net/bridge/netfilter/ebt_mark_m.ko
  LD [M]  net/bridge/netfilter/ebt_pkttype.ko
  LD [M]  net/bridge/netfilter/ebt_stp.ko
  LD [M]  net/bridge/netfilter/ebt_vlan.ko
  LD [M]  net/bridge/netfilter/ebt_arpreply.ko
  LD [M]  net/bridge/netfilter/ebt_mark.ko
  LD [M]  net/bridge/netfilter/ebt_dnat.ko
  LD [M]  net/bridge/netfilter/ebt_redirect.ko
  LD [M]  net/bridge/netfilter/ebt_snat.ko
  LD [M]  net/bridge/netfilter/ebt_log.ko
  LD [M]  net/bridge/netfilter/ebt_nflog.ko
  LD [M]  net/bridge/bridge.ko
  LD [M]  net/bridge/br_netfilter.ko
  LD [M]  net/appletalk/appletalk.ko
  LD [M]  net/bluetooth/bluetooth.ko
  LD [M]  net/bluetooth/rfcomm/rfcomm.ko
  LD [M]  net/bluetooth/bnep/bnep.ko
  LD [M]  net/mac80211/mac80211.ko
  LD [M]  net/rfkill/rfkill.ko
  LD [M]  net/bluetooth/hidp/hidp.ko
  LD [M]  net/rfkill/rfkill-gpio.ko
  LD [M]  net/dns_resolver/dns_resolver.ko
  LD [M]  net/psample/psample.ko
  LD [M]  net/vmw_vsock/vsock_diag.ko
  LD [M]  net/vmw_vsock/vsock.ko
  LD [M]  net/vmw_vsock/vmw_vsock_virtio_transport_common.ko
  LD [M]  net/vmw_vsock/vsock_loopback.ko
  LD [M]  net/nsh/nsh.ko
  LD [M]  net/qrtr/qrtr.ko
  LD [M]  net/qrtr/qrtr-tun.ko
  LD [M]  net/qrtr/qrtr-mhi.ko
