=== Wed Aug 12 12:07:08 PM EEST 2026 старт збірки trim11 (-j24) ===
  GEN     arch/x86/include/generated/asm/orc_hash.h
  WRAP    arch/x86/include/generated/uapi/asm/bpf_perf_event.h
  WRAP    arch/x86/include/generated/uapi/asm/errno.h
  WRAP    arch/x86/include/generated/uapi/asm/fcntl.h
  WRAP    arch/x86/include/generated/uapi/asm/ioctl.h
  UPD     include/generated/uapi/linux/version.h
  WRAP    arch/x86/include/generated/uapi/asm/ioctls.h
  WRAP    arch/x86/include/generated/uapi/asm/ipcbuf.h
  WRAP    arch/x86/include/generated/uapi/asm/param.h
  WRAP    arch/x86/include/generated/uapi/asm/poll.h
  WRAP    arch/x86/include/generated/uapi/asm/resource.h
  WRAP    arch/x86/include/generated/uapi/asm/socket.h
  WRAP    arch/x86/include/generated/uapi/asm/termbits.h
  WRAP    arch/x86/include/generated/uapi/asm/sockios.h
  SYSHDR  arch/x86/include/generated/uapi/asm/unistd_32.h
  SYSHDR  arch/x86/include/generated/uapi/asm/unistd_64.h
  WRAP    arch/x86/include/generated/uapi/asm/termios.h
  SYSHDR  arch/x86/include/generated/uapi/asm/unistd_x32.h
  WRAP    arch/x86/include/generated/uapi/asm/types.h
  SYSTBL  arch/x86/include/generated/asm/syscalls_32.h
  SYSHDR  arch/x86/include/generated/asm/unistd_32_ia32.h
  SYSHDR  arch/x86/include/generated/asm/unistd_64_x32.h
  SYSTBL  arch/x86/include/generated/asm/syscalls_64.h
  HOSTCC  arch/x86/tools/relocs_32.o
  UPD     include/generated/compile.h
  HOSTCC  arch/x86/tools/relocs_64.o
  WRAP    arch/x86/include/generated/asm/early_ioremap.h
  WRAP    arch/x86/include/generated/asm/fprobe.h
  HOSTCC  arch/x86/tools/relocs_common.o
  WRAP    arch/x86/include/generated/asm/mcs_spinlock.h
  UPD     include/config/kernel.release
  WRAP    arch/x86/include/generated/asm/mmzone.h
  WRAP    arch/x86/include/generated/asm/ring_buffer.h
  HOSTCC  arch/x86/tools/vdso2c
  WRAP    arch/x86/include/generated/asm/irq_regs.h
  WRAP    arch/x86/include/generated/asm/kmap_size.h
  WRAP    arch/x86/include/generated/asm/local64.h
  WRAP    arch/x86/include/generated/asm/mmiowb.h
  WRAP    arch/x86/include/generated/asm/module.lds.h
  WRAP    arch/x86/include/generated/asm/rwonce.h
  UPD     arch/x86/include/generated/asm/cpufeaturemasks.h
  HOSTCC  scripts/kallsyms
  HOSTCC  scripts/sorttable.o
  HOSTCC  scripts/elf-parse.o
  HOSTCC  scripts/asn1_compiler
  UPD     include/generated/utsrelease.h
  TOUCH   include/generated/gcc-plugins.h
  DESCEND objtool
  HOSTLD  scripts/sorttable
  HOSTLD  arch/x86/tools/relocs
  CC      scripts/mod/empty.o
  HOSTCC  scripts/mod/mk_elfconfig
  CC      scripts/mod/devicetable-offsets.s
  UPD     scripts/mod/devicetable-offsets.h
  MKELF   scripts/mod/elfconfig.h
  HOSTCC  scripts/mod/modpost.o
  HOSTCC  scripts/mod/file2alias.o
  HOSTCC  scripts/mod/sumversion.o
  HOSTCC  scripts/mod/symsearch.o
  INSTALL /usr/src/linux-7.1.6-cachyos0/tools/objtool/libsubcmd/include/subcmd/exec-cmd.h
  INSTALL /usr/src/linux-7.1.6-cachyos0/tools/objtool/libsubcmd/include/subcmd/help.h
  INSTALL /usr/src/linux-7.1.6-cachyos0/tools/objtool/libsubcmd/include/subcmd/pager.h
  INSTALL /usr/src/linux-7.1.6-cachyos0/tools/objtool/libsubcmd/include/subcmd/parse-options.h
  INSTALL /usr/src/linux-7.1.6-cachyos0/tools/objtool/libsubcmd/include/subcmd/run-command.h
  INSTALL libsubcmd_headers
  CC      /usr/src/linux-7.1.6-cachyos0/tools/objtool/libsubcmd/exec-cmd.o
  CC      /usr/src/linux-7.1.6-cachyos0/tools/objtool/libsubcmd/help.o
  CC      /usr/src/linux-7.1.6-cachyos0/tools/objtool/libsubcmd/pager.o
  CC      /usr/src/linux-7.1.6-cachyos0/tools/objtool/libsubcmd/parse-options.o
  CC      /usr/src/linux-7.1.6-cachyos0/tools/objtool/libsubcmd/run-command.o
  CC      /usr/src/linux-7.1.6-cachyos0/tools/objtool/libsubcmd/sigchain.o
  CC      /usr/src/linux-7.1.6-cachyos0/tools/objtool/libsubcmd/subcmd-config.o
  LD      /usr/src/linux-7.1.6-cachyos0/tools/objtool/libsubcmd/libsubcmd-in.o
  AR      /usr/src/linux-7.1.6-cachyos0/tools/objtool/libsubcmd/libsubcmd.a
  HOSTLD  scripts/mod/modpost
  CC      /usr/src/linux-7.1.6-cachyos0/tools/objtool/weak.o
  MKDIR   /usr/src/linux-7.1.6-cachyos0/tools/objtool/arch/x86/lib/
  CC      /usr/src/linux-7.1.6-cachyos0/tools/objtool/check.o
  CC      /usr/src/linux-7.1.6-cachyos0/tools/objtool/special.o
  MKDIR   /usr/src/linux-7.1.6-cachyos0/tools/objtool/arch/x86/lib/
  CC      /usr/src/linux-7.1.6-cachyos0/tools/objtool/builtin-check.o
  CC      /usr/src/linux-7.1.6-cachyos0/tools/objtool/arch/x86/orc.o
  GEN     /usr/src/linux-7.1.6-cachyos0/tools/objtool/arch/x86/lib/inat-tables.c
  CC      /usr/src/linux-7.1.6-cachyos0/tools/objtool/objtool.o
  CC      /usr/src/linux-7.1.6-cachyos0/tools/objtool/elf.o
  CC      /usr/src/linux-7.1.6-cachyos0/tools/objtool/disas.o
  GEN     /usr/src/linux-7.1.6-cachyos0/tools/objtool/arch/x86/lib/cpu-feature-names.c
  CC      /usr/src/linux-7.1.6-cachyos0/tools/objtool/trace.o
  CC      /usr/src/linux-7.1.6-cachyos0/tools/objtool/orc_gen.o
  CC      /usr/src/linux-7.1.6-cachyos0/tools/objtool/orc_dump.o
  CC      /usr/src/linux-7.1.6-cachyos0/tools/objtool/builtin-klp.o
  CC      /usr/src/linux-7.1.6-cachyos0/tools/objtool/klp-diff.o
  CC      /usr/src/linux-7.1.6-cachyos0/tools/objtool/klp-post-link.o
  CC      /usr/src/linux-7.1.6-cachyos0/tools/objtool/libstring.o
  CC      /usr/src/linux-7.1.6-cachyos0/tools/objtool/libctype.o
  CC      /usr/src/linux-7.1.6-cachyos0/tools/objtool/str_error_r.o
  CC      /usr/src/linux-7.1.6-cachyos0/tools/objtool/librbtree.o
  CC      /usr/src/linux-7.1.6-cachyos0/tools/objtool/arch/x86/special.o
  CC      /usr/src/linux-7.1.6-cachyos0/tools/objtool/signal.o
  CC      kernel/bounds.s
  UPD     include/generated/timeconst.h
  CHKSHA1 include/linux/atomic/atomic-instrumented.h
  CHKSHA1 include/linux/atomic/atomic-arch-fallback.h
  CHKSHA1 include/linux/atomic/atomic-long.h
  CC      /usr/src/linux-7.1.6-cachyos0/tools/objtool/arch/x86/decode.o
  UPD     include/generated/bounds.h
  CC      arch/x86/kernel/asm-offsets.s
  UPD     include/generated/asm-offsets.h
  CC      kernel/sched/rq-offsets.s
  LD      /usr/src/linux-7.1.6-cachyos0/tools/objtool/arch/x86/objtool-in.o
  UPD     include/generated/rq-offsets.h
  CALL    scripts/checksyscalls.sh 
  LD      /usr/src/linux-7.1.6-cachyos0/tools/objtool/objtool-in.o
  LINK    /usr/src/linux-7.1.6-cachyos0/tools/objtool/objtool
  LDS     scripts/module.lds
  HOSTCC  usr/gen_init_cpio
  CC      init/main.o
  AR      certs/built-in.a
  CC      mm/filemap.o
  CC      ipc/compat.o
  CC      init/do_mounts.o
  UPD     init/utsversion-tmp.h
  CC      security/commoncap.o
  CC      fs/open.o
  CC      block/bdev.o
  AS      arch/x86/boot/startup/efi-mixed.o
  AS      arch/x86/lib/bhi.o
  CC      io_uring/io_uring.o
  AS      arch/x86/entry/entry.o
  CC      arch/x86/events/core.o
  AR      sound/built-in.a
  CC      mm/mempool.o
  CC      net/devres.o
  CC      arch/x86/realmode/init.o
  CC      lib/argv_split.o
  CC      security/keys/gc.o
  CC      arch/x86/pci/i386.o
  AR      drivers/cache/built-in.a
  AR      virt/lib/built-in.a
  CC [M]  sound/sound_core.o
  AR      virt/built-in.a
  CC      kernel/fork.o
  CC      drivers/irqchip/irq-msi-lib.o
  AS      arch/x86/boot/startup/la57toggle.o
  CC      crypto/api.o
  CC      arch/x86/boot/startup/gdt_idt.o
  AR      drivers/bus/mhi/built-in.a
  AS      arch/x86/lib/clear_page_64.o
  AS      arch/x86/entry/entry_64.o
  AR      drivers/bus/built-in.a
  CC      net/socket.o
  CC      arch/x86/lib/cmdline.o
  CC      arch/x86/entry/syscall_64.o
  AS      arch/x86/lib/cmpxchg16b_emu.o
  CC      arch/x86/lib/copy_mc.o
  CC      lib/bug.o
  GEN     usr/initramfs_data.cpio
  CC      arch/x86/boot/startup/map_kernel.o
  COPY    usr/initramfs_inc_data
  AS      usr/initramfs_data.o
  AR      usr/built-in.a
  AS      arch/x86/lib/copy_mc_64.o
  AR      drivers/irqchip/built-in.a
  CC      io_uring/opdef.o
  CC      drivers/phy/phy-core.o
  AS      arch/x86/realmode/rm/header.o
  CC [M]  sound/core/sound.o
  AS      arch/x86/realmode/rm/trampoline_64.o
  AS      arch/x86/realmode/rm/stack.o
  AS      arch/x86/lib/copy_page_64.o
  AS      arch/x86/realmode/rm/reboot.o
  AS      arch/x86/lib/copy_user_64.o
  AS      arch/x86/realmode/rm/wakeup_asm.o
  AR      arch/x86/boot/startup/lib.a
  AS      arch/x86/lib/copy_user_uncached_64.o
  CC      arch/x86/realmode/rm/wakemain.o
  OBJCOPY arch/x86/boot/startup/gdt_idt.pi.o
  OBJCOPY arch/x86/boot/startup/map_kernel.pi.o
  AR      arch/x86/boot/startup/built-in.a
  CC      arch/x86/lib/cpu.o
  CC      drivers/pinctrl/core.o
  CC      security/keys/key.o
  CC      ipc/util.o
  CC      arch/x86/realmode/rm/video-mode.o
  AS      arch/x86/lib/csum-copy_64.o
  CC      arch/x86/pci/init.o
  AS      arch/x86/realmode/rm/copy.o
  AS      arch/x86/realmode/rm/bioscall.o
  CC      ipc/msgutil.o
  CC      crypto/cipher.o
  CC      ipc/msg.o
  CC      arch/x86/realmode/rm/regs.o
  CC      lib/buildid.o
  CC      arch/x86/realmode/rm/video-vga.o
  CC      arch/x86/realmode/rm/video-vesa.o
  CC      arch/x86/entry/common.o
  CC      lib/cmdline.o
  CC      arch/x86/realmode/rm/video-bios.o
  CC      kernel/exec_domain.o
  CC [M]  sound/core/init.o
  CC      arch/x86/lib/csum-partial_64.o
  CC      kernel/panic.o
  CC      block/fops.o
  PASYMS  arch/x86/realmode/rm/pasyms.h
  LDS     arch/x86/realmode/rm/realmode.lds
  CC      init/do_mounts_initrd.o
  CC      arch/x86/lib/csum-wrappers_64.o
  LD      arch/x86/realmode/rm/realmode.elf
  RELOCS  arch/x86/realmode/rm/realmode.relocs
  OBJCOPY arch/x86/realmode/rm/realmode.bin
  CC      drivers/pinctrl/pinctrl-utils.o
  AS      arch/x86/realmode/rmpiggy.o
  AR      arch/x86/realmode/built-in.a
  CC      drivers/gpio/gpiolib.o
  AR      drivers/phy/allwinner/built-in.a
  AR      drivers/phy/amlogic/built-in.a
  AR      drivers/phy/apple/built-in.a
  AR      drivers/phy/broadcom/built-in.a
  CC      crypto/algapi.o
  AR      drivers/phy/cadence/built-in.a
  AR      drivers/phy/canaan/built-in.a
  AR      drivers/phy/eswin/built-in.a
  AR      drivers/phy/freescale/built-in.a
  CC      arch/x86/pci/mmconfig_64.o
  AR      drivers/phy/hisilicon/built-in.a
  AR      drivers/phy/ingenic/built-in.a
  AR      drivers/phy/intel/built-in.a
  AR      drivers/phy/lantiq/built-in.a
  AR      drivers/phy/marvell/built-in.a
  AR      drivers/phy/mediatek/built-in.a
  AR      drivers/phy/microchip/built-in.a
  CC      drivers/gpio/gpiolib-devres.o
  AR      drivers/phy/motorola/built-in.a
  CC      arch/x86/lib/delay.o
  AR      drivers/phy/mscc/built-in.a
  AR      drivers/phy/nuvoton/built-in.a
  AR      drivers/phy/qualcomm/built-in.a
  CC      lib/cpumask.o
  AR      drivers/phy/ralink/built-in.a
  AR      drivers/phy/realtek/built-in.a
  AR      drivers/phy/renesas/built-in.a
  AR      drivers/phy/rockchip/built-in.a
  AR      drivers/phy/samsung/built-in.a
  AR      drivers/phy/socionext/built-in.a
  AR      drivers/phy/sophgo/built-in.a
  AR      drivers/phy/spacemit/built-in.a
  AR      drivers/phy/st/built-in.a
  AR      drivers/phy/starfive/built-in.a
  AS      arch/x86/lib/getuser.o
  AR      drivers/phy/sunplus/built-in.a
  AR      drivers/phy/tegra/built-in.a
  GEN     arch/x86/lib/inat-tables.c
  AR      drivers/phy/ti/built-in.a
  CC      drivers/gpio/gpiolib-legacy.o
  AR      drivers/phy/xilinx/built-in.a
  AR      drivers/phy/built-in.a
  CC      drivers/gpio/gpiolib-cdev.o
  CC      security/keys/keyring.o
  CC      mm/oom_kill.o
  CC      arch/x86/lib/insn-eval.o
  CC      arch/x86/entry/vdso/vma.o
  CC      arch/x86/events/probe.o
  CC      init/initramfs.o
  AS      arch/x86/kernel/head_64.o
  CC      arch/x86/kernel/head64.o
  CC      arch/x86/mm/init.o
  CC      drivers/pinctrl/pinmux.o
  CC      ipc/sem.o
  CC      kernel/cpu.o
  CC [M]  sound/core/memory.o
  CC      drivers/pinctrl/pinconf.o
  CC      lib/ctype.o
  CC      lib/dec_and_lock.o
  CC      arch/x86/pci/direct.o
  CC      arch/x86/events/utils.o
  CC      block/bio.o
  CC      arch/x86/pci/mmconfig-shared.o
  CC      lib/decompress.o
  CC      fs/read_write.o
  CC      io_uring/kbuf.o
  CC      lib/decompress_unzstd.o
  CC [M]  sound/core/control.o
  CC      arch/x86/kernel/ebda.o
  CC      arch/x86/entry/vdso/extable.o
  CC      crypto/scatterwalk.o
  CC [M]  sound/core/misc.o
  CC      arch/x86/lib/insn.o
  CC      net/core/sock.o
  CC      drivers/pinctrl/pinconf-generic.o
  CC      drivers/pinctrl/pinctrl-sx150x.o
  CC      init/calibrate.o
  CC      arch/x86/mm/init_64.o
  CC      arch/x86/lib/kaslr.o
  CC      lib/dump_stack.o
  CC      security/keys/keyctl.o
  CC      arch/x86/events/amd/core.o
  CC      lib/earlycpio.o
  CC      init/init_task.o
  CC      arch/x86/kernel/platform-quirks.o
  AS      arch/x86/lib/memcpy_64.o
  CC      kernel/exit.o
  AS      arch/x86/lib/memmove_64.o
  CC      kernel/softirq.o
  AS      arch/x86/lib/memset_64.o
  CC      kernel/resource.o
  CC      kernel/sysctl.o
  CC      arch/x86/lib/misc.o
  CC      arch/x86/pci/fixup.o
  CC      arch/x86/lib/pc-conf-reg.o
  CC      arch/x86/entry/vdso/vdso32-setup.o
  CC      crypto/proc.o
  CC      io_uring/rsrc.o
  AS      arch/x86/lib/putuser.o
  CC      arch/x86/lib/usercopy.o
  CC      lib/extable.o
  CC      arch/x86/kernel/process_64.o
  AR      drivers/pinctrl/actions/built-in.a
  AR      drivers/pinctrl/bcm/built-in.a
  CC      mm/fadvise.o
  AR      drivers/pinctrl/cirrus/built-in.a
  CC [M]  drivers/pinctrl/cirrus/pinctrl-cs42l43.o
  CC      init/version.o
  CC      arch/x86/lib/usercopy_64.o
  LDS     arch/x86/entry/vdso/vdso64/vdso64.lds
  AS      arch/x86/entry/vdso/vdso64/note.o
  CC      arch/x86/entry/vdso/vdso64/vclock_gettime.o
  AR      arch/x86/crypto/built-in.a
  AS [M]  arch/x86/crypto/aesni-intel_asm.o
  CC      ipc/shm.o
  CC [M]  arch/x86/crypto/aesni-intel_glue.o
  CC      crypto/lskcipher.o
  CC      ipc/syscall.o
  CC      block/elevator.o
  CC      lib/flex_proportions.o
  AR      init/built-in.a
  CC      ipc/ipc_sysctl.o
  CC      arch/x86/mm/fault.o
  CC      arch/x86/events/amd/lbr.o
  CC      drivers/gpio/gpiolib-acpi-core.o
  CC      arch/x86/pci/acpi.o
  CC      security/keys/permission.o
  CC      arch/x86/lib/msr-smp.o
  CC [M]  sound/core/device.o
  CC      arch/x86/entry/vdso/vdso64/vgetcpu.o
  CC      arch/x86/entry/vdso/vdso64/vgetrandom.o
  CC      lib/idr.o
  CC      ipc/namespace.o
  CC      net/core/skbuff.o
  CC      fs/file_table.o
  AR      drivers/pinctrl/cix/built-in.a
  CC      mm/maccess.o
  CC      arch/x86/lib/cache-smp.o
  AR      drivers/pinctrl/freescale/built-in.a
  AS      arch/x86/entry/vdso/vdso64/vgetrandom-chacha.o
  CC      drivers/pinctrl/intel/pinctrl-baytrail.o
  VDSO    arch/x86/entry/vdso/vdso64/vdso64.so.dbg
  OBJCOPY arch/x86/entry/vdso/vdso64/vdso64.so
  VDSO2C  arch/x86/entry/vdso/vdso64/vdso64-image.c
  CC      arch/x86/entry/vdso/vdso64/vdso64-image.o
  CC      arch/x86/kernel/signal.o
  CC      arch/x86/lib/msr.o
  CC      crypto/skcipher.o
  CC      kernel/capability.o
  CC      crypto/bpf_crypto_skcipher.o
  CC [M]  sound/core/info.o
  CC      drivers/pinctrl/intel/pinctrl-cherryview.o
  AR      arch/x86/entry/vdso/vdso64/built-in.a
  CC      security/keys/process_keys.o
  LDS     arch/x86/entry/vdso/vdso32/vdso32.lds
  AS      arch/x86/entry/vdso/vdso32/note.o
  CC      arch/x86/entry/vdso/vdso32/vclock_gettime.o
  CC      arch/x86/events/amd/ibs.o
  CC      lib/iomem_copy.o
  CC      arch/x86/pci/legacy.o
  CC      io_uring/notif.o
  CC      block/blk-core.o
  CC      security/keys/request_key.o
  CC      lib/irq_regs.o
  AR      ipc/built-in.a
  CC      security/keys/request_key_auth.o
  AS      arch/x86/lib/msr-reg.o
  CC      security/keys/user_defined.o
  CC      arch/x86/lib/msr-reg-export.o
  CC      mm/page-writeback.o
  CC      drivers/gpio/gpiolib-acpi-quirks.o
  CC      lib/is_single_threaded.o
  AS      arch/x86/lib/hweight.o
  CC      fs/super.o
  CC      arch/x86/lib/iomem.o
  CC      arch/x86/mm/ioremap.o
  AS [M]  arch/x86/crypto/aes-ctr-avx-x86_64.o
  CC      kernel/ptrace.o
  CC      arch/x86/kernel/signal_64.o
  AS [M]  arch/x86/crypto/aes-gcm-aesni-x86_64.o
  CC      mm/folio-compat.o
  AS [M]  arch/x86/crypto/aes-gcm-vaes-avx2.o
  CC      arch/x86/pci/irq.o
  AS [M]  arch/x86/crypto/aes-gcm-vaes-avx512.o
  CC      arch/x86/entry/vdso/vdso32/vgetcpu.o
  AS [M]  arch/x86/crypto/aes-xts-avx-x86_64.o
  AS      arch/x86/entry/vdso/vdso32/system_call.o
  CC      arch/x86/pci/common.o
  LD [M]  arch/x86/crypto/aesni-intel.o
  AS      arch/x86/entry/vdso/vdso32/sigreturn.o
  CC      security/keys/compat.o
  CC [M]  sound/core/isadma.o
  VDSO    arch/x86/entry/vdso/vdso32/vdso32.so.dbg
  CC      lib/klist.o
  CC      crypto/ahash.o
  OBJCOPY arch/x86/entry/vdso/vdso32/vdso32.so
  VDSO2C  arch/x86/entry/vdso/vdso32/vdso32-image.c
  CC      arch/x86/entry/vdso/vdso32/vdso32-image.o
  CC      lib/kobject.o
  CC      drivers/gpio/gpiolib-swnode.o
  CC      drivers/pinctrl/intel/pinctrl-intel.o
  CC      lib/kobject_uevent.o
  CC      arch/x86/lib/inat.o
  CC [M]  drivers/pinctrl/intel/pinctrl-lynxpoint.o
  CC [M]  drivers/pinctrl/intel/pinctrl-intel-platform.o
  AR      arch/x86/entry/vdso/vdso32/built-in.a
  AR      arch/x86/entry/vdso/built-in.a
  AR      arch/x86/lib/built-in.a
  CC      arch/x86/entry/vsyscall/vsyscall_64.o
  AR      arch/x86/lib/lib.a
  CC      io_uring/tctx.o
  AS      arch/x86/entry/vsyscall/vsyscall_emu_64.o
  CC      fs/char_dev.o
  CC      arch/x86/mm/extable.o
  CC      arch/x86/mm/mmap.o
  CC      arch/x86/kernel/traps.o
  AR      arch/x86/events/amd/built-in.a
  CC      arch/x86/events/msr.o
  CC [M]  sound/core/vmaster.o
  AR      arch/x86/ia32/built-in.a
  CC      fs/stat.o
  CC      security/keys/proc.o
  CC      fs/exec.o
  AR      drivers/gpio/built-in.a
  CC      fs/pipe.o
  CC      io_uring/filetable.o
  CC      lib/logic_pio.o
  CC      block/blk-sysfs.o
  AS      arch/x86/entry/thunk.o
  CC      lib/maple_tree.o
  CC      lib/memcat_p.o
  CC      lib/nmi_backtrace.o
  CC      arch/x86/pci/early.o
  CC      arch/x86/power/cpu.o
  CC      kernel/user.o
  CC      crypto/shash.o
  CC      arch/x86/mm/pgtable.o
  AR      arch/x86/entry/vsyscall/built-in.a
  AS      arch/x86/entry/entry_64_fred.o
  AR      arch/x86/platform/atom/built-in.a
  AR      arch/x86/platform/ce4100/built-in.a
  CC      arch/x86/entry/entry_fred.o
  CC      security/keys/sysctl.o
  CC      arch/x86/platform/efi/memmap.o
  CC      arch/x86/net/bpf_jit_comp.o
  CC      arch/x86/events/intel/core.o
  CC [M]  sound/core/ctljack.o
  CC      arch/x86/virt/svm/cmdline.o
  CC      security/keys/persistent.o
  CC      io_uring/rw.o
  CC      mm/readahead.o
  AR      arch/x86/virt/svm/built-in.a
  AR      arch/x86/virt/vmx/built-in.a
  AR      arch/x86/virt/built-in.a
  CC      security/keys/big_key.o
  CC [M]  drivers/pinctrl/intel/pinctrl-alderlake.o
  CC      arch/x86/kernel/idt.o
  CC      kernel/signal.o
  CC      arch/x86/kernel/irq.o
  CC      arch/x86/pci/bus_numa.o
  CC [M]  sound/core/jack.o
  CC      arch/x86/events/zhaoxin/core.o
  CC [M]  arch/x86/events/rapl.o
  CC      block/blk-flush.o
  CC [M]  drivers/pinctrl/intel/pinctrl-broxton.o
  CC      arch/x86/platform/efi/quirks.o
  AR      arch/x86/power/built-in.a
  AR      arch/x86/platform/geode/built-in.a
  AS      arch/x86/entry/entry_64_compat.o
  CC      io_uring/poll.o
  CC      io_uring/tw.o
  CC      arch/x86/mm/physaddr.o
  CC      arch/x86/entry/syscall_32.o
  CC      fs/namei.o
  CC      arch/x86/platform/efi/efi.o
  CC      crypto/kpp.o
  AR      security/keys/built-in.a
  CC      security/lsm_syscalls.o
  CC [M]  drivers/pinctrl/intel/pinctrl-cannonlake.o
  CC [M]  sound/core/control_led.o
  CC      arch/x86/pci/amd_bus.o
  CC      io_uring/wait.o
  CC      mm/swap.o
  CC      block/blk-settings.o
  AR      arch/x86/events/zhaoxin/built-in.a
  CC      arch/x86/mm/tlb.o
  CC      security/min_addr.o
  CC      drivers/pwm/core.o
  CC      arch/x86/kernel/irq_64.o
  CC      arch/x86/events/intel/bts.o
  CC      fs/fcntl.o
  CC [M]  drivers/pinctrl/intel/pinctrl-cedarfork.o
  CC      fs/ioctl.o
  CC      fs/readdir.o
  CC      crypto/acompress.o
  AR      arch/x86/pci/built-in.a
  CC      net/core/datagram.o
  CC      arch/x86/platform/efi/efi_64.o
  AR      arch/x86/entry/built-in.a
  CC      net/compat.o
  CC [M]  sound/core/hwdep.o
  CC      arch/x86/kernel/dumpstack_64.o
  CC      security/security.o
  CC [M]  drivers/pinctrl/intel/pinctrl-denverton.o
  AS      arch/x86/platform/efi/efi_stub_64.o
  CC      net/ethernet/eth.o
  CC      block/blk-ioc.o
  CC      io_uring/eventfd.o
  CC      net/802/fc.o
  CC      net/sched/sch_generic.o
  CC      arch/x86/mm/cpu_entry_area.o
  CC      io_uring/uring_cmd.o
  CC [M]  drivers/pinctrl/intel/pinctrl-elkhartlake.o
  CC      arch/x86/kernel/time.o
  CC      crypto/scompress.o
  AS      arch/x86/net/bpf_timed_may_goto.o
  CC [M]  sound/core/timer.o
  AR      arch/x86/net/built-in.a
  CC      net/sched/sch_mq.o
  CC [M]  drivers/pwm/pwm-lpss.o
  AS      arch/x86/platform/efi/efi_thunk_64.o
  CC      arch/x86/platform/efi/runtime-map.o
  CC      block/blk-map.o
  CC      net/sched/sch_frag.o
  CC      mm/truncate.o
  CC [M]  drivers/pinctrl/intel/pinctrl-emmitsburg.o
  CC      arch/x86/kernel/ioport.o
  CC      net/sched/sch_api.o
  CC      arch/x86/mm/maccess.o
  CC [M]  net/802/psnap.o
  CC      net/sched/sch_blackhole.o
  CC      arch/x86/events/intel/ds.o
  CC [M]  drivers/pwm/pwm-lpss-pci.o
  AR      net/ethernet/built-in.a
  CC      io_uring/openclose.o
  CC      io_uring/sqpoll.o
  CC      net/sched/cls_api.o
  CC      crypto/algboss.o
  CC      arch/x86/mm/pgprot.o
  CC [M]  drivers/pinctrl/intel/pinctrl-geminilake.o
  AR      arch/x86/platform/efi/built-in.a
  AR      arch/x86/platform/iris/built-in.a
  CC      arch/x86/platform/intel/iosf_mbi.o
  CC      kernel/sys.o
  CC      arch/x86/mm/pat/set_memory.o
  CC      block/blk-merge.o
  CC [M]  drivers/pwm/pwm-lpss-platform.o
  CC      arch/x86/kernel/dumpstack.o
  CC [M]  net/802/stp.o
  CC [M]  net/802/garp.o
  CC      arch/x86/mm/pat/memtype.o
  CC [M]  drivers/pinctrl/intel/pinctrl-icelake.o
  CC      arch/x86/mm/pat/memtype_interval.o
  CC [M]  drivers/pinctrl/intel/pinctrl-jasperlake.o
  CC      net/core/stream.o
  CC      mm/vmscan.o
  AR      arch/x86/platform/intel/built-in.a
  AR      arch/x86/platform/intel-mid/built-in.a
  CC      mm/shrinker.o
  AR      arch/x86/platform/intel-quark/built-in.a
  AR      arch/x86/platform/olpc/built-in.a
  AR      drivers/pwm/built-in.a
  AR      arch/x86/platform/scx200/built-in.a
  AR      arch/x86/platform/ts5500/built-in.a
  CC [M]  sound/drivers/dummy.o
  AR      arch/x86/platform/uv/built-in.a
  AR      arch/x86/platform/built-in.a
  CC [M]  drivers/pinctrl/intel/pinctrl-lakefield.o
  CC      crypto/testmgr.o
  CC [M]  sound/core/hrtimer.o
  CC      arch/x86/kernel/nmi.o
  CC      fs/select.o
  CC      lib/objpool.o
  CC      io_uring/xattr.o
  CC      fs/dcache.o
  CC      block/blk-timeout.o
  CC      arch/x86/events/intel/knc.o
  CC [M]  drivers/pinctrl/intel/pinctrl-lewisburg.o
  CC      block/blk-lib.o
  CC      crypto/hmac.o
  CC      drivers/leds/led-core.o
  CC [M]  sound/core/pcm.o
  CC      lib/plist.o
  CC [M]  net/802/mrp.o
  CC [M]  sound/drivers/aloop.o
  CC      arch/x86/video/video-common.o
  CC      net/core/scm.o
  CC      lib/radix-tree.o
  CC      drivers/pci/access.o
  CC      security/lsm_notifier.o
  CC      drivers/pci/bus.o
  CC      kernel/umh.o
  CC      io_uring/nop.o
  CC      arch/x86/kernel/fred.o
  CC [M]  drivers/pinctrl/intel/pinctrl-meteorlake.o
  CC      net/core/gen_stats.o
  CC      arch/x86/events/intel/lbr.o
  CC      block/blk-mq.o
  AR      arch/x86/mm/pat/built-in.a
  CC      arch/x86/mm/pkeys.o
  CC      crypto/sha1.o
  CC      drivers/leds/led-class.o
  AR      arch/x86/video/built-in.a
  CC      net/core/gen_estimator.o
  CC      security/lsm_init.o
  CC [M]  sound/core/pcm_native.o
  CC [M]  sound/core/pcm_lib.o
  CC [M]  drivers/pinctrl/intel/pinctrl-meteorpoint.o
  CC      io_uring/fs.o
  CC [M]  sound/core/pcm_misc.o
  CC      kernel/workqueue.o
  CC      arch/x86/kernel/ldt.o
  CC      drivers/pci/probe.o
  CC      lib/ratelimit.o
  CC      drivers/pci/host-bridge.o
  AR      net/802/built-in.a
  CC      arch/x86/mm/kaslr.o
  CC      kernel/pid.o
  CC      crypto/sha256.o
  CC      lib/rbtree.o
  CC      io_uring/splice.o
  CC [M]  drivers/pinctrl/intel/pinctrl-sunrisepoint.o
  CC      io_uring/sync.o
  CC [M]  sound/drivers/pcmtest.o
  CC      drivers/leds/led-triggers.o
  CC      net/sched/sch_fifo.o
  CC [M]  sound/core/pcm_memory.o
  CC      arch/x86/events/intel/p4.o
  CC      net/core/net_namespace.o
  CC      fs/inode.o
  CC      drivers/leds/trigger/ledtrig-disk.o
  CC      lib/seq_buf.o
  CC      security/inode.o
  AR      arch/x86/mm/built-in.a
  CC      arch/x86/kernel/setup.o
  CC      arch/x86/kernel/x86_init.o
  CC      crypto/sha512.o
  CC      crypto/blake2b.o
  CC [M]  drivers/pinctrl/intel/pinctrl-tigerlake.o
  CC      crypto/ecb.o
  CC      io_uring/msg_ring.o
  CC      drivers/leds/trigger/ledtrig-cpu.o
  CC      io_uring/advise.o
  CC [M]  sound/drivers/serial-u16550.o
  CC      io_uring/statx.o
  CC      lib/siphash.o
  CC      io_uring/timeout.o
  CC      drivers/pci/remove.o
  CC      lib/string.o
  CC      io_uring/cancel.o
  CC      net/sched/ematch.o
  AR      drivers/pinctrl/intel/built-in.a
  CC      crypto/cbc.o
  CC      security/yama/yama_lsm.o
  AR      drivers/pinctrl/mediatek/built-in.a
  AR      drivers/pinctrl/microchip/built-in.a
  AR      drivers/pinctrl/mvebu/built-in.a
  CC      fs/attr.o
  AR      drivers/pinctrl/nomadik/built-in.a
  CC      arch/x86/events/intel/p6.o
  AR      drivers/pinctrl/nuvoton/built-in.a
  AR      drivers/pinctrl/nxp/built-in.a
  AR      drivers/pinctrl/qcom/built-in.a
  AR      drivers/pinctrl/sophgo/built-in.a
  AR      drivers/pinctrl/spacemit/built-in.a
  AR      drivers/pinctrl/sprd/built-in.a
  AR      drivers/pinctrl/starfive/built-in.a
  CC      arch/x86/kernel/i8259.o
  AR      drivers/pinctrl/ti/built-in.a
  AR      drivers/pinctrl/sunplus/built-in.a
  CC      arch/x86/kernel/irqinit.o
  CC [M]  drivers/pinctrl/pinctrl-cy8c95x0.o
  CC      drivers/leds/trigger/ledtrig-panic.o
  CC      kernel/task_work.o
  CC      kernel/extable.o
  CC      lib/sys_info.o
  CC      kernel/params.o
  AR      drivers/leds/blink/built-in.a
  CC      net/core/secure_seq.o
  CC      arch/x86/kernel/jump_label.o
  CC      crypto/cts.o
  CC      drivers/pci/pci.o
  CC [M]  sound/drivers/mtpav.o
  CC [M]  drivers/leds/trigger/ledtrig-timer.o
  CC      arch/x86/events/intel/pt.o
  CC      kernel/kthread.o
  AR      security/yama/built-in.a
  CC      mm/shmem.o
  CC      security/device_cgroup.o
  CC      lib/timerqueue.o
  CC      security/landlock/setup.o
  CC      io_uring/waitid.o
  CC      net/netlink/af_netlink.o
  CC      fs/bad_inode.o
  CC      net/bpf/test_run.o
  CC      arch/x86/kernel/irq_work.o
  AR      net/sched/built-in.a
  CC      block/blk-mq-tag.o
  CC      lib/union_find.o
  CC      block/blk-mq-dma.o
  CC      lib/vsprintf.o
  CC      crypto/xts.o
  CC [M]  drivers/leds/trigger/ledtrig-oneshot.o
  CC [M]  sound/drivers/mpu401/mpu401_uart.o
  CC [M]  sound/core/memalloc.o
  CC [M]  drivers/pinctrl/pinctrl-mcp23s08_i2c.o
  CC      net/netlink/genetlink.o
  AR      drivers/leds/simatic/built-in.a
  CC      lib/win_minmax.o
  CC      fs/file.o
  CC      net/core/flow_dissector.o
  CC      security/landlock/syscalls.o
  CC      fs/filesystems.o
  CC      arch/x86/kernel/probe_roms.o
  CC      io_uring/register.o
  CC      fs/namespace.o
  CC [M]  drivers/leds/trigger/ledtrig-heartbeat.o
  CC      crypto/ctr.o
  CC      fs/seq_file.o
  CC      fs/xattr.o
  CC      kernel/sys_ni.o
  CC      fs/libfs.o
  CC [M]  sound/drivers/mpu401/mpu401.o
  CC [M]  drivers/pinctrl/pinctrl-mcp23s08_spi.o
  CC [M]  arch/x86/events/intel/uncore.o
  CC      block/blk-stat.o
  CC [M]  sound/core/pcm_timer.o
  CC [M]  drivers/leds/trigger/ledtrig-backlight.o
  CC      block/blk-mq-sysfs.o
  CC      crypto/aes.o
  CC      arch/x86/kernel/sys_ia32.o
  CC      kernel/nsproxy.o
  LD [M]  sound/drivers/mpu401/snd-mpu401-uart.o
  LD [M]  sound/drivers/mpu401/snd-mpu401.o
  LD [M]  sound/drivers/snd-dummy.o
  LD [M]  sound/drivers/snd-aloop.o
  LD [M]  sound/drivers/snd-pcmtest.o
  LD [M]  sound/drivers/snd-serial-u16550.o
  LD [M]  sound/drivers/snd-mtpav.o
  CC      crypto/crc32c.o
  CC [M]  drivers/pinctrl/pinctrl-mcp23s08.o
  CC [M]  sound/core/pcm_drm_eld.o
  CC      security/landlock/object.o
  CC [M]  drivers/leds/trigger/ledtrig-gpio.o
  CC      mm/util.o
  CC [M]  sound/core/rawmidi.o
  CC [M]  drivers/leds/trigger/ledtrig-activity.o
  CC      net/bpf/bpf_dummy_struct_ops.o
  CC      security/landlock/ruleset.o
  CC      net/ethtool/ioctl.o
  CC      net/netfilter/core.o
  CC      io_uring/truncate.o
  CC      block/blk-mq-cpumap.o
  CC      crypto/lzo.o
  CC      arch/x86/kernel/signal_32.o
  CC      net/netlink/policy.o
  CC      io_uring/memmap.o
  CC      io_uring/alloc_cache.o
  AR      drivers/pinctrl/built-in.a
  CC [M]  drivers/leds/led-class-flash.o
  CC [M]  drivers/leds/trigger/ledtrig-default-on.o
  CC      kernel/nstree.o
  CC      io_uring/query.o
  CC [M]  arch/x86/events/intel/uncore_nhmex.o
  CC      crypto/lzo-rle.o
  CC      block/blk-mq-sched.o
  CC      block/ioctl.o
  CC [M]  arch/x86/events/intel/uncore_snb.o
  CC [M]  arch/x86/events/intel/uncore_snbep.o
  CC [M]  arch/x86/events/intel/uncore_discovery.o
  CC      net/core/sysctl_net_core.o
  CC [M]  drivers/leds/trigger/ledtrig-transient.o
  CC      lib/xarray.o
  CC [M]  drivers/leds/trigger/ledtrig-camera.o
  CC      mm/mmzone.o
  AR      net/bpf/built-in.a
  CC      crypto/xxhash_generic.o
  CC      net/ethtool/common.o
  CC [M]  net/netlink/diag.o
  CC      arch/x86/kernel/sys_x86_64.o
  AR      net/netlink/built-in.a
  CC      drivers/pci/pci-driver.o
  CC      security/landlock/cred.o
  CC [M]  drivers/leds/trigger/ledtrig-netdev.o
  CC [M]  sound/core/ump.o
  CC      io_uring/loop.o
  CC      io_uring/zcrx.o
  CC      net/ipv4/route.o
  CC      mm/vmstat.o
  CC      kernel/nscommon.o
  CC      crypto/zstd.o
  CC      net/netfilter/nf_log.o
  CC      kernel/notifier.o
  CC      mm/backing-dev.o
  CC      block/genhd.o
  CC [M]  sound/core/ump_convert.o
  CC      arch/x86/kernel/espfix_64.o
  CC      security/landlock/task.o
  CC      io_uring/io-wq.o
  CC      net/ethtool/netlink.o
  CC [M]  drivers/leds/trigger/ledtrig-pattern.o
  LD [M]  net/netlink/netlink_diag.o
  CC      mm/mm_init.o
  CC      crypto/ecc.o
  CC      net/core/dev.o
  CC      drivers/pci/search.o
  CC      mm/percpu.o
  CC      mm/slab_common.o
  CC      kernel/ksysfs.o
  CC [M]  sound/core/compress_offload.o
  CC      mm/compaction.o
  CC      arch/x86/kernel/ksysfs.o
  CC      mm/show_mem.o
  CC      lib/lockref.o
  CC      net/netfilter/nf_queue.o
  CC [M]  drivers/leds/trigger/ledtrig-tty.o
  CC      block/ioprio.o
  CC      block/badblocks.o
  CC      fs/fs-writeback.o
  CC      block/partitions/core.o
  CC      kernel/cred.o
  CC      lib/bcd.o
  CC      drivers/pci/rebar.o
  CC      lib/sort.o
  CC      security/landlock/fs.o
  CC      lib/parser.o
  CC      net/ethtool/bitset.o
  CC      arch/x86/kernel/bootflag.o
  CC      io_uring/futex.o
  CC [M]  arch/x86/events/intel/cstate.o
  LD [M]  sound/core/snd.o
  CC      arch/x86/kernel/e820.o
  LD [M]  sound/core/snd-ctl-led.o
  LD [M]  sound/core/snd-hwdep.o
  LD [M]  sound/core/snd-timer.o
  LD [M]  sound/core/snd-hrtimer.o
  LD [M]  sound/core/snd-pcm.o
  LD [M]  sound/core/snd-rawmidi.o
  LD [M]  sound/core/snd-ump.o
  LD [M]  sound/core/snd-compress.o
  CC      arch/x86/kernel/pci-dma.o
  CC [M]  drivers/leds/trigger/ledtrig-input-events.o
  CC      arch/x86/kernel/quirks.o
  CC      arch/x86/kernel/kdebugfs.o
  CC      lib/debug_locks.o
  CC      drivers/pci/rom.o
  CC [M]  sound/usb/card.o
  CC [M]  sound/usb/clock.o
  CC      lib/random32.o
  CC      block/partitions/msdos.o
  CC      lib/bust_spinlocks.o
  CC [M]  sound/usb/endpoint.o
  CC      net/netfilter/nf_sockopt.o
  CC      kernel/reboot.o
  CC      net/netfilter/utils.o
  AR      arch/x86/events/intel/built-in.a
  CC      io_uring/epoll.o
  LD [M]  arch/x86/events/intel/intel-uncore.o
  LD [M]  arch/x86/events/intel/intel-cstate.o
  CC      net/netfilter/nf_bpf_link.o
  AR      drivers/leds/trigger/built-in.a
  AR      arch/x86/events/built-in.a
  CC      drivers/pci/setup-res.o
  CC [M]  drivers/leds/led-class-multicolor.o
  CC      drivers/pci/irq.o
  CC      drivers/pci/vpd.o
  CC      net/ipv4/inetpeer.o
  CC      drivers/video/aperture.o
  CC      arch/x86/kernel/alternative.o
  CC      lib/kasprintf.o
  CC      arch/x86/kernel/i8253.o
  CC      crypto/ecdh.o
  CC      net/core/dev_api.o
  CC      fs/pnode.o
  CC      block/partitions/efi.o
  CC      net/ethtool/strset.o
  CC      security/landlock/tsync.o
  CC      net/ethtool/linkinfo.o
  CC      io_uring/napi.o
  CC [M]  drivers/leds/uleds.o
  CC      lib/bitmap.o
  CC      io_uring/net.o
  CC      arch/x86/kernel/hw_breakpoint.o
  CC      mm/interval_tree.o
  CC      crypto/ecdh_helper.o
  CC [M]  crypto/aead.o
  CC      kernel/async.o
  CC      drivers/video/screen_info_generic.o
  CC      drivers/pci/setup-bus.o
  CC      fs/splice.o
  CC      drivers/video/screen_info_pci.o
  CC [M]  sound/usb/fcp.o
  CC      fs/sync.o
  CC      net/netfilter/nf_hooks_lwtunnel.o
  CC      fs/utimes.o
  CC      mm/list_lru.o
  CC      net/ipv4/protocol.o
  CC      security/landlock/net.o
  AR      block/partitions/built-in.a
  AR      drivers/leds/built-in.a
  CC      block/blk-rq-qos.o
  CC      net/ipv4/ip_input.o
  CC      fs/d_path.o
  CC      drivers/pci/vc.o
  CC      kernel/range.o
  CC [M]  crypto/geniv.o
  CC [M]  crypto/seqiv.o
  CC      kernel/smpboot.o
  CC      net/ethtool/linkmodes.o
  CC      arch/x86/kernel/tsc.o
  CC      drivers/video/cmdline.o
  CC      lib/scatterlist.o
  CC [M]  sound/usb/format.o
  CC [M]  sound/usb/helper.o
  CC      kernel/ucount.o
  CC [M]  net/netfilter/nfnetlink.o
  CC      kernel/regset.o
  CC      block/disk-events.o
  CC      kernel/ksyms_common.o
  CC      mm/workingset.o
  CC      net/xfrm/xfrm_policy.o
  CC [M]  net/netfilter/nfnetlink_acct.o
  CC [M]  net/netfilter/nfnetlink_queue.o
  CC      net/xfrm/xfrm_state.o
  AR      security/landlock/built-in.a
  CC      arch/x86/kernel/tsc_msr.o
  CC [M]  crypto/echainiv.o
  AR      security/built-in.a
  CC [M]  sound/usb/implicit.o
  CC      drivers/video/nomodeset.o
  CC [M]  sound/usb/mixer.o
  CC [M]  sound/usb/mixer_quirks.o
  CC      net/ethtool/rss.o
  CC      fs/stack.o
  CC      fs/fs_struct.o
  CC      io_uring/cmd_net.o
  CC [M]  crypto/crypto_user.o
  CC      kernel/groups.o
  CC      block/blk-ia-ranges.o
  CC      drivers/video/hdmi.o
  CC [M]  crypto/cmac.o
  CC      net/ipv4/ip_fragment.o
  CC      arch/x86/kernel/io_delay.o
  CC      net/ethtool/linkstate.o
  CC      drivers/pci/mmap.o
  CC [M]  crypto/xcbc.o
  CC      net/xfrm/xfrm_hash.o
  CC      net/xfrm/xfrm_input.o
  CC      mm/debug.o
  CC      lib/list_sort.o
  CC      lib/uuid.o
  CC      arch/x86/kernel/rtc.o
  CC      mm/gup.o
  CC      fs/statfs.o
  CC      lib/iov_iter.o
  CC      block/early-lookup.o
  CC      block/bsg.o
  CC      drivers/pci/devres.o
  CC      kernel/sched/core.o
  CC [M]  net/netfilter/nfnetlink_log.o
  CC [M]  net/netfilter/nfnetlink_osf.o
  CC      io_uring/fdinfo.o
  CC      drivers/video/console/dummycon.o
  CC [M]  crypto/crypto_null.o
  CC      net/core/dev_addr_lists.o
  CC      net/core/dst.o
  CC      arch/x86/kernel/resource.o
  CC      net/ethtool/debug.o
  CC      kernel/sched/fair.o
  CC      net/ipv4/ip_forward.o
  AS      arch/x86/kernel/irqflags.o
  CC      arch/x86/kernel/static_call.o
  CC      block/bsg-lib.o
  CC      kernel/sched/build_policy.o
  CC      fs/fs_pin.o
  CC      drivers/pci/msi/pcidev_msi.o
  CC      drivers/video/console/vgacon.o
  CC      io_uring/bpf_filter.o
  CC [M]  crypto/gcm.o
  CC [M]  crypto/ccm.o
  CC [M]  sound/usb/mixer_scarlett.o
  CC [M]  crypto/chacha20poly1305.o
  CC      arch/x86/kernel/process.o
  CC      net/ethtool/wol.o
  CC      fs/nsfs.o
  CC [M]  crypto/cryptd.o
  CC      block/blk-cgroup.o
  CC [M]  net/netfilter/nfnetlink_hook.o
  CC      drivers/pci/msi/api.o
  CC [M]  crypto/chacha.o
  CC [M]  crypto/deflate.o
  CC      drivers/pci/pcie/portdrv.o
  CC [M]  sound/usb/mixer_scarlett2.o
  CC      net/ipv4/ip_options.o
  AR      drivers/video/console/built-in.a
  CC [M]  sound/usb/mixer_us16x08.o
  CC      drivers/video/backlight/backlight.o
  CC      kernel/locking/mutex.o
  AR      io_uring/built-in.a
  CC      kernel/locking/semaphore.o
  CC      kernel/sched/build_utility.o
  CC      kernel/sched/bore.o
  CC      lib/clz_ctz.o
  CC      drivers/pci/msi/msi.o
  CC      net/ethtool/features.o
  CC      lib/bsearch.o
  CC      lib/find_bit.o
  CC      fs/fs_dirent.o
  CC [M]  crypto/crc32.o
  CC      arch/x86/kernel/fpu/init.o
  CC      mm/mmap_lock.o
  CC [M]  net/netfilter/nf_conntrack_core.o
  CC      fs/fs_context.o
  CC      drivers/pci/pcie/rcec.o
  CC      net/core/netevent.o
  AR      drivers/video/backlight/built-in.a
  AR      drivers/video/fbdev/omap/built-in.a
  CC      drivers/video/fbdev/core/fb_notify.o
  CC      arch/x86/kernel/ptrace.o
  AR      drivers/video/fbdev/omap2/omapfb/dss/built-in.a
  AR      drivers/video/fbdev/omap2/omapfb/displays/built-in.a
  AR      drivers/video/fbdev/omap2/omapfb/built-in.a
  AR      drivers/video/fbdev/omap2/built-in.a
  CC      net/xfrm/xfrm_output.o
  CC [M]  crypto/authenc.o
  CC      arch/x86/kernel/fpu/bugs.o
  CC      lib/llist.o
  CC      drivers/video/fbdev/vesafb.o
  CC      arch/x86/kernel/fpu/core.o
  CC      arch/x86/kernel/fpu/regset.o
  CC      lib/lwq.o
  CC      block/blk-cgroup-rwstat.o
  CC      kernel/locking/rwsem.o
  CC      net/ipv4/ip_output.o
  CC      lib/memweight.o
  CC      net/ethtool/privflags.o
  CC      drivers/pci/pcie/bwctrl.o
  CC      lib/kfifo.o
  AR      drivers/pci/pwrctrl/built-in.a
  CC [M]  net/netfilter/nf_conntrack_standalone.o
  CC      drivers/video/fbdev/core/fb_info.o
  CC      drivers/pci/msi/irqdomain.o
  CC      mm/vma_init.o
  CC      net/core/neighbour.o
  CC      fs/fs_parser.o
  CC      block/blk-throttle.o
  CC [M]  net/netfilter/nf_conntrack_expect.o
  CC [M]  crypto/authencesn.o
  CC      net/ipv4/ip_sockglue.o
  CC      arch/x86/kernel/fpu/signal.o
  CC      drivers/pci/pcie/aspm.o
  CC [M]  net/netfilter/nf_conntrack_helper.o
  CC      kernel/locking/percpu-rwsem.o
  CC      net/ethtool/rings.o
  AR      drivers/pci/msi/built-in.a
  CC [M]  net/netfilter/nf_conntrack_proto.o
  CC      drivers/video/fbdev/core/fbmem.o
  CC      kernel/locking/spinlock.o
  CC      net/xfrm/xfrm_sysctl.o
  CC      lib/percpu-refcount.o
  CC      mm/highmem.o
  CC      fs/fsopen.o
  CC      net/xfrm/xfrm_replay.o
  CC      kernel/locking/osq_lock.o
  CC      arch/x86/kernel/fpu/xstate.o
  CC [M]  crypto/rng.o
  CC      kernel/locking/qspinlock.o
  CC      net/xfrm/xfrm_device.o
  CC      lib/rhashtable.o
  CC      mm/memory.o
  CC      net/xfrm/xfrm_nat_keepalive.o
  CC      net/ethtool/channels.o
  CC      block/blk-ioprio.o
  CC      drivers/video/fbdev/core/fbcmap.o
  CC      net/core/rtnetlink.o
  CC      block/blk-iolatency.o
  CC      fs/init.o
  CC      drivers/pci/pcie/aer.o
  CC      kernel/locking/rtmutex_api.o
  CC      net/core/utils.o
  CC      net/core/link_watch.o
  CC [M]  net/netfilter/nf_conntrack_proto_generic.o
  CC      net/ipv4/inet_hashtables.o
  CC      net/core/filter.o
  CC [M]  sound/usb/mixer_s1810c.o
  CC      net/core/sock_diag.o
  CC [M]  crypto/af_alg.o
  AR      arch/x86/kernel/fpu/built-in.a
  CC      arch/x86/kernel/tls.o
  CC      net/unix/af_unix.o
  CC      drivers/video/fbdev/core/modedb.o
  CC      net/ethtool/coalesce.o
  CC      fs/kernel_read_file.o
  CC      drivers/video/fbdev/core/fbcvt.o
  CC      net/xfrm/espintcp.o
  CC [M]  net/netfilter/nf_conntrack_proto_tcp.o
  CC      block/blk-iocost.o
  CC      lib/base64.o
  CC [M]  net/netfilter/nf_conntrack_proto_udp.o
  CC      kernel/locking/qrwlock.o
  CC      block/mq-deadline.o
  CC      lib/once.o
  CC [M]  sound/usb/pcm.o
  CC      drivers/pci/pcie/err.o
  CC      drivers/pci/pcie/tlp.o
  CC [M]  sound/usb/power.o
  CC      arch/x86/kernel/step.o
  CC      fs/mnt_idmapping.o
  CC [M]  sound/usb/proc.o
  CC [M]  sound/usb/quirks.o
  CC      drivers/video/fbdev/core/fb_cmdline.o
  AR      kernel/locking/built-in.a
  CC      drivers/video/fbdev/core/fb_backlight.o
  CC      lib/refcount.o
  CC      net/ethtool/pause.o
  CC      lib/rcuref.o
  CC      drivers/pci/pcie/pme.o
  CC [M]  net/netfilter/nf_conntrack_proto_icmp.o
  CC [M]  crypto/algif_hash.o
  CC [M]  net/xfrm/xfrm_algo.o
  CC [M]  net/netfilter/nf_conntrack_extend.o
  CC      fs/remap_range.o
  CC [M]  net/netfilter/nf_conntrack_acct.o
  CC      lib/usercopy.o
  CC      arch/x86/kernel/i8237.o
  CC      arch/x86/kernel/stacktrace.o
  CC      net/ipv4/inet_timewait_sock.o
  CC      net/ipv4/inet_connection_sock.o
  CC [M]  net/netfilter/nf_conntrack_seqadj.o
  CC      drivers/video/fbdev/core/fbmon.o
  CC      net/ethtool/eee.o
  CC      net/ethtool/tsinfo.o
  AR      kernel/sched/built-in.a
  CC      lib/errseq.o
  CC      kernel/power/qos.o
  CC      kernel/printk/printk.o
  CC      lib/bucket_locks.o
  CC      block/kyber-iosched.o
  CC      kernel/irq/irqdesc.o
  CC      drivers/pci/pcie/dpc.o
  CC [M]  crypto/algif_skcipher.o
  CC      arch/x86/kernel/cpu/cacheinfo.o
  CC      net/unix/garbage.o
  CC      net/unix/sysctl_net_unix.o
  CC [M]  crypto/algif_rng.o
  CC      net/core/dev_ioctl.o
  CC [M]  sound/usb/stream.o
  CC      drivers/video/fbdev/core/fb_defio.o
  CC      fs/pidfs.o
  CC [M]  net/xfrm/xfrm_ipcomp.o
  CC      lib/generic-radix-tree.o
  CC [M]  net/xfrm/xfrm_iptfs.o
  CC [M]  net/netfilter/nf_conntrack_proto_icmpv6.o
  CC      drivers/pci/pcie/ptm.o
  CC      drivers/pci/pcie/edr.o
  CC      net/ethtool/cabletest.o
  CC      net/core/tso.o
  CC      kernel/irq/handle.o
  CC      kernel/power/main.o
  CC      lib/bitmap-str.o
  CC      arch/x86/kernel/cpu/scattered.o
  CC      block/adios.o
  CC      kernel/irq/manage.o
  CC      drivers/video/fbdev/core/fbcon.o
  CC [M]  crypto/algif_aead.o
  CC      lib/string_helpers.o
  CC      net/unix/unix_bpf.o
  CC [M]  sound/usb/validate.o
  CC [M]  sound/usb/midi2.o
  CC      block/bfq-iosched.o
  CC      block/bfq-wf2q.o
  CC      arch/x86/kernel/cpu/topology_common.o
  CC      block/bfq-cgroup.o
  AR      drivers/pci/pcie/built-in.a
  CC      drivers/pci/proc.o
  CC      drivers/video/fbdev/efifb.o
  CC      net/ipv4/tcp.o
  CC      fs/file_attr.o
  CC      net/ethtool/tunnels.o
  CC [M]  net/netfilter/nf_conntrack_timeout.o
  CC      drivers/pci/pci-sysfs.o
  CC      kernel/power/console.o
  CC      lib/hexdump.o
  CC [M]  crypto/essiv.o
  CC      kernel/irq/spurious.o
  CC      arch/x86/kernel/cpu/topology_ext.o
  CC      net/psp/psp_main.o
  CC      lib/kstrtox.o
  CC [M]  net/unix/diag.o
  CC      net/ipv6/af_inet6.o
  AR      net/xfrm/built-in.a
  CC      net/psp/psp_nl.o
  CC      kernel/printk/printk_safe.o
  CC      net/psp/psp_sock.o
  AR      lib/kunit/built-in.a
  CC      net/ipv6/anycast.o
  CC      net/ipv6/ip6_output.o
  CC [M]  sound/usb/media.o
  CC      drivers/video/fbdev/core/bitblit.o
  CC      arch/x86/kernel/cpu/topology_amd.o
  CC [M]  net/netfilter/nf_conntrack_timestamp.o
  CC      kernel/irq/resend.o
  CC      lib/math/div64.o
  CC      kernel/power/process.o
  CC      lib/math/gcd.o
  CC      net/ethtool/fec.o
  AR      crypto/built-in.a
  CC      lib/math/lcm.o
  LD [M]  crypto/crc32-cryptoapi.o
  CC      arch/x86/kernel/cpu/common.o
  CC      lib/math/int_log.o
  CC      kernel/printk/nbcon.o
  CC      lib/math/int_pow.o
  CC      drivers/pci/slot.o
  CC      lib/math/int_sqrt.o
  CC      fs/fserror.o
  CC      drivers/pci/pci-acpi.o
  CC      mm/mincore.o
  CC      lib/math/reciprocal_div.o
  CC      kernel/irq/chip.o
  CC      lib/math/rational.o
  CC [M]  sound/usb/midi.o
  CC      drivers/pci/iomap.o
  AR      net/unix/built-in.a
  LD [M]  net/unix/unix_diag.o
  CC      drivers/pci/quirks.o
  CC [M]  net/netfilter/nf_conntrack_ecache.o
  CC      drivers/idle/intel_idle.o
  CC      drivers/video/fbdev/core/softcursor.o
  CC      kernel/power/suspend.o
  AR      drivers/char/ipmi/built-in.a
  CC [M]  drivers/char/ipmi/ssif_bmc.o
  AR      lib/math/tests/built-in.a
  CC [M]  lib/math/cordic.o
  CC      fs/nullfs.o
  CC      drivers/acpi/tables.o
  CC [M]  net/netfilter/nf_conntrack_labels.o
  CC      net/psp/psp-nl-gen.o
  CC      net/ethtool/eeprom.o
  CC      net/ethtool/stats.o
  CC      net/ethtool/phc_vclocks.o
  CC      kernel/printk/printk_ringbuffer.o
  CC      mm/mlock.o
  CC      block/bio-integrity.o
  CC [M]  lib/math/polynomial.o
  CC      drivers/video/fbdev/core/fbcon_rotate.o
  CC      kernel/printk/sysctl.o
  CC      kernel/irq/dummychip.o
  CC      fs/buffer.o
  CC      arch/x86/kernel/cpu/rdrand.o
  CC      kernel/irq/devres.o
  AR      net/psp/built-in.a
  CC      kernel/irq/kexec.o
  CC      kernel/power/poweroff.o
  CC      arch/x86/kernel/cpu/match.o
  CC [M]  net/netfilter/nf_conntrack_proto_sctp.o
  CC [M]  net/netfilter/nf_conntrack_proto_gre.o
  CC      drivers/acpi/osi.o
  CC      net/core/sock_reuseport.o
  AR      lib/math/built-in.a
  CC      lib/crc/crc-t10dif-main.o
  AS      lib/crc/x86/crc16-msb-pclmul.o
  HOSTCC  lib/crc/gen_crc32table
  AR      kernel/printk/built-in.a
  CC      kernel/irq/autoprobe.o
  AR      drivers/idle/built-in.a
  CC      kernel/power/energy_model.o
  CC      kernel/power/em_netlink_autogen.o
  CC      kernel/power/em_netlink.o
  CC      net/packet/af_packet.o
  CC      lib/crypto/hash_info.o
  AR      lib/tests/built-in.a
  CC      block/blk-integrity.o
  CC      net/ethtool/mm.o
  CC      drivers/video/fbdev/core/fbcon_cw.o
  CC [M]  sound/usb/bcd2000/bcd2000.o
  CC      block/t10-pi.o
  CC      arch/x86/kernel/cpu/bugs.o
  CC      lib/crypto/memneq.o
  AR      net/dsa/built-in.a
  CC      drivers/video/fbdev/core/fbcon_ud.o
  AS      lib/crc/x86/crc32-pclmul.o
  AS      lib/crc/x86/crc32c-3way.o
  CC      drivers/acpi/osl.o
  HOSTCC  lib/crc/gen_crc64table
  CC      net/ipv6/ip6_input.o
  AS      lib/crc/x86/crc64-pclmul.o
  CC      kernel/irq/irqdomain.o
  CC      kernel/irq/proc.o
  AR      lib/crc/tests/built-in.a
  CC [M]  lib/crc/crc8.o
  CC      drivers/pci/hotplug/pci_hotplug_core.o
  CC      lib/crypto/utils.o
  CC      kernel/irq/migration.o
  CC      net/ipv4/tcp_input.o
  CC      mm/mmap.o
  CC      kernel/irq/cpuhotplug.o
  CC      kernel/irq/pm.o
  CC      lib/crypto/aes.o
  LD [M]  sound/usb/bcd2000/snd-bcd2000.o
  LD [M]  sound/usb/snd-usb-audio.o
  LD [M]  sound/usb/snd-usbmidi-lib.o
  CC [M]  sound/soc/soc-acpi.o
  AR      kernel/power/built-in.a
  CC      net/core/fib_notifier.o
  CC      kernel/rcu/update.o
  CC [M]  lib/crc/crc16.o
  CC [M]  net/netfilter/nf_conntrack_netlink.o
  CC      kernel/rcu/sync.o
  CC      kernel/irq/msi.o
  CC      block/bio-integrity-auto.o
  CC      arch/x86/kernel/acpi/boot.o
  CC      net/ethtool/module.o
  CC      drivers/video/fbdev/core/fbcon_ccw.o
  CC      net/ethtool/cmis_fw_update.o
  CC      arch/x86/kernel/acpi/sleep.o
  CC      drivers/pci/hotplug/cpci_hotplug_core.o
  CC [M]  lib/crc/crc-ccitt.o
  CC      drivers/acpi/utils.o
  AS      arch/x86/kernel/acpi/wakeup_64.o
  CC      arch/x86/kernel/reboot.o
  CC      mm/mmu_gather.o
  CC [M]  sound/soc/soc-core.o
  AS      lib/crypto/x86/aes-aesni.o
  CC      drivers/video/fbdev/core/cfbfillrect.o
  CC      lib/crypto/aescfb.o
  CC      net/core/xdp.o
  CC      block/bio-integrity-fs.o
  CC [M]  lib/crc/crc-itu-t.o
  CC      net/core/flow_offload.o
  CC      arch/x86/kernel/cpu/aperfmperf.o
  CC      fs/mpage.o
  CC      drivers/pci/hotplug/cpci_hotplug_pci.o
  CC      kernel/rcu/srcutree.o
  CC      net/ipv6/addrconf.o
  CC      block/blk-wbt.o
  CC      arch/x86/kernel/acpi/apei.o
  CC      net/core/gro.o
  CC      lib/crypto/blake2b.o
  CC      lib/crypto/blake2s.o
  CC      net/ethtool/cmis_cdb.o
  AS      lib/crypto/x86/blake2s-core.o
  CC      arch/x86/kernel/acpi/cppc.o
  CC      kernel/irq/affinity.o
  GEN     lib/crc/crc32table.h
  CC      drivers/acpi/reboot.o
  GEN     lib/crc/crc64table.h
  CC      lib/crc/crc32-main.o
  CC [M]  net/netfilter/nfnetlink_cttimeout.o
  CC      mm/mprotect.o
  CC      drivers/video/fbdev/core/cfbcopyarea.o
  CC      arch/x86/kernel/cpu/cpuid-deps.o
  CC      mm/mremap.o
  CC      lib/crc/crc64-main.o
  CC      kernel/irq/matrix.o
  CC      drivers/acpi/nvs.o
  CC      arch/x86/kernel/acpi/madt_wakeup.o
  CC [M]  sound/hda/core/hda_bus_type.o
  CC      fs/proc_namespace.o
  CC      drivers/pci/hotplug/acpi_pcihp.o
  CC [M]  sound/hda/common/bind.o
  CC      arch/x86/kernel/cpu/cpuid_0x2_table.o
  CC      block/blk-pm.o
  CC      lib/crypto/chacha-block-generic.o
  CC [M]  net/packet/diag.o
  CC      net/ethtool/pse-pd.o
  CC      lib/crypto/chacha.o
  CC      kernel/rcu/tree.o
  AR      lib/crc/built-in.a
  CC      kernel/rcu/rcu_segcblist.o
  CC [M]  sound/soc/soc-dapm.o
  CC      drivers/pci/hotplug/pciehp_core.o
  CC [M]  net/netfilter/nfnetlink_cthelper.o
  AS      arch/x86/kernel/acpi/madt_playdead.o
  CC      drivers/video/fbdev/core/cfbimgblt.o
  CC      arch/x86/kernel/acpi/cstate.o
  CC      drivers/video/fbdev/core/fb_io_fops.o
  CC      arch/x86/kernel/cpu/umwait.o
  CC      drivers/acpi/wakeup.o
  AR      kernel/irq/built-in.a
  CC [M]  sound/hda/common/codec.o
  CC [M]  sound/hda/common/jack.o
  CC      block/blk-crypto.o
  CC [M]  sound/hda/core/bus.o
  CC      fs/direct-io.o
  CC      block/blk-crypto-profile.o
  CC      net/core/netdev-genl.o
  AS      lib/crypto/x86/chacha-ssse3-x86_64.o
  AS      lib/crypto/x86/chacha-avx2-x86_64.o
  AS      lib/crypto/x86/chacha-avx512vl-x86_64.o
  CC      block/blk-crypto-sysfs.o
  CC      lib/crypto/chacha20poly1305.o
  CC      drivers/pci/hotplug/pciehp_ctrl.o
  AR      arch/x86/kernel/acpi/built-in.a
  CC      drivers/video/fbdev/core/sysfillrect.o
  CC      block/blk-crypto-fallback.o
  CC      drivers/acpi/sleep.o
  MKCAP   arch/x86/kernel/cpu/capflags.c
  AR      net/packet/built-in.a
  LD [M]  net/packet/af_packet_diag.o
  CC      drivers/acpi/device_sysfs.o
  CC      block/holder.o
  CC      net/ethtool/plca.o
  CC      mm/msync.o
  CC [M]  sound/hda/core/device.o
  CC      arch/x86/kernel/msr.o
  CC [M]  net/netfilter/nf_conntrack_amanda.o
  CC      drivers/video/fbdev/core/syscopyarea.o
  CC      lib/crypto/poly1305.o
  CC      net/core/netdev-genl-gen.o
  AR      kernel/livepatch/built-in.a
  CC [M]  sound/hda/codecs/generic.o
  CC [M]  sound/hda/controllers/intel.o
  CC      drivers/pci/hotplug/pciehp_pci.o
  CC      drivers/pci/hotplug/pciehp_hpc.o
  CC      fs/notify/fsnotify.o
  AR      block/built-in.a
  CC      fs/notify/notification.o
  CC      net/strparser/strparser.o
  CC      drivers/acpi/device_pm.o
  CC [M]  sound/hda/codecs/cmedia.o
  PERLASM lib/crypto/x86/poly1305-x86_64-cryptogams.S
  CC      lib/crypto/sha1.o
  CC      net/ethtool/phy.o
  CC      mm/page_vma_mapped.o
  CC [M]  sound/soc/soc-jack.o
  CC [M]  net/netfilter/nf_conntrack_ftp.o
  CC      lib/vdso/datastore.o
  CC      net/ethtool/tsconfig.o
  CC      drivers/video/fbdev/core/sysimgblt.o
  CC [M]  sound/hda/core/sysfs.o
  CC      net/core/gso.o
  CC [M]  sound/hda/core/regmap.o
  CC [M]  sound/soc/soc-utils.o
  CC      net/ipv4/tcp_output.o
  AS      lib/crypto/x86/sha1-ssse3-and-avx.o
  CC      fs/notify/group.o
  AS      lib/crypto/x86/sha1-avx2-asm.o
  CC      drivers/pci/hotplug/shpchp_core.o
  AS      lib/crypto/x86/sha1-ni-asm.o
  AR      lib/vdso/built-in.a
  CC      lib/crypto/sha256.o
  AS      lib/crypto/x86/sha256-ssse3-asm.o
  AR      net/strparser/built-in.a
  CC      drivers/pci/ats.o
  CC [M]  sound/soc/soc-dai.o
  CC      drivers/pci/pci-label.o
  CC      drivers/pci/hotplug/shpchp_ctrl.o
  CC      mm/pagewalk.o
  CC      mm/pgtable-generic.o
  CC [M]  sound/hda/controllers/acpi.o
  CC      drivers/acpi/proc.o
  CC      drivers/pci/hotplug/shpchp_pci.o
  CC      drivers/video/fbdev/core/fb_sys_fops.o
  CC      net/ipv6/addrlabel.o
  CC [M]  sound/hda/common/auto_parser.o
  CC [M]  sound/hda/core/controller.o
  CC      net/ethtool/mse.o
  CC [M]  sound/soc/soc-component.o
  CC      fs/notify/mark.o
  CC [M]  sound/soc/soc-pcm.o
  CC      net/core/net-sysfs.o
  AS      lib/crypto/x86/sha256-avx-asm.o
  CC      lib/raid/xor/xor-core.o
  CC [M]  net/netfilter/nf_conntrack_h323_main.o
  CC      lib/raid/xor/xor-8regs.o
  AS      lib/crypto/x86/sha256-avx2-asm.o
  AS      lib/crypto/x86/sha256-ni-asm.o
  CC      lib/raid/xor/xor-32regs.o
  CC [M]  net/netfilter/nf_conntrack_h323_asn1.o
  LD [M]  sound/hda/controllers/snd-hda-intel.o
  LD [M]  sound/hda/controllers/snd-hda-acpi.o
  CC      lib/crypto/sha512.o
  CC [M]  net/netfilter/nf_conntrack_irc.o
  CC      drivers/acpi/bus.o
  CC      arch/x86/kernel/cpu/powerflags.o
  CC      lib/iomap.o
  CC      drivers/pci/hotplug/shpchp_sysfs.o
  CC      net/8021q/vlan_core.o
  AR      drivers/video/fbdev/core/built-in.a
  AR      drivers/video/fbdev/built-in.a
  AR      drivers/video/built-in.a
  CC      mm/rmap.o
  CC      drivers/pci/vgaarb.o
  CC [M]  sound/hda/core/stream.o
  CC      lib/raid/xor/xor-8regs-prefetch.o
  AR      net/ethtool/built-in.a
  CC      lib/raid/xor/xor-32regs-prefetch.o
  CC      drivers/pci/controller/intel-nvme-remap.o
  AR      drivers/pci/switch/built-in.a
  CC      lib/iomap_copy.o
  AR      kernel/liveupdate/built-in.a
  CC      lib/devres.o
  CC      fs/notify/fdinfo.o
  CC      kernel/dma/mapping.o
  CC      net/ipv6/route.o
  CC      drivers/pci/hotplug/shpchp_hpc.o
  CC      arch/x86/kernel/cpuid.o
  CC      lib/raid/xor/x86/xor-avx.o
  CC [M]  sound/hda/common/sysfs.o
  CC      arch/x86/kernel/cpu/topology.o
  CC      lib/raid/xor/x86/xor-sse.o
  AR      lib/raid/xor/tests/built-in.a
  AR      kernel/rcu/built-in.a
  CC      net/core/hotdata.o
  AR      drivers/pci/controller/dwc/built-in.a
  AS      lib/crypto/x86/sha512-ssse3-asm.o
  CC      kernel/entry/common.o
  CC [M]  sound/hda/common/controller.o
  AS      lib/crypto/x86/sha512-avx-asm.o
  AR      lib/raid/xor/built-in.a
  AS      lib/crypto/x86/sha512-avx2-asm.o
  AR      lib/raid/built-in.a
  CC      kernel/entry/syscall-common.o
  CC [M]  lib/crypto/arc4.o
  CC      drivers/acpi/glue.o
  CC      kernel/entry/syscall_user_dispatch.o
  AR      drivers/pci/controller/mobiveil/built-in.a
  AR      drivers/pci/controller/plda/built-in.a
  CC [M]  drivers/pci/controller/vmd.o
  CC      fs/notify/dnotify/dnotify.o
  CC [M]  net/8021q/vlan.o
  CC [M]  sound/hda/core/array.o
  CC [M]  sound/hda/common/proc.o
  CC      net/core/netdev_config.o
  CC      arch/x86/kernel/cpu/proc.o
  CC [M]  lib/crypto/gf128mul.o
  CC      kernel/dma/direct.o
  CC [M]  sound/soc/soc-devres.o
  CC      drivers/pci/hotplug/acpiphp_core.o
  CC [M]  net/netfilter/nf_conntrack_broadcast.o
  CC      mm/vmalloc.o
  CC      net/ipv6/ip6_fib.o
  CC [M]  net/netfilter/nf_conntrack_netbios_ns.o
  CC      fs/eventpoll.o
  CC      drivers/acpi/scan.o
  CC [M]  sound/hda/core/hdmi_chmap.o
  AR      fs/notify/dnotify/built-in.a
  CC [M]  sound/hda/core/trace.o
  CC      fs/notify/inotify/inotify_fsnotify.o
  AR      kernel/entry/built-in.a
  CC      arch/x86/kernel/cpu/feat_ctl.o
  CC      fs/notify/fanotify/fanotify.o
  CC [M]  lib/crypto/curve25519.o
  AR      drivers/pci/controller/built-in.a
  CC [M]  net/8021q/vlan_dev.o
  CC [M]  lib/crypto/curve25519-hacl64.o
  CC [M]  sound/soc/soc-ops.o
  CC      drivers/pci/hotplug/acpiphp_glue.o
  CC [M]  sound/hda/codecs/cm9825.o
  CC      net/core/netdev_rx_queue.o
  CC      net/core/netdev_queues.o
  CC      net/ipv4/tcp_timer.o
  CC [M]  sound/hda/common/hwdep.o
  CC      fs/notify/inotify/inotify_user.o
  CC      kernel/dma/ops_helpers.o
  CC [M]  sound/soc/soc-link.o
  CC [M]  sound/soc/soc-card.o
  CC [M]  net/netfilter/nf_conntrack_snmp.o
  CC [M]  net/netfilter/nf_conntrack_pptp.o
  CC      arch/x86/kernel/cpu/intel.o
  CC      drivers/acpi/mipi-disco-img.o
  CC [M]  sound/hda/core/component.o
  CC      kernel/dma/contiguous.o
  CC [M]  sound/hda/common/beep.o
  CC      net/ipv6/ipv6_sockglue.o
  CC [M]  lib/crypto/gf128hash.o
  CC      fs/notify/fanotify/fanotify_user.o
  CC [M]  sound/hda/codecs/analog.o
  CC [M]  sound/soc/soc-compress.o
  CC [M]  sound/soc/soc-topology.o
  CC      arch/x86/kernel/cpu/tsx.o
  CC [M]  sound/soc/codecs/aw88395/aw88395_lib.o
  CC [M]  sound/soc/codecs/aw88395/aw88395_device.o
  CC      net/core/page_pool.o
  CC [M]  net/8021q/vlan_netlink.o
  CC [M]  drivers/pci/hotplug/cpcihp_zt5550.o
  AR      fs/notify/inotify/built-in.a
  CC [M]  sound/hda/core/i915.o
  CC      kernel/dma/swiotlb.o
  CC [M]  sound/soc/generic/simple-card-utils.o
  LD [M]  sound/hda/common/snd-hda-codec.o
  CC      drivers/acpi/resource.o
  CC      drivers/acpi/acpi_processor.o
  CC      drivers/acpi/processor_core.o
  CC      net/ipv6/ndisc.o
  CC [M]  net/netfilter/nf_conntrack_sane.o
  CC      arch/x86/kernel/cpu/intel_epb.o
  CC [M]  net/netfilter/nf_conntrack_sip.o
  CC      net/ipv4/tcp_ipv4.o
  CC [M]  sound/hda/codecs/ca0110.o
  AS [M]  lib/crypto/x86/ghash-pclmul.o
  AS [M]  lib/crypto/x86/polyval-pclmul-avx.o
  CC [M]  net/netfilter/nf_conntrack_tftp.o
  CC [M]  lib/crypto/md5.o
  CC [M]  drivers/pci/hotplug/cpcihp_generic.o
  CC [M]  sound/hda/core/intel-dsp-config.o
  CC [M]  net/8021q/vlan_gvrp.o
  CC      arch/x86/kernel/cpu/amd.o
  CC [M]  net/netfilter/nf_log_syslog.o
  CC      kernel/dma/remap.o
  CC      arch/x86/kernel/cpu/amd_cache_disable.o
  AS      lib/crypto/x86/poly1305-x86_64-cryptogams.o
  CC      drivers/acpi/processor_pdc.o
  CC [M]  sound/hda/core/intel-nhlt.o
  CC [M]  sound/hda/codecs/ca0132.o
  CC      drivers/pnp/core.o
  CC      net/ipv6/udp.o
  CC [M]  drivers/pci/hotplug/acpiphp_ibm.o
  CC [M]  sound/soc/generic/simple-card.o
  CC [M]  sound/soc/codecs/aw88399.o
  CC      drivers/pnp/card.o
  CC      net/core/page_pool_user.o
  LD [M]  lib/crypto/libarc4.o
  LD [M]  lib/crypto/libcurve25519.o
  LD [M]  lib/crypto/libgf128hash.o
  LD [M]  lib/crypto/libmd5.o
  AR      fs/notify/fanotify/built-in.a
  CC      net/ipv4/tcp_minisocks.o
  AR      lib/crypto/built-in.a
  AR      fs/notify/built-in.a
  CC      lib/check_signature.o
  CC      fs/anon_inodes.o
  CC      lib/interval_tree.o
  CC      fs/signalfd.o
  AR      kernel/dma/built-in.a
  CC      kernel/unwind/user.o
  CC [M]  net/8021q/vlan_mvrp.o
  CC      net/ipv6/raw.o
  CC      net/core/net-procfs.o
  CC      arch/x86/kernel/cpu/hygon.o
  CC      drivers/acpi/ec.o
  CC      lib/assoc_array.o
  CC [M]  sound/hda/core/intel-sdw-acpi.o
  CC      lib/list_debug.o
  CC      kernel/unwind/deferred.o
  CC      mm/vma.o
  LD [M]  sound/soc/generic/snd-soc-simple-card-utils.o
  LD [M]  sound/soc/generic/snd-soc-simple-card.o
  AR      drivers/pci/hotplug/built-in.a
  CC [M]  net/netfilter/nf_nat_core.o
  AR      drivers/pci/built-in.a
  CC      net/core/netpoll.o
  CC      drivers/pnp/driver.o
  CC      drivers/acpi/pci_root.o
  CC      drivers/acpi/pci_link.o
  CC      arch/x86/kernel/cpu/centaur.o
  CC      drivers/acpi/pci_irq.o
  CC [M]  net/8021q/vlanproc.o
  CC [M]  sound/hda/core/ext/bus.o
  CC      fs/timerfd.o
  CC [M]  sound/hda/core/ext/controller.o
  CC      net/core/fib_rules.o
  CC      drivers/acpi/acpi_apd.o
  AR      kernel/unwind/built-in.a
  CC      kernel/module/main.o
  CC [M]  sound/soc/codecs/dmic.o
  CC      drivers/pnp/resource.o
  CC      kernel/module/strict_rwx.o
  CC      mm/vma_exec.o
  CC      arch/x86/kernel/cpu/zhaoxin.o
  CC      lib/bitrev.o
  CC      mm/process_vm_access.o
  CC      mm/mseal.o
  AR      net/8021q/built-in.a
  CC      net/dcb/dcbnl.o
  AR      net/wireless/tests/built-in.a
  CC      net/wireless/wext-core.o
  AR      drivers/amba/built-in.a
  CC      mm/page_alloc.o
  CC      net/ipv4/tcp_cong.o
  LD [M]  net/8021q/8021q.o
  CC      drivers/acpi/acpi_platform.o
  CC      net/dcb/dcbevent.o
  CC [M]  sound/hda/core/ext/stream.o
  CC [M]  sound/soc/codecs/hdac_hda.o
  CC      lib/linear_ranges.o
  CC      net/core/timestamping.o
  CC      fs/eventfd.o
  CC      arch/x86/kernel/cpu/mce/core.o
  CC      arch/x86/kernel/cpu/mce/severity.o
  CC [M]  net/netfilter/nf_nat_proto.o
  CC      arch/x86/kernel/cpu/mce/genpool.o
  CC      net/wireless/wext-proc.o
  CC      drivers/pnp/manager.o
  CC      net/ipv6/icmp.o
  CC      fs/userfaultfd.o
  CC      fs/aio.o
  CC      lib/packing.o
  CC      drivers/acpi/acpi_pnp.o
  CC      mm/page_frag_cache.o
  CC      fs/locks.o
  CC [M]  sound/soc/codecs/hda.o
  CC [M]  net/netfilter/nf_nat_helper.o
  LD [M]  sound/hda/core/ext/snd-hda-ext-core.o
  LD [M]  sound/hda/core/snd-hda-core.o
  LD [M]  sound/hda/core/snd-intel-dspcfg.o
  LD [M]  sound/hda/core/snd-intel-sdw-acpi.o
  CC      net/ipv6/mcast.o
  CC      drivers/acpi/power.o
  CC      drivers/clk/clk-devres.o
  CC      drivers/pnp/support.o
  CC      drivers/dma/dmaengine.o
  CC      drivers/clk/clk-bulk.o
  CC      net/core/ptp_classifier.o
  AR      drivers/soc/apple/built-in.a
  AR      drivers/soc/aspeed/built-in.a
  AR      drivers/soc/bcm/built-in.a
  CC      lib/xxhash.o
  CC      net/ipv4/tcp_metrics.o
  AR      drivers/soc/fsl/built-in.a
  AR      drivers/soc/fujitsu/built-in.a
  AR      drivers/soc/hisilicon/built-in.a
  AR      drivers/soc/imx/built-in.a
  CC [M]  sound/hda/codecs/conexant.o
  AR      drivers/soc/ixp4xx/built-in.a
  AR      drivers/soc/loongson/built-in.a
  CC [M]  net/wireless/core.o
  AR      drivers/soc/mediatek/built-in.a
  AR      drivers/soc/microchip/built-in.a
  AR      drivers/soc/nuvoton/built-in.a
  AR      drivers/soc/pxa/built-in.a
  AR      drivers/soc/amlogic/built-in.a
  AR      drivers/soc/qcom/built-in.a
  AR      drivers/soc/renesas/built-in.a
  CC      lib/genalloc.o
  AR      drivers/soc/rockchip/built-in.a
  AR      drivers/soc/sophgo/built-in.a
  AR      drivers/soc/sunxi/built-in.a
  AR      drivers/soc/ti/built-in.a
  AR      drivers/soc/versatile/built-in.a
  AR      drivers/soc/vt8500/built-in.a
  AR      drivers/soc/xilinx/built-in.a
  AR      drivers/soc/built-in.a
  AR      net/dcb/built-in.a
  CC [M]  sound/soc/codecs/hda-dai.o
  CC      drivers/dma/acpi-dma.o
  CC [M]  net/wireless/sysfs.o
  CC [M]  net/wireless/radiotap.o
  CC      kernel/module/kmod.o
  CC [M]  net/wireless/util.o
  CC      drivers/pnp/interface.o
  CC      drivers/clk/clkdev.o
  CC      kernel/module/tree_lookup.o
  CC      drivers/acpi/event.o
  CC      arch/x86/kernel/cpu/mce/intel.o
  CC      arch/x86/kernel/cpu/mce/threshold.o
  CC      arch/x86/kernel/cpu/mce/apei.o
  CC [M]  sound/soc/codecs/max98390.o
  CC [M]  net/netfilter/nf_nat_redirect.o
  CC      net/core/netprio_cgroup.o
  CC      kernel/module/kallsyms.o
  CC      lib/zlib_inflate/inffast.o
  CC      lib/zlib_inflate/inflate.o
  CC [M]  sound/hda/codecs/sigmatel.o
  CC      drivers/pnp/quirks.o
  CC      drivers/clk/clk.o
  CC      drivers/dma/dw/core.o
  CC      drivers/dma/dw/dw.o
  CC      drivers/dma/dw/idma32.o
  CC      lib/zlib_inflate/infutil.o
  CC      lib/zlib_inflate/inftrees.o
  CC      mm/init-mm.o
  CC      drivers/acpi/evged.o
  CC      fs/binfmt_misc.o
  CC      net/ipv4/tcp_fastopen.o
  CC      net/ipv4/tcp_recovery.o
  CC      kernel/kcmp.o
  CC      drivers/dma/dw/acpi.o
  CC      mm/memblock.o
  AR      arch/x86/kernel/cpu/mce/built-in.a
  CC      arch/x86/kernel/cpu/mtrr/mtrr.o
  CC      drivers/virtio/virtio_anchor.o
  CC [M]  drivers/virtio/virtio.o
  CC      kernel/module/procfs.o
  CC [M]  drivers/virtio/virtio_ring.o
  CC      lib/zlib_inflate/inflate_syms.o
  CC      net/ipv4/tcp_ulp.o
  CC      drivers/pnp/system.o
  CC [M]  sound/soc/codecs/pcm512x.o
  CC      net/core/netclassid_cgroup.o
  CC      drivers/acpi/sysfs.o
  CC [M]  net/netfilter/nf_nat_masquerade.o
  CC      net/ipv6/reassembly.o
  CC      net/ipv4/tcp_offload.o
  CC [M]  sound/hda/codecs/senarytech.o
  CC      drivers/dma/dw/pci.o
  CC      arch/x86/kernel/cpu/microcode/core.o
  CC      kernel/module/sysfs.o
  CC      arch/x86/kernel/cpu/mtrr/if.o
  AR      lib/zlib_inflate/built-in.a
  CC      lib/zlib_deflate/deflate.o
  CC      drivers/pnp/pnpacpi/core.o
  CC      fs/binfmt_script.o
  CC      drivers/pnp/pnpacpi/rsparser.o
  CC [M]  sound/soc/codecs/pcm512x-i2c.o
  AR      drivers/dma/idxd/built-in.a
  CC      net/core/lwtunnel.o
  CC      drivers/acpi/property.o
  CC      drivers/acpi/debugfs.o
  AR      drivers/dma/dw/built-in.a
  AR      drivers/dma/amd/built-in.a
  AR      drivers/dma/loongson/built-in.a
  CC [M]  sound/soc/codecs/pcm512x-spi.o
  AR      drivers/dma/mediatek/built-in.a
  AR      drivers/dma/qcom/built-in.a
  AR      drivers/dma/stm32/built-in.a
  CC      fs/binfmt_elf.o
  CC [M]  sound/hda/codecs/si3054.o
  AR      drivers/dma/ti/built-in.a
  CC      lib/zlib_deflate/deftree.o
  LD [M]  sound/soc/codecs/snd-soc-aw88395-lib.o
  AR      drivers/dma/xilinx/built-in.a
  CC [M]  drivers/dma/virt-dma.o
  CC      drivers/acpi/acpi_lpat.o
  CC      arch/x86/kernel/cpu/mtrr/generic.o
  CC      kernel/module/tracking.o
  CC [M]  net/wireless/reg.o
  CC      arch/x86/kernel/cpu/microcode/intel.o
  CC      drivers/acpi/acpi_fpdt.o
  CC [M]  net/netfilter/nf_nat_amanda.o
  CC      drivers/acpi/acpi_lpit.o
  CC      drivers/acpi/prmt.o
  CC      drivers/acpi/acpi_pcc.o
  CC      net/ipv6/tcp_ipv6.o
  CC      net/ipv6/ping.o
  AR      drivers/pnp/pnpacpi/built-in.a
  AR      drivers/pnp/built-in.a
  CC      drivers/acpi/acpi_ffh.o
  AR      kernel/module/built-in.a
  LD [M]  sound/soc/codecs/snd-soc-aw88399.o
  CC      drivers/regulator/core.o
  LD [M]  sound/soc/codecs/snd-soc-dmic.o
  LD [M]  sound/soc/codecs/snd-soc-hdac-hda.o
  LD [M]  sound/soc/codecs/snd-soc-hda-codec.o
  LD [M]  sound/soc/codecs/snd-soc-max98390.o
  CC      kernel/freezer.o
  LD [M]  sound/soc/codecs/snd-soc-pcm512x.o
  CC [M]  sound/hda/codecs/via.o
  LD [M]  sound/soc/codecs/snd-soc-pcm512x-i2c.o
  LD [M]  sound/soc/codecs/snd-soc-pcm512x-spi.o
  CC      lib/zlib_deflate/deflate_syms.o
  CC      net/ipv4/tcp_plb.o
  CC [M]  drivers/dma/idma64.o
  CC [M]  sound/hda/codecs/cirrus/cs420x.o
  CC [M]  sound/soc/intel/common/soc-acpi-intel-byt-match.o
  CC [M]  sound/soc/intel/avs/dsp.o
  CC      arch/x86/kernel/cpu/mtrr/cleanup.o
  CC      arch/x86/kernel/cpu/microcode/amd.o
  CC [M]  net/netfilter/nf_nat_ftp.o
  CC      drivers/reset/core.o
  CC [M]  net/wireless/scan.o
  CC      net/core/lwt_bpf.o
  AR      lib/zlib_deflate/built-in.a
  CC      lib/lzo/lzo1x_compress.o
  AR      drivers/reset/amlogic/built-in.a
  CC      drivers/tty/tty_io.o
  CC      drivers/acpi/acpi_mrrm.o
  CC      fs/compat_binfmt_elf.o
  CC      drivers/clk/clk-divider.o
  CC [M]  sound/soc/intel/common/soc-acpi-intel-cht-match.o
  CC      kernel/stacktrace.o
  CC [M]  sound/hda/codecs/cirrus/cs421x.o
  CC      drivers/clk/clk-fixed-factor.o
  CC      drivers/tty/n_tty.o
  CC [M]  drivers/dma/hsu/hsu.o
  CC      mm/slub.o
  CC [M]  sound/soc/intel/avs/ipc.o
  CC      lib/lzo/lzo1x_compress_safe.o
  CC      net/ipv4/datagram.o
  AR      arch/x86/kernel/cpu/mtrr/built-in.a
  CC      drivers/tty/tty_ioctl.o
  CC [M]  net/netfilter/nf_nat_irc.o
  CC      drivers/acpi/acpica/dsargs.o
  CC      kernel/time/time.o
  CC [M]  sound/soc/intel/common/soc-acpi-intel-hsw-bdw-match.o
  AR      arch/x86/kernel/cpu/microcode/built-in.a
  CC      arch/x86/kernel/cpu/perfctr-watchdog.o
  CC [M]  sound/hda/codecs/cirrus/cs8409.o
  CC      kernel/time/timer.o
  CC      drivers/clk/clk-fixed-rate.o
  AR      drivers/virtio/built-in.a
  CC      drivers/tty/tty_ldisc.o
  CC      drivers/acpi/acpica/dscontrol.o
  CC      lib/lzo/lzo1x_decompress_safe.o
  AR      drivers/reset/hisilicon/built-in.a
  LD [M]  drivers/dma/hsu/hsu_dma.o
  CC      net/ipv6/exthdrs.o
  AR      drivers/reset/spacemit/built-in.a
  AR      drivers/reset/starfive/built-in.a
  CC [M]  drivers/dma/ioat/init.o
  AR      drivers/reset/sti/built-in.a
  AR      drivers/reset/tegra/built-in.a
  AR      drivers/reset/built-in.a
  CC      net/core/dst_cache.o
  CC      net/ipv6/datagram.o
  CC      net/ipv6/ip6_flowlabel.o
  CC [M]  sound/soc/intel/avs/messages.o
  CC [M]  sound/soc/intel/common/soc-acpi-intel-skl-match.o
  CC      drivers/acpi/acpica/dsdebug.o
  CC      arch/x86/kernel/cpu/debugfs.o
  CC [M]  net/netfilter/nf_nat_sip.o
  CC      drivers/clk/clk-gate.o
  CC      net/ipv4/raw.o
  CC      fs/backing-file.o
  CC [M]  net/netfilter/nf_nat_tftp.o
  CC [M]  net/netfilter/nf_synproxy_core.o
  CC      drivers/tty/tty_buffer.o
  AR      lib/lzo/built-in.a
  CC      drivers/tty/tty_port.o
  CC      drivers/acpi/acpica/dsfield.o
  CC      lib/zstd/zstd_compress_module.o
  CC [M]  sound/soc/intel/common/soc-acpi-intel-kbl-match.o
  CC      kernel/futex/core.o
  CC      arch/x86/kernel/cpu/bus_lock.o
  CC      drivers/clk/clk-multiplier.o
  CC [M]  sound/hda/codecs/cirrus/cs8409-tables.o
  CC      drivers/acpi/acpica/dsinit.o
  CC      net/core/gro_cells.o
  CC      fs/posix_acl.o
  CC [M]  drivers/dma/ioat/dma.o
  CC      lib/zstd/compress/fse_compress.o
  CC [M]  sound/soc/intel/avs/utils.o
  CC [M]  sound/soc/intel/common/soc-acpi-intel-bxt-match.o
  CC      drivers/clk/clk-mux.o
  CC [M]  drivers/dma/ioat/prep.o
  LD [M]  sound/hda/codecs/cirrus/snd-hda-codec-cs420x.o
  CC      kernel/futex/syscalls.o
  CC [M]  sound/hda/codecs/hdmi/hdmi.o
  CC      kernel/time/hrtimer.o
  CC      drivers/acpi/acpica/dsmethod.o
  CC      drivers/acpi/acpica/dsmthdat.o
  CC      drivers/tty/tty_mutex.o
  CC      drivers/regulator/dummy.o
  CC      lib/zstd/compress/hist.o
  LD [M]  sound/hda/codecs/cirrus/snd-hda-codec-cs421x.o
  LD [M]  sound/hda/codecs/cirrus/snd-hda-codec-cs8409.o
  CC      mm/madvise.o
  CC      arch/x86/kernel/cpu/capflags.o
  CC      net/ipv6/inet6_connection_sock.o
  AR      arch/x86/kernel/cpu/built-in.a
  CC      arch/x86/kernel/early-quirks.o
  CC      lib/zstd/compress/huf_compress.o
  CC      arch/x86/kernel/smp.o
  CC      drivers/acpi/acpica/dsobject.o
  CC      net/ipv4/udp.o
  CC      drivers/clk/clk-composite.o
  CC [M]  sound/soc/intel/common/soc-acpi-intel-glk-match.o
  CC [M]  net/wireless/nl80211.o
  CC      drivers/acpi/acpica/dsopcode.o
  CC      kernel/dma.o
  CC      drivers/tty/tty_ldsem.o
  CC      net/core/skmsg.o
  CC [M]  sound/soc/intel/avs/core.o
  CC      drivers/regulator/fixed-helper.o
  CC      drivers/regulator/helpers.o
  CC [M]  net/netfilter/nf_conncount.o
  CC [M]  drivers/dma/ioat/dca.o
  CC      drivers/regulator/devres.o
  CC      drivers/acpi/acpica/dspkginit.o
  CC      drivers/regulator/irq_helpers.o
  CC      fs/coredump.o
  CC [M]  sound/soc/intel/common/soc-acpi-intel-cnl-match.o
  CC      drivers/regulator/event.o
  CC      drivers/clk/clk-fractional-divider.o
  CC [M]  drivers/regulator/fixed.o
  CC      drivers/tty/tty_baudrate.o
  CC      kernel/futex/pi.o
  CC      arch/x86/kernel/smpboot.o
  CC      arch/x86/kernel/tsc_sync.o
  CC      net/ipv6/udp_offload.o
  CC      kernel/time/sleep_timeout.o
  CC [M]  sound/hda/codecs/hdmi/eld.o
  CC      drivers/acpi/acpica/dsutils.o
  CC [M]  drivers/dma/ioat/sysfs.o
  CC      lib/zstd/compress/zstd_compress.o
  CC [M]  sound/soc/intel/avs/loader.o
  CC [M]  sound/soc/intel/common/soc-acpi-intel-cfl-match.o
  CC      drivers/tty/tty_jobctrl.o
  CC      kernel/time/timekeeping.o
  CC      lib/xz/xz_dec_syms.o
  CC      drivers/clk/clk-gpio.o
  CC      kernel/time/ntp.o
  CC [M]  sound/soc/intel/boards/skl_hda_dsp_generic.o
  CC [M]  drivers/regulator/virtual.o
  CC      kernel/time/clocksource.o
  CC      arch/x86/kernel/setup_percpu.o
  CC      drivers/acpi/acpica/dswexec.o
  CC      kernel/futex/requeue.o
  CC [M]  sound/hda/codecs/hdmi/simplehdmi.o
  LD [M]  drivers/dma/ioat/ioatdma.o
  AR      drivers/dma/built-in.a
  CC      lib/xz/xz_dec_stream.o
  CC      mm/page_io.o
  CC [M]  net/netfilter/nf_dup_netdev.o
  CC      net/ipv4/udp_offload.o
  CC      drivers/acpi/acpica/dswload.o
  CC [M]  sound/soc/intel/common/soc-acpi-intel-cml-match.o
  CC      net/ipv6/seg6.o
  CC      net/ipv4/arp.o
  AR      drivers/clk/actions/built-in.a
  AR      drivers/clk/analogbits/built-in.a
  AR      drivers/clk/aspeed/built-in.a
  CC      drivers/tty/n_null.o
  AR      drivers/clk/bcm/built-in.a
  AR      drivers/clk/imgtec/built-in.a
  AR      drivers/clk/imx/built-in.a
  AR      drivers/clk/ingenic/built-in.a
  AR      drivers/clk/keystone/built-in.a
  CC      arch/x86/kernel/mpparse.o
  AR      drivers/clk/mediatek/built-in.a
  CC [M]  sound/soc/intel/boards/hda_dsp_common.o
  AR      drivers/clk/microchip/built-in.a
  CC      arch/x86/kernel/apic/apic.o
  AR      drivers/clk/mstar/built-in.a
  AR      drivers/clk/mvebu/built-in.a
  CC [M]  sound/soc/intel/avs/topology.o
  AR      drivers/clk/ralink/built-in.a
  AR      drivers/clk/renesas/built-in.a
  AR      drivers/clk/socfpga/built-in.a
  AR      drivers/clk/sophgo/built-in.a
  CC      kernel/futex/waitwake.o
  AR      drivers/clk/spacemit/built-in.a
  CC [M]  drivers/regulator/userspace-consumer.o
  AR      drivers/clk/sprd/built-in.a
  CC      lib/xz/xz_dec_lzma2.o
  AR      drivers/clk/starfive/built-in.a
  AR      drivers/clk/sunxi-ng/built-in.a
  AR      drivers/clk/tenstorrent/built-in.a
  AR      drivers/clk/ti/built-in.a
  AR      drivers/clk/versatile/built-in.a
  CC      drivers/clk/x86/clk-lpss-atom.o
  CC      net/core/sock_map.o
  CC      drivers/acpi/acpica/dswload2.o
  CC [M]  sound/hda/codecs/hdmi/intelhdmi.o
  CC      fs/drop_caches.o
  CC      net/sysctl_net.o
  CC      drivers/tty/pty.o
  CC [M]  sound/soc/intel/common/soc-acpi-intel-icl-match.o
  CC [M]  net/netfilter/nf_tables_core.o
  CC [M]  sound/soc/intel/boards/sof_board_helpers.o
  CC      drivers/acpi/acpica/dswscope.o
  CC      drivers/clk/x86/clk-pmc-atom.o
  CC [M]  drivers/regulator/gpio-regulator.o
  CC      mm/swap_state.o
  CC      net/ipv6/fib6_notifier.o
  CC      fs/sysctls.o
  AR      kernel/futex/built-in.a
  CC      mm/swapfile.o
  CC      mm/zswap.o
  CC      lib/xz/xz_dec_bcj.o
  LD [M]  sound/soc/intel/boards/snd-soc-skl_hda_dsp.o
  CC [M]  sound/soc/intel/avs/path.o
  CC      drivers/acpi/acpica/dswstate.o
  CC [M]  sound/hda/codecs/hdmi/atihdmi.o
  CC      kernel/time/jiffies.o
  CC      fs/fhandle.o
  CC [M]  sound/soc/intel/common/soc-acpi-intel-tgl-match.o
  CC      drivers/tty/sysrq.o
  CC      mm/dmapool.o
  CC      lib/zstd/compress/zstd_compress_literals.o
  AR      drivers/clk/x86/built-in.a
  AR      drivers/clk/xilinx/built-in.a
  CC      arch/x86/kernel/apic/apic_common.o
  AR      drivers/clk/built-in.a
  LD [M]  sound/soundcore.o
  LD [M]  sound/soc/intel/boards/snd-soc-intel-hda-dsp-common.o
  CC [M]  net/netfilter/nf_tables_api.o
  LD [M]  sound/soc/intel/boards/snd-soc-intel-sof-board-helpers.o
  CC      drivers/tty/vt/vt_ioctl.o
  CC      kernel/time/timer_list.o
  CC [M]  sound/hda/codecs/realtek/realtek.o
  AR      lib/xz/built-in.a
  CC      net/ipv4/icmp.o
  CC      net/ipv4/devinet.o
  CC      drivers/acpi/acpica/evevent.o
  AR      drivers/regulator/built-in.a
  CC      net/ipv4/af_inet.o
  CC      net/ipv4/igmp.o
  CC      drivers/tty/serial/serial_core.o
  CC      net/ipv6/rpl.o
  CC [M]  sound/soc/intel/common/soc-acpi-intel-ehl-match.o
  CC      drivers/tty/serdev/core.o
  CC      arch/x86/kernel/apic/apic_noop.o
  CC      drivers/acpi/acpica/evgpe.o
  CC [M]  sound/hda/codecs/hdmi/nvhdmi.o
  CC      arch/x86/kernel/apic/ipi.o
  CC      kernel/time/timeconv.o
  CC      fs/iomap/trace.o
  CC      fs/iomap/iter.o
  CC      net/core/bpf_sk_storage.o
  CC      fs/iomap/buffered-io.o
  CC      drivers/acpi/acpica/evgpeblk.o
  CC [M]  sound/soc/intel/avs/pcm.o
  CC      drivers/tty/vt/vc_screen.o
  CC      fs/iomap/direct-io.o
  CC [M]  sound/soc/intel/common/soc-acpi-intel-jsl-match.o
  CC      drivers/tty/serdev/serdev-ttyport.o
  CC      kernel/time/timecounter.o
  CC      drivers/acpi/acpica/evgpeinit.o
  CC      net/ipv6/ioam6.o
  CC [M]  sound/hda/codecs/hdmi/nvhdmi-mcp.o
  CC      kernel/time/alarmtimer.o
  CC      arch/x86/kernel/apic/vector.o
  CC      drivers/acpi/acpica/evgpeutil.o
  CC      lib/zstd/compress/zstd_compress_sequences.o
  CC      net/ipv6/sysctl_net_ipv6.o
  CC [M]  sound/hda/codecs/realtek/alc260.o
  CC      mm/sparse.o
  CC      lib/zstd/compress/zstd_compress_superblock.o
  CC      drivers/acpi/acpica/evglock.o
  CC      drivers/acpi/acpica/evhandler.o
  CC      drivers/acpi/ac.o
  CC      drivers/tty/vt/selection.o
  CC [M]  sound/soc/intel/common/soc-acpi-intel-adl-match.o
  AR      drivers/tty/serdev/built-in.a
  CC [M]  sound/soc/intel/common/soc-acpi-intel-rpl-match.o
  CC [M]  sound/hda/codecs/hdmi/tegrahdmi.o
  CC      lib/zstd/compress/zstd_double_fast.o
  LD [M]  sound/hda/codecs/hdmi/snd-hda-codec-hdmi.o
  CC      arch/x86/kernel/trace_clock.o
  CC      drivers/char/mem.o
  CC [M]  sound/soc/intel/common/soc-acpi-intel-mtl-match.o
  CC      drivers/acpi/acpica/evmisc.o
  CC      kernel/time/posix-timers.o
  CC      net/core/devmem.o
  CC [M]  sound/hda/codecs/side-codecs/hda_component.o
  CC [M]  sound/hda/codecs/side-codecs/max98390_hda.o
  CC [M]  sound/hda/codecs/realtek/alc262.o
  CC [M]  sound/soc/intel/avs/board_selection.o
  CC      mm/sparse-vmemmap.o
  CC      mm/mmu_notifier.o
  CC      mm/ksm.o
  CC [M]  net/core/pktgen.o
  CC [M]  net/core/selftests.o
  CC      drivers/acpi/acpica/evregion.o
  LD [M]  sound/hda/codecs/hdmi/snd-hda-codec-simplehdmi.o
  LD [M]  sound/hda/codecs/hdmi/snd-hda-codec-intelhdmi.o
  LD [M]  sound/hda/codecs/hdmi/snd-hda-codec-atihdmi.o
  LD [M]  sound/hda/codecs/hdmi/snd-hda-codec-nvhdmi.o
  LD [M]  sound/hda/codecs/hdmi/snd-hda-codec-nvhdmi-mcp.o
  LD [M]  sound/hda/codecs/hdmi/snd-hda-codec-tegrahdmi.o
  CC      fs/iomap/ioend.o
  CC [M]  net/core/failover.o
  CC      drivers/tty/vt/keyboard.o
  CC      arch/x86/kernel/apic/init.o
  CC      net/ipv4/fib_frontend.o
  CC      drivers/tty/serial/serial_base_bus.o
  CC [M]  sound/soc/intel/common/soc-acpi-intel-arl-match.o
  CC      net/ipv6/ip6mr.o
  CC      drivers/tty/serial/serial_ctrl.o
  CC [M]  sound/hda/codecs/side-codecs/max98390_hda_filters.o
  CC      drivers/acpi/acpica/evrgnini.o
  CC [M]  sound/hda/codecs/realtek/alc268.o
  CC      drivers/char/random.o
  CC [M]  sound/soc/intel/avs/control.o
  CC      fs/iomap/fiemap.o
  CC      arch/x86/kernel/apic/hw_nmi.o
  CC      arch/x86/kernel/apic/io_apic.o
  CC      fs/iomap/seek.o
  CC      drivers/acpi/acpica/evsci.o
  CC [M]  sound/soc/intel/common/soc-acpi-intel-lnl-match.o
  AR      drivers/tty/ipwireless/built-in.a
  CC      drivers/acpi/acpica/evxface.o
  CC [M]  net/wireless/mlme.o
  CC      arch/x86/kernel/apic/msi.o
  CC      kernel/time/posix-cpu-timers.o
  CC      drivers/tty/serial/serial_port.o
  CC      arch/x86/kernel/apic/x2apic_phys.o
  CC [M]  sound/hda/codecs/side-codecs/max98390_hda_i2c.o
  CC [M]  sound/hda/codecs/realtek/alc269.o
  CC      arch/x86/kernel/apic/x2apic_cluster.o
  CC      arch/x86/kernel/apic/apic_flat_64.o
  CC [M]  sound/soc/intel/avs/sysfs.o
  AR      drivers/iommu/arm/arm-smmu/built-in.a
  AR      drivers/iommu/arm/arm-smmu-v3/built-in.a
  AR      drivers/iommu/arm/built-in.a
  CC      drivers/iommu/iommufd/driver.o
  CC      drivers/acpi/acpica/evxfevnt.o
  CC      fs/iomap/bio.o
  CC [M]  sound/soc/intel/common/soc-acpi-intel-ptl-match.o
  CC      fs/iomap/swapfile.o
  CC      drivers/tty/serial/earlycon.o
  CC      drivers/acpi/acpica/evxfgpe.o
  CC      drivers/tty/vt/vt.o
  COPY    drivers/tty/vt/defkeymap.c
  CC [M]  sound/soc/intel/avs/cldma.o
  CC [M]  drivers/tty/n_hdlc.o
  CC [M]  sound/hda/codecs/side-codecs/aw88399_hda.o
  AR      arch/x86/kernel/kprobes/built-in.a
  CC      drivers/char/misc.o
  CC      drivers/connector/cn_queue.o
  CC      mm/memtest.o
  CC      net/ipv4/fib_semantics.o
  CC      drivers/connector/connector.o
  CC      kernel/time/posix-clock.o
  CC [M]  drivers/iommu/iommufd/device.o
  CC [M]  sound/soc/intel/common/soc-acpi-intel-nvl-match.o
  CC      drivers/connector/cn_proc.o
  CC      drivers/acpi/acpica/evxfregn.o
  AR      fs/iomap/built-in.a
  AR      fs/quota/built-in.a
  CC      drivers/tty/serial/8250/8250_core.o
  CC      fs/proc/task_mmu.o
  CC [M]  sound/soc/intel/avs/skl.o
  CC      mm/migrate.o
  CC      drivers/char/hpet.o
  CC      arch/x86/kernel/apic/probe_64.o
  CC      lib/zstd/compress/zstd_fast.o
  CC      lib/zstd/compress/zstd_lazy.o
  CC      drivers/acpi/acpica/exconcat.o
  CC [M]  sound/soc/intel/common/soc-acpi-intel-hda-match.o
  CC [M]  sound/hda/codecs/side-codecs/aw88399_hda_property.o
  CC      lib/zstd/compress/zstd_ldm.o
  CC      net/ipv6/xfrm6_policy.o
  CC      kernel/time/itimer.o
  CC      kernel/time/clockevents.o
  CC      kernel/time/tick-common.o
  CC      drivers/acpi/acpica/exconfig.o
  AR      arch/x86/kernel/apic/built-in.a
  AR      drivers/connector/built-in.a
  CC [M]  sound/soc/intel/avs/apl.o
  CC      arch/x86/kernel/module.o
  CC      fs/proc/inode.o
  CC      drivers/tty/serial/8250/8250_platform.o
  CC [M]  sound/hda/codecs/realtek/alc662.o
  CC [M]  sound/soc/intel/common/soc-acpi-intel-sdw-mockup-match.o
  CC [M]  sound/soc/intel/common/sof-function-topology-lib.o
  AR      net/core/built-in.a
  CC      kernel/time/tick-broadcast.o
  CC [M]  sound/hda/codecs/side-codecs/aw88399_hda_i2c.o
  CC [M]  drivers/iommu/iommufd/eventq.o
  CC      drivers/char/nvram.o
  CC      drivers/acpi/acpica/exconvrt.o
  CC      drivers/acpi/acpica/excreate.o
  CC      arch/x86/kernel/early_printk.o
  CC      drivers/acpi/acpica/exdebug.o
  CC      drivers/acpi/acpica/exdump.o
  CC      net/ipv6/xfrm6_state.o
  CC [M]  sound/soc/intel/avs/cnl.o
  CC      drivers/acpi/acpica/exfield.o
  CC [M]  sound/soc/intel/common/soc-acpi-intel-ssp-common.o
  CC [M]  drivers/iommu/iommufd/hw_pagetable.o
  CC [M]  drivers/iommu/iommufd/io_pagetable.o
  CC      drivers/tty/serial/8250/8250_pnp.o
  LD [M]  sound/hda/codecs/side-codecs/snd-hda-scodec-component.o
  CC [M]  sound/hda/codecs/realtek/alc680.o
  LD [M]  sound/hda/codecs/side-codecs/snd-hda-scodec-max98390.o
  LD [M]  sound/hda/codecs/side-codecs/snd-hda-scodec-max98390-i2c.o
  LD [M]  sound/hda/codecs/side-codecs/snd-hda-scodec-aw88399.o
  CC      fs/kernfs/mount.o
  LD [M]  sound/hda/codecs/side-codecs/snd-hda-scodec-aw88399-i2c.o
  CC [M]  drivers/iommu/iommufd/ioas.o
  CC      mm/huge_memory.o
  CC      kernel/time/tick-broadcast-hrtimer.o
  CC      kernel/time/tick-oneshot.o
  CC      net/ipv4/fib_trie.o
  CC      drivers/char/hw_random/core.o
  CC      drivers/acpi/acpica/exfldio.o
  CC      mm/khugepaged.o
  CC      arch/x86/kernel/hpet.o
  CC [M]  sound/soc/intel/avs/icl.o
  CC      fs/proc/root.o
  CC [M]  sound/soc/intel/common/soc-acpi-intel-sdca-quirks.o
  CC      drivers/tty/serial/8250/8250_port.o
  AR      drivers/char/agp/built-in.a
  CC [M]  drivers/char/agp/intel-gtt.o
  CC      kernel/time/tick-sched.o
  CC      net/ipv6/xfrm6_input.o
  CC      drivers/tty/vt/consolemap.o
  CC [M]  net/netfilter/nft_chain_filter.o
  CC      drivers/tty/serial/serial_mctrl_gpio.o
  CC [M]  sound/hda/codecs/realtek/alc861.o
  CC      fs/kernfs/inode.o
  CC      drivers/acpi/acpica/exmisc.o
  CC [M]  drivers/tty/serial/arc_uart.o
  CC [M]  sound/soc/intel/avs/tgl.o
  CC [M]  drivers/char/hw_random/intel-rng.o
  CC      fs/kernfs/dir.o
  LD [M]  sound/soc/intel/common/snd-soc-acpi-intel-match.o
  LD [M]  sound/soc/intel/common/snd-soc-acpi-intel-sdca-quirks.o
  CC      fs/kernfs/file.o
  CC [M]  drivers/iommu/iommufd/main.o
  CC [M]  net/wireless/ibss.o
  CC      drivers/acpi/acpica/exmutex.o
  CC      arch/x86/kernel/amd_nb.o
  CC      fs/proc/base.o
  CC [M]  drivers/iommu/iommufd/pages.o
  CC      fs/sysfs/file.o
  CC [M]  sound/hda/codecs/realtek/alc861vd.o
  CC      kernel/time/timer_migration.o
  CC      fs/configfs/inode.o
  CC      fs/devpts/inode.o
  HOSTCC  drivers/tty/vt/conmakehash
  CC      fs/kernfs/symlink.o
  CC      drivers/acpi/acpica/exnames.o
  AR      drivers/char/hw_random/built-in.a
  CC      drivers/char/tpm/tpm-chip.o
  CC [M]  sound/soc/intel/avs/mtl.o
  COPY    drivers/tty/vt/ucs_width_table.h
  COPY    drivers/tty/vt/ucs_recompose_table.h
  COPY    drivers/tty/vt/ucs_fallback_table.h
  CC      drivers/tty/vt/defkeymap.o
  CC      net/ipv6/xfrm6_output.o
  CONMK   drivers/tty/vt/consolemap_deftbl.c
  CC      drivers/tty/vt/ucs.o
  CC      arch/x86/kernel/amd_node.o
  CC      drivers/acpi/acpica/exoparg1.o
  CC [M]  sound/soc/intel/avs/lnl.o
  CC [M]  net/netfilter/nf_tables_trace.o
  CC      drivers/tty/vt/consolemap_deftbl.o
  CC      fs/sysfs/dir.o
  AR      drivers/tty/vt/built-in.a
  CC [M]  sound/hda/codecs/realtek/alc880.o
  CC      fs/configfs/file.o
  CC      drivers/iommu/iommu.o
  CC      drivers/iommu/iommu-pages.o
  AR      fs/devpts/built-in.a
  CC      drivers/tty/serial/8250/8250_dma.o
  CC      drivers/tty/serial/8250/8250_dwlib.o
  CC      net/ipv4/fib_notifier.o
  CC      drivers/char/tpm/tpm-dev-common.o
  CC      drivers/char/tpm/tpm-dev.o
  CC [M]  net/wireless/sme.o
  CC      drivers/char/tpm/tpm-interface.o
  CC      fs/sysfs/symlink.o
  CC      drivers/acpi/acpica/exoparg2.o
  CC      kernel/time/vsyscall.o
  AR      fs/kernfs/built-in.a
  CC      arch/x86/kernel/pcspeaker.o
  CC      drivers/char/tpm/tpm1-cmd.o
  CC [M]  sound/soc/intel/avs/ptl.o
  CC      fs/configfs/dir.o
  CC      fs/configfs/symlink.o
  CC [M]  sound/hda/codecs/realtek/alc882.o
  LD [M]  sound/hda/codecs/realtek/snd-hda-codec-realtek-lib.o
  CC [M]  sound/soc/intel/avs/trace.o
  CC [M]  sound/soc/intel/avs/probes.o
  CC      kernel/time/timekeeping_debug.o
  CC [M]  sound/soc/intel/avs/debugfs.o
  CC      drivers/tty/serial/8250/8250_fintek.o
  CC [M]  net/netfilter/nft_immediate.o
  CC      drivers/acpi/acpica/exoparg3.o
  CC [M]  drivers/iommu/iommufd/vfio_compat.o
  CC [M]  net/netfilter/nft_cmp.o
  CC      net/ipv6/xfrm6_protocol.o
  CC      arch/x86/kernel/check.o
  CC      net/ipv4/inet_fragment.o
  CC [M]  net/netfilter/nft_range.o
  CC [M]  net/netfilter/nft_bitwise.o
  CC      fs/sysfs/mount.o
  CC      net/ipv6/netfilter.o
  CC      fs/proc/generic.o
  CC      drivers/char/tpm/tpm2-cmd.o
  CC      drivers/acpi/acpica/exoparg6.o
  CC      kernel/time/namespace.o
  CC      drivers/char/tpm/tpmrm-dev.o
  CC [M]  net/netfilter/nft_byteorder.o
  LD [M]  sound/hda/codecs/realtek/snd-hda-codec-alc260.o
  LD [M]  sound/hda/codecs/realtek/snd-hda-codec-alc262.o
  LD [M]  sound/hda/codecs/realtek/snd-hda-codec-alc268.o
  LD [M]  sound/hda/codecs/realtek/snd-hda-codec-alc269.o
  LD [M]  sound/hda/codecs/realtek/snd-hda-codec-alc662.o
  CC      drivers/acpi/acpica/exprep.o
  LD [M]  sound/hda/codecs/realtek/snd-hda-codec-alc680.o
  LD [M]  sound/hda/codecs/realtek/snd-hda-codec-alc861.o
  CC [M]  sound/soc/intel/avs/boards/dmic.o
  LD [M]  sound/hda/codecs/realtek/snd-hda-codec-alc861vd.o
  LD [M]  sound/hda/codecs/realtek/snd-hda-codec-alc880.o
  LD [M]  sound/hda/codecs/realtek/snd-hda-codec-alc882.o
  CC      arch/x86/kernel/perf_regs.o
  LD [M]  sound/hda/codecs/snd-hda-codec-generic.o
  LD [M]  sound/hda/codecs/snd-hda-codec-cmedia.o
  LD [M]  sound/hda/codecs/snd-hda-codec-cm9825.o
  LD [M]  sound/hda/codecs/snd-hda-codec-analog.o
  LD [M]  sound/hda/codecs/snd-hda-codec-ca0110.o
  CC      drivers/tty/serial/8250/8250_pcilib.o
  LD [M]  sound/hda/codecs/snd-hda-codec-ca0132.o
  LD [M]  sound/hda/codecs/snd-hda-codec-conexant.o
  LD [M]  sound/hda/codecs/snd-hda-codec-idt.o
  LD [M]  sound/hda/codecs/snd-hda-codec-senarytech.o
  CC [M]  drivers/iommu/iommufd/viommu.o
  LD [M]  sound/hda/codecs/snd-hda-codec-si3054.o
  LD [M]  sound/hda/codecs/snd-hda-codec-via.o
  CC      mm/page_counter.o
  CC      drivers/iommu/iommu-traces.o
  CC      drivers/iommu/iommu-sysfs.o
  CC      fs/sysfs/group.o
  CC      fs/configfs/mount.o
  CC      drivers/acpi/acpica/exregion.o
  CC      kernel/smp.o
  CC      kernel/uid16.o
  CC      drivers/tty/serial/8250/8250_rsa.o
  CC      drivers/tty/serial/8250/8250_early.o
  CC      drivers/tty/serial/8250/8250_pci.o
  CC      mm/memcontrol.o
  CC      fs/proc/array.o
  CC      drivers/char/tpm/tpm2-space.o
  CC      kernel/time/namespace_vdso.o
  CC      arch/x86/kernel/itmt.o
  CC      arch/x86/kernel/umip.o
  CC      arch/x86/kernel/unwind_orc.o
  CC [M]  sound/soc/intel/avs/boards/hdaudio.o
  CC [M]  net/netfilter/nft_payload.o
  CC      drivers/acpi/acpica/exresnte.o
  CC [M]  net/wireless/chan.o
  CC      net/ipv6/fib6_rules.o
  CC      drivers/char/tpm/tpm-sysfs.o
  AR      drivers/iommu/iommufd/built-in.a
  LD [M]  drivers/iommu/iommufd/iommufd.o
  CC      drivers/iommu/dma-iommu.o
  CC      drivers/iommu/iova.o
  AR      fs/sysfs/built-in.a
  CC      fs/configfs/item.o
  CC      drivers/char/tpm/eventlog/common.o
  CC      drivers/char/tpm/eventlog/tpm1.o
  LD [M]  sound/soc/intel/avs/snd-soc-avs.o
  CC      net/ipv4/ping.o
  CC      drivers/acpi/acpica/exresolv.o
  CC      net/ipv4/ip_tunnel_core.o
  CC [M]  drivers/tty/serial/max3100.o
  AR      kernel/time/built-in.a
  CC      lib/raid6/algos.o
  CC      lib/raid6/recov.o
  CC      fs/proc/fd.o
  CC      fs/proc/proc_tty.o
  LD [M]  sound/soc/intel/avs/boards/snd-soc-avs-dmic.o
  CC      kernel/kallsyms.o
  LD [M]  sound/soc/intel/avs/boards/snd-soc-avs-hdaudio.o
  CC [M]  sound/soc/sdca/sdca_functions.o
  AR      fs/configfs/built-in.a
  CC      arch/x86/kernel/cet.o
  CC      drivers/acpi/acpica/exresop.o
  CC      arch/x86/kernel/shstk.o
  CC [M]  sound/soc/sdca/sdca_device.o
  CC [M]  sound/soc/sdca/sdca_function_device.o
  CC [M]  sound/soc/sdca/sdca_regmap.o
  CC      drivers/char/tpm/eventlog/tpm2.o
  HOSTCC  lib/raid6/mktables
  CC [M]  sound/soc/sdca/sdca_asoc.o
  CC      drivers/acpi/button.o
  CC      net/ipv6/proc.o
  CC      drivers/acpi/acpica/exserial.o
  CC [M]  net/netfilter/nft_lookup.o
  CC      net/ipv6/syncookies.o
  CC      drivers/tty/serial/8250/8250_rt288x.o
  UNROLL  lib/raid6/int1.c
  UNROLL  lib/raid6/int2.c
  UNROLL  lib/raid6/int4.c
  UNROLL  lib/raid6/int8.c
  CC      lib/raid6/recov_ssse3.o
  CC [M]  drivers/char/hangcheck-timer.o
  CC      fs/proc/cmdline.o
  CC      net/ipv6/seg6_iptunnel.o
  CC      net/ipv6/seg6_local.o
  CC      drivers/acpi/acpica/exstore.o
  CC [M]  net/wireless/ethtool.o
  CC      drivers/acpi/acpica/exstoren.o
  CC      arch/x86/kernel/mmconf-fam10h_64.o
  CC      drivers/iommu/irq_remapping.o
  CC      lib/zstd/compress/zstd_opt.o
  CC      drivers/char/tpm/tpm-buf.o
  CC [M]  sound/soc/sof/core.o
  CC [M]  drivers/tty/serial/max310x.o
  CC      net/ipv4/gre_offload.o
  CC      net/ipv6/seg6_hmac.o
  CC      fs/proc/consoles.o
  CC [M]  drivers/tty/serial/8250/8250_dw.o
  CC      kernel/compat.o
  CC      lib/raid6/recov_avx2.o
  CC      kernel/cgroup/cgroup.o
  CC      drivers/acpi/acpica/exstorob.o
  CC [M]  net/netfilter/nft_dynset.o
  CC      kernel/utsname.o
  AR      drivers/iommu/built-in.a
  CC      drivers/char/tpm/tpm2-sessions.o
  CC      kernel/user_namespace.o
  CC      arch/x86/kernel/vsmp_64.o
  CC      net/ipv4/metrics.o
  CC      fs/proc/cpuinfo.o
  CC      drivers/acpi/acpica/exsystem.o
  CC [M]  net/wireless/mesh.o
  CC [M]  net/wireless/ap.o
  CC [M]  sound/soc/sdca/sdca_ump.o
  CC      lib/raid6/mmx.o
  CC      lib/raid6/sse1.o
  CC      lib/raid6/sse2.o
  CC      lib/raid6/avx2.o
  CC [M]  sound/soc/sof/ops.o
  CC      net/switchdev/switchdev.o
  CC      drivers/acpi/acpica/extrace.o
  CC [M]  drivers/tty/serial/8250/8250_exar.o
  LDS     arch/x86/kernel/vmlinux.lds
  AR      arch/x86/kernel/built-in.a
  CC [M]  net/netfilter/nft_meta.o
  CC      fs/proc/devices.o
  AR      arch/x86/built-in.a
  CC      kernel/cgroup/rstat.o
  CC      drivers/acpi/acpica/exutils.o
  CC      lib/zstd/compress/zstd_preSplit.o
  CC [M]  sound/soc/sof/loader.o
  CC      drivers/acpi/fan_core.o
  CC      net/l3mdev/l3mdev.o
  CC [M]  sound/soc/sof/ipc.o
  CC      mm/vmpressure.o
  CC      drivers/char/tpm/tpm_ppi.o
  CC      drivers/char/tpm/eventlog/acpi.o
  CC [M]  sound/soc/sdca/sdca_hid.o
  CC      drivers/acpi/acpica/hwacpi.o
  CC [M]  net/wireless/trace.o
  CC      drivers/char/tpm/eventlog/efi.o
  CC      net/ipv6/rpl_iptunnel.o
  CC      lib/raid6/avx512.o
  CC      fs/proc/interrupts.o
  CC      lib/raid6/recov_avx512.o
  CC      net/ipv4/netlink.o
  CC [M]  net/netfilter/nft_rt.o
  CC      drivers/acpi/acpica/hwesleep.o
  CC [M]  drivers/tty/serial/8250/8250_lpss.o
  CC      lib/textsearch.o
  CC      lib/percpu_counter.o
  CC [M]  sound/soc/sof/pcm.o
  CC [M]  sound/soc/sof/pm.o
  AR      net/switchdev/built-in.a
  AR      net/l3mdev/built-in.a
  CC      mm/swap_cgroup.o
  CC [M]  drivers/tty/serial/8250/8250_mid.o
  CC      drivers/char/tpm/tpm_tis_core.o
  CC      fs/proc/loadavg.o
  CC      fs/proc/meminfo.o
  CC      drivers/acpi/acpica/hwgpe.o
  CC [M]  sound/soc/sof/debug.o
  CC [M]  drivers/tty/serial/rp2.o
  CC [M]  sound/soc/sdca/sdca_interrupts.o
  CC      fs/proc/stat.o
  TABLE   lib/raid6/tables.c
  CC      lib/raid6/int1.o
  CC [M]  net/wireless/ocb.o
  CC      lib/raid6/int2.o
  CC      net/ipv6/ioam6_iptunnel.o
  AR      net/ipv6/netfilter/built-in.a
  CC [M]  net/ipv6/netfilter/ip6_tables.o
  CC      drivers/acpi/acpica/hwregs.o
  CC [M]  net/ipv6/netfilter/ip6table_filter.o
  CC [M]  net/ipv6/netfilter/ip6table_mangle.o
  CC      net/ipv4/nexthop.o
  CC      net/ipv4/udp_tunnel_stub.o
  CC      mm/bpf_memcontrol.o
  CC [M]  net/netfilter/nft_exthdr.o
  CC      net/ipv6/addrconf_core.o
  CC [M]  drivers/tty/serial/8250/8250_ni.o
  CC      net/ipv6/exthdrs_core.o
  CC      fs/proc/uptime.o
  CC [M]  drivers/tty/serial/8250/8250_pci1xxxx.o
  CC      net/ipv6/ip6_checksum.o
  CC      net/ipv6/ip6_icmp.o
  CC      lib/raid6/int4.o
  CC      drivers/acpi/acpica/hwsleep.o
  CC [M]  net/wireless/michael-mic.o
  CC [M]  sound/soc/sof/topology.o
  CC [M]  sound/soc/sdca/sdca_jack.o
  CC      fs/proc/util.o
  CC [M]  net/wireless/pmsr.o
  CC      drivers/char/tpm/tpm_tis.o
  CC      drivers/acpi/acpica/hwvalid.o
  CC      mm/memory-failure.o
  CC      drivers/char/tpm/tpm_crb.o
  CC [M]  net/netfilter/nft_last.o
  CC      fs/ramfs/inode.o
  CC      fs/ramfs/file-mmu.o
  CC      lib/syscall.o
  CC      lib/raid6/int8.o
  CC      lib/raid6/tables.o
  CC [M]  drivers/tty/serial/8250/8250_pericom.o
  CC      fs/exportfs/expfs.o
  CC      fs/proc/version.o
  CC      lib/dynamic_debug.o
  CC      drivers/acpi/fan_attr.o
  CC      drivers/acpi/acpica/hwxface.o
  CC [M]  sound/soc/sof/control.o
  CC [M]  sound/soc/sof/trace.o
  CC [M]  sound/soc/sdca/sdca_fdl.o
  CC      fs/nls/nls_base.o
  CC      fs/unicode/utf8-norm.o
  CC      kernel/cgroup/namespace.o
  CC      kernel/cgroup/cgroup-v1.o
  CC      drivers/acpi/acpica/hwxfsleep.o
  CC      fs/proc/softirqs.o
  CC [M]  net/ipv6/netfilter/ip6table_raw.o
  AR      drivers/tty/serial/8250/built-in.a
  CC [M]  drivers/tty/serial/sc16is7xx.o
  AR      lib/raid6/built-in.a
  AR      fs/exportfs/built-in.a
  CC      fs/proc/namespaces.o
  CC      net/ipv6/output_core.o
  CC      net/ipv6/protocol.o
  AR      fs/ramfs/built-in.a
  CC [M]  sound/soc/sof/iomem-utils.o
  CC [M]  net/netfilter/nft_counter.o
  AR      drivers/char/tpm/built-in.a
  AR      drivers/char/built-in.a
  CC [M]  net/wireless/debugfs.o
  CC      lib/zstd/zstd_decompress_module.o
  CC      net/ncsi/ncsi-cmd.o
  CC      drivers/acpi/acpica/hwpci.o
  CC      net/ncsi/ncsi-rsp.o
  CC      net/ncsi/ncsi-aen.o
  CC      net/ncsi/ncsi-manage.o
  CC      fs/nls/nls_ascii.o
  CC      fs/unicode/utf8-core.o
  CC      net/ncsi/ncsi-netlink.o
  CC [M]  fs/nls/nls_cp437.o
  CC [M]  fs/nls/nls_cp850.o
  CC      fs/proc/self.o
  CC      drivers/acpi/acpica/nsaccess.o
  CC [M]  sound/soc/sdca/sdca_class.o
  CC      net/ipv4/sysctl_net_ipv4.o
  CC [M]  sound/soc/sof/sof-audio.o
  CC      net/ipv4/proc.o
  CC      mm/page_isolation.o
  CC      mm/zsmalloc.o
  CC [M]  net/ipv6/netfilter/ip6table_security.o
  CC [M]  net/netfilter/nft_objref.o
  CC      mm/early_ioremap.o
  CC [M]  net/netfilter/nft_inner.o
  CC [M]  net/wireless/wext-compat.o
  CC      mm/cma.o
  CC [M]  fs/nls/nls_cp852.o
  COPY    fs/unicode/utf8data.c
  CC [M]  drivers/tty/serial/sc16is7xx_spi.o
  CC      fs/unicode/utf8data.o
  CC      kernel/cgroup/freezer.o
  CC      drivers/acpi/acpica/nsalloc.o
  CC      drivers/acpi/acpica/nsarguments.o
  CC      fs/proc/thread_self.o
  CC [M]  net/ipv6/netfilter/ip6table_nat.o
  CC [M]  fs/nls/nls_cp855.o
  AR      fs/unicode/built-in.a
  CC      drivers/acpi/acpica/nsconvert.o
  CC      mm/secretmem.o
  CC      mm/cma_sysfs.o
  CC [M]  net/wireless/wext-sme.o
  CC [M]  sound/soc/sdca/sdca_class_function.o
  CC [M]  drivers/tty/serial/sc16is7xx_i2c.o
  AR      net/wireless/built-in.a
  CC      fs/proc/proc_sysctl.o
  CC      fs/proc/proc_net.o
  CC      net/ipv4/fib_rules.o
  CC      drivers/acpi/acpica/nsdump.o
  CC      kernel/cgroup/legacy_freezer.o
  CC      drivers/acpi/acpica/nseval.o
  CC [M]  fs/nls/nls_cp866.o
  CC [M]  fs/nls/nls_iso8859-5.o
  CC      lib/zstd/decompress/huf_decompress.o
  CC      lib/zstd/decompress/zstd_ddict.o
  CC [M]  sound/soc/sof/stream-ipc.o
  CC [M]  net/netfilter/nft_chain_route.o
  CC [M]  sound/soc/sof/fw-file-profile.o
  CC [M]  sound/soc/sof/ipc3.o
  CC      drivers/acpi/fan_hwmon.o
  CC      drivers/acpi/pci_slot.o
  AR      net/ncsi/built-in.a
  CC      drivers/acpi/processor_driver.o
  CC      drivers/acpi/acpica/nsinit.o
  CC      drivers/base/component.o
  CC [M]  drivers/tty/serial/uartlite.o
  CC      fs/proc/kmsg.o
  CC      mm/userfaultfd.o
  CC      fs/proc/page.o
  CC      drivers/acpi/acpica/nsload.o
  CC [M]  fs/nls/nls_koi8-r.o
  LD [M]  sound/soc/sdca/snd-soc-sdca.o
  LD [M]  sound/soc/sdca/snd-soc-sdca-class.o
  LD [M]  sound/soc/sdca/snd-soc-sdca-class-function.o
  CC      net/ipv6/ip6_offload.o
  CC [M]  net/ipv6/netfilter/nf_defrag_ipv6_hooks.o
  CC      lib/nlattr.o
  CC      kernel/cgroup/pids.o
  LD [M]  net/wireless/cfg80211.o
  CC      kernel/cgroup/cpuset.o
  CC      kernel/cgroup/misc.o
  CC      drivers/acpi/acpica/nsnames.o
  CC [M]  net/netfilter/nf_tables_offload.o
  CC      net/ipv6/exthdrs_offload.o
  CC      net/ipv6/inet6_hashtables.o
  CC      lib/cpu_rmap.o
  CC      drivers/base/core.o
  CC [M]  fs/nls/nls_koi8-u.o
  CC [M]  fs/nls/nls_koi8-ru.o
  CC      net/ipv6/mcast_snoop.o
  CC [M]  drivers/tty/serial/jsm/jsm_driver.o
  CC      net/ipv4/ipmr.o
  CC [M]  drivers/tty/serial/jsm/jsm_neo.o
  CC [M]  drivers/tty/serial/jsm/jsm_tty.o
  CC [M]  sound/soc/sof/ipc3-loader.o
  CC      drivers/acpi/acpica/nsobject.o
  CC      fs/proc/bootconfig.o
  CC      lib/zstd/decompress/zstd_decompress.o
  CC      lib/zstd/decompress/zstd_decompress_block.o
  CC      net/xdp/xsk.o
  CC [M]  net/llc/llc_core.o
  CC [M]  fs/nls/nls_utf8.o
  CC [M]  net/llc/llc_input.o
  CC      drivers/acpi/acpica/nsparse.o
  CC [M]  net/llc/llc_output.o
  CC      drivers/acpi/acpica/nspredef.o
  CC [M]  net/ipv6/netfilter/nf_conntrack_reasm.o
  CC      drivers/acpi/acpica/nsprepkg.o
  AR      fs/proc/built-in.a
  CC      net/ipv4/ipmr_base.o
  CC      net/ipv4/syncookies.o
  AR      fs/nls/built-in.a
  CC [M]  sound/soc/sof/ipc3-topology.o
  CC      fs/fuse/trace.o
  CC      net/ipv4/netfilter.o
  CC [M]  net/netfilter/nft_set_hash.o
  AR      net/ipv4/netfilter/built-in.a
  CC [M]  net/ipv4/netfilter/nf_defrag_ipv4.o
  CC [M]  net/ipv4/netfilter/nf_socket_ipv4.o
  CC [M]  net/ipv4/netfilter/nf_tproxy_ipv4.o
  CC      mm/page_idle.o
  CC      net/ipv4/tcp_cubic.o
  CC [M]  drivers/tty/serial/jsm/jsm_cls.o
  CC      drivers/acpi/acpica/nsrepair.o
  CC      net/ipv4/tcp_bpf.o
  CC      net/ipv4/udp_bpf.o
  CC      kernel/pid_namespace.o
  LD [M]  net/llc/llc.o
  UPD     kernel/config_data
  CC      kernel/cgroup/dmem.o
  AR      drivers/tty/serial/built-in.a
  CC      lib/zstd/zstd_common_module.o
  CC      fs/fuse/dev.o
  CC      drivers/acpi/acpica/nsrepair2.o
  CC      fs/fuse/dir.o
  CC      mm/memfd.o
  CC      fs/fuse/file.o
  LD [M]  drivers/tty/serial/jsm/jsm.o
  CC      fs/fuse/inode.o
  AR      drivers/tty/built-in.a
  CC [M]  net/ipv6/netfilter/nf_socket_ipv6.o
  CC      kernel/stop_machine.o
  CC      fs/fuse/control.o
  CC      drivers/acpi/acpica/nssearch.o
  CC      net/xdp/xdp_umem.o
  CC      lib/zstd/common/debug.o
  CC      lib/zstd/common/entropy_common.o
  CC [M]  net/ipv6/ah6.o
  CC      mm/page_reporting.o
  CC      drivers/acpi/acpica/nsutils.o
  CC [M]  net/ipv4/netfilter/nf_reject_ipv4.o
  CC [M]  net/tls/tls_main.o
  CC [M]  net/tls/tls_sw.o
  CC      lib/zstd/common/error_private.o
  CC      mm/execmem.o
  CC      lib/zstd/common/fse_decompress.o
  CC [M]  sound/soc/sof/ipc3-control.o
  CC [M]  net/tls/tls_proc.o
  CC      drivers/base/bus.o
  AR      kernel/cgroup/built-in.a
  AR      drivers/block/built-in.a
  CC [M]  drivers/block/brd.o
  CC      drivers/acpi/acpica/nswalk.o
  CC      lib/zstd/common/zstd_common.o
  CC      drivers/acpi/acpica/nsxfeval.o
  CC      kernel/seccomp.o
  AR      lib/zstd/built-in.a
  CC      lib/dynamic_queue_limits.o
  CC      lib/glob.o
  CC [M]  net/netfilter/nft_set_bitmap.o
  AR      drivers/misc/eeprom/built-in.a
  CC [M]  drivers/misc/eeprom/eeprom_93cx6.o
  CC      drivers/mfd/syscon.o
  AR      drivers/nfc/built-in.a
  CC [M]  net/netfilter/nft_set_rbtree.o
  CC [M]  net/ipv6/netfilter/nf_tproxy_ipv6.o
  CC [M]  net/netfilter/nft_set_pipapo.o
  AR      mm/built-in.a
  CC      net/xdp/xsk_queue.o
  CC [M]  net/netfilter/nft_set_pipapo_avx2.o
  CC      drivers/acpi/acpica/nsxfname.o
  CC      drivers/acpi/acpica/nsxfobj.o
  CC [M]  net/tls/trace.o
  CC [M]  sound/soc/sof/ipc3-pcm.o
  CC [M]  net/ipv4/netfilter/nf_nat_h323.o
  CC [M]  net/tls/tls_strp.o
  CC [M]  drivers/mfd/cs42l43.o
  AR      drivers/misc/cb710/built-in.a
  CC [M]  net/netfilter/nft_compat.o
  AR      drivers/misc/lis3lv02d/built-in.a
  AR      drivers/misc/cardreader/built-in.a
  CC [M]  drivers/misc/cardreader/rtsx_pcr.o
  CC [M]  drivers/block/loop.o
  CC [M]  drivers/misc/cardreader/rts5209.o
  CC      drivers/base/dd.o
  CC [M]  drivers/misc/cardreader/rts5229.o
  CC [M]  net/netfilter/nft_connlimit.o
  CC      lib/dim/dim.o
  CC      drivers/acpi/acpica/psargs.o
  CC      drivers/acpi/acpica/psloop.o
  CC [M]  net/netfilter/nft_numgen.o
  CC      fs/fuse/xattr.o
  CC      net/xdp/xskmap.o
  CC      net/xdp/xsk_buff_pool.o
  CC [M]  net/ipv6/netfilter/nf_reject_ipv6.o
  CC      kernel/relay.o
  CC [M]  sound/soc/sof/ipc3-dtrace.o
  CC      lib/strncpy_from_user.o
  CC      lib/dim/net_dim.o
  CC      drivers/acpi/acpica/psobject.o
  CC      lib/dim/rdma_dim.o
  CC [M]  drivers/mfd/cs42l43-sdw.o
  CC      net/ipv4/xfrm4_policy.o
  CC      lib/strnlen_user.o
  CC      fs/fuse/acl.o
  CC      net/ipv4/xfrm4_state.o
  CC      drivers/base/syscore.o
  CC      drivers/acpi/acpica/psopcode.o
  CC [M]  net/xdp/xsk_diag.o
  CC      net/ipv4/xfrm4_input.o
  CC      net/ipv4/xfrm4_output.o
  CC      net/ipv4/xfrm4_protocol.o
  CC [M]  sound/soc/sof/ipc4.o
  AR      drivers/misc/keba/built-in.a
  CC [M]  net/ipv6/esp6.o
  LD [M]  net/tls/tls.o
  CC [M]  net/ipv4/netfilter/nf_nat_pptp.o
  CC [M]  net/ipv6/netfilter/nf_dup_ipv6.o
  CC [M]  net/ipv6/netfilter/nft_reject_ipv6.o
  CC      drivers/acpi/acpica/psopinfo.o
  CC [M]  drivers/block/nbd.o
  CC [M]  drivers/mfd/mfd-core.o
  CC      drivers/acpi/acpica/psparse.o
  CC [M]  net/netfilter/nft_ct.o
  CC [M]  drivers/misc/cardreader/rtl8411.o
  CC      kernel/utsname_sysctl.o
  CC      drivers/acpi/acpica/psscope.o
  AR      lib/dim/built-in.a
  CC      fs/fuse/readdir.o
  CC      lib/net_utils.o
  CC      fs/fuse/ioctl.o
  CC      drivers/base/driver.o
  CC      fs/fuse/iomode.o
  CC      fs/fuse/passthrough.o
  CC      kernel/taskstats.o
  CC      fs/fuse/backing.o
  CC      fs/fuse/sysctl.o
  CC      fs/fuse/dev_uring.o
  CC      drivers/acpi/acpica/pstree.o
  AR      net/xdp/built-in.a
  CC      drivers/acpi/acpica/psutils.o
  CC [M]  net/ipv6/netfilter/nft_dup_ipv6.o
  CC      drivers/acpi/acpica/pswalk.o
  AR      drivers/dax/hmem/built-in.a
  CC      drivers/dax/super.o
  CC      drivers/acpi/acpica/psxface.o
  CC      lib/sg_pool.o
  CC [M]  drivers/mfd/ocelot-core.o
  CC [M]  drivers/misc/cardreader/rts5227.o
  CC [M]  drivers/misc/cardreader/rts5249.o
  ASN.1   net/ipv4/netfilter/nf_nat_snmp_basic.asn1.[ch]
  CC [M]  net/ipv4/netfilter/nft_reject_ipv4.o
  CC [M]  sound/soc/sof/ipc4-loader.o
  CC      drivers/base/class.o
  CC      lib/memregion.o
  CC      lib/irq_poll.o
  CC [M]  fs/fuse/cuse.o
  CC [M]  net/ipv6/netfilter/nft_fib_ipv6.o
  CC      drivers/acpi/processor_thermal.o
  CC [M]  net/key/af_key.o
  CC [M]  net/bridge/br.o
  CC [M]  net/appletalk/aarp.o
  CC      drivers/acpi/acpica/rsaddr.o
  CC [M]  net/bridge/br_device.o
  CC [M]  net/bridge/br_fdb.o
  CC [M]  net/bluetooth/af_bluetooth.o
  CC      kernel/tsacct.o
  CC [M]  net/mac80211/main.o
  CC      drivers/acpi/acpica/rscalc.o
  CC [M]  net/netfilter/nft_flow_offload.o
  CC [M]  net/netfilter/nft_limit.o
  CC      drivers/dax/bus.o
  CC [M]  net/rfkill/core.o
  CC [M]  net/rfkill/input.o
  CC      lib/bootconfig.o
  CC      drivers/base/platform.o
  CC [M]  drivers/misc/cardreader/rts5260.o
  CC [M]  drivers/misc/cardreader/rts5261.o
  AR      fs/fuse/built-in.a
  AR      fs/hostfs/built-in.a
  CC      fs/debugfs/inode.o
  CC [M]  net/ipv4/netfilter/nft_fib_ipv4.o
  CC [M]  sound/soc/sof/ipc4-topology.o
  CC [M]  drivers/mfd/ocelot-spi.o
  CC [M]  drivers/block/ublk_drv.o
  CC      drivers/acpi/acpica/rscreate.o
  CC      kernel/irq_work.o
  CC [M]  net/ipv6/netfilter/ip6t_ah.o
  CC      kernel/bpf/core.o
  CC [M]  net/appletalk/ddp.o
  CC      drivers/acpi/acpica/rsdumpinfo.o
  CC      kernel/static_call.o
  CC      kernel/static_call_inline.o
  CC      fs/debugfs/file.o
  CC      drivers/dma-buf/dma-buf.o
  CC [M]  net/rfkill/rfkill-gpio.o
  CC [M]  net/netfilter/nft_nat.o
  CC [M]  drivers/misc/cardreader/rts5228.o
  CC      lib/fonts/fonts.o
  CC [M]  drivers/mfd/lpc_sch.o
  CC [M]  net/bluetooth/hci_core.o
  AR      drivers/misc/amd-sbi/built-in.a
  CC [M]  net/ipv4/netfilter/nft_dup_ipv4.o
  CC      drivers/acpi/acpica/rsinfo.o
  AR      drivers/dax/built-in.a
  CC [M]  net/ipv4/netfilter/ip_tables.o
  CC [M]  net/dns_resolver/dns_key.o
  CC      drivers/base/cpu.o
  CC [M]  net/psample/psample.o
  CC [M]  net/bridge/br_forward.o
  CC      drivers/acpi/acpica/rsio.o
  CC [M]  net/vmw_vsock/af_vsock.o
  LD [M]  net/rfkill/rfkill.o
  CC [M]  net/vmw_vsock/af_vsock_tap.o
  CC      lib/fonts/font_rotate.o
  CC [M]  net/mac80211/status.o
  CC [M]  drivers/mfd/lpc_ich.o
  CC [M]  drivers/mfd/rdc321x-southbridge.o
  CC [M]  drivers/misc/cardreader/rts5264.o
  CC [M]  net/ipv6/netfilter/ip6t_eui64.o
  CC      drivers/acpi/acpica/rsirq.o
  CC      lib/fonts/font_8x8.o
  CC [M]  net/vmw_vsock/vsock_addr.o
  CC [M]  net/dns_resolver/dns_query.o
  CC [M]  net/vmw_vsock/vsock_bpf.o
  CC      drivers/base/firmware.o
  CC      lib/fonts/font_8x16.o
  CC      drivers/acpi/acpica/rslist.o
  CC      drivers/dma-buf/dma-fence.o
  CC [M]  net/netfilter/nft_queue.o
  CC [M]  net/netfilter/nft_quota.o
  CC [M]  net/appletalk/atalk_proc.o
  AR      fs/debugfs/built-in.a
  CC [M]  sound/soc/sof/ipc4-control.o
  CC      drivers/base/init.o
  CC      drivers/base/map.o
  CC      drivers/acpi/acpica/rsmemory.o
  CC      fs/btrfs/super.o
  CC      net/ipv4/bpf_tcp_ca.o
  CC      lib/fonts/font_ter16x32.o
  LD [M]  net/dns_resolver/dns_resolver.o
  CC [M]  net/bridge/br_if.o
  CC [M]  drivers/misc/cardreader/rtsx_usb.o
  CC [M]  drivers/mfd/vx855.o
  CC [M]  net/ipv6/esp6_offload.o
  CC [M]  net/ipv6/netfilter/ip6t_frag.o
  CC      drivers/acpi/acpica/rsmisc.o
  CC      kernel/bpf/syscall.o
  AR      lib/fonts/built-in.a
  CC      lib/ucs2_string.o
  CC      drivers/dma-buf/dma-fence-array.o
  CC      fs/btrfs/ctree.o
  CC      drivers/dma-buf/dma-fence-chain.o
  CC      drivers/dma-buf/dma-fence-unwrap.o
  CC      drivers/base/devres.o
  CC [M]  net/ipv4/netfilter/iptable_filter.o
  CC [M]  net/mac80211/driver-ops.o
  CC      drivers/dma-buf/dma-resv.o
  AR      drivers/mfd/built-in.a
  LD [M]  drivers/mfd/ocelot-soc.o
  CC [M]  net/ipv6/netfilter/ip6t_ipv6header.o
  CC      drivers/acpi/acpica/rsserial.o
  CC [M]  net/netfilter/nft_reject.o
  CC [M]  drivers/block/mtip32xx/mtip32xx.o
  CC [M]  net/appletalk/sysctl_net_atalk.o
  CC [M]  sound/soc/sof/ipc4-pcm.o
  CC      lib/sbitmap.o
  CC [M]  net/vmw_vsock/diag.o
  LD [M]  drivers/misc/cardreader/rtsx_pci.o
  CC [M]  drivers/misc/ntsync.o
  CC [M]  net/ipv4/netfilter/iptable_mangle.o
  CC [M]  net/ipv4/netfilter/iptable_nat.o
  CC      drivers/acpi/acpica/rsutils.o
  CC [M]  net/ipv4/netfilter/iptable_raw.o
  CC [M]  net/ipv4/netfilter/iptable_security.o
  CC [M]  net/ipv4/netfilter/ipt_ah.o
  CC [M]  net/bridge/br_input.o
  CC      lib/group_cpus.o
  CC      drivers/acpi/acpica/rsxface.o
  CC      drivers/dma-buf/dma-buf-mapping.o
  CC      lib/fw_table.o
  CC [M]  drivers/block/zram/zcomp.o
  LD [M]  net/appletalk/appletalk.o
  CC [M]  drivers/block/zram/zram_drv.o
  CC      drivers/base/attribute_container.o
  CC [M]  net/bluetooth/hci_conn.o
  CC [M]  net/netfilter/nft_reject_inet.o
  CC [M]  net/ipv6/netfilter/ip6t_mh.o
  CC [M]  net/netfilter/nft_reject_netdev.o
  CC [M]  net/mac80211/sta_info.o
  CC [M]  net/vmw_vsock/virtio_transport_common.o
  CC [M]  net/mac80211/wep.o
  CC      drivers/acpi/acpica/tbdata.o
  CC [M]  drivers/misc/mei/init.o
  CC [M]  net/mac80211/aead_api.o
  CC [M]  net/bluetooth/hci_event.o
  CC      drivers/acpi/processor_idle.o
  CC [M]  net/netfilter/nft_tunnel.o
  CC [M]  sound/soc/sof/ipc4-mtrace.o
  CC      drivers/dma-buf/dma-heap.o
  CC      kernel/bpf/verifier.o
  CC [M]  lib/ts_kmp.o
  CC [M]  net/ipv4/netfilter/ipt_rpfilter.o
  CC      drivers/base/transport_class.o
  CC      drivers/acpi/acpica/tbfadt.o
  CC      fs/pstore/inode.o
  CC [M]  drivers/misc/mei/hbm.o
  CC [M]  net/bridge/br_ioctl.o
  CC [M]  net/ipv6/netfilter/ip6t_hbh.o
  CC      fs/efivarfs/inode.o
  CC [M]  fs/mbcache.o
  CC [M]  lib/ts_bm.o
  CC      drivers/acpi/processor_throttling.o
  CC [M]  lib/ts_fsm.o
  CC      drivers/acpi/acpica/tbfind.o
  CC      drivers/base/topology.o
  CC      drivers/dma-buf/heaps/system_heap.o
  CC [M]  sound/soc/sof/ipc4-telemetry.o
  CC [M]  net/ipv4/netfilter/ipt_ECN.o
  CC      drivers/acpi/acpica/tbinstal.o
  CC [M]  net/vmw_vsock/vsock_loopback.o
  CC      fs/efivarfs/file.o
  CC [M]  net/netfilter/nft_log.o
  CC      fs/pstore/platform.o
  CC [M]  net/ipv4/netfilter/ipt_REJECT.o
  CC [M]  net/ipv4/netfilter/ipt_SYNPROXY.o
  CC      kernel/bpf/inode.o
  CC [M]  drivers/block/zram/backend_zstd.o
  CC [M]  lib/asn1_decoder.o
  CC [M]  drivers/misc/mei/interrupt.o
  CC      drivers/base/container.o
  CC      drivers/acpi/acpica/tbprint.o
  CC [M]  net/bridge/br_stp.o
  CC [M]  sound/soc/sof/sof-client.o
  CC      fs/btrfs/extent-tree.o
  CC      drivers/dma-buf/heaps/cma_heap.o
  CC [M]  net/ipv6/netfilter/ip6t_rpfilter.o
  LD [M]  drivers/block/zram/zram.o
  AR      drivers/cxl/core/built-in.a
  CC [M]  drivers/block/null_blk/main.o
  AR      drivers/cxl/built-in.a
  CC [M]  drivers/misc/mei/client.o
  CC      fs/efivarfs/super.o
  CC      drivers/acpi/acpica/tbutils.o
  CC      drivers/base/property.o
  CC [M]  lib/reed_solomon/reed_solomon.o
  CC [M]  fs/pstore/ram.o
  CC [M]  fs/pstore/ram_core.o
  CC      drivers/base/cacheinfo.o
  LD [M]  net/vmw_vsock/vsock.o
  LD [M]  net/vmw_vsock/vsock_diag.o
  LD [M]  net/vmw_vsock/vmw_vsock_virtio_transport_common.o
  CC      drivers/base/swnode.o
  CC [M]  net/netfilter/nft_masq.o
  CC      kernel/events/core.o
  CC      fs/btrfs/print-tree.o
  CC      drivers/acpi/acpica/tbxface.o
  CC      fs/btrfs/root-tree.o
  CC [M]  net/ipv4/netfilter/arp_tables.o
  AR      drivers/dma-buf/heaps/built-in.a
  CC      drivers/dma-buf/sync_file.o
  CC      fs/btrfs/dir-item.o
  CC [M]  sound/soc/sof/sof-utils.o
  CC [M]  net/ipv6/netfilter/ip6t_rt.o
  CC      drivers/acpi/acpica/tbxfload.o
  CC      fs/efivarfs/vars.o
  CC [M]  net/mac80211/wpa.o
  CC [M]  net/bridge/br_stp_bpdu.o
  AR      drivers/misc/built-in.a
  CC [M]  net/ipv4/ip_tunnel.o
  CC [M]  fs/pstore/zone.o
  CC [M]  net/ipv6/netfilter/ip6t_srh.o
  CC [M]  lib/lz4/lz4_decompress.o
  CC      drivers/dma-buf/udmabuf.o
  CC      drivers/acpi/acpica/tbxfroot.o
  CC [M]  sound/soc/sof/sof-pci-dev.o
  CC      drivers/acpi/processor_perflib.o
  CC [M]  drivers/misc/mei/main.o
  CC [M]  net/netfilter/nft_redir.o
  TEST    lib/test_fortify/read_overflow-memchr.log
  AR      lib/lib.a
  CC [M]  net/ipv6/netfilter/ip6t_NPT.o
  CC      drivers/acpi/acpica/utaddress.o
  AR      fs/efivarfs/built-in.a
  CC      drivers/base/faux.o
  CC      drivers/base/auxiliary.o
  TEST    lib/test_fortify/read_overflow-memchr_inv.log
  LD [M]  drivers/block/null_blk/null_blk.o
  CC      drivers/base/devtmpfs.o
  CC      drivers/base/power/sysfs.o
  CC      drivers/base/firmware_loader/main.o
  CC      drivers/acpi/acpica/utalloc.o
  CC [M]  sound/soc/sof/sof-client-probes.o
  CC [M]  net/bridge/br_stp_if.o
  AR      drivers/dma-buf/built-in.a
  TEST    lib/test_fortify/read_overflow-memcmp.log
  CC      kernel/jump_label.o
  CC      drivers/base/power/generic_ops.o
  CC [M]  net/ipv4/netfilter/arpt_mangle.o
  CC      drivers/base/power/common.o
  CC [M]  fs/pstore/blk.o
  CC      drivers/base/power/qos.o
  CC [M]  net/mac80211/scan.o
  CC      drivers/acpi/acpica/utascii.o
  CC [M]  drivers/misc/mei/dma-ring.o
  CC      drivers/base/power/runtime.o
  TEST    lib/test_fortify/read_overflow-memscan.log
  CC [M]  net/netfilter/nft_hash.o
  CC [M]  net/netfilter/nft_fib.o
  CC [M]  net/netfilter/nft_fib_inet.o
  CC [M]  net/ipv6/netfilter/ip6t_REJECT.o
  CC      drivers/acpi/acpica/utbuffer.o
  TEST    lib/test_fortify/read_overflow2-memcmp.log
  TEST    lib/test_fortify/read_overflow2-memcpy.log
  CC      kernel/events/ring_buffer.o
  CC      kernel/context_tracking.o
  CC [M]  sound/soc/sof/sof-client-probes-ipc3.o
  CC [M]  sound/soc/sof/sof-client-probes-ipc4.o
  AR      fs/pstore/built-in.a
  LD [M]  fs/pstore/ramoops.o
  LD [M]  fs/pstore/pstore_zone.o
  LD [M]  fs/pstore/pstore_blk.o
  CC [M]  sound/soc/sof/intel/hda-loader.o
  CC [M]  net/bluetooth/mgmt.o
  CC [M]  net/ipv6/netfilter/ip6t_SYNPROXY.o
  CC [M]  drivers/misc/mei/bus.o
  TEST    lib/test_fortify/read_overflow2-memmove.log
  CC      drivers/acpi/acpica/utcksum.o
  CC [M]  net/ipv4/netfilter/arptable_filter.o
  CC [M]  net/ipv4/netfilter/nf_dup_ipv4.o
  CC      drivers/base/firmware_loader/sysfs.o
  CC      drivers/base/firmware_loader/sysfs_upload.o
  CC [M]  net/bridge/br_stp_timer.o
  TEST    lib/test_fortify/read_overflow2_field-memcpy.log
  TEST    lib/test_fortify/read_overflow2_field-memmove.log
  CC      drivers/base/power/wakeirq.o
  CC      fs/btrfs/file-item.o
  CC [M]  net/netfilter/nft_fib_netdev.o
  CC      drivers/acpi/acpica/utcopy.o
  CC      drivers/base/firmware_loader/builtin/main.o
  CC [M]  sound/soc/sof/intel/hda-stream.o
  CC [M]  sound/soc/sof/intel/hda-trace.o
  CC [M]  drivers/misc/mei/bus-fixup.o
  TEST    lib/test_fortify/write_overflow-memcpy.log
  CC [M]  drivers/misc/mei/debugfs.o
  CC      drivers/acpi/acpica/utexcep.o
  CC [M]  net/bridge/br_netlink.o
  CC      drivers/acpi/container.o
  AR      drivers/base/firmware_loader/builtin/built-in.a
  CC [M]  sound/soc/sof/intel/hda-dsp.o
  CC      drivers/acpi/thermal_lib.o
  CC      drivers/acpi/thermal.o
  TEST    lib/test_fortify/write_overflow-memmove.log
  CC      drivers/acpi/acpica/utdebug.o
  AR      drivers/base/firmware_loader/built-in.a
  AR      lib/built-in.a
  CC      drivers/base/power/main.o
  CC [M]  net/mac80211/offchannel.o
  CC      kernel/iomem.o
  CC      kernel/bpf/helpers.o
  CC      kernel/rseq.o
  LD [M]  net/ipv6/netfilter/nf_defrag_ipv6.o
  CC [M]  net/ipv6/ipcomp6.o
  CC [M]  net/ipv4/netfilter/nf_nat_snmp_basic.asn1.o
  AR      drivers/macintosh/built-in.a
  TEST    lib/test_fortify/write_overflow-memset.log
  TEST    lib/test_fortify/write_overflow-strcpy-lit.log
  CC [M]  net/ipv4/netfilter/nf_nat_snmp_basic_main.o
  CC      drivers/acpi/acpica/utdecode.o
  CC [M]  net/netfilter/nft_socket.o
  CC [M]  drivers/misc/mei/pci-me.o
  CC      drivers/acpi/acpica/utdelete.o
  TEST    lib/test_fortify/write_overflow-strcpy.log
  TEST    lib/test_fortify/write_overflow-strncpy-src.log
  CC      drivers/base/module.o
  CC      kernel/bpf/tnum.o
  CC      kernel/watch_queue.o
  CC [M]  sound/soc/sof/intel/hda-ipc.o
  CC      drivers/base/power/wakeup.o
  CC [M]  drivers/misc/mei/hw-me.o
  CC [M]  net/ipv6/xfrm6_tunnel.o
  CC [M]  net/netfilter/nft_osf.o
  TEST    lib/test_fortify/write_overflow-strncpy.log
  CC      fs/btrfs/inode-item.o
  CC      drivers/acpi/acpica/uterror.o
  CC [M]  fs/ext4/balloc.o
  CC [M]  sound/soc/sof/xtensa/core.o
  CC [M]  fs/jbd2/transaction.o
  TEST    lib/test_fortify/write_overflow-strscpy.log
  CC [M]  fs/jbd2/commit.o
  TEST    lib/test_fortify/write_overflow_field-memcpy.log
  CC      drivers/acpi/acpica/uteval.o
  LD [M]  net/ipv4/netfilter/nf_nat_snmp_basic.o
  CC [M]  net/ipv4/ipip.o
  CC [M]  fs/jbd2/recovery.o
  CC [M]  fs/jbd2/checkpoint.o
  CC [M]  net/mac80211/ht.o
  TEST    lib/test_fortify/write_overflow_field-memmove.log
  CC [M]  sound/soc/sof/intel/hda-ctrl.o
  CC [M]  fs/jbd2/revoke.o
  CC [M]  net/bridge/br_netlink_tunnel.o
  CC      drivers/acpi/acpica/utglobal.o
  CC [M]  net/bridge/br_arp_nd_proxy.o
  CC [M]  fs/ext4/bitmap.o
  CC      drivers/base/power/wakeup_stats.o
  CC [M]  drivers/misc/mei/hdcp/mei_hdcp.o
  LD [M]  sound/soc/sof/xtensa/snd-sof-xtensa-dsp.o
  CC [M]  fs/jbd2/journal.o
  TEST    lib/test_fortify/write_overflow_field-memset.log
  CC      fs/btrfs/disk-io.o
  CC      drivers/acpi/acpica/uthex.o
  CC [M]  net/ipv6/tunnel6.o
  CC [M]  net/netfilter/nft_tproxy.o
  CAT     lib/test_fortify/test_fortify.log
  CC      drivers/base/power/clock_ops.o
  CC      drivers/acpi/acpica/utids.o
  CC      fs/btrfs/transaction.o
  CC [M]  fs/squashfs/block.o
  CC [M]  fs/squashfs/cache.o
  CC [M]  fs/squashfs/dir.o
  CC [M]  sound/soc/sof/intel/hda-pcm.o
  LD [M]  sound/soc/sof/snd-sof.o
  CC      fs/btrfs/inode.o
  CC      drivers/acpi/acpica/utinit.o
  CC [M]  fs/ext4/block_validity.o
  CC [M]  net/ipv4/fou_core.o
  LD [M]  drivers/misc/mei/mei.o
  LD [M]  drivers/misc/mei/mei-me.o
  CC [M]  fs/squashfs/export.o
  GZIP    kernel/config_data.gz
  CC [M]  net/mac80211/agg-tx.o
  CC      drivers/scsi/scsi.o
  CC      drivers/acpi/acpica/utlock.o
  CC [M]  net/mac80211/agg-rx.o
  CC [M]  net/mac80211/vht.o
  CC [M]  net/ipv4/fou_nl.o
  CC [M]  sound/soc/sof/intel/hda-dai.o
  CC [M]  net/bridge/br_sysfs_if.o
  CC [M]  sound/soc/sof/intel/hda-dai-ops.o
  CC      drivers/acpi/acpica/utmath.o
  AR      drivers/base/power/built-in.a
  CC      drivers/base/auxiliary_sysfs.o
  CC [M]  net/ipv6/mip6.o
  AR      drivers/nvme/common/built-in.a
  CC [M]  net/nsh/nsh.o
  CC      drivers/nvme/host/core.o
  CC [M]  fs/squashfs/file.o
  CC [M]  fs/ext4/dir.o
  CC [M]  net/netfilter/nft_xfrm.o
  CC      drivers/acpi/acpica/utmisc.o
  LD [M]  fs/jbd2/jbd2.o
  AR      drivers/nvme/target/built-in.a
  CC [M]  net/mac80211/he.o
  CC      kernel/events/callchain.o
  CC      drivers/scsi/hosts.o
  CC      drivers/base/regmap/regmap.o
  CC      drivers/base/regmap/regcache.o
  CC      drivers/acpi/acpica/utmutex.o
  CC      drivers/base/regmap/regcache-rbtree.o
  CC [M]  sound/soc/sof/intel/hda-bus.o
  CC      drivers/base/regmap/regcache-flat.o
  CC      drivers/base/regmap/regcache-maple.o
  CC [M]  net/qrtr/af_qrtr.o
  CC [M]  net/ipv4/fou_bpf.o
  CC [M]  net/qrtr/ns.o
  CC [M]  net/bridge/br_sysfs_br.o
  CC [M]  fs/ext4/ext4_jbd2.o
  CC [M]  net/ipv6/ip6_vti.o
  CC      drivers/acpi/acpica/utnonansi.o
  CC      kernel/events/hw_breakpoint.o
  CC [M]  fs/squashfs/fragment.o
  CC      drivers/scsi/scsi_ioctl.o
  CC      drivers/scsi/scsicam.o
  CC [M]  net/netfilter/nft_synproxy.o
  CC [M]  fs/fat/cache.o
  CC [M]  fs/exfat/inode.o
  CC [M]  sound/soc/sof/intel/telemetry.o
  CC      drivers/acpi/acpica/utobject.o
  CC [M]  fs/exfat/namei.o
  CC [M]  fs/exfat/dir.o
  CC      kernel/bpf/log.o
  CC [M]  net/mac80211/s1g.o
  CC [M]  fs/ntfs3/attrib.o
  CC [M]  fs/squashfs/id.o
  CC [M]  fs/ext4/extents.o
  CC      drivers/acpi/acpica/utosi.o
  CC [M]  fs/fat/dir.o
  CC [M]  net/ipv4/gre_demux.o
  CC [M]  fs/fat/fatent.o
  CC [M]  net/bluetooth/hci_sock.o
  CC [M]  net/qrtr/tun.o
  CC [M]  net/bridge/br_nf_core.o
  CC [M]  fs/squashfs/inode.o
  CC [M]  sound/soc/sof/intel/tracepoints.o
  CC      drivers/scsi/scsi_error.o
  CC [M]  net/bluetooth/hci_sysfs.o
  CC [M]  fs/squashfs/namei.o
  CC      drivers/acpi/acpica/utownerid.o
  AR      kernel/events/built-in.a
  CC [M]  sound/soc/sof/intel/hda-probes.o
  CC [M]  net/ipv4/ip_gre.o
  CC [M]  net/netfilter/nft_chain_nat.o
  CC [M]  net/mac80211/ibss.o
  CC      drivers/acpi/acpica/utpredef.o
  CC [M]  net/ipv6/sit.o
  CC      drivers/base/regmap/regmap-debugfs.o
  LD [M]  net/qrtr/qrtr.o
  LD [M]  net/qrtr/qrtr-tun.o
  CC [M]  net/mac80211/iface.o
  CC [M]  net/mac80211/link.o
  CC [M]  net/mac80211/rate.o
  CC [M]  fs/squashfs/super.o
  CC      kernel/bpf/token.o
  CC      drivers/acpi/acpica/utresdecode.o
  CC [M]  fs/exfat/super.o
  CC [M]  net/bridge/br_multicast.o
  CC [M]  net/bridge/br_mdb.o
  CC [M]  sound/soc/sof/intel/hda.o
  CC [M]  net/ipv6/ip6_tunnel.o
  CC [M]  net/ipv6/ip6_gre.o
  CC      drivers/nvme/host/ioctl.o
  CC      drivers/acpi/acpica/utresrc.o
  CC [M]  fs/ntfs3/attrlist.o
  CC      drivers/base/regmap/regmap-mmio.o
  CC [M]  fs/fat/file.o
  CC [M]  fs/squashfs/symlink.o
  CC      drivers/acpi/acpica/utstate.o
  CC      drivers/scsi/scsi_lib.o
  CC      kernel/bpf/liveness.o
  CC [M]  net/netfilter/nft_dup_netdev.o
  CC [M]  net/bluetooth/l2cap_core.o
  CC      drivers/acpi/acpica/utstring.o
  CC      drivers/scsi/constants.o
  CC [M]  fs/exfat/fatent.o
  CC      drivers/nvme/host/sysfs.o
  CC [M]  fs/ntfs3/bitfunc.o
  CC      drivers/base/regmap/regmap-irq.o
  CC      drivers/scsi/scsi_lib_dma.o
  CC [M]  sound/soc/sof/intel/hda-common-ops.o
  CC [M]  net/ipv6/fou6.o
  CC [M]  fs/squashfs/decompressor.o
  CC      fs/btrfs/file.o
  CC      drivers/acpi/acpica/utstrsuppt.o
  CC [M]  fs/overlayfs/super.o
  CC [M]  net/ipv4/udp_tunnel_core.o
  CC [M]  fs/fat/inode.o
  CC [M]  net/netfilter/nft_fwd_netdev.o
  CC [M]  fs/fat/misc.o
  CC [M]  fs/ntfs3/bitmap.o
  CC [M]  net/mac80211/tkip.o
  CC [M]  fs/fat/nfs.o
  CC      drivers/acpi/acpica/utstrtoul64.o
  CC [M]  fs/squashfs/page_actor.o
  CC [M]  fs/exfat/cache.o
  CC [M]  net/bridge/br_multicast_eht.o
  CC [M]  sound/soc/sof/intel/hda-mlink.o
  CC      drivers/nvme/host/pr.o
  CC [M]  drivers/base/regmap/regmap-i2c.o
  CC      drivers/acpi/acpica/utxface.o
  CC      drivers/nvme/host/constants.o
  CC [M]  fs/ext4/extents_status.o
  LD [M]  sound/soc/sof/snd-sof-utils.o
  CC [M]  fs/ntfs3/dir.o
  CC      drivers/nvme/host/multipath.o
  CC      drivers/nvme/host/hwmon.o
  CC [M]  net/ipv4/udp_tunnel_nic.o
  CC      drivers/acpi/acpica/utxfinit.o
  CC [M]  net/ipv6/ip6_udp_tunnel.o
  CC [M]  fs/squashfs/file_direct.o
  CC [M]  fs/exfat/nls.o
  CC [M]  fs/overlayfs/namei.o
  CC      drivers/scsi/scsi_scan.o
  CC [M]  net/netfilter/nf_flow_table_core.o
  CC [M]  net/mac80211/aes_cmac.o
  CC      drivers/acpi/acpica/utxferror.o
  CC [M]  fs/overlayfs/util.o
  CC [M]  fs/fat/namei_vfat.o
  CC [M]  drivers/base/regmap/regmap-spi.o
  GEN     drivers/scsi/scsi_devinfo_tbl.c
  CC [M]  fs/exfat/misc.o
  CC [M]  sound/soc/sof/intel/hda-codec.o
  CC [M]  fs/exfat/file.o
  CC [M]  fs/squashfs/decompressor_single.o
  CC      drivers/acpi/acpica/utxfmutex.o
  CC [M]  fs/exfat/balloc.o
  CC [M]  fs/ntfs3/fsntfs.o
  CC [M]  fs/squashfs/decompressor_multi.o
  CC [M]  fs/squashfs/decompressor_multi_percpu.o
  CC      kernel/bpf/const_fold.o
  AR      drivers/acpi/acpica/built-in.a
  CC      drivers/acpi/platform_profile.o
  CC [M]  drivers/base/regmap/regmap-sdw.o
  CC [M]  net/mac80211/aes_gmac.o
  CC      drivers/acpi/nhlt.o
  CC      drivers/nvme/host/pci.o
  CC [M]  net/mac80211/fils_aead.o
  CC      fs/btrfs/defrag.o
  CC [M]  net/ipv6/ila/ila_main.o
  CC [M]  sound/soc/sof/intel/pci-cnl.o
  CC [M]  fs/ext4/file.o
  CC [M]  net/bridge/br_vlan.o
  CC [M]  net/ipv4/ip_vti.o
  CC [M]  sound/soc/sof/intel/cnl.o
  CC      drivers/base/pinctrl.o
  CC      drivers/base/devcoredump.o
  CC [M]  fs/squashfs/xattr.o
  CC      drivers/scsi/scsi_devinfo.o
  CC [M]  drivers/base/regmap/regmap-sdw-mbq.o
  CC [M]  fs/overlayfs/inode.o
  LD [M]  fs/exfat/exfat.o
  CC      kernel/configs.o
  CC [M]  net/ipv6/ila/ila_common.o
  CC      drivers/acpi/acpi_memhotplug.o
  LD [M]  fs/fat/fat.o
  LD [M]  fs/fat/vfat.o
  CC [M]  net/bridge/br_vlan_tunnel.o
  CC [M]  net/bluetooth/l2cap_sock.o
  AR      net/ipv6/built-in.a
  LD [M]  sound/soc/sof/snd-sof-pci.o
  CC [M]  fs/ntfs3/frecord.o
  CC [M]  net/bridge/br_vlan_options.o
  CC [M]  net/ipv4/ah4.o
  CC [M]  sound/soc/sof/intel/pci-tgl.o
  CC [M]  net/ipv4/esp4.o
  CC      kernel/bpf/bpf_iter.o
  CC [M]  net/netfilter/nf_flow_table_ip.o
  CC [M]  fs/squashfs/xattr_id.o
  CC [M]  net/ipv6/ila/ila_lwt.o
  CC [M]  fs/ext4/fsmap.o
  CC [M]  net/mac80211/cfg.o
  CC      drivers/acpi/ioapic.o
  CC      drivers/acpi/battery.o
  AR      drivers/base/regmap/built-in.a
  CC      drivers/base/platform-msi.o
  CC      drivers/scsi/scsi_sysctl.o
  CC      fs/btrfs/extent_map.o
  CC [M]  fs/squashfs/lz4_wrapper.o
  CC      drivers/scsi/scsi_proc.o
  CC      drivers/scsi/scsi_trace.o
  CC [M]  sound/soc/sof/intel/tgl.o
  CC      drivers/base/physical_location.o
  CC [M]  fs/overlayfs/file.o
  CC [M]  net/bridge/br_mst.o
  CC [M]  fs/ext4/fsync.o
  CC [M]  fs/ext4/hash.o
  CC [M]  net/ipv6/ila/ila_xlat.o
  CC [M]  fs/squashfs/lzo_wrapper.o
  CC [M]  sound/soc/sdw_utils/soc_sdw_utils.o
  CC [M]  fs/squashfs/xz_wrapper.o
  LD [M]  sound/soc/snd-soc-acpi.o
  CC      fs/btrfs/sysfs.o
  CC      fs/btrfs/accessors.o
  CC      drivers/acpi/hed.o
  CC      kernel/bpf/map_iter.o
  AR      drivers/base/test/built-in.a
  AR      drivers/nvme/host/built-in.a
  AR      drivers/base/built-in.a
  CC      drivers/scsi/scsi_logging.o
  AR      drivers/nvme/built-in.a
  CC [M]  sound/soc/sdw_utils/soc_sdw_dmic.o
  CC [M]  sound/soc/sdw_utils/soc_sdw_rt_dmic.o
  CC [M]  sound/soc/sdw_utils/soc_sdw_rt700.o
  LD [M]  sound/soc/sof/intel/snd-sof-intel-hda-common.o
  LD [M]  sound/soc/sof/intel/snd-sof-intel-hda-generic.o
  LD [M]  sound/soc/sof/intel/snd-sof-intel-hda-mlink.o
  LD [M]  sound/soc/sof/intel/snd-sof-intel-hda.o
  LD [M]  sound/soc/sof/intel/snd-sof-pci-intel-cnl.o
  LD [M]  sound/soc/sof/intel/snd-sof-pci-intel-tgl.o
  CC [M]  net/bluetooth/smp.o
  LD [M]  sound/soc/sof/snd-sof-probes.o
  CC      fs/btrfs/xattr.o
  CC      fs/btrfs/ordered-data.o
  CC      drivers/ata/libata-core.o
  CC [M]  net/netfilter/nf_flow_table_path.o
  CC      drivers/gpu/buddy.o
  CC [M]  net/mac80211/ethtool.o
  CC [M]  net/ipv4/esp4_offload.o
  CC [M]  fs/squashfs/zlib_wrapper.o
  CC      drivers/acpi/bgrt.o
  CC [M]  fs/overlayfs/dir.o
  CC [M]  fs/ext4/ialloc.o
  CC [M]  fs/ntfs3/file.o
  CC [M]  net/bridge/br_switchdev.o
  LD [M]  sound/soc/snd-soc-core.o
  CC      drivers/spi/spi.o
  CC      drivers/net/loopback.o
  AR      drivers/firewire/built-in.a
  CC      drivers/spi/spi-mem.o
  CC [M]  fs/squashfs/zstd_wrapper.o
  CC      drivers/scsi/scsi_pm.o
  CC      kernel/bpf/task_iter.o
  CC      drivers/acpi/cppc_acpi.o
  CC      drivers/scsi/scsi_bsg.o
  CC [M]  net/mac80211/rx.o
  LD [M]  net/ipv6/ila/ila.o
  CC [M]  fs/ext4/indirect.o
  CC [M]  sound/soc/sdw_utils/soc_sdw_rt711.o
  LD [M]  fs/squashfs/squashfs.o
  CC [M]  fs/ext4/inline.o
  CC [M]  fs/ext4/inode.o
  AR      drivers/gpu/host1x/built-in.a
  CC      fs/btrfs/extent_io.o
  CC      fs/btrfs/volumes.o
  CC [M]  net/ipv4/ipcomp.o
  CC [M]  sound/soc/sdw_utils/soc_sdw_rt5682.o
  CC [M]  net/netfilter/nf_flow_table_offload.o
  CC      drivers/net/netkit.o
  CC [M]  fs/ext4/ioctl.o
  CC      drivers/scsi/scsi_common.o
  CC [M]  fs/overlayfs/readdir.o
  CC      drivers/gpu/drm/drm_atomic.o
  CC [M]  fs/ntfs3/fslog.o
  CC [M]  net/bridge/br_netfilter_hooks.o
  CC [M]  fs/ntfs3/inode.o
  CC      drivers/scsi/sd.o
  CC      kernel/bpf/prog_iter.o
  CC [M]  sound/soc/sdw_utils/soc_sdw_rt_sdca_jack_common.o
  CC [M]  sound/soc/sdw_utils/soc_sdw_rt_amp.o
  CC [M]  sound/soc/sdw_utils/soc_sdw_rt_mf_sdca.o
  CC [M]  net/bluetooth/lib.o
  CC      drivers/scsi/sd_dif.o
  CC [M]  net/ipv4/xfrm4_tunnel.o
  CC      drivers/acpi/spcr.o
  CC [M]  drivers/scsi/raid_class.o
  CC [M]  drivers/scsi/sg.o
  AR      drivers/cdrom/built-in.a
  CC      drivers/net/phy/stubs.o
  CC [M]  fs/overlayfs/copy_up.o
  CC [M]  fs/overlayfs/export.o
  CC      drivers/net/phy/mii_timestamper.o
  CC      kernel/bpf/link_iter.o
  CC [M]  net/netfilter/nf_flow_table_xdp.o
  CC [M]  sound/soc/sdw_utils/soc_sdw_bridge_cs35l56.o
  CC      drivers/gpu/drm/drm_atomic_uapi.o
  CC      drivers/net/phy/sfp-bus.o
  CC      drivers/ata/libata-scsi.o
  CC      drivers/acpi/apei/apei-base.o
  CC      drivers/ata/libata-eh.o
  CC [M]  net/bluetooth/ecdh_helper.o
  CC      drivers/ata/libata-transport.o
  CC      drivers/spi/spi-offload.o
  CC [M]  net/bridge/br_netfilter_ipv6.o
  CC [M]  net/ipv4/tunnel4.o
  CC      drivers/ata/libata-trace.o
  CC [M]  sound/soc/sdw_utils/soc_sdw_cs42l42.o
  CC      drivers/ata/libata-sata.o
  CC      fs/btrfs/async-thread.o
  CC      kernel/bpf/hashtab.o
  CC [M]  net/bluetooth/mgmt_util.o
  CC      fs/btrfs/ioctl.o
  CC [M]  net/netfilter/nf_flow_table_procfs.o
  CC [M]  fs/overlayfs/params.o
  CC [M]  drivers/spi/spi-mux.o
  CC      drivers/acpi/apei/hest.o
  CC      drivers/acpi/apei/erst.o
  CC      drivers/acpi/apei/bert.o
  AR      drivers/net/phy/mediatek/built-in.a
  CC [M]  sound/soc/sdw_utils/soc_sdw_cs42l43.o
  CC      drivers/ata/libata-pmp.o
  CC      drivers/gpu/drm/drm_auth.o
  CC [M]  drivers/scsi/vhba/vhba.o
  AR      drivers/net/phy/qcom/built-in.a
  CC [M]  drivers/net/phy/mdio_bus.o
  CC      drivers/ata/libata-acpi.o
  CC [M]  net/ipv4/inet_diag.o
  CC [M]  net/bridge/netfilter/nft_meta_bridge.o
  CC [M]  drivers/spi/spidev.o
  CC [M]  net/bridge/netfilter/nft_reject_bridge.o
  CC      drivers/ata/libata-zpodd.o
  CC [M]  net/mac80211/spectmgmt.o
  CC [M]  sound/soc/sdw_utils/soc_sdw_cs42l45.o
  CC [M]  net/netfilter/nf_flow_table_inet.o
  CC [M]  net/bluetooth/mgmt_config.o
  CC [M]  fs/ntfs3/index.o
  CC [M]  fs/ntfs3/lznt.o
  CC [M]  fs/overlayfs/xattrs.o
  CC      drivers/gpu/drm/drm_blend.o
  CC      drivers/acpi/apei/ghes.o
  CC [M]  fs/ntfs3/namei.o
  CC [M]  fs/ext4/mballoc.o
  CC [M]  drivers/net/phy/phylink.o
  CC      drivers/scsi/scsi_sysfs.o
  CC [M]  sound/soc/sdw_utils/soc_sdw_cs47l47.o
  CC [M]  sound/soc/sdw_utils/soc_sdw_cs_amp.o
  AR      drivers/auxdisplay/built-in.a
  LD [M]  net/bridge/bridge.o
  CC      drivers/usb/common/common.o
  CC [M]  drivers/spi/spi-loopback-test.o
  CC      drivers/usb/core/usb.o
  CC      drivers/ata/libata-pata-timings.o
  CC      drivers/usb/common/led.o
  LD [M]  fs/overlayfs/overlay.o
  CC [M]  drivers/usb/common/ulpi.o
  CC      drivers/usb/phy/phy.o
  CC [M]  net/netfilter/x_tables.o
  CC      drivers/gpu/vga/vga_switcheroo.o
  CC      drivers/gpu/drm/drm_bridge.o
  CC [M]  net/bridge/netfilter/nf_conntrack_bridge.o
  CC [M]  net/ipv4/tcp_diag.o
  CC [M]  net/bluetooth/hci_codec.o
  CC [M]  net/bluetooth/eir.o
  CC [M]  net/mac80211/tx.o
  AR      drivers/gpu/tests/built-in.a
  CC [M]  net/netfilter/xt_tcpudp.o
  CC [M]  sound/soc/sdw_utils/soc_sdw_maxim.o
  CC [M]  net/bluetooth/hci_sync.o
  CC [M]  sound/soc/sdw_utils/soc_sdw_ti_amp.o
  CC      drivers/ata/ahci.o
  AR      drivers/usb/common/built-in.a
  CC      drivers/ata/libahci.o
  CC [M]  drivers/spi/spi-axi-spi-engine.o
  CC [M]  drivers/usb/phy/phy-generic.o
  CC      drivers/usb/core/hub.o
  CC      drivers/acpi/apei/ghes_helpers.o
  AR      drivers/scsi/built-in.a
  AR      drivers/acpi/apei/built-in.a
  CC [M]  drivers/ata/ahci_platform.o
  CC      drivers/acpi/pmic/intel_pmic.o
  AR      drivers/gpu/vga/built-in.a
  CC [M]  drivers/ata/libahci_platform.o
  CC      fs/btrfs/locking.o
  CC [M]  fs/ext4/migrate.o
  LD [M]  sound/soc/sdw_utils/snd-soc-sdw-utils.o
  CC [M]  net/mac80211/key.o
  CC [M]  net/mac80211/util.o
  CC      drivers/gpu/drm/drm_cache.o
  CC [M]  net/ipv4/udp_diag.o
  CC [M]  fs/ntfs3/record.o
  CC [M]  net/bridge/netfilter/ebtables.o
  AR      drivers/acpi/dptf/built-in.a
  CC [M]  drivers/acpi/dptf/dptf_power.o
  CC [M]  drivers/acpi/dptf/dptf_pch_fivr.o
  CC [M]  drivers/usb/phy/phy-gpio-vbus-usb.o
  CC [M]  drivers/spi/spi-bitbang.o
  AR      drivers/acpi/pmic/built-in.a
  CC      kernel/bpf/arraymap.o
  CC [M]  net/ipv4/raw_diag.o
  CC [M]  net/ipv4/tcp_bbr.o
  CC [M]  net/ipv4/tcp_bbr3.o
  CC      fs/btrfs/orphan.o
  CC      drivers/gpu/drm/drm_color_mgmt.o
  CC [M]  drivers/net/phy/phy.o
  CC      drivers/input/serio/serio.o
  CC      drivers/acpi/x86/apple.o
  CC      drivers/input/serio/i8042.o
  CC      drivers/input/serio/libps2.o
  CC      drivers/net/pse-pd/pse_core.o
  AR      drivers/ata/built-in.a
  CC [M]  drivers/net/pse-pd/pse_regulator.o
  CC [M]  net/netfilter/xt_mark.o
  CC [M]  drivers/usb/phy/phy-isp1301.o
  CC [M]  drivers/spi/spi-cadence.o
  CC [M]  fs/ntfs3/run.o
  CC      fs/btrfs/export.o
  CC      drivers/acpi/x86/cmos_rtc.o
  CC      drivers/acpi/x86/lpss.o
  CC      drivers/gpu/drm/drm_colorop.o
  CC      drivers/acpi/x86/s2idle.o
  CC      drivers/acpi/x86/utils.o
  CC [M]  drivers/spi/spi-ch341.o
  CC [M]  drivers/spi/spi-cs42l43.o
  AR      drivers/usb/phy/built-in.a
  CC [M]  net/bridge/netfilter/ebtable_broute.o
  AR      drivers/net/mdio/built-in.a
  CC [M]  drivers/net/mdio/acpi_mdio.o
  CC [M]  drivers/net/mdio/fwnode_mdio.o
  CC [M]  net/netfilter/xt_connmark.o
  CC      fs/btrfs/tree-log.o
  CC [M]  drivers/net/pse-pd/pd692x0.o
  CC      kernel/bpf/percpu_freelist.o
  CC [M]  fs/ext4/mmp.o
fs/ntfs3/run.c: In function ‘run_unpack_ex’:
fs/ntfs3/run.c:1124:16: warning: ‘index’ may be used uninitialized [-Wmaybe-uninitialized]
 1124 |         size_t index, done;
      |                ^~~~~
fs/ntfs3/run.c:1149:20: warning: ‘lcn’ may be used uninitialized [-Wmaybe-uninitialized]
 1149 |                 if (lcn == SPARSE_LCN)
      |                    ^
fs/ntfs3/run.c:1123:24: note: ‘lcn’ was declared here
 1123 |         CLST next_vcn, lcn, len;
      |                        ^~~
In file included from ./include/linux/nodemask.h:92,
                 from ./include/linux/numa.h:6,
                 from ./include/linux/cpumask.h:15,
                 from ./arch/x86/include/asm/cpumask.h:7,
                 from ./arch/x86/include/asm/msr.h:11,
                 from ./arch/x86/include/asm/tsc.h:11,
                 from ./arch/x86/include/asm/timex.h:6,
                 from ./include/linux/timex.h:67,
                 from ./include/linux/time32.h:13,
                 from ./include/linux/time.h:60,
                 from ./include/linux/stat.h:19,
                 from ./include/linux/fs_dirent.h:5,
                 from ./include/linux/fs/super_types.h:5,
                 from ./include/linux/fs/super.h:5,
                 from ./include/linux/fs.h:5,
                 from ./include/linux/highmem.h:5,
                 from ./include/linux/bvec.h:10,
                 from ./include/linux/blk_types.h:10,
                 from ./include/linux/blkdev.h:9,
                 from fs/ntfs3/run.c:9:
./include/linux/compiler.h:165:17: warning: ‘len’ may be used uninitialized [-Wmaybe-uninitialized]
  165 |         __PASTE(__UNIQUE_ID_,                                   \
      |                 ^~~~~~~~~~~~
./include/linux/minmax.h:92:29: note: in definition of macro ‘__careful_cmp_once’
   92 |         auto ux = (x); auto uy = (y);                   \
      |                             ^~
././include/linux/compiler_types.h:16:23: note: in expansion of macro ‘___PASTE’
   16 | #define __PASTE(a, b) ___PASTE(a, b)
      |                       ^~~~~~~~
./include/linux/compiler.h:165:9: note: in expansion of macro ‘__PASTE’
  165 |         __PASTE(__UNIQUE_ID_,                                   \
      |         ^~~~~~~
./include/linux/minmax.h:98:55: note: in expansion of macro ‘__UNIQUE_ID’
   98 |         __careful_cmp_once(op, x, y, __UNIQUE_ID(x_), __UNIQUE_ID(y_))
      |                                                       ^~~~~~~~~~~
./include/linux/minmax.h:105:25: note: in expansion of macro ‘__careful_cmp’
  105 | #define min(x, y)       __careful_cmp(min, x, y)
      |                         ^~~~~~~~~~~~~
fs/ntfs3/run.c:1156:50: note: in expansion of macro ‘min’
 1156 |                 zone = max(wnd->zone_bit, lcn) < min(wnd->zone_end, lcn + len);
      |                                                  ^~~
fs/ntfs3/run.c:1123:29: note: ‘len’ was declared here
 1123 |         CLST next_vcn, lcn, len;
      |                             ^~~
  CC [M]  net/ipv4/tcp_bic.o
  CC [M]  drivers/net/phy/phy-c45.o
  CC [M]  fs/ntfs3/super.o
  CC [M]  net/ipv4/tcp_cdg.o
  CC      kernel/bpf/bpf_lru_list.o
  CC [M]  net/bluetooth/hci_drv.o
  CC      drivers/gpu/drm/drm_connector.o
  CC [M]  drivers/input/serio/serport.o
  CC [M]  net/bluetooth/coredump.o
  CC [M]  net/bluetooth/sco.o
  CC      drivers/acpi/x86/blacklist.o
  CC [M]  net/bluetooth/iso.o
  CC [M]  net/bluetooth/leds.o
  CC      drivers/usb/core/hcd.o
  CC [M]  drivers/net/mdio/mdio-bitbang.o
  CC [M]  drivers/spi/spi-dw-core.o
  CC [M]  fs/ext4/move_extent.o
  CC [M]  net/netfilter/xt_set.o
  CC [M]  net/bridge/netfilter/ebtable_filter.o
  CC      kernel/bpf/lpm_trie.o
  CC [M]  drivers/input/serio/pcips2.o
  CC [M]  drivers/net/pse-pd/si3474.o
  AR      drivers/acpi/x86/built-in.a
  CC [M]  drivers/acpi/acpi_video.o
  CC [M]  net/netfilter/xt_nat.o
  CC      drivers/gpu/drm/drm_crtc.o
  CC [M]  drivers/net/pse-pd/tps23881.o
  CC [M]  net/ipv4/tcp_dctcp.o
  CC      kernel/bpf/map_in_map.o
  CC      kernel/bpf/bloom_filter.o
  CC [M]  drivers/net/mdio/mdio-cavium.o
  CC [M]  net/mac80211/parse.o
  CC [M]  drivers/net/phy/phy-core.o
  CC [M]  drivers/input/serio/ps2mult.o
  CC [M]  net/mac80211/wme.o
  CC [M]  fs/ntfs3/upcase.o
  CC [M]  fs/ext4/namei.o
  CC [M]  net/bridge/netfilter/ebtable_nat.o
  CC [M]  drivers/input/serio/serio_raw.o
  CC [M]  drivers/spi/spi-dw-dma.o
  CC [M]  drivers/spi/spi-dw-mmio.o
  CC [M]  net/netfilter/xt_CHECKSUM.o
  CC [M]  drivers/spi/spi-dw-pci.o
  CC [M]  drivers/spi/spi-gpio.o
  CC      drivers/gpu/drm/drm_displayid.o
  CC      drivers/input/input.o
  CC      kernel/bpf/local_storage.o
  CC      drivers/usb/core/urb.o
  CC      kernel/bpf/queue_stack_maps.o
  CC [M]  drivers/net/mdio/mdio-gpio.o
  CC [M]  fs/ntfs3/xattr.o
  CC [M]  net/bluetooth/msft.o
  CC [M]  drivers/acpi/video_detect.o
  CC [M]  net/ipv4/tcp_westwood.o
  CC [M]  drivers/input/serio/ps2-gpio.o
  AR      drivers/net/pse-pd/built-in.a
  CC      kernel/bpf/ringbuf.o
  CC [M]  net/ipv4/tcp_highspeed.o
  LD [M]  net/bridge/br_netfilter.o
  CC      drivers/gpu/drm/drm_drv.o
  CC      kernel/bpf/bpf_insn_array.o
  CC      drivers/usb/host/pci-quirks.o
  CC      drivers/usb/host/xhci.o
  CC [M]  net/bridge/netfilter/ebt_802_3.o
  CC [M]  drivers/net/phy/phy_device.o
  CC      kernel/bpf/bpf_local_storage.o
  CC      drivers/usb/host/xhci-mem.o
  CC [M]  drivers/spi/spi-intel.o
  CC      drivers/usb/core/message.o
  CC [M]  drivers/acpi/acpi_tad.o
  CC [M]  net/netfilter/xt_CLASSIFY.o
  CC [M]  drivers/input/serio/userio.o
  CC [M]  drivers/net/mdio/mdio-i2c.o
  CC      fs/btrfs/free-space-cache.o
  CC [M]  drivers/spi/spi-intel-pci.o
  CC [M]  fs/ntfs3/lib/decompress_common.o
  CC [M]  drivers/net/mdio/mdio-mscc-miim.o
  CC [M]  net/mac80211/chan.o
  CC      drivers/input/input-compat.o
  CC      drivers/input/input-mt.o
  CC [M]  net/ipv4/tcp_hybla.o
  CC      drivers/input/input-poller.o
  CC      drivers/gpu/drm/drm_dumb_buffers.o
  CC [M]  net/bridge/netfilter/ebt_among.o
  AR      drivers/input/serio/built-in.a
  CC      drivers/input/ff-core.o
  CC [M]  fs/ntfs3/lib/lzx_decompress.o
  CC [M]  net/bluetooth/aosp.o
  CC      drivers/input/touchscreen.o
  CC [M]  drivers/spi/spi-intel-platform.o
  CC      kernel/bpf/bpf_task_storage.o
  CC      kernel/bpf/fixups.o
  CC      drivers/gpu/drm/drm_edid.o
  CC      drivers/gpu/drm/drm_eld.o
  CC      drivers/gpu/drm/drm_encoder.o
  CC [M]  net/netfilter/xt_CT.o
  CC [M]  drivers/acpi/sbshc.o
  AR      drivers/net/pcs/built-in.a
  CC [M]  drivers/net/pcs/pcs-xpcs.o
  CC [M]  drivers/net/mdio/mdio-mvusb.o
  CC [M]  drivers/net/pcs/pcs-xpcs-plat.o
  CC      drivers/rtc/lib.o
  CC [M]  net/bluetooth/rfcomm/core.o
  CC      drivers/input/touch-overlay.o
  CC [M]  fs/ntfs3/lib/xpress_decompress.o
  CC [M]  drivers/spi/spi-mxic.o
  CC [M]  net/ipv4/tcp_htcp.o
  CC [M]  fs/ext4/page-io.o
  CC [M]  net/ipv4/tcp_vegas.o
  CC [M]  net/bridge/netfilter/ebt_arp.o
  CC      drivers/usb/core/driver.o
  CC      drivers/input/vivaldi-fmap.o
  CC [M]  drivers/acpi/sbs.o
  CC      drivers/input/input-leds.o
  CC      drivers/rtc/class.o
  CC [M]  drivers/net/phy/linkmode.o
  LD [M]  fs/ntfs3/ntfs3.o
  CC [M]  drivers/net/phy/phy_link_topology.o
  CC      fs/btrfs/zlib.o
  CC [M]  drivers/net/mdio/mdio-thunder.o
  CC      fs/btrfs/lzo.o
  CC [M]  net/bluetooth/bnep/core.o
  CC [M]  net/bluetooth/hidp/core.o
  CC [M]  net/netfilter/xt_DSCP.o
  CC [M]  drivers/net/pcs/pcs-xpcs-nxp.o
  CC [M]  drivers/spi/spi-oc-tiny.o
  CC      drivers/input/evdev.o
  CC      drivers/rtc/interface.o
  CC [M]  drivers/net/pcs/pcs-xpcs-wx.o
  CC      drivers/usb/host/xhci-ext-caps.o
  CC      kernel/bpf/cfg.o
  CC [M]  fs/ext4/readpage.o
  CC      drivers/gpu/drm/drm_file.o
  CC [M]  drivers/acpi/ec_sys.o
  CC [M]  net/bridge/netfilter/ebt_ip.o
  CC [M]  drivers/net/phy/phy_caps.o
  CC [M]  drivers/acpi/pfr_update.o
  CC [M]  net/ipv4/tcp_nv.o
  CC [M]  net/mac80211/trace.o
  CC [M]  net/mac80211/mlme.o
  CC      drivers/usb/core/config.o
  CC [M]  drivers/spi/spi-pci1xxxx.o
  CC      drivers/usb/host/xhci-ring.o
  CC      drivers/usb/core/file.o
  CC      fs/btrfs/zstd.o
  CC [M]  net/netfilter/xt_HL.o
  CC      fs/btrfs/compression.o
  LD [M]  drivers/net/pcs/pcs_xpcs.o
  CC      drivers/usb/core/buffer.o
  AR      drivers/usb/storage/built-in.a
  CC [M]  drivers/usb/storage/uas.o
  CC [M]  net/bluetooth/rfcomm/sock.o
  CC      drivers/rtc/nvmem.o
  CC      drivers/input/keyboard/atkbd.o
  CC [M]  net/bluetooth/bnep/sock.o
  CC [M]  drivers/acpi/pfr_telemetry.o
  CC [M]  fs/ext4/resize.o
  CC [M]  net/bluetooth/hidp/sock.o
  CC [M]  drivers/net/phy/mdio_bus_provider.o
  CC [M]  net/bridge/netfilter/ebt_ip6.o
  CC      kernel/bpf/states.o
  CC [M]  drivers/acpi/acpi_pad.o
  CC [M]  drivers/acpi/acpi_extlog.o
  CC      drivers/usb/host/xhci-hub.o
  CC      drivers/rtc/dev.o
  LD [M]  net/bluetooth/bluetooth.o
  CC      drivers/i2c/i2c-boardinfo.o
  CC [M]  drivers/spi/spi-pxa2xx.o
  CC [M]  net/netfilter/xt_HMARK.o
  CC      drivers/usb/core/sysfs.o
  CC [M]  net/ipv4/tcp_veno.o
  CC [M]  net/netfilter/xt_LED.o
  CC [M]  net/bluetooth/bnep/netdev.o
  CC [M]  net/netfilter/xt_LOG.o
  CC      fs/btrfs/delayed-ref.o
  CC [M]  drivers/usb/storage/scsiglue.o
  CC [M]  drivers/input/keyboard/adp5588-keys.o
  CC [M]  drivers/net/phy/phy_port.o
  LD [M]  net/bluetooth/hidp/hidp.o
  CC      fs/btrfs/relocation.o
  CC [M]  drivers/acpi/acpi_configfs.o
  CC      drivers/i2c/i2c-core-base.o
  CC      drivers/rtc/proc.o
  CC [M]  net/bluetooth/rfcomm/tty.o
  CC [M]  net/bridge/netfilter/ebt_limit.o
  CC      drivers/i2c/i2c-core-smbus.o
  CC [M]  drivers/net/phy/mdio_device.o
  CC [M]  drivers/spi/spi-pxa2xx-dma.o
  CC      drivers/usb/core/endpoint.o
  CC      drivers/rtc/sysfs.o
  CC [M]  drivers/usb/storage/protocol.o
  CC [M]  drivers/net/phy/swphy.o
  CC [M]  net/ipv4/tcp_scalable.o
  CC      drivers/usb/core/devio.o
  CC [M]  fs/ext4/super.o
  CC      kernel/bpf/backtrack.o
  LD [M]  net/bluetooth/bnep/bnep.o
  CC      drivers/usb/core/notify.o
  CC [M]  net/netfilter/xt_NETMAP.o
  CC [M]  drivers/acpi/nfit/core.o
  CC [M]  drivers/acpi/nfit/intel.o
  CC      drivers/gpu/drm/drm_fourcc.o
  CC [M]  drivers/input/keyboard/cypress-sf.o
  CC [M]  drivers/acpi/nfit/mce.o
  CC [M]  net/netfilter/xt_NFLOG.o
  CC [M]  drivers/spi/spi-pxa2xx-platform.o
  CC [M]  net/bridge/netfilter/ebt_mark_m.o
  CC      drivers/rtc/rtc-mc146818-lib.o
  CC [M]  net/netfilter/xt_NFQUEUE.o
  CC [M]  drivers/usb/storage/transport.o
  CC      drivers/gpu/drm/drm_framebuffer.o
  CC [M]  drivers/net/phy/mdio_devres.o
  CC [M]  net/netfilter/xt_RATEEST.o
  LD [M]  net/bluetooth/rfcomm/rfcomm.o
  CC      drivers/usb/serial/usb-serial.o
  CC      drivers/usb/host/xhci-dbg.o
  CC      drivers/usb/host/xhci-trace.o
  CC [M]  net/ipv4/tcp_lp.o
  AR      drivers/net/ethernet/realtek/built-in.a
  CC [M]  drivers/net/ethernet/realtek/8139cp.o
  CC [M]  drivers/spi/spi-pxa2xx-pci.o
  CC [M]  drivers/input/keyboard/dlink-dir685-touchkeys.o
  CC      drivers/i2c/i2c-core-acpi.o
  CC [M]  drivers/net/ethernet/ec_bhf.o
  CC      drivers/rtc/rtc-cmos.o
  AR      drivers/net/wireless/ath/built-in.a
  CC [M]  drivers/net/wireless/ath/main.o
  CC      kernel/bpf/check_btf.o
  CC      kernel/bpf/disasm.o
  CC [M]  net/bridge/netfilter/ebt_pkttype.o
  CC [M]  net/bridge/netfilter/ebt_stp.o
  CC [M]  drivers/net/phy/phy_package.o
  CC [M]  drivers/usb/storage/usb.o
  CC [M]  net/bridge/netfilter/ebt_vlan.o
  CC      drivers/usb/host/xhci-dbgcap.o
  CC [M]  drivers/spi/spi-sc18is602.o
  CC [M]  net/netfilter/xt_REDIRECT.o
  CC [M]  drivers/input/keyboard/gpio_keys.o
  CC      drivers/gpu/drm/drm_gem.o
  CC      drivers/i2c/i2c-core-slave.o
  CC [M]  net/mac80211/tdls.o
  CC [M]  drivers/net/wireless/ath/regd.o
  CC [M]  net/mac80211/ocb.o
  CC [M]  net/ipv4/tcp_yeah.o
  AR      drivers/rtc/built-in.a
  CC [M]  net/mac80211/airtime.o
  CC      drivers/usb/serial/generic.o
  CC [M]  net/mac80211/eht.o
  CC      drivers/usb/core/generic.o
  CC [M]  drivers/net/phy/sfp.o
  CC      kernel/bpf/mprog.o
  CC [M]  drivers/spi/spi-tle62x0.o
  LD [M]  drivers/acpi/nfit/nfit.o
  AR      drivers/acpi/built-in.a
  LD [M]  drivers/acpi/video.o
  CC [M]  net/bridge/netfilter/ebt_arpreply.o
  CC [M]  drivers/spi/spi-virtio.o
  CC [M]  net/netfilter/xt_MASQUERADE.o
  CC [M]  drivers/usb/storage/initializers.o
  AR      drivers/i2c/algos/built-in.a
  CC [M]  drivers/i2c/algos/i2c-algo-bit.o
  CC      fs/btrfs/delayed-inode.o
  CC      drivers/usb/host/xhci-dbgtty.o
  CC [M]  drivers/input/keyboard/gpio_keys_polled.o
  CC [M]  drivers/i2c/algos/i2c-algo-pca.o
  CC      drivers/usb/core/quirks.o
  CC [M]  drivers/net/ethernet/realtek/8139too.o
  CC      kernel/bpf/trampoline.o
  CC [M]  drivers/net/wireless/ath/hw.o
  CC      kernel/bpf/btf.o
  CC [M]  drivers/usb/storage/sierra_ms.o
  CC      drivers/usb/serial/bus.o
  CC [M]  net/ipv4/tcp_illinois.o
  CC [M]  fs/ext4/symlink.o
  CC [M]  drivers/spi/spi-xcomm.o
  CC [M]  net/netfilter/xt_TPROXY.o
  CC [M]  drivers/spi/spi-slave-time.o
  CC [M]  net/bridge/netfilter/ebt_mark.o
  CC [M]  drivers/spi/spi-slave-system-control.o
  CC      drivers/gpu/drm/drm_ioctl.o
  CC [M]  drivers/spi/spi-offload-trigger-pwm.o
  CC [M]  drivers/input/keyboard/tca8418_keypad.o
  CC      drivers/usb/core/devices.o
  CC      drivers/usb/host/xhci-debugfs.o
  CC      drivers/usb/serial/console.o
  CC [M]  drivers/spi/spi-offload-trigger-adi-util-sigma-delta.o
  CC      drivers/i2c/busses/i2c-ccgx-ucsi.o
  CC [M]  drivers/usb/storage/option_ms.o
  CC [M]  fs/ext4/sysfs.o
  CC [M]  drivers/net/wireless/ath/key.o
  CC      drivers/i2c/busses/i2c-designware-common.o
  CC      drivers/i2c/busses/i2c-designware-master.o
  CC      drivers/i2c/busses/i2c-designware-slave.o
  CC [M]  drivers/usb/storage/usual-tables.o
  CC [M]  net/bridge/netfilter/ebt_dnat.o
  CC [M]  net/netfilter/xt_TCPMSS.o
  CC [M]  drivers/net/phy/ax88796b.o
  AR      drivers/spi/built-in.a
  CC [M]  drivers/usb/serial/ch341.o
  LD [M]  drivers/spi/spi-dw.o
  LD [M]  drivers/spi/spi-pxa2xx-core.o
  CC [M]  drivers/input/keyboard/lkkbd.o
  AR      drivers/i3c/built-in.a
  CC      drivers/gpu/drm/drm_lease.o
  CC [M]  net/netfilter/xt_TCPOPTSTRIP.o
  CC [M]  drivers/usb/storage/realtek_cr.o
  AR      net/ipv4/built-in.a
  LD [M]  net/ipv4/fou.o
  LD [M]  net/ipv4/gre.o
  CC      drivers/usb/host/xhci-sideband.o
  LD [M]  net/ipv4/udp_tunnel.o
  CC      drivers/usb/host/xhci-pci.o
  AR      drivers/i2c/muxes/built-in.a
  CC [M]  drivers/i2c/muxes/i2c-mux-gpio.o
  CC [M]  drivers/i2c/muxes/i2c-mux-ltc4306.o
  CC      fs/btrfs/scrub.o
  CC      drivers/usb/core/phy.o
  CC [M]  fs/ext4/xattr.o
  CC [M]  drivers/i2c/muxes/i2c-mux-mlxcpld.o
  CC [M]  drivers/net/ethernet/realtek/r8169_main.o
  CC [M]  drivers/net/ethernet/realtek/r8169_firmware.o
  CC [M]  net/mac80211/uhr.o
  AR      drivers/media/i2c/built-in.a
  AR      drivers/media/tuners/built-in.a
  AR      drivers/media/rc/keymaps/built-in.a
  AR      drivers/media/rc/built-in.a
  AR      drivers/media/common/b2c2/built-in.a
  AR      drivers/media/common/saa7146/built-in.a
  AR      drivers/net/wireless/mediatek/built-in.a
  CC [M]  fs/ext4/xattr_hurd.o
  AR      drivers/media/common/siano/built-in.a
  AR      drivers/media/common/v4l2-tpg/built-in.a
  AR      drivers/media/common/videobuf2/built-in.a
  CC [M]  drivers/media/common/videobuf2/videobuf2-core.o
  CC [M]  drivers/net/wireless/ath/dfs_pattern_detector.o
  CC      drivers/i2c/busses/i2c-designware-platdrv.o
  CC [M]  drivers/input/keyboard/lm8323.o
  CC [M]  drivers/net/phy/dp83640.o
  CC [M]  net/bridge/netfilter/ebt_redirect.o
  CC [M]  drivers/usb/serial/cp210x.o
  CC      drivers/usb/core/port.o
  CC [M]  drivers/net/wireless/ath/dfs_pri_detector.o
  LD [M]  drivers/usb/storage/usb-storage.o
  LD [M]  drivers/usb/storage/ums-realtek.o
  CC [M]  drivers/net/ethernet/realtek/r8169_phy_config.o
  CC [M]  drivers/net/ethernet/jme.o
  CC      drivers/gpu/drm/drm_managed.o
  CC      fs/btrfs/backref.o
  CC      kernel/bpf/memalloc.o
  CC [M]  drivers/i2c/muxes/i2c-mux-pca9541.o
  AR      drivers/net/wireless/ralink/built-in.a
  CC [M]  drivers/net/wireless/ralink/rt2x00/rt2x00dev.o
  CC [M]  net/netfilter/xt_TEE.o
  CC [M]  drivers/net/phy/fixed_phy.o
  CC [M]  drivers/usb/host/xhci-pci-renesas.o
  CC      drivers/i2c/busses/i2c-designware-baytrail.o
  CC [M]  net/mac80211/nan.o
  CC      drivers/i2c/busses/i2c-designware-pcidrv.o
  CC      drivers/gpu/drm/drm_mm.o
  CC [M]  drivers/input/keyboard/lm8333.o
  CC [M]  net/bridge/netfilter/ebt_snat.o
  CC [M]  drivers/i2c/muxes/i2c-mux-pca954x.o
  CC      drivers/usb/core/trace.o
  CC [M]  drivers/usb/serial/ftdi_sio.o
  CC [M]  drivers/net/wireless/ath/carl9170/main.o
  CC      drivers/usb/core/offload.o
  CC      drivers/usb/core/hcd-pci.o
  CC [M]  net/netfilter/xt_TRACE.o
  CC [M]  drivers/net/phy/mxl-gpy.o
  CC [M]  drivers/net/phy/microchip.o
  CC [M]  drivers/usb/host/xhci-plat.o
  CC [M]  drivers/i2c/busses/i2c-scmi.o
  CC      drivers/gpu/drm/drm_mode_config.o
  CC [M]  fs/ext4/xattr_trusted.o
  CC      drivers/gpu/drm/drm_mode_object.o
  AR      drivers/net/wireless/realtek/built-in.a
  CC [M]  drivers/net/wireless/realtek/rtl818x/rtl8187/dev.o
  CC [M]  drivers/net/wireless/ralink/rt2x00/rt2x00mac.o
  CC [M]  drivers/input/keyboard/matrix_keypad.o
  CC [M]  net/bridge/netfilter/ebt_log.o
  CC [M]  drivers/media/common/uvc.o
  CC [M]  drivers/media/common/videobuf2/frame_vector.o
  CC [M]  drivers/i2c/muxes/i2c-mux-reg.o
  CC [M]  drivers/net/wireless/ath/carl9170/usb.o
  CC [M]  net/mac80211/led.o
  CC [M]  fs/ext4/xattr_user.o
  CC [M]  drivers/i2c/busses/i2c-ali1535.o
  CC [M]  net/netfilter/xt_IDLETIMER.o
  CC      fs/btrfs/ulist.o
  CC [M]  drivers/net/wireless/ath/carl9170/cmd.o
  CC [M]  drivers/net/wireless/ath/ar5523/ar5523.o
  CC [M]  drivers/input/keyboard/max7359_keypad.o
  AR      drivers/usb/host/built-in.a
  CC      drivers/usb/core/usb-acpi.o
  LD [M]  drivers/usb/host/xhci-plat-hcd.o
  CC [M]  drivers/net/phy/smsc.o
  CC [M]  drivers/usb/serial/pl2303.o
  CC [M]  drivers/net/wireless/realtek/rtl8xxxu/core.o
  CC      drivers/gpu/drm/drm_modes.o
  CC [M]  drivers/media/common/videobuf2/videobuf2-memops.o
  CC [M]  drivers/net/wireless/realtek/rtl8xxxu/8192e.o
  AR      drivers/ptp/built-in.a
  CC [M]  drivers/ptp/ptp_clock.o
  CC      fs/btrfs/qgroup.o
  CC [M]  net/bridge/netfilter/ebt_nflog.o
  CC [M]  drivers/net/wireless/ralink/rt2x00/rt2x00config.o
  CC [M]  drivers/ptp/ptp_chardev.o
  CC [M]  fs/ext4/fast_commit.o
  CC [M]  drivers/input/keyboard/mpr121_touchkey.o
  CC [M]  drivers/i2c/i2c-smbus.o
  CC [M]  drivers/usb/core/ledtrig-usbport.o
  CC [M]  drivers/i2c/busses/i2c-ali1563.o
  CC [M]  drivers/net/wireless/realtek/rtl818x/rtl8187/rtl8225.o
  CC [M]  drivers/i2c/i2c-dev.o
  CC [M]  drivers/media/common/videobuf2/videobuf2-v4l2.o
  CC [M]  drivers/net/wireless/ath/carl9170/mac.o
  CC [M]  net/mac80211/debugfs.o
  CC [M]  drivers/net/ethernet/realtek/r8169_leds.o
  CC [M]  net/netfilter/xt_addrtype.o
  CC [M]  drivers/net/phy/ste10Xp.o
  CC [M]  drivers/usb/serial/usb-serial-simple.o
  CC [M]  drivers/media/common/videobuf2/videobuf2-vmalloc.o
  CC [M]  drivers/net/wireless/ath/carl9170/phy.o
  CC [M]  drivers/net/wireless/ath/carl9170/led.o
  AR      drivers/usb/core/built-in.a
  CC [M]  drivers/net/wireless/ralink/rt2x00/rt2x00queue.o
  CC [M]  drivers/net/wireless/ralink/rt2x00/rt2x00link.o
  CC      kernel/bpf/rqspinlock.o
  CC [M]  drivers/input/keyboard/newtonkbd.o
  CC [M]  drivers/net/wireless/ralink/rt2x00/rt2x00crypto.o
  CC [M]  drivers/i2c/busses/i2c-ali15x3.o
  CC [M]  drivers/ptp/ptp_sysfs.o
  CC      kernel/bpf/stream.o
  CC      kernel/bpf/arena.o
  CC      drivers/gpu/drm/drm_modeset_lock.o
  AR      drivers/usb/serial/built-in.a
  AR      drivers/usb/misc/built-in.a
  CC [M]  drivers/usb/misc/ezusb.o
  CC [M]  drivers/net/ethernet/realtek/rtase/rtase_main.o
  CC [M]  drivers/usb/mon/mon_main.o
  CC [M]  drivers/input/keyboard/opencores-kbd.o
  CC [M]  net/mac80211/debugfs_sta.o
  CC [M]  drivers/net/phy/aquantia/aquantia_main.o
  CC [M]  drivers/input/keyboard/pinephone-keyboard.o
  CC [M]  drivers/net/wireless/realtek/rtl818x/rtl8187/leds.o
  CC [M]  fs/ext4/orphan.o
  LD [M]  drivers/media/common/videobuf2/videobuf2-common.o
  AR      drivers/media/common/built-in.a
  CC [M]  net/netfilter/xt_bpf.o
  CC [M]  drivers/net/wireless/realtek/rtl818x/rtl8187/rfkill.o
  CC [M]  drivers/net/phy/realtek/realtek_main.o
  AR      drivers/media/platform/allegro-dvt/built-in.a
  CC [M]  drivers/ptp/ptp_vclock.o
  AR      drivers/media/platform/amd/isp4/built-in.a
  AR      drivers/media/platform/amd/built-in.a
  CC [M]  drivers/net/wireless/realtek/rtl8xxxu/8723b.o
  AR      drivers/media/platform/amlogic/c3/isp/built-in.a
  AR      drivers/media/platform/amlogic/c3/mipi-adapter/built-in.a
  AR      drivers/media/platform/amlogic/c3/mipi-csi2/built-in.a
  CC [M]  drivers/i2c/busses/i2c-i801.o
  AR      drivers/net/phy/built-in.a
  AR      drivers/media/platform/amlogic/c3/built-in.a
  LD [M]  drivers/net/phy/libphy.o
  AR      drivers/media/platform/amlogic/meson-ge2d/built-in.a
  AR      drivers/media/platform/amlogic/built-in.a
  CC      drivers/gpu/drm/drm_plane.o
  CC [M]  drivers/net/wireless/realtek/rtw89/core.o
  AR      drivers/media/platform/amphion/built-in.a
  CC      drivers/power/reset/restart-poweroff.o
  AR      drivers/media/platform/arm/mali-c55/built-in.a
  AR      drivers/media/platform/arm/built-in.a
  CC [M]  drivers/usb/mon/mon_stat.o
  AR      drivers/media/platform/aspeed/built-in.a
  AR      drivers/media/platform/atmel/built-in.a
  CC [M]  drivers/ptp/ptp_ines.o
  AR      drivers/media/platform/broadcom/built-in.a
  AR      drivers/media/platform/cadence/built-in.a
  AR      drivers/media/platform/chips-media/coda/built-in.a
  AR      drivers/media/platform/chips-media/wave5/built-in.a
  AR      drivers/media/platform/chips-media/built-in.a
  CC [M]  drivers/ptp/ptp_vmclock.o
  AR      drivers/media/platform/imagination/built-in.a
  AR      drivers/media/platform/intel/built-in.a
  AR      drivers/media/platform/marvell/built-in.a
  AR      drivers/media/platform/mediatek/jpeg/built-in.a
  AR      drivers/media/platform/mediatek/mdp/built-in.a
  AR      drivers/media/platform/mediatek/vcodec/common/built-in.a
  AR      drivers/media/platform/mediatek/vcodec/encoder/built-in.a
  AR      drivers/media/platform/mediatek/vcodec/decoder/built-in.a
  AR      drivers/media/platform/mediatek/vcodec/built-in.a
  AR      drivers/media/platform/mediatek/vpu/built-in.a
  AR      drivers/media/platform/mediatek/mdp3/built-in.a
  AR      drivers/media/platform/mediatek/built-in.a
  AR      drivers/media/platform/microchip/built-in.a
  AR      drivers/media/platform/nuvoton/built-in.a
  AR      drivers/media/platform/nvidia/tegra-vde/built-in.a
  AR      drivers/media/platform/nvidia/built-in.a
  AR      drivers/media/platform/nxp/dw100/built-in.a
  CC [M]  drivers/input/keyboard/qt1050.o
  AR      drivers/media/platform/nxp/imx-jpeg/built-in.a
  AR      drivers/media/platform/nxp/imx8-isi/built-in.a
  CC [M]  drivers/net/wireless/ath/carl9170/fw.o
  AR      drivers/media/platform/nxp/built-in.a
  CC      kernel/bpf/range_tree.o
  CC [M]  drivers/net/wireless/ralink/rt2x00/rt2x00firmware.o
  AR      drivers/power/reset/built-in.a
  AR      drivers/media/platform/qcom/camss/built-in.a
  CC [M]  drivers/usb/mon/mon_text.o
  AR      drivers/media/platform/qcom/iris/built-in.a
  CC      drivers/power/supply/power_supply_core.o
  CC [M]  drivers/input/keyboard/qt1070.o
  AR      drivers/media/platform/qcom/venus/built-in.a
  AR      drivers/media/platform/qcom/built-in.a
  AR      drivers/media/platform/raspberrypi/pisp_be/built-in.a
  AR      drivers/media/platform/raspberrypi/rp1-cfe/built-in.a
  AR      drivers/media/platform/raspberrypi/built-in.a
  AR      drivers/media/platform/renesas/rcar-isp/built-in.a
  AR      drivers/media/platform/renesas/rcar-vin/built-in.a
  AR      drivers/media/platform/renesas/rzg2l-cru/built-in.a
  CC      fs/btrfs/send.o
  AR      drivers/media/platform/renesas/rzv2h-ivc/built-in.a
  CC      drivers/power/supply/power_supply_sysfs.o
  AR      drivers/media/platform/renesas/vsp1/built-in.a
  AR      drivers/media/platform/renesas/built-in.a
  CC [M]  fs/ext4/acl.o
  AR      drivers/media/platform/rockchip/rga/built-in.a
  AR      drivers/media/platform/rockchip/rkcif/built-in.a
  AR      drivers/media/platform/rockchip/rkisp1/built-in.a
  LD [M]  drivers/net/wireless/realtek/rtl818x/rtl8187/rtl8187.o
  AR      drivers/media/platform/rockchip/rkvdec/built-in.a
  AR      drivers/media/platform/rockchip/built-in.a
  AR      drivers/input/mouse/built-in.a
  CC [M]  drivers/input/mouse/cyapa.o
  CC [M]  drivers/net/phy/aquantia/aquantia_firmware.o
  CC [M]  net/netfilter/xt_cluster.o
  AR      drivers/media/platform/samsung/exynos-gsc/built-in.a
  AR      drivers/media/platform/samsung/exynos4-is/built-in.a
  AR      drivers/media/platform/samsung/s3c-camif/built-in.a
  AR      drivers/media/platform/samsung/s5p-g2d/built-in.a
  AR      drivers/media/platform/samsung/s5p-jpeg/built-in.a
  AR      drivers/media/platform/samsung/s5p-mfc/built-in.a
  AR      drivers/media/platform/samsung/built-in.a
  AR      drivers/media/platform/st/sti/bdisp/built-in.a
  AR      drivers/media/platform/st/sti/delta/built-in.a
  AR      drivers/media/platform/st/sti/hva/built-in.a
  AR      drivers/media/platform/st/stm32/built-in.a
  AR      drivers/media/platform/st/built-in.a
  AR      drivers/media/platform/sunxi/sun4i-csi/built-in.a
  AR      drivers/media/platform/sunxi/sun6i-csi/built-in.a
  AR      drivers/media/platform/sunxi/sun6i-mipi-csi2/built-in.a
  AR      drivers/media/platform/sunxi/sun8i-a83t-mipi-csi2/built-in.a
  CC [M]  drivers/net/wireless/realtek/rtw89/mac80211.o
  AR      drivers/media/platform/sunxi/sun8i-di/built-in.a
  AR      drivers/media/platform/sunxi/sun8i-rotate/built-in.a
  AR      drivers/media/platform/sunxi/built-in.a
  LD [M]  drivers/net/wireless/ath/ath.o
  CC [M]  drivers/ptp/ptp_clockmatrix.o
  AR      drivers/media/platform/synopsys/hdmirx/built-in.a
  AR      drivers/media/platform/synopsys/built-in.a
  CC [M]  drivers/i2c/busses/i2c-isch.o
  AR      drivers/media/platform/ti/am437x/built-in.a
  AR      drivers/media/platform/ti/cal/built-in.a
  AR      drivers/media/platform/ti/vpe/built-in.a
  CC      drivers/power/supply/power_supply_leds.o
  AR      drivers/media/platform/ti/davinci/built-in.a
  CC      drivers/gpu/drm/drm_prime.o
  AR      drivers/media/platform/ti/j721e-csi2rx/built-in.a
  AR      drivers/media/platform/ti/omap/built-in.a
  CC [M]  drivers/input/keyboard/qt2160.o
  AR      drivers/media/platform/ti/omap3isp/built-in.a
  AR      drivers/media/platform/ti/built-in.a
  CC      drivers/power/supply/power_supply_hwmon.o
  CC [M]  net/mac80211/debugfs_netdev.o
  AR      drivers/media/platform/verisilicon/built-in.a
  AR      drivers/media/platform/via/built-in.a
  AR      drivers/media/platform/xilinx/built-in.a
  AR      drivers/media/platform/built-in.a
  CC [M]  drivers/usb/mon/mon_bin.o
  LD [M]  drivers/net/ethernet/realtek/rtase/rtase.o
  AR      drivers/media/pci/ttpci/built-in.a
  LD [M]  drivers/net/ethernet/realtek/r8169.o
  AR      drivers/media/pci/b2c2/built-in.a
  CC [M]  drivers/net/ethernet/fealnx.o
  CC [M]  drivers/net/wireless/ralink/rt2x00/rt2x00leds.o
  AR      drivers/media/pci/pluto2/built-in.a
  AR      drivers/media/pci/dm1105/built-in.a
  AR      drivers/media/pci/pt1/built-in.a
  AR      drivers/media/pci/pt3/built-in.a
  AR      drivers/media/pci/mantis/built-in.a
  CC [M]  drivers/power/supply/stc3117_fuel_gauge.o
  AR      drivers/media/pci/ngene/built-in.a
  CC [M]  drivers/net/wireless/ath/carl9170/tx.o
  AR      drivers/media/pci/ddbridge/built-in.a
  LD [M]  fs/ext4/ext4.o
  AR      drivers/media/pci/saa7146/built-in.a
  CC [M]  drivers/net/ethernet/ethoc.o
  AR      drivers/media/pci/smipcie/built-in.a
  AR      drivers/media/pci/netup_unidvb/built-in.a
  AR      drivers/media/pci/intel/ipu3/built-in.a
  AR      drivers/media/pci/intel/ivsc/built-in.a
  AR      drivers/media/pci/intel/built-in.a
  AR      drivers/media/pci/built-in.a
  AR      drivers/media/usb/b2c2/built-in.a
  CC [M]  drivers/net/phy/realtek/realtek_hwmon.o
  AR      drivers/media/usb/dvb-usb/built-in.a
  AR      drivers/media/usb/dvb-usb-v2/built-in.a
  CC [M]  drivers/net/phy/aquantia/aquantia_leds.o
  AR      drivers/media/usb/s2255/built-in.a
  CC [M]  drivers/media/usb/s2255/s2255drv.o
  CC      drivers/hwmon/hwmon.o
  AR      drivers/media/usb/siano/built-in.a
  CC      drivers/gpu/drm/drm_print.o
  CC      kernel/bpf/dispatcher.o
  CC      kernel/bpf/devmap.o
  CC [M]  net/netfilter/xt_comment.o
  CC [M]  drivers/i2c/busses/i2c-ismt.o
  CC [M]  drivers/input/mouse/cyapa_gen3.o
  CC [M]  drivers/input/keyboard/stowaway.o
  CC [M]  drivers/net/wireless/realtek/rtl8xxxu/8723a.o
  CC [M]  drivers/input/keyboard/sunkbd.o
  CC [M]  drivers/power/supply/mm8013.o
  CC [M]  drivers/net/wireless/ralink/rt2x00/rt2x00usb.o
  LD [M]  drivers/usb/mon/usbmon.o
  CC [M]  drivers/usb/class/cdc-acm.o
  CC      drivers/gpu/drm/drm_property.o
  LD [M]  drivers/net/phy/realtek/realtek.o
  CC [M]  drivers/ptp/ptp_fc3.o
  AR      drivers/net/wireless/virtual/built-in.a
  CC [M]  drivers/net/phy/aquantia/aquantia_hwmon.o
  CC [M]  drivers/net/wireless/virtual/mac80211_hwsim.o
  CC [M]  drivers/i2c/i2c-mux.o
  CC [M]  drivers/i2c/i2c-stub.o
  CC [M]  net/netfilter/xt_connbytes.o
  CC [M]  drivers/hwmon/coretemp.o
  CC [M]  net/mac80211/debugfs_key.o
  CC [M]  drivers/input/keyboard/tm2-touchkey.o
  CC [M]  drivers/net/wireless/realtek/rtw89/mac.o
  CC [M]  drivers/hwmon/drivetemp.o
  CC [M]  drivers/i2c/busses/i2c-nforce2.o
  AR      drivers/net/ethernet/built-in.a
  CC [M]  drivers/i2c/busses/i2c-nvidia-gpu.o
  CC [M]  drivers/input/mouse/cyapa_gen5.o
  AR      drivers/power/supply/built-in.a
  CC [M]  drivers/net/wireless/ath/carl9170/rx.o
  AR      drivers/power/built-in.a
  CC [M]  drivers/net/wireless/realtek/rtl8xxxu/8192c.o
  CC [M]  drivers/hwmon/max31827.o
  AR      drivers/media/usb/ttusb-budget/built-in.a
  CC [M]  drivers/i2c/busses/i2c-piix4.o
  LD [M]  drivers/net/phy/aquantia/aquantia.o
  AR      drivers/media/usb/ttusb-dec/built-in.a
  CC [M]  drivers/i2c/busses/i2c-sis5595.o
  CC      kernel/bpf/cpumap.o
  CC [M]  drivers/media/usb/uvc/uvc_driver.o
  CC [M]  drivers/ptp/ptp_idt82p33.o
  CC      drivers/gpu/drm/drm_rect.o
  CC [M]  drivers/input/keyboard/xtkbd.o
  CC [M]  drivers/media/usb/uvc/uvc_queue.o
  CC [M]  drivers/net/wireless/ralink/rt2x00/rt2800lib.o
  CC [M]  drivers/media/usb/uvc/uvc_v4l2.o
  CC [M]  drivers/usb/typec/class.o
  CC [M]  net/netfilter/xt_connlabel.o
  CC      kernel/bpf/offload.o
  CC [M]  net/mac80211/mesh.o
  CC [M]  drivers/usb/class/usblp.o
  CC      kernel/bpf/net_namespace.o
  CC [M]  drivers/hwmon/sht3x.o
  CC      kernel/bpf/tcx.o
  CC [M]  drivers/net/wireless/realtek/rtl8xxxu/8188f.o
  CC      drivers/gpu/drm/drm_syncobj.o
  AR      drivers/input/keyboard/built-in.a
  LD [M]  drivers/net/wireless/ath/carl9170/carl9170.o
  CC      kernel/bpf/stackmap.o
  CC [M]  net/netfilter/xt_connlimit.o
  CC [M]  drivers/i2c/busses/i2c-sis630.o
  CC [M]  net/netfilter/xt_conntrack.o
  CC [M]  drivers/ptp/ptp_mock.o
  CC [M]  drivers/usb/class/cdc-wdm.o
  CC [M]  drivers/net/wireless/realtek/rtl8xxxu/8188e.o
  CC [M]  drivers/input/mouse/cyapa_gen6.o
  AR      drivers/media/mmc/siano/built-in.a
  AR      drivers/media/mmc/built-in.a
  CC [M]  drivers/net/wireless/realtek/rtw89/mac_be.o
  AR      drivers/media/usb/built-in.a
  CC [M]  drivers/i2c/i2c-slave-eeprom.o
  AR      drivers/input/joystick/built-in.a
  CC [M]  drivers/input/joystick/xpad.o
  CC [M]  drivers/media/usb/uvc/uvc_video.o
  CC [M]  drivers/usb/typec/mux.o
  CC [M]  drivers/hwmon/sht4x.o
  CC [M]  drivers/hwmon/spd5118.o
  CC [M]  drivers/usb/typec/bus.o
  CC [M]  drivers/usb/typec/pd.o
  CC [M]  drivers/usb/typec/retimer.o
  CC [M]  drivers/i2c/busses/i2c-sis96x.o
  CC [M]  drivers/ptp/ptp_netc.o
  CC [M]  net/netfilter/xt_cpu.o
  CC      fs/btrfs/dev-replace.o
  CC [M]  drivers/usb/typec/mode_selection.o
  CC [M]  drivers/media/usb/uvc/uvc_ctrl.o
  CC [M]  drivers/input/mouse/elan_i2c_core.o
  CC [M]  net/mac80211/mesh_pathtbl.o
  CC      kernel/bpf/cgroup_iter.o
  CC [M]  drivers/media/usb/uvc/uvc_status.o
  CC      drivers/gpu/drm/drm_sysfs.o
  CC      drivers/gpu/drm/drm_trace_points.o
  CC [M]  drivers/i2c/busses/i2c-via.o
  CC [M]  drivers/i2c/busses/i2c-viapro.o
  CC [M]  drivers/media/usb/uvc/uvc_isight.o
  CC [M]  drivers/media/usb/uvc/uvc_debugfs.o
  CC [M]  drivers/hwmon/occ/common.o
  CC [M]  drivers/net/wireless/realtek/rtl8xxxu/8710b.o
  CC [M]  drivers/i2c/busses/i2c-viai2c-zhaoxin.o
  CC [M]  net/mac80211/mesh_plink.o
  CC [M]  drivers/usb/typec/port-mapper.o
  CC [M]  net/netfilter/xt_dccp.o
  CC [M]  drivers/hwmon/occ/sysfs.o
  LD [M]  drivers/ptp/ptp.o
  CC [M]  drivers/i2c/i2c-slave-testunit.o
  CC      kernel/bpf/bpf_cgrp_storage.o
  CC [M]  drivers/net/wireless/virtual/virt_wifi.o
  CC [M]  drivers/i2c/busses/i2c-viai2c-common.o
  CC      drivers/gpu/drm/drm_vblank.o
  AR      drivers/media/firewire/built-in.a
  CC [M]  net/netfilter/xt_devgroup.o
  CC [M]  drivers/usb/typec/altmodes/displayport.o
  CC      drivers/thermal/thermal_core.o
  CC [M]  drivers/usb/typec/ucsi/ucsi.o
  CC      fs/btrfs/raid56.o
  CC      fs/btrfs/uuid-tree.o
  CC [M]  drivers/input/mouse/elan_i2c_i2c.o
  CC      fs/btrfs/props.o
  CC      fs/btrfs/free-space-tree.o
  CC      drivers/thermal/thermal_sysfs.o
  CC [M]  drivers/hwmon/occ/p8_i2c.o
  LD [M]  drivers/hwmon/occ/occ-hwmon-common.o
  CC [M]  drivers/hwmon/pmbus/pmbus_core.o
  AR      drivers/hwmon/built-in.a
  CC      drivers/watchdog/watchdog_core.o
  CC [M]  drivers/net/wireless/realtek/rtw89/phy.o
  CC [M]  drivers/net/wireless/realtek/rtl8xxxu/8192f.o
  CC [M]  drivers/i2c/busses/i2c-cbus-gpio.o
  CC      kernel/bpf/cgroup.o
  CC      kernel/bpf/reuseport_array.o
  CC      drivers/md/dm-builtin.o
  CC [M]  net/mac80211/mesh_hwmp.o
  CC [M]  net/mac80211/mesh_sync.o
  CC [M]  drivers/media/usb/uvc/uvc_metadata.o
  CC [M]  net/netfilter/xt_dscp.o
  CC [M]  drivers/input/mouse/elan_i2c_smbus.o
  CC      drivers/edac/edac_mc.o
  LD [M]  drivers/hwmon/occ/occ-p8-hwmon.o
  CC [M]  drivers/net/dummy.o
  CC      fs/btrfs/tree-checker.o
  CC [M]  drivers/usb/roles/class.o
  CC [M]  drivers/usb/typec/altmodes/nvidia.o
  CC      drivers/thermal/thermal_trip.o
  CC      drivers/watchdog/watchdog_dev.o
  CC [M]  drivers/md/dm-uevent.o
  CC      drivers/gpu/drm/drm_vblank_work.o
  CC [M]  drivers/i2c/busses/i2c-emev2.o
  CC [M]  drivers/media/usb/uvc/uvc_entity.o
  CC [M]  drivers/input/mouse/gpio_mouse.o
  CC [M]  drivers/i2c/busses/i2c-gpio.o
  CC [M]  drivers/usb/typec/altmodes/thunderbolt.o
  CC [M]  drivers/usb/roles/intel-xhci-usb-role-switch.o
  CC [M]  drivers/usb/typec/ucsi/debugfs.o
  CC [M]  drivers/i2c/busses/i2c-ocores.o
  CC      drivers/thermal/thermal_helpers.o
  CC [M]  net/netfilter/xt_ecn.o
  CC      drivers/gpu/drm/drm_vma_manager.o
  CC      drivers/gpu/drm/drm_writeback.o
  LD [M]  drivers/net/wireless/realtek/rtl8xxxu/rtl8xxxu.o
  CC      drivers/gpu/drm/drm_client.o
  CC      drivers/edac/edac_device.o
  CC [M]  drivers/md/dm.o
  CC      drivers/edac/edac_mc_sysfs.o
  CC [M]  drivers/input/mouse/psmouse-base.o
  CC      drivers/edac/edac_module.o
  CC      drivers/edac/edac_device_sysfs.o
  CC      drivers/watchdog/watchdog_pretimeout.o
  CC [M]  net/mac80211/mesh_ps.o
  CC      drivers/thermal/thermal_thresholds.o
  CC [M]  drivers/usb/typec/ucsi/psy.o
  LD [M]  drivers/usb/typec/altmodes/typec_displayport.o
  LD [M]  drivers/usb/typec/altmodes/typec_nvidia.o
  LD [M]  drivers/usb/roles/roles.o
  LD [M]  drivers/usb/typec/altmodes/typec_thunderbolt.o
  CC [M]  drivers/usb/typec/ucsi/displayport.o
  CC      drivers/edac/wq.o
  LD [M]  drivers/media/usb/uvc/uvcvideo.o
  AR      drivers/media/spi/built-in.a
  AR      drivers/media/test-drivers/built-in.a
  CC [M]  drivers/media/mc/mc-device.o
  CC [M]  drivers/net/wireless/realtek/rtw89/phy_be.o
  CC [M]  drivers/md/dm-table.o
  CC [M]  drivers/md/dm-target.o
  CC      drivers/gpu/drm/drm_client_event.o
  CC [M]  drivers/i2c/busses/i2c-pca-platform.o
  CC      fs/btrfs/space-info.o
  CC      drivers/watchdog/pretimeout_panic.o
  CC      fs/btrfs/block-rsv.o
  CC [M]  drivers/i2c/busses/i2c-simtec.o
  CC [M]  drivers/i2c/busses/i2c-diolan-u2c.o
  CC [M]  net/netfilter/xt_esp.o
  CC      drivers/thermal/thermal_netlink.o
  CC [M]  drivers/i2c/busses/i2c-cp2615.o
  CC [M]  drivers/md/dm-linear.o
  CC [M]  drivers/md/dm-stripe.o
  CC [M]  drivers/usb/typec/ucsi/thunderbolt.o
  CC      drivers/edac/scrub.o
  CC      kernel/bpf/bpf_struct_ops.o
  CC [M]  drivers/watchdog/pretimeout_noop.o
  CC [M]  drivers/input/mouse/synaptics.o
  CC      drivers/gpu/drm/drm_client_modeset.o
  CC      drivers/gpu/drm/drm_client_sysrq.o
  CC [M]  drivers/watchdog/iTCO_wdt.o
  CC [M]  drivers/watchdog/softdog.o
  CC [M]  net/mac80211/pm.o
  CC [M]  drivers/media/mc/mc-devnode.o
  CC [M]  drivers/usb/typec/ucsi/ucsi_acpi.o
  CC      drivers/cpufreq/cpufreq.o
  CC      drivers/edac/ecs.o
  CC      drivers/cpufreq/freq_table.o
  CC      drivers/cpufreq/cpufreq_stats.o
  AR      drivers/usb/built-in.a
  CC [M]  net/netfilter/xt_hashlimit.o
  CC [M]  drivers/i2c/busses/i2c-mchp-pci1xxxx.o
  CC [M]  net/netfilter/xt_helper.o
  CC [M]  net/netfilter/xt_hl.o
  CC [M]  net/netfilter/xt_ipcomp.o
  CC [M]  drivers/usb/typec/ucsi/ucsi_ccg.o
  CC [M]  drivers/usb/typec/ucsi/ucsi_stm32g0.o
  CC [M]  drivers/md/dm-ioctl.o
  CC      fs/btrfs/delalloc-space.o
  CC      drivers/edac/mem_repair.o
  CC      fs/btrfs/block-group.o
  CC [M]  drivers/media/mc/mc-entity.o
  CC      drivers/thermal/thermal_hwmon.o
  AR      drivers/watchdog/built-in.a
  CC      fs/btrfs/discard.o
  CC      drivers/edac/edac_pci.o
  CC      kernel/bpf/cpumask.o
  CC [M]  drivers/i2c/busses/i2c-robotfuzz-osif.o
  CC [M]  drivers/input/mouse/focaltech.o
  CC [M]  net/mac80211/rc80211_minstrel_ht.o
  CC [M]  net/mac80211/rc80211_minstrel_ht_debugfs.o
  CC [M]  net/mac80211/wbrf.o
  CC [M]  drivers/net/wireless/ralink/rt2x00/rt2500usb.o
  CC      drivers/thermal/gov_fair_share.o
  CC      kernel/bpf/crypto.o
  CC      drivers/cpufreq/cpufreq_performance.o
  CC [M]  drivers/input/mouse/alps.o
  CC      drivers/gpu/drm/drm_ioc32.o
  CC      drivers/edac/edac_pci_sysfs.o
  CC      drivers/cpuidle/cpuidle.o
  CC [M]  drivers/net/ifb.o
  CC [M]  drivers/i2c/busses/i2c-taos-evm.o
  CC      drivers/cpuidle/driver.o
  LD [M]  drivers/usb/typec/ucsi/typec_ucsi.o
  LD [M]  drivers/usb/typec/typec.o
  CC [M]  drivers/md/dm-io.o
  CC [M]  drivers/i2c/busses/i2c-tiny-usb.o
  CC [M]  net/netfilter/xt_iprange.o
  CC [M]  drivers/i2c/busses/i2c-mlxcpld.o
  CC      drivers/thermal/gov_bang_bang.o
  CC [M]  drivers/i2c/busses/i2c-virtio.o
  CC      drivers/gpu/drm/drm_panel.o
  CC [M]  drivers/md/dm-kcopyd.o
  CC [M]  net/netfilter/xt_l2tp.o
  CC      drivers/cpufreq/cpufreq_governor_attr_set.o
  CC      drivers/edac/ghes_edac.o
  AR      drivers/mmc/built-in.a
  CC [M]  drivers/net/macsec.o
  CC [M]  drivers/media/mc/mc-request.o
  CC      kernel/bpf/relo_core.o
  CC [M]  net/netfilter/xt_length.o
  CC [M]  drivers/net/wireless/realtek/rtw89/fw.o
  CC      drivers/thermal/gov_step_wise.o
  CC      drivers/thermal/gov_user_space.o
  CC      fs/btrfs/reflink.o
  AR      drivers/input/tablet/built-in.a
  AR      drivers/input/misc/built-in.a
  CC [M]  drivers/input/tablet/acecad.o
  CC [M]  drivers/input/misc/ad714x.o
  CC [M]  drivers/input/misc/ad714x-i2c.o
  CC [M]  drivers/input/tablet/aiptek.o
  CC      drivers/cpuidle/governor.o
  CC [M]  drivers/input/tablet/hanwang.o
  CC      drivers/cpufreq/amd-pstate.o
  AR      drivers/i2c/busses/built-in.a
  CC [M]  drivers/net/wireless/ralink/rt2x00/rt73usb.o
  AR      drivers/i2c/built-in.a
  CC [M]  drivers/input/tablet/kbtab.o
  CC      drivers/gpu/drm/drm_pci.o
  CC [M]  drivers/input/tablet/pegasus_notetaker.o
  CC      drivers/thermal/gov_power_allocator.o
  AR      drivers/edac/built-in.a
  CC [M]  drivers/input/mouse/byd.o
  CC      fs/btrfs/subpage.o
  CC [M]  drivers/md/dm-sysfs.o
  CC [M]  drivers/input/ff-memless.o
  CC      drivers/cpuidle/sysfs.o
  CC      fs/btrfs/tree-mod-log.o
  CC [M]  drivers/media/mc/mc-dev-allocator.o
  CC      drivers/gpu/drm/drm_debugfs.o
  CC [M]  drivers/input/mouse/elantech.o
  CC [M]  drivers/input/mouse/logips2pp.o
  LD [M]  net/mac80211/mac80211.o
  CC [M]  net/netfilter/xt_limit.o
  CC [M]  net/netfilter/xt_mac.o
  CC [M]  drivers/input/misc/ad714x-spi.o
  CC      fs/btrfs/extent-io-tree.o
  CC [M]  drivers/net/macvlan.o
  CC [M]  drivers/media/v4l2-core/v4l2-async.o
  CC [M]  drivers/net/macvtap.o
  CC [M]  drivers/media/cec/core/cec-core.o
  CC [M]  drivers/md/dm-stats.o
  CC      kernel/bpf/btf_iter.o
  AR      drivers/thermal/broadcom/built-in.a
  AR      drivers/thermal/renesas/built-in.a
  CC [M]  drivers/input/tablet/wacom_serial4.o
  AR      drivers/thermal/samsung/built-in.a
  CC      drivers/thermal/intel/intel_tcc.o
  CC      drivers/thermal/intel/therm_throt.o
  CC      drivers/cpuidle/governors/menu.o
  LD [M]  drivers/media/mc/mc.o
  CC      drivers/cpufreq/amd-pstate-trace.o
  CC [M]  drivers/md/dm-rq.o
  CC      drivers/gpu/drm/drm_debugfs_crc.o
  CC      drivers/gpu/drm/drm_edid_load.o
  CC [M]  drivers/input/misc/adxl34x.o
  CC      drivers/gpu/drm/../../accel/drm_accel.o
  CC      drivers/gpu/drm/drm_panic.o
  CC [M]  drivers/media/cec/core/cec-adap.o
  CC [M]  drivers/media/cec/core/cec-api.o
  AR      drivers/cpuidle/governors/built-in.a
  CC      drivers/cpuidle/poll_state.o
  CC      kernel/bpf/btf_relocate.o
  CC      drivers/gpu/drm/drm_draw.o
  CC [M]  net/netfilter/xt_multiport.o
  CC      drivers/gpu/drm/drm_panel_orientation_quirks.o
  CC      drivers/cpufreq/intel_pstate.o
  AR      drivers/cpuidle/built-in.a
  CC [M]  drivers/net/mii.o
  CC      drivers/thermal/intel/intel_hfi.o
  CC [M]  drivers/md/dm-io-rewind.o
  CC [M]  drivers/thermal/intel/intel_powerclamp.o
  CC [M]  drivers/media/v4l2-core/v4l2-flash-led-class.o
  CC [M]  drivers/input/mouse/lifebook.o
  CC [M]  drivers/input/misc/adxl34x-i2c.o
  CC [M]  drivers/cpufreq/acpi-cpufreq.o
  CC [M]  drivers/input/mouse/sentelic.o
  CC [M]  drivers/thermal/intel/x86_pkg_temp_thermal.o
  CC [M]  drivers/thermal/intel/intel_soc_dts_iosf.o
  CC [M]  drivers/thermal/intel/intel_soc_dts_thermal.o
  CC [M]  drivers/net/wireless/ralink/rt2x00/rt2800usb.o
  AR      drivers/media/built-in.a
  CC [M]  drivers/net/wireless/realtek/rtw89/cam.o
  CC [M]  drivers/net/wireless/realtek/rtw89/efuse.o
  CC      fs/btrfs/fs.o
  CC      drivers/gpu/drm/drm_gem_shmem_helper.o
  CC [M]  drivers/net/wireless/realtek/rtw89/efuse_be.o
  AR      drivers/thermal/st/built-in.a
  CC      kernel/bpf/kmem_cache_iter.o
  CC [M]  drivers/net/netconsole.o
  CC [M]  drivers/md/dm-bufio.o
  CC [M]  net/netfilter/xt_nfacct.o
  CC [M]  net/netfilter/xt_osf.o
  CC [M]  drivers/input/misc/adxl34x-spi.o
  CC      kernel/bpf/dmabuf_iter.o
  CC [M]  drivers/thermal/intel/intel_pch_thermal.o
  CC      drivers/gpu/drm/drm_fbdev_shmem.o
  CC      fs/btrfs/messages.o
  CC [M]  drivers/net/tun.o
  CC [M]  drivers/media/v4l2-core/v4l2loopback.o
  CC [M]  drivers/input/mouse/trackpoint.o
  CC [M]  drivers/net/wireless/realtek/rtw89/regd.o
  CC [M]  drivers/net/wireless/realtek/rtw89/sar.o
  AR      drivers/ufs/built-in.a
  CC [M]  drivers/thermal/intel/intel_tcc_cooling.o
  CC [M]  drivers/input/misc/apanel.o
  AR      drivers/thermal/qcom/built-in.a
  CC      fs/btrfs/bio.o
  LD [M]  drivers/net/wireless/ralink/rt2x00/rt2x00lib.o
  CC      fs/btrfs/lru_cache.o
  AR      kernel/bpf/built-in.a
  CC [M]  drivers/input/sparse-keymap.o
  AR      kernel/built-in.a
  LD [M]  drivers/media/cec/core/cec.o
  CC [M]  drivers/net/tap.o
  AR      drivers/thermal/tegra/built-in.a
  CC [M]  drivers/input/matrix-keymap.o
  CC [M]  drivers/input/mousedev.o
  CC [M]  drivers/input/joydev.o
  CC [M]  drivers/media/v4l2-core/v4l2-dv-timings.o
  AR      drivers/thermal/intel/built-in.a
  CC [M]  drivers/thermal/intel/int340x_thermal/int3400_thermal.o
  CC [M]  drivers/net/veth.o
  CC      drivers/gpu/drm/drm_atomic_helper.o
  CC      drivers/gpu/drm/drm_atomic_state_helper.o
  CC [M]  net/netfilter/xt_owner.o
  CC [M]  drivers/input/mouse/touchkit_ps2.o
  CC [M]  net/netfilter/xt_cgroup.o
  CC [M]  drivers/input/misc/atlas_btns.o
  AR      drivers/cpufreq/built-in.a
  CC [M]  drivers/net/geneve.o
  CC [M]  drivers/net/wireless/realtek/rtw89/coex.o
  CC [M]  drivers/net/wireless/realtek/rtw89/ps.o
  CC [M]  drivers/net/wireless/realtek/rtw89/chan.o
  CC      drivers/firmware/dmi_scan.o
  CC [M]  drivers/md/dm-crypt.o
  CC [M]  drivers/input/mouse/cypress_ps2.o
  AR      drivers/crypto/stm32/built-in.a
  CC      drivers/clocksource/acpi_pm.o
  AR      drivers/crypto/inside-secure/eip93/built-in.a
  AR      drivers/crypto/inside-secure/built-in.a
  AR      drivers/crypto/xilinx/built-in.a
  CC      drivers/hid/hid-core.o
  AR      drivers/crypto/hisilicon/built-in.a
  CC [M]  drivers/thermal/intel/int340x_thermal/int340x_thermal_zone.o
  AR      drivers/crypto/intel/keembay/built-in.a
  AR      drivers/crypto/intel/ixp4xx/built-in.a
  AR      drivers/crypto/intel/built-in.a
  AR      drivers/crypto/starfive/built-in.a
  AR      drivers/crypto/cavium/built-in.a
  AR      drivers/crypto/ti/built-in.a
  AR      drivers/crypto/built-in.a
  CC [M]  drivers/thermal/intel/int340x_thermal/int3402_thermal.o
  CC      fs/btrfs/raid-stripe-tree.o
  CC      drivers/gpu/drm/drm_bridge_helper.o
  CC      drivers/gpu/drm/drm_crtc_helper.o
  CC      drivers/gpu/drm/drm_damage_helper.o
  CC [M]  drivers/input/misc/aw86927.o
  CC      drivers/gpu/drm/drm_flip_work.o
  CC [M]  net/netfilter/xt_physdev.o
  CC [M]  drivers/media/v4l2-core/v4l2-dev.o
  CC      drivers/clocksource/i8253.o
  CC [M]  drivers/input/mouse/psmouse-smbus.o
  CC [M]  drivers/media/v4l2-core/v4l2-ioctl.o
  CC [M]  drivers/thermal/intel/int340x_thermal/int3403_thermal.o
  CC      drivers/firmware/dmi-sysfs.o
  CC      drivers/firmware/dmi-id.o
  AR      drivers/thermal/mediatek/built-in.a
  CC [M]  drivers/thermal/intel/int340x_thermal/processor_thermal_device.o
  CC [M]  drivers/thermal/intel/int340x_thermal/int3401_thermal.o
  AR      drivers/platform/x86/amd/built-in.a
  CC      fs/btrfs/fiemap.o
  AR      drivers/platform/x86/hp/built-in.a
  CC [M]  drivers/platform/x86/hp/hp-wmi.o
  AR      drivers/clocksource/built-in.a
  CC      drivers/hid/hid-input.o
  CC [M]  drivers/thermal/intel/int340x_thermal/processor_thermal_device_pci_legacy.o
  CC      drivers/mailbox/mailbox.o
  CC [M]  drivers/input/misc/bma150.o
  AR      drivers/platform/x86/lenovo/built-in.a
  CC [M]  drivers/input/misc/cm109.o
  CC [M]  net/netfilter/xt_pkttype.o
  CC [M]  drivers/thermal/testing/command.o
  CC [M]  drivers/input/mouse/sermouse.o
  CC [M]  drivers/input/mouse/synaptics_i2c.o
  CC      drivers/firmware/memmap.o
  CC      drivers/gpu/drm/drm_format_helper.o
  CC [M]  drivers/input/mouse/synaptics_usb.o
  CC      drivers/mailbox/pcc.o
  CC      drivers/gpu/drm/drm_gem_atomic_helper.o
  CC [M]  drivers/thermal/intel/int340x_thermal/processor_thermal_device_pci.o
  CC [M]  drivers/thermal/intel/int340x_thermal/processor_thermal_rapl.o
  CC [M]  drivers/thermal/testing/zone.o
  CC      fs/btrfs/direct-io.o
  CC [M]  drivers/net/wireless/realtek/rtw89/ser.o
  CC [M]  drivers/thermal/intel/int340x_thermal/processor_thermal_rfim.o
  CC [M]  drivers/thermal/intel/int340x_thermal/platform_temperature_control.o
  CC      drivers/firmware/sysfb.o
  CC [M]  drivers/md/dm-snap.o
  CC [M]  drivers/input/misc/cma3000_d0x.o
  CC [M]  drivers/md/dm-exception-store.o
  CC [M]  drivers/md/dm-snap-transient.o
  CC      drivers/firmware/sysfb_simplefb.o
  CC [M]  drivers/input/mouse/vsxxxaa.o
  CC [M]  net/netfilter/xt_policy.o
  AR      drivers/virt/vboxguest/built-in.a
  CC [M]  drivers/platform/x86/hp/hp-bioscfg/bioscfg.o
  AR      drivers/virt/coco/built-in.a
  AR      drivers/mailbox/built-in.a
  AR      drivers/virt/built-in.a
  CC [M]  drivers/media/v4l2-core/v4l2-device.o
  CC [M]  drivers/input/misc/cma3000_d0x_i2c.o
  AR      drivers/platform/x86/uniwill/built-in.a
  AR      drivers/platform/x86/intel/wmi/built-in.a
  CC [M]  drivers/md/dm-snap-persistent.o
  CC [M]  drivers/platform/x86/intel/wmi/thunderbolt.o
  LD [M]  drivers/thermal/testing/thermal-testing.o
  CC [M]  drivers/net/vrf.o
  CC [M]  drivers/platform/wmi/core.o
  CC [M]  drivers/net/net_failover.o
  CC      drivers/gpu/drm/drm_gem_framebuffer_helper.o
  CC      drivers/gpu/drm/drm_kms_helper_common.o
  CC      drivers/gpu/drm/drm_modeset_helper.o
  CC [M]  drivers/platform/wmi/marshalling.o
  AR      drivers/firmware/arm_ffa/built-in.a
  CC [M]  drivers/platform/wmi/string.o
  CC [M]  drivers/net/wireless/realtek/rtw89/acpi.o
  CC [M]  drivers/platform/x86/hp/hp-bioscfg/biosattr-interface.o
  LD [M]  drivers/input/mouse/cyapatp.o
  LD [M]  drivers/input/mouse/elan_i2c.o
  LD [M]  drivers/input/mouse/psmouse.o
  AR      drivers/firmware/arm_scmi/built-in.a
  CC [M]  drivers/platform/x86/hp/hp-bioscfg/enum-attributes.o
  AR      drivers/firmware/broadcom/built-in.a
  CC      fs/btrfs/acl.o
  AR      drivers/firmware/cirrus/test/built-in.a
  LD [M]  drivers/platform/x86/intel/wmi/intel-wmi-thunderbolt.o
  AR      drivers/firmware/cirrus/built-in.a
  CC      drivers/platform/x86/intel/turbo_max_3.o
  AR      drivers/firmware/meson/built-in.a
  AR      drivers/firmware/microchip/built-in.a
  CC      drivers/firmware/efi/efi-bgrt.o
  CC      drivers/hid/hid-quirks.o
  CC [M]  drivers/platform/x86/hp/hp-bioscfg/int-attributes.o
  CC [M]  drivers/thermal/intel/int340x_thermal/processor_thermal_mbox.o
  CC [M]  drivers/input/misc/da7280.o
  CC [M]  drivers/platform/x86/hp/hp-bioscfg/order-list-attributes.o
  CC [M]  drivers/platform/x86/hp/hp-bioscfg/passwdobj-attributes.o
  CC [M]  drivers/platform/x86/hp/hp-bioscfg/spmobj-attributes.o
  CC [M]  drivers/thermal/intel/int340x_thermal/processor_thermal_wt_req.o
  CC      drivers/hid/hid-debug.o
  CC [M]  drivers/platform/x86/intel/hid.o
  CC [M]  drivers/media/v4l2-core/v4l2-fh.o
  CC      drivers/firmware/efi/efi.o
  CC [M]  net/netfilter/xt_quota.o
  CC      drivers/firmware/efi/vars.o
  CC      drivers/gpu/drm/drm_plane_helper.o
  LD [M]  drivers/platform/wmi/wmi.o
  CC [M]  drivers/md/dm-ebs-target.o
  CC [M]  drivers/platform/x86/hp/hp-bioscfg/string-attributes.o
  CC      drivers/platform/x86/p2sb.o
  CC      drivers/extcon/extcon.o
  AR      fs/btrfs/built-in.a
  CC [M]  drivers/input/misc/e3x0-button.o
  AR      fs/built-in.a
  CC      drivers/extcon/devres.o
  AR      drivers/firmware/imx/built-in.a
  CC      drivers/platform/x86/intel_scu_ipc.o
  CC [M]  drivers/media/v4l2-core/v4l2-event.o
  CC [M]  net/netfilter/xt_rateest.o
  CC [M]  drivers/net/wireless/realtek/rtw89/util.o
  CC [M]  drivers/input/rmi4/rmi_bus.o
  CC [M]  drivers/thermal/intel/int340x_thermal/processor_thermal_wt_hint.o
  AR      drivers/firmware/psci/built-in.a
  CC      drivers/firmware/efi/reboot.o
  CC [M]  drivers/media/v4l2-core/v4l2-subdev.o
  CC [M]  drivers/input/rmi4/rmi_driver.o
  CC      drivers/gpu/drm/drm_probe_helper.o
  CC      drivers/platform/x86/intel_scu_pcidrv.o
  CC [M]  drivers/input/rmi4/rmi_f01.o
  CC [M]  drivers/input/rmi4/rmi_2d_sensor.o
  CC [M]  drivers/platform/x86/hp/hp-bioscfg/surestart-attributes.o
  CC [M]  drivers/platform/x86/intel/vbtn.o
  CC [M]  drivers/input/misc/drv260x.o
  CC [M]  drivers/input/rmi4/rmi_f03.o
  CC [M]  drivers/net/wireless/realtek/rtw89/wow.o
  AR      drivers/md/built-in.a
  CC      drivers/hid/hid-haptic.o
  LD [M]  drivers/md/dm-mod.o
  LD [M]  drivers/md/dm-snapshot.o
  LD [M]  drivers/md/dm-ebs.o
  CC      drivers/hid/hidraw.o
  CC [M]  drivers/media/v4l2-core/v4l2-common.o
  CC [M]  drivers/media/v4l2-core/v4l2-ctrls-core.o
  CC      drivers/firmware/efi/memattr.o
  CC [M]  drivers/media/v4l2-core/v4l2-ctrls-api.o
  CC [M]  drivers/thermal/intel/int340x_thermal/processor_thermal_power_floor.o
  CC [M]  drivers/media/v4l2-core/v4l2-ctrls-request.o
  AR      drivers/extcon/built-in.a
  CC [M]  net/netfilter/xt_realm.o
  CC [M]  drivers/media/v4l2-core/v4l2-ctrls-defs.o
  AR      drivers/firmware/qcom/built-in.a
  AR      drivers/firmware/samsung/built-in.a
  CC [M]  drivers/input/rmi4/rmi_f11.o
  CC [M]  drivers/input/rmi4/rmi_f12.o
  LD [M]  drivers/platform/x86/hp/hp-bioscfg/hp-bioscfg.o
  AR      drivers/memory/built-in.a
  CC [M]  drivers/net/wireless/realtek/rtw89/debug.o
  CC [M]  drivers/input/rmi4/rmi_f1a.o
  CC [M]  drivers/media/v4l2-core/v4l2-compat-ioctl32.o
  CC [M]  net/netfilter/xt_recent.o
  CC      drivers/powercap/powercap_sys.o
  CC [M]  drivers/platform/x86/intel/ehl_pse_io.o
  CC [M]  drivers/input/misc/drv2665.o
  CC      drivers/gpu/drm/drm_self_refresh_helper.o
  CC      drivers/firmware/efi/tpm.o
  CC [M]  drivers/input/misc/drv2667.o
  CC [M]  drivers/thermal/intel/int340x_thermal/processor_thermal_soc_slider.o
  CC [M]  drivers/input/misc/gpio-beeper.o
  CC      drivers/firmware/efi/memmap.o
  CC      drivers/firmware/efi/capsule.o
  CC      drivers/firmware/efi/esrt.o
  CC      drivers/firmware/efi/efi-pstore.o
  CC      drivers/hid/hid-generic.o
  CC      drivers/firmware/efi/cper.o
  CC [M]  drivers/input/rmi4/rmi_f21.o
  CC [M]  drivers/input/misc/gpio_decoder.o
  CC [M]  drivers/media/v4l2-core/v4l2-mc.o
  CC [M]  drivers/platform/x86/intel/int0002_vgpio.o
  AR      drivers/firmware/smccc/built-in.a
  CC [M]  drivers/media/v4l2-core/v4l2-spi.o
  CC      drivers/gpu/drm/drm_simple_kms_helper.o
  CC      drivers/firmware/efi/cper_cxl.o
  CC      drivers/powercap/idle_inject.o
  AR      drivers/firmware/tegra/built-in.a
  AR      drivers/firmware/xilinx/built-in.a
  CC [M]  drivers/input/rmi4/rmi_f30.o
  CC      drivers/platform/x86/pmc_atom.o
  CC [M]  drivers/thermal/intel/int340x_thermal/int3406_thermal.o
  CC      drivers/hid/usbhid/hid-core.o
  CC      drivers/hid/usbhid/hiddev.o
  AR      drivers/perf/built-in.a
  CC [M]  drivers/perf/dwc_pcie_pmu.o
  CC      drivers/hid/usbhid/hid-pidff.o
  CC [M]  drivers/input/misc/gpio-vibra.o
  CC [M]  drivers/media/v4l2-core/v4l2-i2c.o
  CC [M]  drivers/input/rmi4/rmi_f34.o
  CC [M]  drivers/input/rmi4/rmi_f34v7.o
  CC [M]  drivers/input/rmi4/rmi_f3a.o
  CC [M]  drivers/input/rmi4/rmi_f55.o
  CC [M]  drivers/input/rmi4/rmi_i2c.o
  CC [M]  drivers/input/rmi4/rmi_spi.o
  CC [M]  drivers/input/rmi4/rmi_smbus.o
  CC [M]  net/netfilter/xt_sctp.o
  CC      drivers/firmware/efi/runtime-wrappers.o
  CC      drivers/ras/ras.o
  CC      drivers/gpu/drm/drm_vblank_helper.o
  CC [M]  drivers/hid/uhid.o
  CC [M]  drivers/platform/x86/intel/vsec.o
  CC [M]  drivers/powercap/intel_rapl_common.o
  CC [M]  drivers/thermal/intel/int340x_thermal/acpi_thermal_rel.o
  CC [M]  drivers/hid/hid-axff.o
  CC [M]  drivers/hid/hid-betopff.o
  CC [M]  drivers/input/misc/ibm-panel.o
  CC      drivers/ras/debugfs.o
  CC [M]  drivers/input/misc/ims-pcu.o
  AR      drivers/hwtracing/intel_th/built-in.a
  CC [M]  net/netfilter/xt_socket.o
  LD [M]  drivers/media/v4l2-core/videodev.o
  CC [M]  net/netfilter/xt_state.o
  CC      drivers/ras/cec.o
  AR      drivers/ras/amd/atl/built-in.a
  CC [M]  drivers/input/misc/iqs269a.o
  CC [M]  drivers/powercap/intel_rapl_msr.o
  AR      drivers/android/built-in.a
  CC      drivers/gpu/drm/bridge/panel.o
  CC [M]  drivers/net/wireless/realtek/rtw89/rtw8852b_common.o
  CC [M]  drivers/powercap/intel_rapl_tpmi.o
  LD [M]  drivers/input/rmi4/rmi_core.o
  CC      drivers/firmware/efi/dev-path-parser.o
  CC [M]  drivers/platform/x86/intel/punit_ipc.o
  CC      drivers/gpu/drm/drm_fb_helper.o
  CC [M]  drivers/input/misc/iqs626a.o
  CC [M]  drivers/input/misc/iqs7222.o
  CC      drivers/nvmem/core.o
  AR      drivers/gpu/drm/tests/built-in.a
  CC [M]  drivers/hid/hid-bigbenff.o
  CC      drivers/firmware/efi/apple-properties.o
  AR      drivers/platform/x86/tuxedo/nb04/built-in.a
  CC      drivers/mux/core.o
  AR      drivers/platform/x86/tuxedo/built-in.a
  AR      drivers/thermal/built-in.a
  CC      drivers/firmware/efi/rci2-table.o
  CC [M]  drivers/net/wireless/realtek/rtw89/rtw8852b.o
  CC [M]  drivers/platform/x86/intel/plr_tpmi.o
  AR      drivers/ras/built-in.a
  CC [M]  drivers/hid/hid-cp2112.o
  CC [M]  drivers/platform/x86/wmi-bmof.o
  AR      drivers/hid/usbhid/built-in.a
  CC      drivers/gpu/drm/drm_mipi_dsi.o
  AR      drivers/gpu/drm/arm/built-in.a
  CC      drivers/gpu/drm/clients/drm_client_setup.o
  CC      drivers/firmware/efi/sysfb_efi.o
  CC      drivers/gpu/drm/clients/drm_log.o
  CC      drivers/gpu/drm/clients/drm_fbdev_client.o
  AR      drivers/accel/built-in.a
  CC      drivers/firmware/efi/earlycon.o
  CC [M]  net/netfilter/xt_statistic.o
  AR      drivers/nvmem/layouts/built-in.a
  CC [M]  net/netfilter/xt_string.o
  CC      drivers/firmware/efi/cper-x86.o
  CC [M]  net/netfilter/xt_tcpmss.o
  AR      drivers/gpu/drm/display/built-in.a
  CC [M]  drivers/gpu/drm/display/drm_display_helper_mod.o
  AR      drivers/gpu/drm/renesas/rcar-du/built-in.a
  AR      drivers/gpu/drm/renesas/rz-du/built-in.a
  AR      drivers/powercap/built-in.a
  AR      drivers/gpu/drm/renesas/built-in.a
  AR      drivers/gpu/drm/omapdrm/built-in.a
  CC [M]  drivers/gpu/drm/display/drm_dp_dual_mode_helper.o
  CC [M]  drivers/gpu/drm/display/drm_dp_helper.o
  CC [M]  drivers/gpu/drm/display/drm_dp_mst_topology.o
  AR      drivers/resctrl/built-in.a
  CC [M]  drivers/gpu/drm/display/drm_dp_tunnel.o
  CC [M]  drivers/gpu/drm/display/drm_dsc_helper.o
  CC [M]  drivers/platform/x86/intel/tpmi_power_domains.o
  AR      drivers/mux/built-in.a
  CC [M]  drivers/platform/x86/mxm-wmi.o
  CC [M]  net/netfilter/xt_time.o
  CC [M]  drivers/platform/x86/nvidia-wmi-ec-backlight.o
  CC [M]  drivers/hid/hid-dr.o
  CC [M]  net/netfilter/xt_u32.o
  AR      drivers/gpu/drm/clients/built-in.a
  CC [M]  drivers/gpu/drm/display/drm_hdcp_helper.o
  AR      drivers/nvmem/built-in.a
  CC [M]  drivers/firmware/efi/efibc.o
  AR      drivers/gpu/drm/tilcdc/built-in.a
  CC [M]  drivers/input/misc/keyspan_remote.o
  CC [M]  drivers/platform/x86/firmware_attributes_class.o
  CC [M]  drivers/input/misc/kxtj9.o
  CC [M]  drivers/nvdimm/core.o
  CC [M]  drivers/gpu/drm/display/drm_hdmi_helper.o
  CC [M]  drivers/net/wireless/realtek/rtw89/rtw8852b_table.o
  CC [M]  drivers/net/wireless/realtek/rtw89/rtw8852b_rfk.o
  CC [M]  drivers/net/wireless/realtek/rtw89/rtw8852b_rfk_table.o
  CC [M]  drivers/platform/x86/intel/vsec_tpmi.o
  CC [M]  drivers/input/misc/mma8450.o
  CC [M]  drivers/input/misc/pcf8574_keypad.o
  CC [M]  drivers/input/misc/pcspkr.o
  CC [M]  drivers/pps/pps.o
  CC [M]  drivers/firmware/efi/capsule-loader.o
  CC [M]  drivers/pps/kapi.o
  CC [M]  drivers/hid/hid-emsff.o
  CC [M]  drivers/pps/sysfs.o
  CC [M]  drivers/w1/w1.o
  CC [M]  drivers/bluetooth/hci_vhci.o
  CC [M]  drivers/dca/dca-core.o
  CC [M]  drivers/hid/hid-ft260.o
  CC [M]  drivers/net/wireless/realtek/rtw89/rtw8852be.o
  CC [M]  drivers/soundwire/bus_type.o
  CC [M]  drivers/soundwire/bus.o
  CC [M]  drivers/thunderbolt/nhi.o
  CC [M]  drivers/dibs/dibs_main.o
  CC [M]  drivers/dca/dca-sysfs.o
  CC [M]  drivers/thunderbolt/nhi_ops.o
  CC [M]  drivers/nvdimm/bus.o
  LD [M]  drivers/pps/pps_core.o
  CC [M]  drivers/input/misc/powermate.o
  CC [M]  drivers/thunderbolt/ctl.o
  CC [M]  drivers/platform/x86/intel/rst.o
  CC [M]  drivers/platform/x86/quickstart.o
  AR      drivers/firmware/efi/built-in.a
  CC [M]  drivers/w1/w1_int.o
  CC [M]  net/netfilter/ipset/ip_set_core.o
  CC      drivers/firmware/efi/libstub/alignedmem.o
  CC [M]  drivers/w1/w1_family.o
  CC [M]  drivers/w1/w1_netlink.o
  CC [M]  drivers/platform/x86/intel/pmc/core.o
  LD [M]  drivers/dca/dca.o
  CC [M]  drivers/net/wireless/realtek/rtw89/rtw8852bu.o
  CC [M]  drivers/hid/hid-google-stadiaff.o
  CC [M]  drivers/dibs/dibs_loopback.o
  CC [M]  drivers/gpu/drm/display/drm_scdc_helper.o
  CC [M]  drivers/bluetooth/hci_ldisc.o
  CC [M]  drivers/bluetooth/hci_serdev.o
  CC [M]  drivers/input/misc/pwm-beeper.o
  CC [M]  drivers/platform/x86/intel/pmt/class.o
  CC [M]  drivers/platform/x86/intel/uncore-frequency/uncore-frequency.o
  CC [M]  drivers/input/misc/pwm-vibra.o
  CC [M]  drivers/input/misc/regulator-haptic.o
  CC [M]  net/netfilter/ipset/ip_set_getport.o
  CC      drivers/firmware/efi/libstub/efi-stub-helper.o
  CC [M]  drivers/thunderbolt/tb.o
  CC [M]  drivers/gpu/drm/display/drm_dp_aux_dev.o
  CC [M]  drivers/platform/x86/intel_scu_pltdrv.o
  CC [M]  drivers/nvdimm/dimm_devs.o
  CC [M]  drivers/platform/x86/intel_scu_ipcutil.o
  CC [M]  drivers/w1/w1_io.o
  CC [M]  drivers/soundwire/master.o
  CC [M]  drivers/hid/hid-holtek-kbd.o
  CC [M]  drivers/thunderbolt/switch.o
  LD [M]  drivers/dibs/dibs.o
  CC [M]  drivers/input/misc/rotary_encoder.o
  CC [M]  drivers/platform/x86/intel/pmt/telemetry.o
  CC [M]  drivers/input/misc/soc_button_array.o
  CC [M]  net/netfilter/ipset/pfxlen.o
  CC [M]  net/netfilter/ipset/ip_set_bitmap_ip.o
  CC [M]  drivers/nvdimm/nd_perf.o
  CC [M]  drivers/platform/x86/intel/uncore-frequency/uncore-frequency-common.o
  CC [M]  net/netfilter/ipset/ip_set_bitmap_ipmac.o
  CC [M]  net/netfilter/ipset/ip_set_bitmap_port.o
  CC [M]  net/netfilter/ipset/ip_set_hash_ip.o
  CC      drivers/firmware/efi/libstub/file.o
  CC      drivers/firmware/efi/libstub/gop.o
  CC [M]  drivers/soundwire/slave.o
  CC [M]  drivers/w1/slaves/w1_ds2780.o
  CC [M]  drivers/bluetooth/hci_h4.o
  CC      drivers/firmware/efi/libstub/lib-cmdline.o
  CC [M]  drivers/gpu/drm/display/drm_dp_cec.o
  CC [M]  drivers/hid/hid-holtek-mouse.o
  CC      drivers/firmware/efi/libstub/lib-ctype.o
  CC [M]  drivers/w1/slaves/w1_ds2781.o
  CC [M]  drivers/input/misc/uinput.o
  LD [M]  drivers/w1/wire.o
  CC [M]  drivers/platform/x86/intel/pmt/crashlog.o
  CC [M]  drivers/net/wireless/realtek/rtw89/pci.o
  CC [M]  drivers/platform/x86/intel/uncore-frequency/uncore-frequency-tpmi.o
  CC [M]  drivers/platform/x86/intel/pmc/spt.o
  AR      drivers/platform/x86/intel/built-in.a
  LD [M]  drivers/platform/x86/intel/intel-hid.o
  CC [M]  drivers/hid/hid-holtekff.o
  CC [M]  drivers/soundwire/mipi_disco.o
  CC [M]  drivers/nvdimm/dimm.o
  CC [M]  drivers/bluetooth/hci_bcsp.o
  CC [M]  drivers/bluetooth/hci_ll.o
  LD [M]  drivers/platform/x86/intel/uncore-frequency/intel-uncore-frequency.o
  LD [M]  drivers/platform/x86/intel/uncore-frequency/intel-uncore-frequency-common.o
  AR      net/netfilter/built-in.a
  CC [M]  net/netfilter/ipset/ip_set_hash_ipmac.o
  CC [M]  net/netfilter/ipset/ip_set_hash_ipmark.o
  CC [M]  drivers/input/misc/yealink.o
  CC      drivers/firmware/efi/libstub/mem.o
  CC [M]  drivers/platform/x86/intel/pmc/cnp.o
  CC      drivers/firmware/efi/libstub/pci.o
  LD [M]  drivers/gpu/drm/display/drm_display_helper.o
  CC      drivers/firmware/efi/libstub/printk.o
  CC [M]  drivers/platform/x86/intel/pmt/discovery.o
  AR      drivers/gpu/drm/imx/built-in.a
  AR      drivers/gpu/drm/panel/built-in.a
  AR      drivers/gpu/drm/bridge/analogix/built-in.a
  CC [M]  drivers/gpu/drm/bridge/analogix/analogix-anx78xx.o
  CC [M]  drivers/soundwire/stream.o
  LD [M]  drivers/platform/x86/intel/uncore-frequency/intel-uncore-frequency-tpmi.o
  CC      drivers/firmware/efi/libstub/random.o
  CC [M]  net/netfilter/ipset/ip_set_hash_ipport.o
  CC [M]  net/netfilter/ipset/ip_set_hash_ipportip.o
  CC [M]  drivers/hid/hid-jabra.o
  CC [M]  drivers/nvdimm/region_devs.o
  CC [M]  drivers/net/wireless/realtek/rtw89/pci_be.o
  CC [M]  drivers/platform/x86/intel/pmc/icl.o
  CC [M]  drivers/net/wireless/realtek/rtw89/usb.o
  LD [M]  drivers/net/wireless/realtek/rtw89/rtw89_core.o
  AR      drivers/gpu/drm/hisilicon/built-in.a
  AR      drivers/gpu/drm/bridge/cadence/built-in.a
  CC [M]  drivers/thunderbolt/cap.o
  AR      drivers/gpu/drm/bridge/imx/built-in.a
  CC [M]  drivers/soundwire/sysfs_slave.o
  CC [M]  drivers/hid/hid-lg.o
  CC [M]  drivers/input/misc/ideapad_slidebar.o
  CC [M]  drivers/platform/x86/intel/pmc/tgl.o
  CC [M]  drivers/platform/x86/intel/pmt/features.o
  LD [M]  drivers/platform/x86/intel/pmt/pmt_class.o
  CC      drivers/firmware/efi/libstub/randomalloc.o
  LD [M]  drivers/platform/x86/intel/intel-vbtn.o
  LD [M]  drivers/platform/x86/intel/intel-ehl_pse_io.o
  CC [M]  drivers/bluetooth/hci_ath.o
  CC [M]  drivers/soundwire/sysfs_slave_dpn.o
  LD [M]  drivers/platform/x86/intel/pmt/pmt_telemetry.o
  LD [M]  drivers/platform/x86/intel/pmt/pmt_crashlog.o
  LD [M]  drivers/platform/x86/intel/pmt/pmt_discovery.o
  CC [M]  net/netfilter/ipset/ip_set_hash_ipportnet.o
  CC [M]  drivers/nvdimm/region.o
  LD [M]  drivers/net/wireless/realtek/rtw89/rtw89_8852b_common.o
  AR      drivers/gpu/drm/mxsfb/built-in.a
  CC [M]  drivers/soundwire/debugfs.o
  LD [M]  drivers/platform/x86/intel/intel-int0002_vgpio.o
  LD [M]  drivers/platform/x86/intel/intel-vsec.o
  CC [M]  drivers/hid/hid-lgff.o
  CC [M]  drivers/net/bonding/bond_main.o
  CC [M]  drivers/gpu/drm/bridge/analogix/analogix_dp_core.o
  CC [M]  drivers/thunderbolt/path.o
  CC [M]  drivers/gpu/drm/bridge/analogix/analogix_dp_reg.o
  CC [M]  drivers/platform/x86/intel/pmc/adl.o
  AR      drivers/input/built-in.a
  CC      drivers/firmware/efi/libstub/secureboot.o
  CC [M]  drivers/soundwire/irq.o
  LD [M]  net/netfilter/nf_conntrack.o
  CC [M]  drivers/nvdimm/namespace_devs.o
  CC      drivers/gpu/drm/sysfb/drm_sysfb.o
  CC      drivers/gpu/drm/sysfb/drm_sysfb_modeset.o
  AR      drivers/gpu/drm/bridge/synopsys/built-in.a
  CC [M]  drivers/gpu/drm/bridge/analogix/analogix-i2c-dptx.o
  CC      drivers/firmware/efi/libstub/skip_spaces.o
  CC [M]  drivers/platform/x86/intel/pmc/mtl.o
  CC [M]  drivers/bluetooth/hci_h5.o
  CC [M]  drivers/hid/hid-lg2ff.o
  LD [M]  net/netfilter/nf_conntrack_h323.o
  CC [M]  drivers/nvdimm/label.o
  CC [M]  drivers/net/ipvlan/ipvlan_core.o
  CC [M]  net/netfilter/ipset/ip_set_hash_mac.o
  CC [M]  drivers/net/ipvlan/ipvlan_main.o
  CC [M]  drivers/net/ipvlan/ipvlan_l3s.o
  CC [M]  drivers/soundwire/generic_bandwidth_allocation.o
  CC      drivers/firmware/efi/libstub/smbios.o
  CC      drivers/firmware/efi/libstub/tpm.o
  CC [M]  drivers/thunderbolt/tunnel.o
  CC [M]  drivers/platform/x86/intel/pmc/arl.o
  CC [M]  drivers/platform/x86/intel/pmc/lnl.o
  CC [M]  drivers/net/ipvlan/ipvtap.o
  LD [M]  drivers/gpu/drm/bridge/analogix/analogix_dp.o
  AR      drivers/gpu/drm/bridge/built-in.a
  CC [M]  drivers/nvdimm/badrange.o
  CC      drivers/gpu/drm/sysfb/drm_sysfb_screen_info.o
  CC      drivers/gpu/drm/sysfb/simpledrm.o
  CC [M]  drivers/hid/hid-lg3ff.o
  CC [M]  drivers/platform/x86/intel/pmc/ptl.o
  LD [M]  drivers/net/wireless/realtek/rtw89/rtw89_8852b.o
  LD [M]  drivers/net/wireless/realtek/rtw89/rtw89_8852be.o
  LD [M]  drivers/net/wireless/realtek/rtw89/rtw89_8852bu.o
  LD [M]  drivers/net/wireless/realtek/rtw89/rtw89_pci.o
  LD [M]  drivers/net/wireless/realtek/rtw89/rtw89_usb.o
  AR      drivers/net/wireless/built-in.a
  CC [M]  drivers/bluetooth/hci_intel.o
  CC [M]  drivers/thunderbolt/eeprom.o
  CC [M]  drivers/net/bonding/bond_3ad.o
  CC [M]  drivers/soundwire/cadence_master.o
  CC      drivers/firmware/efi/libstub/vsprintf.o
  LD [M]  drivers/platform/x86/intel/intel-punit_ipc.o
  CC [M]  drivers/bluetooth/hci_bcm.o
  CC [M]  drivers/bluetooth/hci_qca.o
  CC [M]  drivers/net/wireguard/main.o
  CC [M]  drivers/hid/hid-lg4ff.o
  CC [M]  drivers/net/bonding/bond_alb.o
  AR      drivers/gpu/drm/tiny/built-in.a
  LD [M]  net/netfilter/nf_nat.o
  LD [M]  net/netfilter/nf_tables.o
  CC [M]  drivers/thunderbolt/domain.o
  CC [M]  net/netfilter/ipset/ip_set_hash_net.o
  CC [M]  drivers/platform/x86/intel/pmc/wcl.o
  CC [M]  drivers/bluetooth/hci_ag6xx.o
  CC      drivers/firmware/efi/libstub/x86-5lvl.o
  CC [M]  drivers/hid/hid-lg-g15.o
  CC [M]  drivers/hid/hid-logitech-dj.o
  AR      drivers/gpu/drm/sysfb/built-in.a
  AR      drivers/gpu/drm/xlnx/built-in.a
  AR      drivers/gpu/drm/gud/built-in.a
  AR      drivers/gpu/drm/sitronix/built-in.a
  LD [M]  drivers/net/ipvlan/ipvlan.o
  AR      drivers/gpu/drm/solomon/built-in.a
  CC [M]  drivers/gpu/drm/drm_buddy.o
  CC [M]  drivers/hid/hid-logitech-hidpp.o
  LD [M]  drivers/nvdimm/libnvdimm.o
  CC [M]  drivers/hid/hid-mcp2200.o
  CC [M]  drivers/net/wireguard/noise.o
  CC [M]  drivers/platform/x86/intel/pmc/pltdrv.o
  CC [M]  drivers/net/wireguard/device.o
  CC      drivers/firmware/efi/libstub/x86-stub.o
  LD [M]  net/netfilter/nf_flow_table.o
  CC [M]  drivers/bluetooth/hci_mrvl.o
  CC [M]  drivers/hid/hid-mcp2221.o
  CC [M]  drivers/hid/hid-mf.o
  CC [M]  drivers/gpu/drm/drm_gem_vram_helper.o
  CC [M]  drivers/bluetooth/hci_aml.o
  CC [M]  drivers/thunderbolt/dma_port.o
  CC [M]  drivers/soundwire/intel.o
  LD [M]  drivers/platform/x86/intel/intel-plr_tpmi.o
  LD [M]  drivers/platform/x86/intel/intel-tpmi_power_domains.o
  CC [M]  drivers/soundwire/intel_ace2x.o
  CC [M]  drivers/net/vxlan/vxlan_core.o
  CC [M]  drivers/platform/x86/intel/pmc/ssram_telemetry.o
  CC [M]  drivers/net/vxlan/vxlan_multicast.o
  LD [M]  drivers/platform/x86/intel/pmc/intel_pmc_core.o
  CC [M]  drivers/net/vxlan/vxlan_vnifilter.o
  CC [M]  drivers/net/usb/catc.o
  CC [M]  drivers/net/usb/kaweth.o
  STUBCPY drivers/firmware/efi/libstub/alignedmem.stub.o
  CC [M]  drivers/net/thunderbolt/main.o
  AR      drivers/net/built-in.a
  STUBCPY drivers/firmware/efi/libstub/efi-stub-helper.stub.o
  LD [M]  drivers/platform/x86/intel/pmc/intel_pmc_core_pltdrv.o
  CC [M]  drivers/bluetooth/hci_bcm4377.o
  CC [M]  drivers/bluetooth/bpa10x.o
  CC [M]  drivers/net/wireguard/peer.o
  CC [M]  drivers/net/thunderbolt/trace.o
  CC [M]  drivers/thunderbolt/icm.o
  STUBCPY drivers/firmware/efi/libstub/file.stub.o
  STUBCPY drivers/firmware/efi/libstub/gop.stub.o
  CC [M]  drivers/thunderbolt/property.o
  STUBCPY drivers/firmware/efi/libstub/lib-cmdline.stub.o
  CC [M]  drivers/gpu/drm/drm_gem_ttm_helper.o
  STUBCPY drivers/firmware/efi/libstub/lib-ctype.stub.o
  STUBCPY drivers/firmware/efi/libstub/mem.stub.o
  CC [M]  drivers/gpu/drm/drm_fbdev_ttm.o
  LD [M]  drivers/platform/x86/intel/pmc/intel_pmc_ssram_telemetry.o
  STUBCPY drivers/firmware/efi/libstub/pci.stub.o
  LD [M]  drivers/platform/x86/intel/intel-vsec_tpmi.o
  LD [M]  drivers/platform/x86/intel/intel-rst.o
  STUBCPY drivers/firmware/efi/libstub/printk.stub.o
  STUBCPY drivers/firmware/efi/libstub/random.stub.o
  AR      drivers/platform/x86/built-in.a
  STUBCPY drivers/firmware/efi/libstub/randomalloc.stub.o
  CC [M]  drivers/net/vxlan/vxlan_mdb.o
  STUBCPY drivers/firmware/efi/libstub/secureboot.stub.o
  STUBCPY drivers/firmware/efi/libstub/skip_spaces.stub.o
  AR      drivers/platform/built-in.a
  STUBCPY drivers/firmware/efi/libstub/smbios.stub.o
  STUBCPY drivers/firmware/efi/libstub/tpm.stub.o
  CC [M]  drivers/net/wireguard/timers.o
  STUBCPY drivers/firmware/efi/libstub/vsprintf.stub.o
  STUBCPY drivers/firmware/efi/libstub/x86-5lvl.stub.o
  STUBCPY drivers/firmware/efi/libstub/x86-stub.stub.o
  AR      drivers/firmware/efi/libstub/lib.a
  CC [M]  drivers/net/usb/pegasus.o
  AR      drivers/firmware/built-in.a
  CC [M]  drivers/net/usb/rtl8150.o
  CC [M]  drivers/bluetooth/bfusb.o
  CC [M]  net/netfilter/ipset/ip_set_hash_netport.o
  CC [M]  drivers/net/bonding/bond_sysfs.o
  CC [M]  drivers/soundwire/intel_ace2x_debugfs.o
  CC [M]  drivers/hid/hid-microsoft.o
  CC [M]  drivers/gpu/drm/ttm/ttm_tt.o
  CC [M]  drivers/gpu/drm/ttm/ttm_bo.o
  CC [M]  drivers/gpu/drm/ttm/ttm_bo_util.o
  CC [M]  drivers/gpu/drm/ttm/ttm_bo_vm.o
  CC [M]  drivers/gpu/drm/ttm/ttm_module.o
  CC [M]  drivers/gpu/drm/ttm/ttm_execbuf_util.o
  CC [M]  drivers/gpu/drm/ttm/ttm_range_manager.o
  CC [M]  drivers/gpu/drm/ttm/ttm_resource.o
  CC [M]  drivers/net/bonding/bond_sysfs_slave.o
  CC [M]  drivers/soundwire/intel_auxdevice.o
  CC [M]  drivers/net/wireguard/queueing.o
  CC [M]  drivers/hid/hid-multitouch.o
  LD [M]  drivers/net/thunderbolt/thunderbolt_net.o
  CC [M]  drivers/hid/hid-nintendo.o
  CC [M]  drivers/net/bonding/bond_debugfs.o
  CC [M]  net/netfilter/ipset/ip_set_hash_netiface.o
  CC [M]  drivers/net/bonding/bond_netlink.o
  CC [M]  drivers/net/bonding/bond_options.o
  CC [M]  drivers/net/usb/r8152.o
  CC [M]  drivers/net/bonding/bond_procfs.o
  CC [M]  drivers/gpu/drm/ttm/ttm_pool.o
  CC [M]  drivers/bluetooth/btusb.o
  CC [M]  drivers/net/wireguard/send.o
  CC [M]  drivers/gpu/drm/i915/i915_config.o
  CC [M]  drivers/bluetooth/btintel.o
  CC [M]  drivers/thunderbolt/xdomain.o
  CC [M]  drivers/net/wireguard/receive.o
  CC [M]  drivers/gpu/drm/vboxvideo/hgsmi_base.o
  CC [M]  drivers/gpu/drm/ttm/ttm_device.o
  CC [M]  drivers/gpu/drm/i915/i915_driver.o
  CC [M]  drivers/bluetooth/btbcm.o
  CC [M]  net/netfilter/ipset/ip_set_hash_netnet.o
  CC [M]  drivers/soundwire/intel_init.o
  CC [M]  drivers/gpu/drm/vboxvideo/modesetting.o
  CC [M]  drivers/gpu/drm/vboxvideo/vbva_base.o
  CC [M]  drivers/gpu/drm/vboxvideo/vbox_drv.o
  CC [M]  drivers/gpu/drm/ttm/ttm_sys_manager.o
  CC [M]  drivers/gpu/drm/ttm/ttm_backup.o
  CC [M]  drivers/soundwire/dmi-quirks.o
  CC [M]  drivers/soundwire/intel_bus_common.o
  LD [M]  drivers/soundwire/soundwire-bus.o
  CC [M]  drivers/gpu/drm/i915/i915_drm_client.o
  CC [M]  drivers/hid/hid-pl.o
  AR      drivers/gpu/drm/built-in.a
  CC [M]  drivers/gpu/drm/vboxvideo/vbox_hgsmi.o
  CC [M]  drivers/thunderbolt/lc.o
  CC [M]  drivers/gpu/drm/i915/i915_edram.o
  CC [M]  drivers/thunderbolt/tmu.o
  CC [M]  drivers/thunderbolt/usb4.o
  CC [M]  drivers/thunderbolt/usb4_port.o
  CC [M]  drivers/thunderbolt/nvm.o
  CC [M]  drivers/net/wireguard/socket.o
  LD [M]  drivers/soundwire/soundwire-generic-allocation.o
  CC [M]  drivers/gpu/drm/vboxvideo/vbox_irq.o
  CC [M]  drivers/gpu/drm/vboxvideo/vbox_main.o
  LD [M]  drivers/gpu/drm/drm_vram_helper.o
  CC [M]  drivers/bluetooth/btrtl.o
  LD [M]  drivers/gpu/drm/ttm/ttm.o
  CC [M]  drivers/net/usb/hso.o
  LD [M]  drivers/net/bonding/bonding.o
  CC [M]  drivers/net/usb/lan78xx.o
  LD [M]  drivers/soundwire/soundwire-cadence.o
  LD [M]  drivers/soundwire/soundwire-intel.o
  CC [M]  net/netfilter/ipset/ip_set_hash_netportnet.o
  CC [M]  net/netfilter/ipset/ip_set_list_set.o
  CC [M]  drivers/gpu/drm/i915/i915_freq.o
  CC [M]  drivers/net/wireguard/peerlookup.o
  CC [M]  drivers/hid/hid-plantronics.o
  LD [M]  drivers/net/vxlan/vxlan.o
  CC [M]  drivers/hid/hid-playstation.o
  CC [M]  drivers/bluetooth/btqca.o
  CC [M]  drivers/bluetooth/btmtk.o
  LD [M]  drivers/gpu/drm/drm_ttm_helper.o
  CC [M]  drivers/hid/hid-sjoy.o
  CC [M]  drivers/hid/hid-sony.o
  CC [M]  drivers/hid/hid-steam.o
  CC [M]  drivers/gpu/drm/i915/i915_getparam.o
  CC [M]  drivers/net/wireguard/allowedips.o
  CC [M]  drivers/gpu/drm/vboxvideo/vbox_mode.o
  CC [M]  drivers/net/wireguard/ratelimiter.o
  CC [M]  drivers/net/wireguard/cookie.o
  CC [M]  drivers/thunderbolt/retimer.o
  CC [M]  drivers/bluetooth/virtio_bt.o
  CC [M]  drivers/bluetooth/hci_nokia.o
  CC [M]  drivers/gpu/drm/vboxvideo/vbox_ttm.o
  CC [M]  drivers/thunderbolt/quirks.o
  CC [M]  drivers/net/wireguard/netlink.o
  CC [M]  drivers/net/wireguard/generated/netlink.o
  CC [M]  drivers/hid/hid-gaff.o
  CC [M]  drivers/gpu/drm/i915/i915_gmch.o
  CC [M]  drivers/net/usb/asix_devices.o
  CC [M]  drivers/thunderbolt/clx.o
  CC [M]  drivers/gpu/drm/i915/i915_ioctl.o
  LD [M]  drivers/gpu/drm/vboxvideo/vboxvideo.o
  CC [M]  drivers/net/usb/asix_common.o
  CC [M]  drivers/thunderbolt/acpi.o
  CC [M]  drivers/net/usb/ax88172a.o
  CC [M]  drivers/gpu/drm/i915/i915_irq.o
  CC [M]  drivers/hid/hid-tmff.o
  CC [M]  drivers/net/usb/ax88179_178a.o
  CC [M]  drivers/hid/hid-thrustmaster.o
  CC [M]  drivers/gpu/drm/i915/i915_mitigations.o
  CC [M]  drivers/thunderbolt/debugfs.o
  CC [M]  drivers/net/usb/cdc_ether.o
  CC [M]  drivers/net/usb/cdc_eem.o
  CC [M]  drivers/net/usb/dm9601.o
  CC [M]  drivers/gpu/drm/i915/i915_mmio_range.o
  LD [M]  drivers/bluetooth/hci_uart.o
  CC [M]  drivers/gpu/drm/i915/i915_module.o
  CC [M]  drivers/gpu/drm/i915/i915_params.o
  CC [M]  drivers/gpu/drm/i915/i915_pci.o
  CC [M]  drivers/gpu/drm/i915/i915_scatterlist.o
  LD [M]  drivers/net/wireguard/wireguard.o
  CC [M]  drivers/gpu/drm/i915/i915_switcheroo.o
  CC [M]  drivers/gpu/drm/i915/i915_sysfs.o
  CC [M]  drivers/net/usb/sr9700.o
  CC [M]  drivers/hid/hid-u2fzero.o
  CC [M]  drivers/gpu/drm/i915/i915_timer_util.o
  CC [M]  drivers/net/usb/sr9800.o
  CC [M]  drivers/hid/hid-uclogic-core.o
  CC [M]  drivers/gpu/drm/i915/i915_utils.o
  LD [M]  drivers/thunderbolt/thunderbolt.o
  CC [M]  drivers/gpu/drm/i915/intel_clock_gating.o
  CC [M]  drivers/net/usb/smsc75xx.o
  CC [M]  drivers/net/usb/smsc95xx.o
  CC [M]  drivers/hid/hid-uclogic-rdesc.o
  CC [M]  drivers/hid/hid-uclogic-params.o
  CC [M]  drivers/net/usb/gl620a.o
  CC [M]  drivers/hid/hid-universal-pidff.o
  CC [M]  drivers/gpu/drm/i915/intel_cpu_info.o
  CC [M]  drivers/net/usb/net1080.o
  CC [M]  drivers/hid/hid-led.o
  CC [M]  drivers/gpu/drm/i915/intel_device_info.o
  CC [M]  drivers/net/usb/plusb.o
  CC [M]  drivers/net/usb/rndis_host.o
  CC [M]  drivers/hid/hid-zpff.o
  CC [M]  drivers/gpu/drm/i915/intel_memory_region.o
  CC [M]  drivers/net/usb/cdc_subset.o
  CC [M]  drivers/net/usb/zaurus.o
  CC [M]  drivers/gpu/drm/i915/intel_pcode.o
  CC [M]  drivers/net/usb/mcs7830.o
  LD [M]  net/netfilter/ipset/ip_set.o
  CC [M]  drivers/gpu/drm/i915/intel_region_ttm.o
  CC [M]  drivers/gpu/drm/i915/intel_runtime_pm.o
  CC [M]  drivers/net/usb/usbnet.o
  CC [M]  drivers/gpu/drm/i915/intel_step.o
  AR      net/built-in.a
  CC [M]  drivers/net/usb/int51x1.o
  CC [M]  drivers/gpu/drm/i915/intel_uncore.o
  CC [M]  drivers/net/usb/kalmia.o
  CC [M]  drivers/net/usb/ipheth.o
  CC [M]  drivers/net/usb/sierra_net.o
  CC [M]  drivers/gpu/drm/i915/intel_uncore_trace.o
  CC [M]  drivers/net/usb/cx82310_eth.o
  CC [M]  drivers/gpu/drm/i915/intel_wakeref.o
  CC [M]  drivers/gpu/drm/i915/vlv_iosf_sb.o
  CC [M]  drivers/net/usb/cdc_ncm.o
  CC [M]  drivers/net/usb/huawei_cdc_ncm.o
  CC [M]  drivers/net/usb/lg-vl600.o
  CC [M]  drivers/gpu/drm/i915/vlv_suspend.o
  CC [M]  drivers/hid/i2c-hid/i2c-hid-core.o
  AR      drivers/hid/built-in.a
  LD [M]  drivers/hid/hid-logitech.o
  CC [M]  drivers/hid/i2c-hid/i2c-hid-dmi-quirks.o
  CC [M]  drivers/hid/i2c-hid/i2c-hid-acpi.o
  LD [M]  drivers/hid/hid-uclogic.o
  CC [M]  drivers/net/usb/qmi_wwan.o
  CC [M]  drivers/gpu/drm/i915/i915_memcpy.o
  CC [M]  drivers/net/usb/cdc_mbim.o
  CC [M]  drivers/gpu/drm/i915/i915_mm.o
  CC [M]  drivers/net/usb/ch9200.o
  CC [M]  drivers/net/usb/aqc111.o
  CC [M]  drivers/net/usb/r8153_ecm.o
  CC [M]  drivers/gpu/drm/i915/i915_sw_fence.o
  CC [M]  drivers/gpu/drm/i915/i915_sw_fence_work.o
  CC [M]  drivers/gpu/drm/i915/i915_syncmap.o
  CC [M]  drivers/gpu/drm/i915/i915_user_extensions.o
  CC [M]  drivers/gpu/drm/i915/i915_ioc32.o
  CC [M]  drivers/gpu/drm/i915/i915_debugfs.o
  CC [M]  drivers/gpu/drm/i915/i915_debugfs_params.o
  CC [M]  drivers/gpu/drm/i915/i915_pmu.o
  CC [M]  drivers/gpu/drm/i915/i915_bo.o
  CC [M]  drivers/gpu/drm/i915/i915_display_pc8.o
  CC [M]  drivers/gpu/drm/i915/i915_dpt.o
  CC [M]  drivers/gpu/drm/i915/i915_dsb_buffer.o
  CC [M]  drivers/gpu/drm/i915/i915_hdcp_gsc.o
  CC [M]  drivers/gpu/drm/i915/i915_initial_plane.o
  CC [M]  drivers/gpu/drm/i915/i915_overlay.o
  CC [M]  drivers/gpu/drm/i915/i915_panic.o
  CC [M]  drivers/gpu/drm/i915/gt/gen2_engine_cs.o
  CC [M]  drivers/gpu/drm/i915/gt/gen6_engine_cs.o
  CC [M]  drivers/gpu/drm/i915/gt/gen6_ppgtt.o
  CC [M]  drivers/gpu/drm/i915/gt/gen7_renderclear.o
  CC [M]  drivers/gpu/drm/i915/gt/gen8_engine_cs.o
  LD [M]  drivers/hid/i2c-hid/i2c-hid.o
  CC [M]  drivers/gpu/drm/i915/gt/gen8_ppgtt.o
  LD [M]  drivers/net/usb/asix.o
  CC [M]  drivers/gpu/drm/i915/gt/intel_breadcrumbs.o
  CC [M]  drivers/gpu/drm/i915/gt/intel_context.o
  CC [M]  drivers/gpu/drm/i915/gt/intel_context_sseu.o
  CC [M]  drivers/gpu/drm/i915/gt/intel_engine_cs.o
  CC [M]  drivers/gpu/drm/i915/gt/intel_engine_heartbeat.o
  CC [M]  drivers/gpu/drm/i915/gt/intel_engine_pm.o
  CC [M]  drivers/gpu/drm/i915/gt/intel_engine_user.o
  CC [M]  drivers/gpu/drm/i915/gt/intel_execlists_submission.o
  CC [M]  drivers/gpu/drm/i915/gt/intel_ggtt.o
  CC [M]  drivers/gpu/drm/i915/gt/intel_ggtt_fencing.o
  CC [M]  drivers/gpu/drm/i915/gt/intel_gt.o
  CC [M]  drivers/gpu/drm/i915/gt/intel_gt_buffer_pool.o
  CC [M]  drivers/gpu/drm/i915/gt/intel_gt_ccs_mode.o
  CC [M]  drivers/gpu/drm/i915/gt/intel_gt_clock_utils.o
  CC [M]  drivers/gpu/drm/i915/gt/intel_gt_debugfs.o
  CC [M]  drivers/gpu/drm/i915/gt/intel_gt_engines_debugfs.o
  CC [M]  drivers/gpu/drm/i915/gt/intel_gt_irq.o
  CC [M]  drivers/gpu/drm/i915/gt/intel_gt_mcr.o
  CC [M]  drivers/gpu/drm/i915/gt/intel_gt_pm.o
  CC [M]  drivers/gpu/drm/i915/gt/intel_gt_pm_debugfs.o
  CC [M]  drivers/gpu/drm/i915/gt/intel_gt_pm_irq.o
  CC [M]  drivers/gpu/drm/i915/gt/intel_gt_requests.o
  CC [M]  drivers/gpu/drm/i915/gt/intel_gt_sysfs.o
  CC [M]  drivers/gpu/drm/i915/gt/intel_gt_sysfs_pm.o
  CC [M]  drivers/gpu/drm/i915/gt/intel_gtt.o
  CC [M]  drivers/gpu/drm/i915/gt/intel_llc.o
  CC [M]  drivers/gpu/drm/i915/gt/intel_lrc.o
  CC [M]  drivers/gpu/drm/i915/gt/intel_migrate.o
  CC [M]  drivers/gpu/drm/i915/gt/intel_mocs.o
  CC [M]  drivers/gpu/drm/i915/gt/intel_ppgtt.o
  CC [M]  drivers/gpu/drm/i915/gt/intel_rc6.o
  CC [M]  drivers/gpu/drm/i915/gt/intel_region_lmem.o
  CC [M]  drivers/gpu/drm/i915/gt/intel_renderstate.o
  CC [M]  drivers/gpu/drm/i915/gt/intel_reset.o
  CC [M]  drivers/gpu/drm/i915/gt/intel_ring.o
  CC [M]  drivers/gpu/drm/i915/gt/intel_ring_submission.o
  CC [M]  drivers/gpu/drm/i915/gt/intel_rps.o
  CC [M]  drivers/gpu/drm/i915/gt/intel_sa_media.o
  CC [M]  drivers/gpu/drm/i915/gt/intel_sseu.o
  CC [M]  drivers/gpu/drm/i915/gt/intel_sseu_debugfs.o
  CC [M]  drivers/gpu/drm/i915/gt/intel_timeline.o
  CC [M]  drivers/gpu/drm/i915/gt/intel_tlb.o
  CC [M]  drivers/gpu/drm/i915/gt/intel_wopcm.o
  CC [M]  drivers/gpu/drm/i915/gt/intel_workarounds.o
  CC [M]  drivers/gpu/drm/i915/gt/shmem_utils.o
  CC [M]  drivers/gpu/drm/i915/gt/sysfs_engines.o
  CC [M]  drivers/gpu/drm/i915/gt/intel_ggtt_gmch.o
  CC [M]  drivers/gpu/drm/i915/gt/gen6_renderstate.o
  CC [M]  drivers/gpu/drm/i915/gt/gen7_renderstate.o
  CC [M]  drivers/gpu/drm/i915/gt/gen8_renderstate.o
  CC [M]  drivers/gpu/drm/i915/gt/gen9_renderstate.o
  CC [M]  drivers/gpu/drm/i915/gem/i915_gem_busy.o
  CC [M]  drivers/gpu/drm/i915/gem/i915_gem_clflush.o
  CC [M]  drivers/gpu/drm/i915/gem/i915_gem_context.o
  CC [M]  drivers/gpu/drm/i915/gem/i915_gem_create.o
  CC [M]  drivers/gpu/drm/i915/gem/i915_gem_dmabuf.o
  CC [M]  drivers/gpu/drm/i915/gem/i915_gem_domain.o
  CC [M]  drivers/gpu/drm/i915/gem/i915_gem_execbuffer.o
  CC [M]  drivers/gpu/drm/i915/gem/i915_gem_internal.o
  CC [M]  drivers/gpu/drm/i915/gem/i915_gem_lmem.o
  CC [M]  drivers/gpu/drm/i915/gem/i915_gem_mman.o
  CC [M]  drivers/gpu/drm/i915/gem/i915_gem_object.o
  CC [M]  drivers/gpu/drm/i915/gem/i915_gem_object_frontbuffer.o
  CC [M]  drivers/gpu/drm/i915/gem/i915_gem_pages.o
  CC [M]  drivers/gpu/drm/i915/gem/i915_gem_phys.o
  CC [M]  drivers/gpu/drm/i915/gem/i915_gem_pm.o
  CC [M]  drivers/gpu/drm/i915/gem/i915_gem_region.o
  CC [M]  drivers/gpu/drm/i915/gem/i915_gem_shmem.o
  CC [M]  drivers/gpu/drm/i915/gem/i915_gem_shrinker.o
  CC [M]  drivers/gpu/drm/i915/gem/i915_gem_stolen.o
  CC [M]  drivers/gpu/drm/i915/gem/i915_gem_throttle.o
  CC [M]  drivers/gpu/drm/i915/gem/i915_gem_tiling.o
  CC [M]  drivers/gpu/drm/i915/gem/i915_gem_ttm.o
  CC [M]  drivers/gpu/drm/i915/gem/i915_gem_ttm_move.o
  CC [M]  drivers/gpu/drm/i915/gem/i915_gem_ttm_pm.o
  CC [M]  drivers/gpu/drm/i915/gem/i915_gem_userptr.o
  CC [M]  drivers/gpu/drm/i915/gem/i915_gem_wait.o
  CC [M]  drivers/gpu/drm/i915/i915_active.o
  CC [M]  drivers/gpu/drm/i915/i915_cmd_parser.o
  CC [M]  drivers/gpu/drm/i915/i915_deps.o
  CC [M]  drivers/gpu/drm/i915/i915_gem.o
  CC [M]  drivers/gpu/drm/i915/i915_gem_evict.o
  CC [M]  drivers/gpu/drm/i915/i915_gem_gtt.o
  CC [M]  drivers/gpu/drm/i915/i915_gem_ww.o
  CC [M]  drivers/gpu/drm/i915/i915_query.o
  CC [M]  drivers/gpu/drm/i915/i915_request.o
  CC [M]  drivers/gpu/drm/i915/i915_scheduler.o
  CC [M]  drivers/gpu/drm/i915/i915_trace_points.o
  CC [M]  drivers/gpu/drm/i915/i915_ttm_buddy_manager.o
  CC [M]  drivers/gpu/drm/i915/i915_vma.o
  CC [M]  drivers/gpu/drm/i915/i915_vma_resource.o
  CC [M]  drivers/gpu/drm/i915/gt/uc/intel_gsc_fw.o
  CC [M]  drivers/gpu/drm/i915/gt/uc/intel_gsc_proxy.o
  CC [M]  drivers/gpu/drm/i915/gt/uc/intel_gsc_uc.o
  CC [M]  drivers/gpu/drm/i915/gt/uc/intel_gsc_uc_debugfs.o
  CC [M]  drivers/gpu/drm/i915/gt/uc/intel_gsc_uc_heci_cmd_submit.o
  CC [M]  drivers/gpu/drm/i915/gt/uc/intel_guc.o
  CC [M]  drivers/gpu/drm/i915/gt/uc/intel_guc_ads.o
  CC [M]  drivers/gpu/drm/i915/gt/uc/intel_guc_capture.o
  CC [M]  drivers/gpu/drm/i915/gt/uc/intel_guc_ct.o
  CC [M]  drivers/gpu/drm/i915/gt/uc/intel_guc_debugfs.o
  CC [M]  drivers/gpu/drm/i915/gt/uc/intel_guc_fw.o
  CC [M]  drivers/gpu/drm/i915/gt/uc/intel_guc_log.o
  CC [M]  drivers/gpu/drm/i915/gt/uc/intel_guc_hwconfig.o
  CC [M]  drivers/gpu/drm/i915/gt/uc/intel_guc_log_debugfs.o
  CC [M]  drivers/gpu/drm/i915/gt/uc/intel_guc_rc.o
  CC [M]  drivers/gpu/drm/i915/gt/uc/intel_guc_slpc.o
  CC [M]  drivers/gpu/drm/i915/gt/uc/intel_guc_submission.o
  CC [M]  drivers/gpu/drm/i915/gt/uc/intel_huc.o
  CC [M]  drivers/gpu/drm/i915/gt/uc/intel_huc_debugfs.o
  CC [M]  drivers/gpu/drm/i915/gt/uc/intel_huc_fw.o
  CC [M]  drivers/gpu/drm/i915/gt/uc/intel_uc.o
  CC [M]  drivers/gpu/drm/i915/gt/uc/intel_uc_debugfs.o
  CC [M]  drivers/gpu/drm/i915/gt/uc/intel_uc_fw.o
  CC [M]  drivers/gpu/drm/i915/gt/intel_gsc.o
  CC [M]  drivers/gpu/drm/i915/i915_hwmon.o
  CC [M]  drivers/gpu/drm/i915/display/hsw_ips.o
  CC [M]  drivers/gpu/drm/i915/display/i9xx_display_sr.o
  CC [M]  drivers/gpu/drm/i915/display/i9xx_plane.o
  CC [M]  drivers/gpu/drm/i915/display/i9xx_wm.o
  CC [M]  drivers/gpu/drm/i915/display/intel_atomic.o
  CC [M]  drivers/gpu/drm/i915/display/intel_alpm.o
  CC [M]  drivers/gpu/drm/i915/display/intel_audio.o
  CC [M]  drivers/gpu/drm/i915/display/intel_bios.o
  CC [M]  drivers/gpu/drm/i915/display/intel_bo.o
  CC [M]  drivers/gpu/drm/i915/display/intel_bw.o
  CC [M]  drivers/gpu/drm/i915/display/intel_casf.o
  CC [M]  drivers/gpu/drm/i915/display/intel_cdclk.o
  CC [M]  drivers/gpu/drm/i915/display/intel_cmtg.o
  CC [M]  drivers/gpu/drm/i915/display/intel_color.o
  CC [M]  drivers/gpu/drm/i915/display/intel_colorop.o
  CC [M]  drivers/gpu/drm/i915/display/intel_color_pipeline.o
  CC [M]  drivers/gpu/drm/i915/display/intel_combo_phy.o
  CC [M]  drivers/gpu/drm/i915/display/intel_connector.o
  CC [M]  drivers/gpu/drm/i915/display/intel_crtc.o
  CC [M]  drivers/gpu/drm/i915/display/intel_crtc_state_dump.o
  CC [M]  drivers/gpu/drm/i915/display/intel_cursor.o
  CC [M]  drivers/gpu/drm/i915/display/intel_dbuf_bw.o
  CC [M]  drivers/gpu/drm/i915/display/intel_de.o
  CC [M]  drivers/gpu/drm/i915/display/intel_display.o
  CC [M]  drivers/gpu/drm/i915/display/intel_display_conversion.o
  CC [M]  drivers/gpu/drm/i915/display/intel_display_driver.o
  CC [M]  drivers/gpu/drm/i915/display/intel_display_irq.o
  CC [M]  drivers/gpu/drm/i915/display/intel_display_params.o
  CC [M]  drivers/gpu/drm/i915/display/intel_display_power.o
  CC [M]  drivers/gpu/drm/i915/display/intel_display_power_map.o
  CC [M]  drivers/gpu/drm/i915/display/intel_display_power_well.o
  CC [M]  drivers/gpu/drm/i915/display/intel_display_reset.o
  CC [M]  drivers/gpu/drm/i915/display/intel_display_rpm.o
  CC [M]  drivers/gpu/drm/i915/display/intel_display_rps.o
  CC [M]  drivers/gpu/drm/i915/display/intel_display_snapshot.o
  CC [M]  drivers/gpu/drm/i915/display/intel_display_utils.o
  CC [M]  drivers/gpu/drm/i915/display/intel_display_wa.o
  CC [M]  drivers/gpu/drm/i915/display/intel_dmc.o
  CC [M]  drivers/gpu/drm/i915/display/intel_dmc_wl.o
  CC [M]  drivers/gpu/drm/i915/display/intel_dpio_phy.o
  CC [M]  drivers/gpu/drm/i915/display/intel_dpll.o
  CC [M]  drivers/gpu/drm/i915/display/intel_dpll_mgr.o
  CC [M]  drivers/gpu/drm/i915/display/intel_dpt.o
  CC [M]  drivers/gpu/drm/i915/display/intel_dram.o
  CC [M]  drivers/gpu/drm/i915/display/intel_drrs.o
  CC [M]  drivers/gpu/drm/i915/display/intel_dsb.o
  CC [M]  drivers/gpu/drm/i915/display/intel_fb.o
  CC [M]  drivers/gpu/drm/i915/display/intel_fb_pin.o
  CC [M]  drivers/gpu/drm/i915/display/intel_fbc.o
  CC [M]  drivers/gpu/drm/i915/display/intel_fdi.o
  CC [M]  drivers/gpu/drm/i915/display/intel_fifo_underrun.o
  CC [M]  drivers/gpu/drm/i915/display/intel_flipq.o
  CC [M]  drivers/gpu/drm/i915/display/intel_frontbuffer.o
  CC [M]  drivers/gpu/drm/i915/display/intel_global_state.o
  CC [M]  drivers/gpu/drm/i915/display/intel_hdcp.o
  CC [M]  drivers/gpu/drm/i915/display/intel_hdcp_gsc_message.o
  CC [M]  drivers/gpu/drm/i915/display/intel_hotplug.o
  CC [M]  drivers/gpu/drm/i915/display/intel_hotplug_irq.o
  CC [M]  drivers/gpu/drm/i915/display/intel_hti.o
  CC [M]  drivers/gpu/drm/i915/display/intel_initial_plane.o
  CC [M]  drivers/gpu/drm/i915/display/intel_link_bw.o
  CC [M]  drivers/gpu/drm/i915/display/intel_load_detect.o
  CC [M]  drivers/gpu/drm/i915/display/intel_lpe_audio.o
  CC [M]  drivers/gpu/drm/i915/display/intel_modeset_lock.o
  CC [M]  drivers/gpu/drm/i915/display/intel_modeset_setup.o
  CC [M]  drivers/gpu/drm/i915/display/intel_modeset_verify.o
  CC [M]  drivers/gpu/drm/i915/display/intel_overlay.o
  CC [M]  drivers/gpu/drm/i915/display/intel_parent.o
  CC [M]  drivers/gpu/drm/i915/display/intel_pch.o
  CC [M]  drivers/gpu/drm/i915/display/intel_pch_display.o
  CC [M]  drivers/gpu/drm/i915/display/intel_pch_refclk.o
  CC [M]  drivers/gpu/drm/i915/display/intel_plane.o
  CC [M]  drivers/gpu/drm/i915/display/intel_pmdemand.o
  CC [M]  drivers/gpu/drm/i915/display/intel_psr.o
  CC [M]  drivers/gpu/drm/i915/display/intel_rom.o
  CC [M]  drivers/gpu/drm/i915/display/intel_quirks.o
  CC [M]  drivers/gpu/drm/i915/display/intel_sbi.o
  CC [M]  drivers/gpu/drm/i915/display/intel_sprite.o
  CC [M]  drivers/gpu/drm/i915/display/intel_sprite_uapi.o
  CC [M]  drivers/gpu/drm/i915/display/intel_tc.o
  CC [M]  drivers/gpu/drm/i915/display/intel_vblank.o
  CC [M]  drivers/gpu/drm/i915/display/intel_vga.o
  CC [M]  drivers/gpu/drm/i915/display/intel_wm.o
  CC [M]  drivers/gpu/drm/i915/display/skl_prefill.o
  CC [M]  drivers/gpu/drm/i915/display/skl_scaler.o
  CC [M]  drivers/gpu/drm/i915/display/skl_universal_plane.o
  CC [M]  drivers/gpu/drm/i915/display/skl_watermark.o
  CC [M]  drivers/gpu/drm/i915/display/vlv_clock.o
  CC [M]  drivers/gpu/drm/i915/display/vlv_sideband.o
  CC [M]  drivers/gpu/drm/i915/display/intel_acpi.o
  CC [M]  drivers/gpu/drm/i915/display/intel_opregion.o
  CC [M]  drivers/gpu/drm/i915/display/intel_fbdev.o
  CC [M]  drivers/gpu/drm/i915/display/intel_fbdev_fb.o
  CC [M]  drivers/gpu/drm/i915/display/intel_display_debugfs.o
  CC [M]  drivers/gpu/drm/i915/display/intel_display_debugfs_params.o
  CC [M]  drivers/gpu/drm/i915/display/intel_pipe_crc.o
  CC [M]  drivers/gpu/drm/i915/display/dvo_ch7017.o
  CC [M]  drivers/gpu/drm/i915/display/dvo_ch7xxx.o
  CC [M]  drivers/gpu/drm/i915/display/dvo_ivch.o
  CC [M]  drivers/gpu/drm/i915/display/dvo_ns2501.o
  CC [M]  drivers/gpu/drm/i915/display/dvo_sil164.o
  CC [M]  drivers/gpu/drm/i915/display/dvo_tfp410.o
  CC [M]  drivers/gpu/drm/i915/display/g4x_dp.o
  CC [M]  drivers/gpu/drm/i915/display/g4x_hdmi.o
  CC [M]  drivers/gpu/drm/i915/display/icl_dsi.o
  CC [M]  drivers/gpu/drm/i915/display/intel_backlight.o
  CC [M]  drivers/gpu/drm/i915/display/intel_crt.o
  CC [M]  drivers/gpu/drm/i915/display/intel_cx0_phy.o
  CC [M]  drivers/gpu/drm/i915/display/intel_ddi.o
  CC [M]  drivers/gpu/drm/i915/display/intel_display_device.o
  CC [M]  drivers/gpu/drm/i915/display/intel_ddi_buf_trans.o
  CC [M]  drivers/gpu/drm/i915/display/intel_display_trace.o
  CC [M]  drivers/gpu/drm/i915/display/intel_dkl_phy.o
  CC [M]  drivers/gpu/drm/i915/display/intel_dp.o
  CC [M]  drivers/gpu/drm/i915/display/intel_dp_aux.o
  CC [M]  drivers/gpu/drm/i915/display/intel_dp_aux_backlight.o
  CC [M]  drivers/gpu/drm/i915/display/intel_dp_hdcp.o
  CC [M]  drivers/gpu/drm/i915/display/intel_dp_link_training.o
  CC [M]  drivers/gpu/drm/i915/display/intel_dp_mst.o
  CC [M]  drivers/gpu/drm/i915/display/intel_dp_test.o
  CC [M]  drivers/gpu/drm/i915/display/intel_dsi.o
  CC [M]  drivers/gpu/drm/i915/display/intel_dsi_dcs_backlight.o
  CC [M]  drivers/gpu/drm/i915/display/intel_dsi_vbt.o
  CC [M]  drivers/gpu/drm/i915/display/intel_dvo.o
  CC [M]  drivers/gpu/drm/i915/display/intel_encoder.o
  CC [M]  drivers/gpu/drm/i915/display/intel_gmbus.o
  CC [M]  drivers/gpu/drm/i915/display/intel_hdmi.o
  CC [M]  drivers/gpu/drm/i915/display/intel_lspcon.o
  CC [M]  drivers/gpu/drm/i915/display/intel_lt_phy.o
  CC [M]  drivers/gpu/drm/i915/display/intel_lvds.o
  CC [M]  drivers/gpu/drm/i915/display/intel_panel.o
  CC [M]  drivers/gpu/drm/i915/display/intel_pfit.o
  CC [M]  drivers/gpu/drm/i915/display/intel_pps.o
  CC [M]  drivers/gpu/drm/i915/display/intel_qp_tables.o
  CC [M]  drivers/gpu/drm/i915/display/intel_sdvo.o
  CC [M]  drivers/gpu/drm/i915/display/intel_snps_hdmi_pll.o
  CC [M]  drivers/gpu/drm/i915/display/intel_snps_phy.o
  CC [M]  drivers/gpu/drm/i915/display/intel_tv.o
  CC [M]  drivers/gpu/drm/i915/display/intel_vdsc.o
  CC [M]  drivers/gpu/drm/i915/display/intel_vrr.o
  CC [M]  drivers/gpu/drm/i915/display/vlv_dsi.o
  CC [M]  drivers/gpu/drm/i915/display/vlv_dsi_pll.o
  CC [M]  drivers/gpu/drm/i915/display/intel_dp_tunnel.o
  CC [M]  drivers/gpu/drm/i915/i915_perf.o
  CC [M]  drivers/gpu/drm/i915/pxp/intel_pxp.o
  CC [M]  drivers/gpu/drm/i915/pxp/intel_pxp_huc.o
  CC [M]  drivers/gpu/drm/i915/pxp/intel_pxp_tee.o
  CC [M]  drivers/gpu/drm/i915/i915_gpu_error.o
  CC [M]  drivers/gpu/drm/i915/i915_vgpu.o
  LD [M]  drivers/gpu/drm/i915/i915.o
  AR      drivers/gpu/built-in.a
  AR      drivers/built-in.a
  AR      built-in.a
  AR      built-in-fixup.a
  COPY    vmlinux.a
  LD      vmlinux.o
  MODPOST Module.symvers
  CC      .vmlinux.export.o
  CC [M]  arch/x86/events/intel/intel-uncore.mod.o
  CC [M]  .module-common.o
  CC [M]  arch/x86/events/intel/intel-cstate.mod.o
  CC [M]  arch/x86/events/rapl.mod.o
  CC [M]  arch/x86/crypto/aesni-intel.mod.o
  CC [M]  fs/nls/nls_cp437.mod.o
  CC [M]  fs/nls/nls_cp850.mod.o
  CC [M]  fs/nls/nls_cp852.mod.o
  CC [M]  fs/nls/nls_cp855.mod.o
  CC [M]  fs/nls/nls_cp866.mod.o
  CC [M]  fs/nls/nls_iso8859-5.mod.o
  CC [M]  fs/nls/nls_koi8-r.mod.o
  CC [M]  fs/nls/nls_koi8-u.mod.o
  CC [M]  fs/nls/nls_koi8-ru.mod.o
  CC [M]  fs/nls/nls_utf8.mod.o
  CC [M]  fs/fuse/cuse.mod.o
  CC [M]  fs/pstore/ramoops.mod.o
  CC [M]  fs/pstore/pstore_zone.mod.o
  CC [M]  fs/pstore/pstore_blk.mod.o
  CC [M]  fs/mbcache.mod.o
  CC [M]  fs/ext4/ext4.mod.o
  CC [M]  fs/jbd2/jbd2.mod.o
  CC [M]  fs/squashfs/squashfs.mod.o
  CC [M]  fs/fat/fat.mod.o
  CC [M]  fs/fat/vfat.mod.o
  CC [M]  fs/exfat/exfat.mod.o
  CC [M]  fs/ntfs3/ntfs3.mod.o
  CC [M]  fs/overlayfs/overlay.mod.o
  CC [M]  crypto/aead.mod.o
  CC [M]  crypto/geniv.mod.o
  CC [M]  crypto/seqiv.mod.o
  CC [M]  crypto/echainiv.mod.o
  CC [M]  crypto/crypto_user.mod.o
  CC [M]  crypto/cmac.mod.o
  CC [M]  crypto/xcbc.mod.o
  CC [M]  crypto/crypto_null.mod.o
  CC [M]  crypto/gcm.mod.o
  CC [M]  crypto/ccm.mod.o
  CC [M]  crypto/chacha20poly1305.mod.o
  CC [M]  crypto/cryptd.mod.o
  CC [M]  crypto/chacha.mod.o
  CC [M]  crypto/deflate.mod.o
  CC [M]  crypto/crc32-cryptoapi.mod.o
  CC [M]  crypto/authenc.mod.o
  CC [M]  crypto/authencesn.mod.o
  CC [M]  crypto/rng.mod.o
  CC [M]  crypto/af_alg.mod.o
  CC [M]  crypto/algif_hash.mod.o
  CC [M]  crypto/algif_skcipher.mod.o
  CC [M]  crypto/algif_rng.mod.o
  CC [M]  crypto/algif_aead.mod.o
  CC [M]  crypto/essiv.mod.o
  CC [M]  lib/math/cordic.mod.o
  CC [M]  lib/math/polynomial.mod.o
  CC [M]  lib/crc/crc8.mod.o
  CC [M]  lib/crc/crc16.mod.o
  CC [M]  lib/crc/crc-ccitt.mod.o
  CC [M]  lib/crc/crc-itu-t.mod.o
  CC [M]  lib/crypto/libarc4.mod.o
  CC [M]  lib/crypto/gf128mul.mod.o
  CC [M]  lib/crypto/libcurve25519.mod.o
  CC [M]  lib/crypto/libgf128hash.mod.o
  CC [M]  lib/crypto/libmd5.mod.o
  CC [M]  lib/reed_solomon/reed_solomon.mod.o
  CC [M]  lib/lz4/lz4_decompress.mod.o
  CC [M]  lib/ts_kmp.mod.o
  CC [M]  lib/ts_bm.mod.o
  CC [M]  lib/ts_fsm.mod.o
  CC [M]  lib/asn1_decoder.mod.o
  CC [M]  drivers/pinctrl/cirrus/pinctrl-cs42l43.mod.o
  CC [M]  drivers/pinctrl/intel/pinctrl-lynxpoint.mod.o
  CC [M]  drivers/pinctrl/intel/pinctrl-intel-platform.mod.o
  CC [M]  drivers/pinctrl/intel/pinctrl-alderlake.mod.o
  CC [M]  drivers/pinctrl/intel/pinctrl-broxton.mod.o
  CC [M]  drivers/pinctrl/intel/pinctrl-cannonlake.mod.o
  CC [M]  drivers/pinctrl/intel/pinctrl-cedarfork.mod.o
  CC [M]  drivers/pinctrl/intel/pinctrl-denverton.mod.o
  CC [M]  drivers/pinctrl/intel/pinctrl-elkhartlake.mod.o
  CC [M]  drivers/pinctrl/intel/pinctrl-emmitsburg.mod.o
  CC [M]  drivers/pinctrl/intel/pinctrl-geminilake.mod.o
  CC [M]  drivers/pinctrl/intel/pinctrl-icelake.mod.o
  CC [M]  drivers/pinctrl/intel/pinctrl-jasperlake.mod.o
  CC [M]  drivers/pinctrl/intel/pinctrl-lakefield.mod.o
  CC [M]  drivers/pinctrl/intel/pinctrl-lewisburg.mod.o
  CC [M]  drivers/pinctrl/intel/pinctrl-meteorlake.mod.o
  CC [M]  drivers/pinctrl/intel/pinctrl-meteorpoint.mod.o
  CC [M]  drivers/pinctrl/intel/pinctrl-sunrisepoint.mod.o
  CC [M]  drivers/pinctrl/intel/pinctrl-tigerlake.mod.o
  CC [M]  drivers/pinctrl/pinctrl-cy8c95x0.mod.o
  CC [M]  drivers/pinctrl/pinctrl-mcp23s08_i2c.mod.o
  CC [M]  drivers/pinctrl/pinctrl-mcp23s08_spi.mod.o
  CC [M]  drivers/pinctrl/pinctrl-mcp23s08.mod.o
  CC [M]  drivers/pwm/pwm-lpss.mod.o
  CC [M]  drivers/pwm/pwm-lpss-pci.mod.o
  CC [M]  drivers/pwm/pwm-lpss-platform.mod.o
  CC [M]  drivers/leds/trigger/ledtrig-timer.mod.o
  CC [M]  drivers/leds/trigger/ledtrig-oneshot.mod.o
  CC [M]  drivers/leds/trigger/ledtrig-heartbeat.mod.o
  CC [M]  drivers/leds/trigger/ledtrig-backlight.mod.o
  CC [M]  drivers/leds/trigger/ledtrig-gpio.mod.o
  CC [M]  drivers/leds/trigger/ledtrig-activity.mod.o
  CC [M]  drivers/leds/trigger/ledtrig-default-on.mod.o
  CC [M]  drivers/leds/trigger/ledtrig-transient.mod.o
  CC [M]  drivers/leds/trigger/ledtrig-camera.mod.o
  CC [M]  drivers/leds/trigger/ledtrig-netdev.mod.o
  CC [M]  drivers/leds/trigger/ledtrig-pattern.mod.o
  CC [M]  drivers/leds/trigger/ledtrig-tty.mod.o
  CC [M]  drivers/leds/trigger/ledtrig-input-events.mod.o
  CC [M]  drivers/leds/led-class-flash.mod.o
  CC [M]  drivers/leds/led-class-multicolor.mod.o
  CC [M]  drivers/leds/uleds.mod.o
  CC [M]  drivers/pci/hotplug/cpcihp_zt5550.mod.o
  CC [M]  drivers/pci/hotplug/cpcihp_generic.mod.o
  CC [M]  drivers/pci/hotplug/acpiphp_ibm.mod.o
  CC [M]  drivers/pci/controller/vmd.mod.o
  CC [M]  drivers/char/ipmi/ssif_bmc.mod.o
  CC [M]  drivers/acpi/dptf/dptf_power.mod.o
  CC [M]  drivers/acpi/dptf/dptf_pch_fivr.mod.o
  CC [M]  drivers/acpi/video.mod.o
  CC [M]  drivers/acpi/acpi_tad.mod.o
  CC [M]  drivers/acpi/nfit/nfit.mod.o
  CC [M]  drivers/acpi/sbshc.mod.o
  CC [M]  drivers/acpi/sbs.mod.o
  CC [M]  drivers/acpi/ec_sys.mod.o
  CC [M]  drivers/acpi/pfr_update.mod.o
  CC [M]  drivers/acpi/acpi_pad.mod.o
  CC [M]  drivers/acpi/pfr_telemetry.mod.o
  CC [M]  drivers/acpi/acpi_extlog.mod.o
  CC [M]  drivers/acpi/acpi_configfs.mod.o
  CC [M]  drivers/dma/virt-dma.mod.o
  CC [M]  drivers/dma/hsu/hsu_dma.mod.o
  UPD     include/generated/utsversion.h
  CC [M]  drivers/dma/idma64.mod.o
  CC      init/version-timestamp.o
  CC [M]  drivers/dma/ioat/ioatdma.mod.o
  CC [M]  drivers/virtio/virtio.mod.o
  CC [M]  drivers/virtio/virtio_ring.mod.o
  CC [M]  drivers/regulator/fixed.mod.o
  CC [M]  drivers/regulator/virtual.mod.o
  CC [M]  drivers/regulator/userspace-consumer.mod.o
  CC [M]  drivers/regulator/gpio-regulator.mod.o
  CC [M]  drivers/tty/serial/8250/8250_dw.mod.o
  CC [M]  drivers/tty/serial/8250/8250_exar.mod.o
  CC [M]  drivers/tty/serial/8250/8250_lpss.mod.o
  CC [M]  drivers/tty/serial/8250/8250_mid.mod.o
  CC [M]  drivers/tty/serial/8250/8250_ni.mod.o
  CC [M]  drivers/tty/serial/8250/8250_pci1xxxx.mod.o
  CC [M]  drivers/tty/serial/8250/8250_pericom.mod.o
  CC [M]  drivers/tty/serial/arc_uart.mod.o
  CC [M]  drivers/tty/serial/jsm/jsm.mod.o
  CC [M]  drivers/tty/serial/max3100.mod.o
  CC [M]  drivers/tty/serial/max310x.mod.o
  CC [M]  drivers/tty/serial/rp2.mod.o
  CC [M]  drivers/tty/serial/sc16is7xx.mod.o
  CC [M]  drivers/tty/serial/sc16is7xx_spi.mod.o
  CC [M]  drivers/tty/serial/sc16is7xx_i2c.mod.o
  CC [M]  drivers/tty/serial/uartlite.mod.o
  CC [M]  drivers/tty/n_hdlc.mod.o
  CC [M]  drivers/char/hw_random/intel-rng.mod.o
  CC [M]  drivers/char/agp/intel-gtt.mod.o
  CC [M]  drivers/char/hangcheck-timer.mod.o
  KSYMS   .tmp_vmlinux0.kallsyms.S
  AS      .tmp_vmlinux0.kallsyms.o
  LD      .tmp_vmlinux1
  CC [M]  drivers/iommu/iommufd/iommufd.mod.o
  CC [M]  drivers/base/regmap/regmap-i2c.mod.o
  CC [M]  drivers/base/regmap/regmap-spi.mod.o
  CC [M]  drivers/base/regmap/regmap-sdw.mod.o
  CC [M]  drivers/base/regmap/regmap-sdw-mbq.mod.o
  CC [M]  drivers/block/brd.mod.o
  CC [M]  drivers/block/loop.mod.o
  CC [M]  drivers/block/nbd.mod.o
  CC [M]  drivers/block/mtip32xx/mtip32xx.mod.o
  CC [M]  drivers/block/zram/zram.mod.o
  CC [M]  drivers/block/null_blk/null_blk.mod.o
  CC [M]  drivers/misc/eeprom/eeprom_93cx6.mod.o
  CC [M]  drivers/block/ublk_drv.mod.o
  CC [M]  drivers/misc/cardreader/rtsx_pci.mod.o
  CC [M]  drivers/misc/cardreader/rtsx_usb.mod.o
  CC [M]  drivers/misc/mei/mei.mod.o
  CC [M]  drivers/misc/mei/mei-me.mod.o
  CC [M]  drivers/misc/mei/hdcp/mei_hdcp.mod.o
  CC [M]  drivers/misc/ntsync.mod.o
  CC [M]  drivers/mfd/cs42l43.mod.o
  CC [M]  drivers/mfd/cs42l43-sdw.mod.o
  CC [M]  drivers/mfd/mfd-core.mod.o
  CC [M]  drivers/mfd/ocelot-soc.mod.o
  CC [M]  drivers/mfd/lpc_sch.mod.o
  CC [M]  drivers/mfd/lpc_ich.mod.o
  CC [M]  drivers/mfd/rdc321x-southbridge.mod.o
  CC [M]  drivers/mfd/vx855.mod.o
  CC [M]  drivers/scsi/raid_class.mod.o
  CC [M]  drivers/scsi/sg.mod.o
  CC [M]  drivers/scsi/vhba/vhba.mod.o
  CC [M]  drivers/ata/ahci_platform.mod.o
  CC [M]  drivers/ata/libahci_platform.mod.o
  CC [M]  drivers/gpu/drm/display/drm_display_helper.mod.o
  CC [M]  drivers/gpu/drm/bridge/analogix/analogix-anx78xx.mod.o
  CC [M]  drivers/gpu/drm/bridge/analogix/analogix_dp.mod.o
  CC [M]  drivers/gpu/drm/drm_buddy.mod.o
  CC [M]  drivers/gpu/drm/drm_vram_helper.mod.o
  CC [M]  drivers/gpu/drm/drm_ttm_helper.mod.o
  CC [M]  drivers/gpu/drm/ttm/ttm.mod.o
  CC [M]  drivers/gpu/drm/i915/i915.mod.o
  CC [M]  drivers/gpu/drm/vboxvideo/vboxvideo.mod.o
  CC [M]  drivers/spi/spi-mux.mod.o
  CC [M]  drivers/spi/spidev.mod.o
  CC [M]  drivers/spi/spi-loopback-test.mod.o
  CC [M]  drivers/spi/spi-axi-spi-engine.mod.o
  CC [M]  drivers/spi/spi-bitbang.mod.o
  CC [M]  drivers/spi/spi-cadence.mod.o
  CC [M]  drivers/spi/spi-ch341.mod.o
  CC [M]  drivers/spi/spi-cs42l43.mod.o
  CC [M]  drivers/spi/spi-dw.mod.o
  CC [M]  drivers/spi/spi-dw-mmio.mod.o
  CC [M]  drivers/spi/spi-dw-pci.mod.o
  CC [M]  drivers/spi/spi-gpio.mod.o
  CC [M]  drivers/spi/spi-intel.mod.o
  CC [M]  drivers/spi/spi-intel-platform.mod.o
  CC [M]  drivers/spi/spi-intel-pci.mod.o
  CC [M]  drivers/spi/spi-mxic.mod.o
  CC [M]  drivers/spi/spi-oc-tiny.mod.o
  CC [M]  drivers/spi/spi-pci1xxxx.mod.o
  CC [M]  drivers/spi/spi-pxa2xx-core.mod.o
  CC [M]  drivers/spi/spi-pxa2xx-platform.mod.o
  CC [M]  drivers/spi/spi-pxa2xx-pci.mod.o
  CC [M]  drivers/spi/spi-sc18is602.mod.o
  CC [M]  drivers/spi/spi-tle62x0.mod.o
  CC [M]  drivers/spi/spi-virtio.mod.o
  CC [M]  drivers/spi/spi-xcomm.mod.o
  CC [M]  drivers/spi/spi-slave-time.mod.o
  CC [M]  drivers/spi/spi-slave-system-control.mod.o
  CC [M]  drivers/spi/spi-offload-trigger-pwm.mod.o
  CC [M]  drivers/spi/spi-offload-trigger-adi-util-sigma-delta.mod.o
  CC [M]  drivers/net/phy/mdio_bus.mod.o
  CC [M]  drivers/net/phy/phylink.mod.o
  CC [M]  drivers/net/phy/libphy.mod.o
  CC [M]  drivers/net/phy/mdio_devres.mod.o
  CC [M]  drivers/net/phy/phy_package.mod.o
  CC [M]  drivers/net/phy/sfp.mod.o
  CC [M]  drivers/net/phy/aquantia/aquantia.mod.o
  CC [M]  drivers/net/phy/ax88796b.mod.o
  CC [M]  drivers/net/phy/dp83640.mod.o
  CC [M]  drivers/net/phy/fixed_phy.mod.o
  CC [M]  drivers/net/phy/mxl-gpy.mod.o
  CC [M]  drivers/net/phy/microchip.mod.o
  CC [M]  drivers/net/phy/realtek/realtek.mod.o
  CC [M]  drivers/net/phy/smsc.mod.o
  CC [M]  drivers/net/phy/ste10Xp.mod.o
  CC [M]  drivers/net/pse-pd/pse_regulator.mod.o
  CC [M]  drivers/net/pse-pd/pd692x0.mod.o
  CC [M]  drivers/net/pse-pd/si3474.mod.o
  CC [M]  drivers/net/pse-pd/tps23881.mod.o
  CC [M]  drivers/net/mdio/acpi_mdio.mod.o
  CC [M]  drivers/net/mdio/fwnode_mdio.mod.o
  CC [M]  drivers/net/mdio/mdio-bitbang.mod.o
  CC [M]  drivers/net/mdio/mdio-cavium.mod.o
  CC [M]  drivers/net/mdio/mdio-gpio.mod.o
  CC [M]  drivers/net/mdio/mdio-i2c.mod.o
  CC [M]  drivers/net/mdio/mdio-mscc-miim.mod.o
  CC [M]  drivers/net/mdio/mdio-mvusb.mod.o
  CC [M]  drivers/net/mdio/mdio-thunder.mod.o
  CC [M]  drivers/net/ethernet/realtek/8139cp.mod.o
  CC [M]  drivers/net/pcs/pcs_xpcs.mod.o
  CC [M]  drivers/net/ethernet/realtek/8139too.mod.o
  CC [M]  drivers/net/ethernet/realtek/r8169.mod.o
  CC [M]  drivers/net/ethernet/realtek/rtase/rtase.mod.o
  CC [M]  drivers/net/ethernet/ec_bhf.mod.o
  CC [M]  drivers/net/ethernet/jme.mod.o
  CC [M]  drivers/net/ethernet/fealnx.mod.o
  CC [M]  drivers/net/ethernet/ethoc.mod.o
  CC [M]  drivers/net/wireless/ath/carl9170/carl9170.mod.o
  CC [M]  drivers/net/wireless/ath/ar5523/ar5523.mod.o
  CC [M]  drivers/net/wireless/ath/ath.mod.o
  CC [M]  drivers/net/wireless/ralink/rt2x00/rt2x00lib.mod.o
  CC [M]  drivers/net/wireless/ralink/rt2x00/rt2x00usb.mod.o
  CC [M]  drivers/net/wireless/ralink/rt2x00/rt2800lib.mod.o
  CC [M]  drivers/net/wireless/ralink/rt2x00/rt2500usb.mod.o
  CC [M]  drivers/net/wireless/ralink/rt2x00/rt73usb.mod.o
  CC [M]  drivers/net/wireless/ralink/rt2x00/rt2800usb.mod.o
  CC [M]  drivers/net/wireless/realtek/rtl818x/rtl8187/rtl8187.mod.o
  CC [M]  drivers/net/wireless/realtek/rtl8xxxu/rtl8xxxu.mod.o
  CC [M]  drivers/net/wireless/realtek/rtw89/rtw89_core.mod.o
  CC [M]  drivers/net/wireless/realtek/rtw89/rtw89_8852b_common.mod.o
  CC [M]  drivers/net/wireless/realtek/rtw89/rtw89_8852b.mod.o
  CC [M]  drivers/net/wireless/realtek/rtw89/rtw89_8852be.mod.o
  CC [M]  drivers/net/wireless/realtek/rtw89/rtw89_8852bu.mod.o
  CC [M]  drivers/net/wireless/realtek/rtw89/rtw89_pci.mod.o
  CC [M]  drivers/net/wireless/realtek/rtw89/rtw89_usb.mod.o
  CC [M]  drivers/net/wireless/virtual/mac80211_hwsim.mod.o
  CC [M]  drivers/net/wireless/virtual/virt_wifi.mod.o
  CC [M]  drivers/net/bonding/bonding.mod.o
  CC [M]  drivers/net/ipvlan/ipvlan.mod.o
  CC [M]  drivers/net/ipvlan/ipvtap.mod.o
  CC [M]  drivers/net/dummy.mod.o
  CC [M]  drivers/net/wireguard/wireguard.mod.o
  CC [M]  drivers/net/ifb.mod.o
  CC [M]  drivers/net/macsec.mod.o
  CC [M]  drivers/net/macvlan.mod.o
  CC [M]  drivers/net/macvtap.mod.o
  CC [M]  drivers/net/mii.mod.o
  CC [M]  drivers/net/netconsole.mod.o
  CC [M]  drivers/net/tun.mod.o
  CC [M]  drivers/net/tap.mod.o
  CC [M]  drivers/net/veth.mod.o
  CC [M]  drivers/net/vxlan/vxlan.mod.o
  CC [M]  drivers/net/geneve.mod.o
  CC [M]  drivers/net/vrf.mod.o
  CC [M]  drivers/net/usb/catc.mod.o
  CC [M]  drivers/net/usb/kaweth.mod.o
  CC [M]  drivers/net/usb/pegasus.mod.o
  CC [M]  drivers/net/usb/rtl8150.mod.o
  CC [M]  drivers/net/usb/r8152.mod.o
  CC [M]  drivers/net/usb/lan78xx.mod.o
  CC [M]  drivers/net/usb/hso.mod.o
  CC [M]  drivers/net/usb/asix.mod.o
  CC [M]  drivers/net/usb/cdc_ether.mod.o
  CC [M]  drivers/net/usb/ax88179_178a.mod.o
  CC [M]  drivers/net/usb/cdc_eem.mod.o
  CC [M]  drivers/net/usb/dm9601.mod.o
  CC [M]  drivers/net/usb/sr9700.mod.o
  CC [M]  drivers/net/usb/sr9800.mod.o
  CC [M]  drivers/net/usb/smsc75xx.mod.o
  CC [M]  drivers/net/usb/smsc95xx.mod.o
  CC [M]  drivers/net/usb/gl620a.mod.o
  CC [M]  drivers/net/usb/net1080.mod.o
  CC [M]  drivers/net/usb/plusb.mod.o
  CC [M]  drivers/net/usb/rndis_host.mod.o
  CC [M]  drivers/net/usb/cdc_subset.mod.o
  CC [M]  drivers/net/usb/zaurus.mod.o
  CC [M]  drivers/net/usb/mcs7830.mod.o
  CC [M]  drivers/net/usb/usbnet.mod.o
  CC [M]  drivers/net/usb/int51x1.mod.o
  CC [M]  drivers/net/usb/kalmia.mod.o
  CC [M]  drivers/net/usb/ipheth.mod.o
  CC [M]  drivers/net/usb/sierra_net.mod.o
  CC [M]  drivers/net/usb/cx82310_eth.mod.o
  CC [M]  drivers/net/usb/cdc_ncm.mod.o
  CC [M]  drivers/net/usb/huawei_cdc_ncm.mod.o
  CC [M]  drivers/net/usb/lg-vl600.mod.o
  CC [M]  drivers/net/usb/qmi_wwan.mod.o
  CC [M]  drivers/net/usb/cdc_mbim.mod.o
  CC [M]  drivers/net/usb/ch9200.mod.o
  CC [M]  drivers/net/usb/aqc111.mod.o
  CC [M]  drivers/net/usb/r8153_ecm.mod.o
  CC [M]  drivers/net/thunderbolt/thunderbolt_net.mod.o
  CC [M]  drivers/net/net_failover.mod.o
  CC [M]  drivers/usb/common/ulpi.mod.o
  CC [M]  drivers/usb/core/ledtrig-usbport.mod.o
  CC [M]  drivers/usb/phy/phy-generic.mod.o
  CC [M]  drivers/usb/phy/phy-gpio-vbus-usb.mod.o
  CC [M]  drivers/usb/phy/phy-isp1301.mod.o
  CC [M]  drivers/usb/host/xhci-pci-renesas.mod.o
  CC [M]  drivers/usb/host/xhci-plat-hcd.mod.o
  CC [M]  drivers/usb/storage/uas.mod.o
  CC [M]  drivers/usb/storage/usb-storage.mod.o
  CC [M]  drivers/usb/storage/ums-realtek.mod.o
  CC [M]  drivers/usb/serial/ch341.mod.o
  CC [M]  drivers/usb/serial/cp210x.mod.o
  CC [M]  drivers/usb/serial/ftdi_sio.mod.o
  CC [M]  drivers/usb/serial/pl2303.mod.o
  CC [M]  drivers/usb/serial/usb-serial-simple.mod.o
  CC [M]  drivers/usb/misc/ezusb.mod.o
  CC [M]  drivers/usb/mon/usbmon.mod.o
  CC [M]  drivers/usb/class/cdc-acm.mod.o
  CC [M]  drivers/usb/class/usblp.mod.o
  CC [M]  drivers/usb/class/cdc-wdm.mod.o
  CC [M]  drivers/usb/typec/typec.mod.o
  CC [M]  drivers/usb/typec/altmodes/typec_displayport.mod.o
  CC [M]  drivers/usb/typec/altmodes/typec_nvidia.mod.o
  CC [M]  drivers/usb/typec/altmodes/typec_thunderbolt.mod.o
  CC [M]  drivers/usb/typec/ucsi/typec_ucsi.mod.o
  CC [M]  drivers/usb/typec/ucsi/ucsi_acpi.mod.o
  CC [M]  drivers/usb/typec/ucsi/ucsi_ccg.mod.o
  CC [M]  drivers/usb/typec/ucsi/ucsi_stm32g0.mod.o
  CC [M]  drivers/usb/roles/roles.mod.o
  CC [M]  drivers/usb/roles/intel-xhci-usb-role-switch.mod.o
  CC [M]  drivers/input/serio/serport.mod.o
  CC [M]  drivers/input/serio/pcips2.mod.o
  CC [M]  drivers/input/serio/ps2mult.mod.o
  CC [M]  drivers/input/serio/serio_raw.mod.o
  CC [M]  drivers/input/serio/ps2-gpio.mod.o
  CC [M]  drivers/input/serio/userio.mod.o
  CC [M]  drivers/input/keyboard/adp5588-keys.mod.o
  CC [M]  drivers/input/keyboard/cypress-sf.mod.o
  CC [M]  drivers/input/keyboard/dlink-dir685-touchkeys.mod.o
  CC [M]  drivers/input/keyboard/gpio_keys.mod.o
  CC [M]  drivers/input/keyboard/gpio_keys_polled.mod.o
  CC [M]  drivers/input/keyboard/tca8418_keypad.mod.o
  CC [M]  drivers/input/keyboard/lkkbd.mod.o
  CC [M]  drivers/input/keyboard/lm8323.mod.o
  CC [M]  drivers/input/keyboard/lm8333.mod.o
  CC [M]  drivers/input/keyboard/matrix_keypad.mod.o
  CC [M]  drivers/input/keyboard/max7359_keypad.mod.o
  CC [M]  drivers/input/keyboard/mpr121_touchkey.mod.o
  CC [M]  drivers/input/keyboard/newtonkbd.mod.o
  CC [M]  drivers/input/keyboard/opencores-kbd.mod.o
  CC [M]  drivers/input/keyboard/pinephone-keyboard.mod.o
  CC [M]  drivers/input/keyboard/qt1050.mod.o
  CC [M]  drivers/input/keyboard/qt1070.mod.o
  CC [M]  drivers/input/keyboard/qt2160.mod.o
  CC [M]  drivers/input/keyboard/stowaway.mod.o
  CC [M]  drivers/input/keyboard/sunkbd.mod.o
  CC [M]  drivers/input/keyboard/tm2-touchkey.mod.o
  CC [M]  drivers/input/keyboard/xtkbd.mod.o
  CC [M]  drivers/input/mouse/cyapatp.mod.o
  CC [M]  drivers/input/mouse/elan_i2c.mod.o
  CC [M]  drivers/input/mouse/gpio_mouse.mod.o
  CC [M]  drivers/input/mouse/psmouse.mod.o
  CC [M]  drivers/input/mouse/sermouse.mod.o
  CC [M]  drivers/input/mouse/synaptics_i2c.mod.o
  CC [M]  drivers/input/mouse/synaptics_usb.mod.o
  CC [M]  drivers/input/mouse/vsxxxaa.mod.o
  CC [M]  drivers/input/joystick/xpad.mod.o
  CC [M]  drivers/input/tablet/acecad.mod.o
  CC [M]  drivers/input/tablet/aiptek.mod.o
  CC [M]  drivers/input/tablet/hanwang.mod.o
  CC [M]  drivers/input/tablet/kbtab.mod.o
  CC [M]  drivers/input/tablet/pegasus_notetaker.mod.o
  CC [M]  drivers/input/tablet/wacom_serial4.mod.o
  CC [M]  drivers/input/misc/ad714x.mod.o
  CC [M]  drivers/input/misc/ad714x-i2c.mod.o
  CC [M]  drivers/input/misc/ad714x-spi.mod.o
  CC [M]  drivers/input/misc/adxl34x.mod.o
  CC [M]  drivers/input/misc/adxl34x-i2c.mod.o
  CC [M]  drivers/input/misc/adxl34x-spi.mod.o
  CC [M]  drivers/input/misc/apanel.mod.o
  CC [M]  drivers/input/misc/atlas_btns.mod.o
  CC [M]  drivers/input/misc/aw86927.mod.o
  CC [M]  drivers/input/misc/bma150.mod.o
  CC [M]  drivers/input/misc/cm109.mod.o
  CC [M]  drivers/input/misc/cma3000_d0x.mod.o
  CC [M]  drivers/input/misc/cma3000_d0x_i2c.mod.o
  CC [M]  drivers/input/misc/da7280.mod.o
  CC [M]  drivers/input/misc/e3x0-button.mod.o
  CC [M]  drivers/input/misc/drv260x.mod.o
  CC [M]  drivers/input/misc/drv2665.mod.o
  CC [M]  drivers/input/misc/drv2667.mod.o
  CC [M]  drivers/input/misc/gpio-beeper.mod.o
  CC [M]  drivers/input/misc/gpio_decoder.mod.o
  CC [M]  drivers/input/misc/gpio-vibra.mod.o
  CC [M]  drivers/input/misc/ibm-panel.mod.o
  CC [M]  drivers/input/misc/ims-pcu.mod.o
  CC [M]  drivers/input/misc/iqs269a.mod.o
  CC [M]  drivers/input/misc/iqs626a.mod.o
  CC [M]  drivers/input/misc/iqs7222.mod.o
  CC [M]  drivers/input/misc/keyspan_remote.mod.o
  CC [M]  drivers/input/misc/kxtj9.mod.o
  CC [M]  drivers/input/misc/mma8450.mod.o
  CC [M]  drivers/input/misc/pcf8574_keypad.mod.o
  CC [M]  drivers/input/misc/pcspkr.mod.o
  CC [M]  drivers/input/misc/powermate.mod.o
  CC [M]  drivers/input/misc/pwm-beeper.mod.o
  CC [M]  drivers/input/misc/pwm-vibra.mod.o
  CC [M]  drivers/input/misc/regulator-haptic.mod.o
  CC [M]  drivers/input/misc/rotary_encoder.mod.o
  CC [M]  drivers/input/misc/soc_button_array.mod.o
  CC [M]  drivers/input/misc/uinput.mod.o
  CC [M]  drivers/input/misc/yealink.mod.o
  CC [M]  drivers/input/misc/ideapad_slidebar.mod.o
  CC [M]  drivers/input/ff-memless.mod.o
  CC [M]  drivers/input/sparse-keymap.mod.o
  CC [M]  drivers/input/matrix-keymap.mod.o
  CC [M]  drivers/input/mousedev.mod.o
  CC [M]  drivers/input/joydev.mod.o
  CC [M]  drivers/input/rmi4/rmi_core.mod.o
  CC [M]  drivers/input/rmi4/rmi_i2c.mod.o
  CC [M]  drivers/input/rmi4/rmi_spi.mod.o
  CC [M]  drivers/input/rmi4/rmi_smbus.mod.o
  CC [M]  drivers/i2c/algos/i2c-algo-pca.mod.o
  CC [M]  drivers/i2c/algos/i2c-algo-bit.mod.o
  CC [M]  drivers/i2c/busses/i2c-scmi.mod.o
  CC [M]  drivers/i2c/busses/i2c-ali1535.mod.o
  CC [M]  drivers/i2c/busses/i2c-ali1563.mod.o
  CC [M]  drivers/i2c/busses/i2c-ali15x3.mod.o
  CC [M]  drivers/i2c/busses/i2c-i801.mod.o
  CC [M]  drivers/i2c/busses/i2c-isch.mod.o
  CC [M]  drivers/i2c/busses/i2c-ismt.mod.o
  CC [M]  drivers/i2c/busses/i2c-nforce2.mod.o
  CC [M]  drivers/i2c/busses/i2c-nvidia-gpu.mod.o
  CC [M]  drivers/i2c/busses/i2c-piix4.mod.o
  CC [M]  drivers/i2c/busses/i2c-sis5595.mod.o
  CC [M]  drivers/i2c/busses/i2c-sis630.mod.o
  CC [M]  drivers/i2c/busses/i2c-sis96x.mod.o
  CC [M]  drivers/i2c/busses/i2c-via.mod.o
  CC [M]  drivers/i2c/busses/i2c-viapro.mod.o
  CC [M]  drivers/i2c/busses/i2c-viai2c-zhaoxin.mod.o
  CC [M]  drivers/i2c/busses/i2c-viai2c-common.mod.o
  CC [M]  drivers/i2c/busses/i2c-cbus-gpio.mod.o
  CC [M]  drivers/i2c/busses/i2c-emev2.mod.o
  CC [M]  drivers/i2c/busses/i2c-gpio.mod.o
  CC [M]  drivers/i2c/busses/i2c-ocores.mod.o
  CC [M]  drivers/i2c/busses/i2c-pca-platform.mod.o
  CC [M]  drivers/i2c/busses/i2c-simtec.mod.o
  CC [M]  drivers/i2c/busses/i2c-diolan-u2c.mod.o
  CC [M]  drivers/i2c/busses/i2c-cp2615.mod.o
  CC [M]  drivers/i2c/busses/i2c-mchp-pci1xxxx.mod.o
  CC [M]  drivers/i2c/busses/i2c-robotfuzz-osif.mod.o
  CC [M]  drivers/i2c/busses/i2c-taos-evm.mod.o
  CC [M]  drivers/i2c/busses/i2c-tiny-usb.mod.o
  CC [M]  drivers/i2c/busses/i2c-mlxcpld.mod.o
  CC [M]  drivers/i2c/busses/i2c-virtio.mod.o
  CC [M]  drivers/i2c/muxes/i2c-mux-gpio.mod.o
  CC [M]  drivers/i2c/muxes/i2c-mux-ltc4306.mod.o
  CC [M]  drivers/i2c/muxes/i2c-mux-mlxcpld.mod.o
  CC [M]  drivers/i2c/muxes/i2c-mux-pca9541.mod.o
  CC [M]  drivers/i2c/muxes/i2c-mux-pca954x.mod.o
  CC [M]  drivers/i2c/muxes/i2c-mux-reg.mod.o
  CC [M]  drivers/i2c/i2c-smbus.mod.o
  CC [M]  drivers/i2c/i2c-dev.mod.o
  CC [M]  drivers/i2c/i2c-mux.mod.o
  CC [M]  drivers/i2c/i2c-stub.mod.o
  CC [M]  drivers/i2c/i2c-slave-eeprom.mod.o
  CC [M]  drivers/i2c/i2c-slave-testunit.mod.o
  CC [M]  drivers/media/common/videobuf2/videobuf2-common.mod.o
  CC [M]  drivers/media/common/videobuf2/videobuf2-v4l2.mod.o
  CC [M]  drivers/media/common/videobuf2/videobuf2-memops.mod.o
  CC [M]  drivers/media/common/videobuf2/videobuf2-vmalloc.mod.o
  CC [M]  drivers/media/common/uvc.mod.o
  CC [M]  drivers/media/usb/s2255/s2255drv.mod.o
  CC [M]  drivers/media/usb/uvc/uvcvideo.mod.o
  CC [M]  drivers/media/mc/mc.mod.o
  CC [M]  drivers/media/v4l2-core/v4l2-async.mod.o
  CC [M]  drivers/media/v4l2-core/v4l2-flash-led-class.mod.o
  CC [M]  drivers/media/v4l2-core/v4l2loopback.mod.o
  CC [M]  drivers/media/v4l2-core/v4l2-dv-timings.mod.o
  CC [M]  drivers/media/v4l2-core/videodev.mod.o
  CC [M]  drivers/media/cec/core/cec.mod.o
  CC [M]  drivers/ptp/ptp.mod.o
  CC [M]  drivers/ptp/ptp_ines.mod.o
  CC [M]  drivers/ptp/ptp_vmclock.mod.o
  CC [M]  drivers/ptp/ptp_clockmatrix.mod.o
  CC [M]  drivers/ptp/ptp_fc3.mod.o
  CC [M]  drivers/ptp/ptp_idt82p33.mod.o
  CC [M]  drivers/ptp/ptp_mock.mod.o
  CC [M]  drivers/ptp/ptp_netc.mod.o
  CC [M]  drivers/power/supply/stc3117_fuel_gauge.mod.o
  CC [M]  drivers/power/supply/mm8013.mod.o
  CC [M]  drivers/hwmon/coretemp.mod.o
  CC [M]  drivers/hwmon/drivetemp.mod.o
  CC [M]  drivers/hwmon/max31827.mod.o
  CC [M]  drivers/hwmon/sht3x.mod.o
  CC [M]  drivers/hwmon/sht4x.mod.o
  CC [M]  drivers/hwmon/spd5118.mod.o
  CC [M]  drivers/hwmon/occ/occ-hwmon-common.mod.o
  CC [M]  drivers/hwmon/occ/occ-p8-hwmon.mod.o
  CC [M]  drivers/hwmon/pmbus/pmbus_core.mod.o
  CC [M]  drivers/thermal/intel/intel_powerclamp.mod.o
  CC [M]  drivers/thermal/intel/x86_pkg_temp_thermal.mod.o
  CC [M]  drivers/thermal/intel/intel_soc_dts_iosf.mod.o
  CC [M]  drivers/thermal/intel/intel_soc_dts_thermal.mod.o
  CC [M]  drivers/thermal/intel/int340x_thermal/int3400_thermal.mod.o
  CC [M]  drivers/thermal/intel/int340x_thermal/int340x_thermal_zone.mod.o
  CC [M]  drivers/thermal/intel/int340x_thermal/int3402_thermal.mod.o
  CC [M]  drivers/thermal/intel/int340x_thermal/int3403_thermal.mod.o
  CC [M]  drivers/thermal/intel/int340x_thermal/processor_thermal_device.mod.o
  CC [M]  drivers/thermal/intel/int340x_thermal/int3401_thermal.mod.o
  CC [M]  drivers/thermal/intel/int340x_thermal/processor_thermal_device_pci_legacy.mod.o
  CC [M]  drivers/thermal/intel/int340x_thermal/processor_thermal_device_pci.mod.o
  CC [M]  drivers/thermal/intel/int340x_thermal/processor_thermal_rapl.mod.o
  CC [M]  drivers/thermal/intel/int340x_thermal/processor_thermal_rfim.mod.o
  CC [M]  drivers/thermal/intel/int340x_thermal/platform_temperature_control.mod.o
  CC [M]  drivers/thermal/intel/int340x_thermal/processor_thermal_mbox.mod.o
  CC [M]  drivers/thermal/intel/int340x_thermal/processor_thermal_wt_req.mod.o
  CC [M]  drivers/thermal/intel/int340x_thermal/processor_thermal_wt_hint.mod.o
  CC [M]  drivers/thermal/intel/int340x_thermal/processor_thermal_power_floor.mod.o
  CC [M]  drivers/thermal/intel/int340x_thermal/processor_thermal_soc_slider.mod.o
  CC [M]  drivers/thermal/intel/int340x_thermal/int3406_thermal.mod.o
  CC [M]  drivers/thermal/intel/int340x_thermal/acpi_thermal_rel.mod.o
  CC [M]  drivers/thermal/intel/intel_pch_thermal.mod.o
  CC [M]  drivers/thermal/intel/intel_tcc_cooling.mod.o
  CC [M]  drivers/thermal/testing/thermal-testing.mod.o
  CC [M]  drivers/watchdog/pretimeout_noop.mod.o
  CC [M]  drivers/watchdog/iTCO_wdt.mod.o
  CC [M]  drivers/watchdog/softdog.mod.o
  CC [M]  drivers/md/dm-mod.mod.o
  CC [M]  drivers/md/dm-bufio.mod.o
  CC [M]  drivers/md/dm-crypt.mod.o
  CC [M]  drivers/md/dm-snapshot.mod.o
  CC [M]  drivers/md/dm-ebs.mod.o
  CC [M]  drivers/cpufreq/acpi-cpufreq.mod.o
  CC [M]  drivers/firmware/efi/efibc.mod.o
  CC [M]  drivers/firmware/efi/capsule-loader.mod.o
  CC [M]  drivers/hid/uhid.mod.o
  CC [M]  drivers/hid/hid-axff.mod.o
  CC [M]  drivers/hid/hid-betopff.mod.o
  CC [M]  drivers/hid/hid-bigbenff.mod.o
  CC [M]  drivers/hid/hid-cp2112.mod.o
  CC [M]  drivers/hid/hid-dr.mod.o
  CC [M]  drivers/hid/hid-emsff.mod.o
  CC [M]  drivers/hid/hid-ft260.mod.o
  CC [M]  drivers/hid/hid-google-stadiaff.mod.o
  CC [M]  drivers/hid/hid-holtek-kbd.mod.o
  CC [M]  drivers/hid/hid-holtek-mouse.mod.o
  CC [M]  drivers/hid/hid-holtekff.mod.o
  CC [M]  drivers/hid/hid-jabra.mod.o
  CC [M]  drivers/hid/hid-lg-g15.mod.o
  CC [M]  drivers/hid/hid-logitech.mod.o
  CC [M]  drivers/hid/hid-logitech-dj.mod.o
  CC [M]  drivers/hid/hid-logitech-hidpp.mod.o
  CC [M]  drivers/hid/hid-mcp2200.mod.o
  CC [M]  drivers/hid/hid-mcp2221.mod.o
  CC [M]  drivers/hid/hid-mf.mod.o
  CC [M]  drivers/hid/hid-microsoft.mod.o
  CC [M]  drivers/hid/hid-multitouch.mod.o
  CC [M]  drivers/hid/hid-nintendo.mod.o
  CC [M]  drivers/hid/hid-pl.mod.o
  CC [M]  drivers/hid/hid-plantronics.mod.o
  CC [M]  drivers/hid/hid-playstation.mod.o
  CC [M]  drivers/hid/hid-sjoy.mod.o
  CC [M]  drivers/hid/hid-sony.mod.o
  CC [M]  drivers/hid/hid-steam.mod.o
  CC [M]  drivers/hid/hid-gaff.mod.o
  CC [M]  drivers/hid/hid-tmff.mod.o
  CC [M]  drivers/hid/hid-thrustmaster.mod.o
  CC [M]  drivers/hid/hid-u2fzero.mod.o
  CC [M]  drivers/hid/hid-uclogic.mod.o
  CC [M]  drivers/hid/hid-universal-pidff.mod.o
  CC [M]  drivers/hid/hid-led.mod.o
  CC [M]  drivers/hid/hid-zpff.mod.o
  CC [M]  drivers/hid/i2c-hid/i2c-hid.mod.o
  CC [M]  drivers/hid/i2c-hid/i2c-hid-acpi.mod.o
  CC [M]  drivers/platform/x86/hp/hp-wmi.mod.o
  CC [M]  drivers/platform/x86/hp/hp-bioscfg/hp-bioscfg.mod.o
  CC [M]  drivers/platform/x86/intel/wmi/intel-wmi-thunderbolt.mod.o
  CC [M]  drivers/platform/x86/intel/pmc/intel_pmc_core.mod.o
  CC [M]  drivers/platform/x86/intel/pmc/intel_pmc_core_pltdrv.mod.o
  CC [M]  drivers/platform/x86/intel/pmc/intel_pmc_ssram_telemetry.mod.o
  CC [M]  drivers/platform/x86/intel/pmt/pmt_class.mod.o
  CC [M]  drivers/platform/x86/intel/pmt/pmt_telemetry.mod.o
  CC [M]  drivers/platform/x86/intel/pmt/pmt_crashlog.mod.o
  CC [M]  drivers/platform/x86/intel/pmt/pmt_discovery.mod.o
  CC [M]  drivers/platform/x86/intel/uncore-frequency/intel-uncore-frequency.mod.o
  CC [M]  drivers/platform/x86/intel/uncore-frequency/intel-uncore-frequency-common.mod.o
  CC [M]  drivers/platform/x86/intel/uncore-frequency/intel-uncore-frequency-tpmi.mod.o
  CC [M]  drivers/platform/x86/intel/intel-hid.mod.o
  CC [M]  drivers/platform/x86/intel/intel-vbtn.mod.o
  CC [M]  drivers/platform/x86/intel/intel-ehl_pse_io.mod.o
  CC [M]  drivers/platform/x86/intel/intel-int0002_vgpio.mod.o
  CC [M]  drivers/platform/x86/intel/intel-vsec.mod.o
  CC [M]  drivers/platform/x86/intel/intel-punit_ipc.mod.o
  CC [M]  drivers/platform/x86/intel/intel-plr_tpmi.mod.o
  CC [M]  drivers/platform/x86/intel/intel-tpmi_power_domains.mod.o
  CC [M]  drivers/platform/x86/intel/intel-vsec_tpmi.mod.o
  CC [M]  drivers/platform/x86/intel/intel-rst.mod.o
  CC [M]  drivers/platform/x86/wmi-bmof.mod.o
  CC [M]  drivers/platform/x86/mxm-wmi.mod.o
  CC [M]  drivers/platform/x86/nvidia-wmi-ec-backlight.mod.o
  CC [M]  drivers/platform/x86/firmware_attributes_class.mod.o
  CC [M]  drivers/platform/x86/intel_scu_pltdrv.mod.o
  CC [M]  drivers/platform/x86/quickstart.mod.o
  CC [M]  drivers/platform/x86/intel_scu_ipcutil.mod.o
  CC [M]  drivers/platform/wmi/wmi.mod.o
  CC [M]  drivers/powercap/intel_rapl_common.mod.o
  CC [M]  drivers/powercap/intel_rapl_msr.mod.o
  CC [M]  drivers/powercap/intel_rapl_tpmi.mod.o
  CC [M]  drivers/perf/dwc_pcie_pmu.mod.o
  CC [M]  drivers/nvdimm/libnvdimm.mod.o
  CC [M]  drivers/pps/pps_core.mod.o
  CC [M]  drivers/w1/slaves/w1_ds2780.mod.o
  CC [M]  drivers/w1/slaves/w1_ds2781.mod.o
  CC [M]  drivers/w1/wire.mod.o
  CC [M]  drivers/bluetooth/hci_uart.mod.o
  CC [M]  drivers/bluetooth/hci_vhci.mod.o
  CC [M]  drivers/bluetooth/hci_bcm4377.mod.o
  CC [M]  drivers/bluetooth/bpa10x.mod.o
  CC [M]  drivers/bluetooth/bfusb.mod.o
  CC [M]  drivers/bluetooth/btusb.mod.o
  CC [M]  drivers/bluetooth/btintel.mod.o
  CC [M]  drivers/bluetooth/btbcm.mod.o
  CC [M]  drivers/bluetooth/btrtl.mod.o
  CC [M]  drivers/bluetooth/btqca.mod.o
  CC [M]  drivers/bluetooth/btmtk.mod.o
  CC [M]  drivers/bluetooth/virtio_bt.mod.o
  CC [M]  drivers/bluetooth/hci_nokia.mod.o
  CC [M]  drivers/dca/dca.mod.o
  CC [M]  drivers/soundwire/soundwire-bus.mod.o
  CC [M]  drivers/soundwire/soundwire-generic-allocation.mod.o
  CC [M]  drivers/soundwire/soundwire-cadence.mod.o
  CC [M]  drivers/soundwire/soundwire-intel.mod.o
  CC [M]  drivers/thunderbolt/thunderbolt.mod.o
  CC [M]  drivers/dibs/dibs.mod.o
  CC [M]  sound/soundcore.mod.o
  CC [M]  sound/core/snd.mod.o
  CC [M]  sound/core/snd-ctl-led.mod.o
  CC [M]  sound/core/snd-hwdep.mod.o
  CC [M]  sound/core/snd-timer.mod.o
  CC [M]  sound/core/snd-hrtimer.mod.o
  CC [M]  sound/core/snd-pcm.mod.o
  CC [M]  sound/core/snd-rawmidi.mod.o
  CC [M]  sound/core/snd-ump.mod.o
  CC [M]  sound/core/snd-compress.mod.o
  CC [M]  sound/drivers/snd-dummy.mod.o
  CC [M]  sound/drivers/snd-aloop.mod.o
  CC [M]  sound/drivers/snd-pcmtest.mod.o
  CC [M]  sound/drivers/snd-serial-u16550.mod.o
  CC [M]  sound/drivers/snd-mtpav.mod.o
  CC [M]  sound/drivers/mpu401/snd-mpu401-uart.mod.o
  CC [M]  sound/drivers/mpu401/snd-mpu401.mod.o
  NM      .tmp_vmlinux1.syms
  CC [M]  sound/usb/snd-usb-audio.mod.o
  CC [M]  sound/usb/snd-usbmidi-lib.mod.o
  CC [M]  sound/usb/bcd2000/snd-bcd2000.mod.o
  CC [M]  sound/soc/snd-soc-acpi.mod.o
  CC [M]  sound/soc/snd-soc-core.mod.o
  CC [M]  sound/soc/codecs/snd-soc-aw88395-lib.mod.o
  CC [M]  sound/soc/codecs/snd-soc-aw88399.mod.o
  CC [M]  sound/soc/codecs/snd-soc-dmic.mod.o
  CC [M]  sound/soc/codecs/snd-soc-hdac-hda.mod.o
  CC [M]  sound/soc/codecs/snd-soc-hda-codec.mod.o
  CC [M]  sound/soc/codecs/snd-soc-max98390.mod.o
  CC [M]  sound/soc/codecs/snd-soc-pcm512x.mod.o
  CC [M]  sound/soc/codecs/snd-soc-pcm512x-i2c.mod.o
  CC [M]  sound/soc/codecs/snd-soc-pcm512x-spi.mod.o
  CC [M]  sound/soc/generic/snd-soc-simple-card-utils.mod.o
  CC [M]  sound/soc/generic/snd-soc-simple-card.mod.o
  CC [M]  sound/soc/intel/common/snd-soc-acpi-intel-match.mod.o
  CC [M]  sound/soc/intel/common/snd-soc-acpi-intel-sdca-quirks.mod.o
  CC [M]  sound/soc/intel/avs/snd-soc-avs.mod.o
  CC [M]  sound/soc/intel/avs/boards/snd-soc-avs-dmic.mod.o
  CC [M]  sound/soc/intel/avs/boards/snd-soc-avs-hdaudio.mod.o
  CC [M]  sound/soc/intel/boards/snd-soc-skl_hda_dsp.mod.o
  CC [M]  sound/soc/intel/boards/snd-soc-intel-hda-dsp-common.mod.o
  CC [M]  sound/soc/intel/boards/snd-soc-intel-sof-board-helpers.mod.o
  CC [M]  sound/soc/sdca/snd-soc-sdca.mod.o
  KSYMS   .tmp_vmlinux1.kallsyms.S
  CC [M]  sound/soc/sdca/snd-soc-sdca-class.mod.o
  CC [M]  sound/soc/sdca/snd-soc-sdca-class-function.mod.o
  CC [M]  sound/soc/sof/intel/snd-sof-intel-hda-common.mod.o
  CC [M]  sound/soc/sof/intel/snd-sof-intel-hda-generic.mod.o
  CC [M]  sound/soc/sof/intel/snd-sof-intel-hda-mlink.mod.o
  CC [M]  sound/soc/sof/intel/snd-sof-intel-hda.mod.o
  CC [M]  sound/soc/sof/intel/snd-sof-pci-intel-cnl.mod.o
  CC [M]  sound/soc/sof/intel/snd-sof-pci-intel-tgl.mod.o
  CC [M]  sound/soc/sof/snd-sof.mod.o
  CC [M]  sound/soc/sof/snd-sof-utils.mod.o
  CC [M]  sound/soc/sof/snd-sof-pci.mod.o
  CC [M]  sound/soc/sof/snd-sof-probes.mod.o
  CC [M]  sound/soc/sof/xtensa/snd-sof-xtensa-dsp.mod.o
  CC [M]  sound/soc/sdw_utils/snd-soc-sdw-utils.mod.o
  CC [M]  sound/hda/core/snd-hda-core.mod.o
  CC [M]  sound/hda/core/ext/snd-hda-ext-core.mod.o
  CC [M]  sound/hda/core/snd-intel-dspcfg.mod.o
  CC [M]  sound/hda/core/snd-intel-sdw-acpi.mod.o
  CC [M]  sound/hda/common/snd-hda-codec.mod.o
  CC [M]  sound/hda/codecs/cirrus/snd-hda-codec-cs420x.mod.o
  CC [M]  sound/hda/codecs/cirrus/snd-hda-codec-cs421x.mod.o
  CC [M]  sound/hda/codecs/cirrus/snd-hda-codec-cs8409.mod.o
  CC [M]  sound/hda/codecs/hdmi/snd-hda-codec-hdmi.mod.o
  CC [M]  sound/hda/codecs/hdmi/snd-hda-codec-simplehdmi.mod.o
  CC [M]  sound/hda/codecs/hdmi/snd-hda-codec-intelhdmi.mod.o
  CC [M]  sound/hda/codecs/hdmi/snd-hda-codec-atihdmi.mod.o
  CC [M]  sound/hda/codecs/hdmi/snd-hda-codec-nvhdmi.mod.o
  CC [M]  sound/hda/codecs/hdmi/snd-hda-codec-nvhdmi-mcp.mod.o
  AS      .tmp_vmlinux1.kallsyms.o
  CC [M]  sound/hda/codecs/hdmi/snd-hda-codec-tegrahdmi.mod.o
  CC [M]  sound/hda/codecs/realtek/snd-hda-codec-realtek-lib.mod.o
  CC [M]  sound/hda/codecs/realtek/snd-hda-codec-alc260.mod.o
  CC [M]  sound/hda/codecs/realtek/snd-hda-codec-alc262.mod.o
  CC [M]  sound/hda/codecs/realtek/snd-hda-codec-alc268.mod.o
  CC [M]  sound/hda/codecs/realtek/snd-hda-codec-alc269.mod.o
  CC [M]  sound/hda/codecs/realtek/snd-hda-codec-alc662.mod.o
  CC [M]  sound/hda/codecs/realtek/snd-hda-codec-alc680.mod.o
  CC [M]  sound/hda/codecs/realtek/snd-hda-codec-alc861.mod.o
  CC [M]  sound/hda/codecs/realtek/snd-hda-codec-alc861vd.mod.o
  CC [M]  sound/hda/codecs/realtek/snd-hda-codec-alc880.mod.o
  CC [M]  sound/hda/codecs/realtek/snd-hda-codec-alc882.mod.o
  CC [M]  sound/hda/codecs/side-codecs/snd-hda-scodec-component.mod.o
  CC [M]  sound/hda/codecs/side-codecs/snd-hda-scodec-max98390.mod.o
  CC [M]  sound/hda/codecs/side-codecs/snd-hda-scodec-max98390-i2c.mod.o
  CC [M]  sound/hda/codecs/side-codecs/snd-hda-scodec-aw88399.mod.o
  CC [M]  sound/hda/codecs/side-codecs/snd-hda-scodec-aw88399-i2c.mod.o
  CC [M]  sound/hda/codecs/snd-hda-codec-generic.mod.o
  CC [M]  sound/hda/codecs/snd-hda-codec-cmedia.mod.o
  CC [M]  sound/hda/codecs/snd-hda-codec-cm9825.mod.o
  CC [M]  sound/hda/codecs/snd-hda-codec-analog.mod.o
  CC [M]  sound/hda/codecs/snd-hda-codec-ca0110.mod.o
  CC [M]  sound/hda/codecs/snd-hda-codec-ca0132.mod.o
  CC [M]  sound/hda/codecs/snd-hda-codec-conexant.mod.o
  CC [M]  sound/hda/codecs/snd-hda-codec-idt.mod.o
  CC [M]  sound/hda/codecs/snd-hda-codec-senarytech.mod.o
  LD      .tmp_vmlinux2
  CC [M]  sound/hda/codecs/snd-hda-codec-si3054.mod.o
  CC [M]  sound/hda/codecs/snd-hda-codec-via.mod.o
  CC [M]  sound/hda/controllers/snd-hda-intel.mod.o
  CC [M]  sound/hda/controllers/snd-hda-acpi.mod.o
  CC [M]  net/core/pktgen.mod.o
  CC [M]  net/core/selftests.mod.o
  CC [M]  net/core/failover.mod.o
  CC [M]  net/802/psnap.mod.o
  CC [M]  net/802/stp.mod.o
  CC [M]  net/802/garp.mod.o
  CC [M]  net/802/mrp.mod.o
  CC [M]  net/netlink/netlink_diag.mod.o
  CC [M]  net/netfilter/nfnetlink.mod.o
  CC [M]  net/netfilter/nfnetlink_acct.mod.o
  CC [M]  net/netfilter/nfnetlink_queue.mod.o
  CC [M]  net/netfilter/nfnetlink_log.mod.o
  CC [M]  net/netfilter/nfnetlink_osf.mod.o
  CC [M]  net/netfilter/nfnetlink_hook.mod.o
  CC [M]  net/netfilter/nf_conntrack.mod.o
  CC [M]  net/netfilter/nf_conntrack_netlink.mod.o
  CC [M]  net/netfilter/nfnetlink_cttimeout.mod.o
  CC [M]  net/netfilter/nfnetlink_cthelper.mod.o
  CC [M]  net/netfilter/nf_conntrack_amanda.mod.o
  CC [M]  net/netfilter/nf_conntrack_ftp.mod.o
  CC [M]  net/netfilter/nf_conntrack_h323.mod.o
  CC [M]  net/netfilter/nf_conntrack_irc.mod.o
  CC [M]  net/netfilter/nf_conntrack_netbios_ns.mod.o
  CC [M]  net/netfilter/nf_conntrack_broadcast.mod.o
  CC [M]  net/netfilter/nf_conntrack_snmp.mod.o
  CC [M]  net/netfilter/nf_conntrack_pptp.mod.o
  CC [M]  net/netfilter/nf_conntrack_sane.mod.o
  CC [M]  net/netfilter/nf_conntrack_sip.mod.o
  CC [M]  net/netfilter/nf_conntrack_tftp.mod.o
  CC [M]  net/netfilter/nf_log_syslog.mod.o
  CC [M]  net/netfilter/nf_nat.mod.o
  CC [M]  net/netfilter/nf_nat_amanda.mod.o
  CC [M]  net/netfilter/nf_nat_ftp.mod.o
  CC [M]  net/netfilter/nf_nat_irc.mod.o
  CC [M]  net/netfilter/nf_nat_sip.mod.o
  CC [M]  net/netfilter/nf_nat_tftp.mod.o
  CC [M]  net/netfilter/nf_synproxy_core.mod.o
  CC [M]  net/netfilter/nf_conncount.mod.o
  CC [M]  net/netfilter/nf_dup_netdev.mod.o
  CC [M]  net/netfilter/nf_tables.mod.o
  CC [M]  net/netfilter/nft_compat.mod.o
  CC [M]  net/netfilter/nft_connlimit.mod.o
  CC [M]  net/netfilter/nft_numgen.mod.o
  CC [M]  net/netfilter/nft_ct.mod.o
  CC [M]  net/netfilter/nft_flow_offload.mod.o
  CC [M]  net/netfilter/nft_limit.mod.o
  CC [M]  net/netfilter/nft_nat.mod.o
  CC [M]  net/netfilter/nft_queue.mod.o
  CC [M]  net/netfilter/nft_quota.mod.o
  CC [M]  net/netfilter/nft_reject.mod.o
  CC [M]  net/netfilter/nft_reject_inet.mod.o
  CC [M]  net/netfilter/nft_reject_netdev.mod.o
  CC [M]  net/netfilter/nft_tunnel.mod.o
  CC [M]  net/netfilter/nft_log.mod.o
  CC [M]  net/netfilter/nft_masq.mod.o
  CC [M]  net/netfilter/nft_redir.mod.o
  CC [M]  net/netfilter/nft_hash.mod.o
  CC [M]  net/netfilter/nft_fib.mod.o
  CC [M]  net/netfilter/nft_fib_inet.mod.o
  CC [M]  net/netfilter/nft_fib_netdev.mod.o
  CC [M]  net/netfilter/nft_socket.mod.o
  CC [M]  net/netfilter/nft_osf.mod.o
  CC [M]  net/netfilter/nft_tproxy.mod.o
  CC [M]  net/netfilter/nft_xfrm.mod.o
  CC [M]  net/netfilter/nft_synproxy.mod.o
  CC [M]  net/netfilter/nft_chain_nat.mod.o
  CC [M]  net/netfilter/nft_dup_netdev.mod.o
  CC [M]  net/netfilter/nft_fwd_netdev.mod.o
  CC [M]  net/netfilter/nf_flow_table.mod.o
  CC [M]  net/netfilter/nf_flow_table_inet.mod.o
  CC [M]  net/netfilter/x_tables.mod.o
  CC [M]  net/netfilter/xt_tcpudp.mod.o
  CC [M]  net/netfilter/xt_mark.mod.o
  CC [M]  net/netfilter/xt_connmark.mod.o
  CC [M]  net/netfilter/xt_set.mod.o
  CC [M]  net/netfilter/xt_nat.mod.o
  CC [M]  net/netfilter/xt_CHECKSUM.mod.o
  CC [M]  net/netfilter/xt_CLASSIFY.mod.o
  CC [M]  net/netfilter/xt_CT.mod.o
  CC [M]  net/netfilter/xt_DSCP.mod.o
  CC [M]  net/netfilter/xt_HL.mod.o
  CC [M]  net/netfilter/xt_HMARK.mod.o
  CC [M]  net/netfilter/xt_LED.mod.o
  CC [M]  net/netfilter/xt_LOG.mod.o
  CC [M]  net/netfilter/xt_NETMAP.mod.o
  CC [M]  net/netfilter/xt_NFLOG.mod.o
  CC [M]  net/netfilter/xt_NFQUEUE.mod.o
  CC [M]  net/netfilter/xt_RATEEST.mod.o
  CC [M]  net/netfilter/xt_REDIRECT.mod.o
  CC [M]  net/netfilter/xt_MASQUERADE.mod.o
  CC [M]  net/netfilter/xt_TPROXY.mod.o
  CC [M]  net/netfilter/xt_TCPMSS.mod.o
  CC [M]  net/netfilter/xt_TCPOPTSTRIP.mod.o
  CC [M]  net/netfilter/xt_TEE.mod.o
  CC [M]  net/netfilter/xt_TRACE.mod.o
  CC [M]  net/netfilter/xt_IDLETIMER.mod.o
  CC [M]  net/netfilter/xt_addrtype.mod.o
  CC [M]  net/netfilter/xt_bpf.mod.o
  CC [M]  net/netfilter/xt_cluster.mod.o
  CC [M]  net/netfilter/xt_comment.mod.o
  CC [M]  net/netfilter/xt_connbytes.mod.o
  CC [M]  net/netfilter/xt_connlabel.mod.o
  CC [M]  net/netfilter/xt_connlimit.mod.o
  CC [M]  net/netfilter/xt_conntrack.mod.o
  CC [M]  net/netfilter/xt_cpu.mod.o
  CC [M]  net/netfilter/xt_dccp.mod.o
  CC [M]  net/netfilter/xt_devgroup.mod.o
  CC [M]  net/netfilter/xt_dscp.mod.o
  CC [M]  net/netfilter/xt_ecn.mod.o
  CC [M]  net/netfilter/xt_esp.mod.o
  CC [M]  net/netfilter/xt_hashlimit.mod.o
  CC [M]  net/netfilter/xt_helper.mod.o
  CC [M]  net/netfilter/xt_hl.mod.o
  CC [M]  net/netfilter/xt_ipcomp.mod.o
  CC [M]  net/netfilter/xt_iprange.mod.o
  CC [M]  net/netfilter/xt_l2tp.mod.o
  CC [M]  net/netfilter/xt_length.mod.o
  CC [M]  net/netfilter/xt_limit.mod.o
  CC [M]  net/netfilter/xt_mac.mod.o
  CC [M]  net/netfilter/xt_multiport.mod.o
  CC [M]  net/netfilter/xt_nfacct.mod.o
  CC [M]  net/netfilter/xt_osf.mod.o
  CC [M]  net/netfilter/xt_owner.mod.o
  CC [M]  net/netfilter/xt_cgroup.mod.o
  CC [M]  net/netfilter/xt_physdev.mod.o
  CC [M]  net/netfilter/xt_pkttype.mod.o
  CC [M]  net/netfilter/xt_policy.mod.o
  CC [M]  net/netfilter/xt_quota.mod.o
  CC [M]  net/netfilter/xt_rateest.mod.o
  CC [M]  net/netfilter/xt_realm.mod.o
  CC [M]  net/netfilter/xt_recent.mod.o
  CC [M]  net/netfilter/xt_sctp.mod.o
  CC [M]  net/netfilter/xt_socket.mod.o
  CC [M]  net/netfilter/xt_state.mod.o
  CC [M]  net/netfilter/xt_statistic.mod.o
  CC [M]  net/netfilter/xt_string.mod.o
  CC [M]  net/netfilter/xt_tcpmss.mod.o
  CC [M]  net/netfilter/xt_time.mod.o
  CC [M]  net/netfilter/xt_u32.mod.o
  CC [M]  net/netfilter/ipset/ip_set.mod.o
  CC [M]  net/netfilter/ipset/ip_set_bitmap_ip.mod.o
  CC [M]  net/netfilter/ipset/ip_set_bitmap_ipmac.mod.o
  CC [M]  net/netfilter/ipset/ip_set_bitmap_port.mod.o
  CC [M]  net/netfilter/ipset/ip_set_hash_ip.mod.o
  CC [M]  net/netfilter/ipset/ip_set_hash_ipmac.mod.o
  CC [M]  net/netfilter/ipset/ip_set_hash_ipmark.mod.o
  CC [M]  net/netfilter/ipset/ip_set_hash_ipport.mod.o
  CC [M]  net/netfilter/ipset/ip_set_hash_ipportip.mod.o
  CC [M]  net/netfilter/ipset/ip_set_hash_ipportnet.mod.o
  CC [M]  net/netfilter/ipset/ip_set_hash_mac.mod.o
  CC [M]  net/netfilter/ipset/ip_set_hash_net.mod.o
  CC [M]  net/netfilter/ipset/ip_set_hash_netport.mod.o
  CC [M]  net/netfilter/ipset/ip_set_hash_netiface.mod.o
  CC [M]  net/netfilter/ipset/ip_set_hash_netnet.mod.o
  CC [M]  net/netfilter/ipset/ip_set_hash_netportnet.mod.o
  CC [M]  net/netfilter/ipset/ip_set_list_set.mod.o
  CC [M]  net/ipv4/netfilter/nf_defrag_ipv4.mod.o
  CC [M]  net/ipv4/netfilter/nf_socket_ipv4.mod.o
  CC [M]  net/ipv4/netfilter/nf_tproxy_ipv4.mod.o
  CC [M]  net/ipv4/netfilter/nf_reject_ipv4.mod.o
  CC [M]  net/ipv4/netfilter/nf_nat_h323.mod.o
  CC [M]  net/ipv4/netfilter/nf_nat_pptp.mod.o
  CC [M]  net/ipv4/netfilter/nf_nat_snmp_basic.mod.o
  CC [M]  net/ipv4/netfilter/nft_reject_ipv4.mod.o
  CC [M]  net/ipv4/netfilter/nft_fib_ipv4.mod.o
  CC [M]  net/ipv4/netfilter/nft_dup_ipv4.mod.o
  CC [M]  net/ipv4/netfilter/ip_tables.mod.o
  CC [M]  net/ipv4/netfilter/iptable_filter.mod.o
  CC [M]  net/ipv4/netfilter/iptable_mangle.mod.o
  CC [M]  net/ipv4/netfilter/iptable_nat.mod.o
  CC [M]  net/ipv4/netfilter/iptable_raw.mod.o
  CC [M]  net/ipv4/netfilter/iptable_security.mod.o
  CC [M]  net/ipv4/netfilter/ipt_ah.mod.o
  CC [M]  net/ipv4/netfilter/ipt_rpfilter.mod.o
  CC [M]  net/ipv4/netfilter/ipt_ECN.mod.o
  CC [M]  net/ipv4/netfilter/ipt_REJECT.mod.o
  CC [M]  net/ipv4/netfilter/ipt_SYNPROXY.mod.o
  CC [M]  net/ipv4/netfilter/arp_tables.mod.o
  CC [M]  net/ipv4/netfilter/arpt_mangle.mod.o
  CC [M]  net/ipv4/netfilter/arptable_filter.mod.o
  CC [M]  net/ipv4/netfilter/nf_dup_ipv4.mod.o
  CC [M]  net/ipv4/ip_tunnel.mod.o
  CC [M]  net/ipv4/ipip.mod.o
  CC [M]  net/ipv4/fou.mod.o
  CC [M]  net/ipv4/ip_gre.mod.o
  CC [M]  net/ipv4/gre.mod.o
  CC [M]  net/ipv4/udp_tunnel.mod.o
  CC [M]  net/ipv4/ip_vti.mod.o
  CC [M]  net/ipv4/ah4.mod.o
  CC [M]  net/ipv4/esp4.mod.o
  CC [M]  net/ipv4/esp4_offload.mod.o
  CC [M]  net/ipv4/ipcomp.mod.o
  CC [M]  net/ipv4/xfrm4_tunnel.mod.o
  CC [M]  net/ipv4/tunnel4.mod.o
  CC [M]  net/ipv4/inet_diag.mod.o
  CC [M]  net/ipv4/tcp_diag.mod.o
  CC [M]  net/ipv4/udp_diag.mod.o
  CC [M]  net/ipv4/raw_diag.mod.o
  CC [M]  net/ipv4/tcp_bbr.mod.o
  CC [M]  net/ipv4/tcp_bbr3.mod.o
  CC [M]  net/ipv4/tcp_bic.mod.o
  CC [M]  net/ipv4/tcp_cdg.mod.o
  CC [M]  net/ipv4/tcp_dctcp.mod.o
  CC [M]  net/ipv4/tcp_westwood.mod.o
  CC [M]  net/ipv4/tcp_highspeed.mod.o
  CC [M]  net/ipv4/tcp_hybla.mod.o
  CC [M]  net/ipv4/tcp_htcp.mod.o
  CC [M]  net/ipv4/tcp_vegas.mod.o
  CC [M]  net/ipv4/tcp_nv.mod.o
  CC [M]  net/ipv4/tcp_veno.mod.o
  CC [M]  net/ipv4/tcp_scalable.mod.o
  CC [M]  net/ipv4/tcp_lp.mod.o
  CC [M]  net/ipv4/tcp_yeah.mod.o
  CC [M]  net/ipv4/tcp_illinois.mod.o
  CC [M]  net/xfrm/xfrm_algo.mod.o
  CC [M]  net/xfrm/xfrm_ipcomp.mod.o
  CC [M]  net/xfrm/xfrm_iptfs.mod.o
  CC [M]  net/unix/unix_diag.mod.o
  CC [M]  net/ipv6/netfilter/ip6_tables.mod.o
  CC [M]  net/ipv6/netfilter/ip6table_filter.mod.o
  CC [M]  net/ipv6/netfilter/ip6table_mangle.mod.o
  CC [M]  net/ipv6/netfilter/ip6table_raw.mod.o
  CC [M]  net/ipv6/netfilter/ip6table_security.mod.o
  CC [M]  net/ipv6/netfilter/ip6table_nat.mod.o
  CC [M]  net/ipv6/netfilter/nf_defrag_ipv6.mod.o
  CC [M]  net/ipv6/netfilter/nf_socket_ipv6.mod.o
  CC [M]  net/ipv6/netfilter/nf_tproxy_ipv6.mod.o
  CC [M]  net/ipv6/netfilter/nf_reject_ipv6.mod.o
  CC [M]  net/ipv6/netfilter/nf_dup_ipv6.mod.o
  CC [M]  net/ipv6/netfilter/nft_reject_ipv6.mod.o
  CC [M]  net/ipv6/netfilter/nft_dup_ipv6.mod.o
  CC [M]  net/ipv6/netfilter/nft_fib_ipv6.mod.o
  CC [M]  net/ipv6/netfilter/ip6t_ah.mod.o
  CC [M]  net/ipv6/netfilter/ip6t_eui64.mod.o
  CC [M]  net/ipv6/netfilter/ip6t_frag.mod.o
  CC [M]  net/ipv6/netfilter/ip6t_ipv6header.mod.o
  CC [M]  net/ipv6/netfilter/ip6t_mh.mod.o
  CC [M]  net/ipv6/netfilter/ip6t_hbh.mod.o
  CC [M]  net/ipv6/netfilter/ip6t_rpfilter.mod.o
  CC [M]  net/ipv6/netfilter/ip6t_rt.mod.o
  CC [M]  net/ipv6/netfilter/ip6t_srh.mod.o
  CC [M]  net/ipv6/netfilter/ip6t_NPT.mod.o
  CC [M]  net/ipv6/netfilter/ip6t_SYNPROXY.mod.o
  CC [M]  net/ipv6/netfilter/ip6t_REJECT.mod.o
  CC [M]  net/ipv6/ah6.mod.o
  CC [M]  net/ipv6/esp6.mod.o
  CC [M]  net/ipv6/ipcomp6.mod.o
  CC [M]  net/ipv6/esp6_offload.mod.o
  CC [M]  net/ipv6/xfrm6_tunnel.mod.o
  CC [M]  net/ipv6/tunnel6.mod.o
  CC [M]  net/ipv6/mip6.mod.o
  CC [M]  net/ipv6/ila/ila.mod.o
  CC [M]  net/ipv6/ip6_vti.mod.o
  CC [M]  net/ipv6/sit.mod.o
  CC [M]  net/ipv6/ip6_tunnel.mod.o
  CC [M]  net/ipv6/ip6_gre.mod.o
  CC [M]  net/ipv6/fou6.mod.o
  CC [M]  net/ipv6/ip6_udp_tunnel.mod.o
  CC [M]  net/packet/af_packet_diag.mod.o
  CC [M]  net/8021q/8021q.mod.o
  CC [M]  net/wireless/cfg80211.mod.o
  CC [M]  net/xdp/xsk_diag.mod.o
  CC [M]  net/llc/llc.mod.o
  CC [M]  net/tls/tls.mod.o
  CC [M]  net/key/af_key.mod.o
  CC [M]  net/bridge/netfilter/nft_meta_bridge.mod.o
  CC [M]  net/bridge/netfilter/nft_reject_bridge.mod.o
  CC [M]  net/bridge/netfilter/nf_conntrack_bridge.mod.o
  CC [M]  net/bridge/netfilter/ebtables.mod.o
  CC [M]  net/bridge/netfilter/ebtable_broute.mod.o
  CC [M]  net/bridge/netfilter/ebtable_filter.mod.o
  CC [M]  net/bridge/netfilter/ebtable_nat.mod.o
  CC [M]  net/bridge/netfilter/ebt_802_3.mod.o
  CC [M]  net/bridge/netfilter/ebt_among.mod.o
  CC [M]  net/bridge/netfilter/ebt_arp.mod.o
  CC [M]  net/bridge/netfilter/ebt_ip.mod.o
  CC [M]  net/bridge/netfilter/ebt_ip6.mod.o
  CC [M]  net/bridge/netfilter/ebt_limit.mod.o
  CC [M]  net/bridge/netfilter/ebt_mark_m.mod.o
  CC [M]  net/bridge/netfilter/ebt_pkttype.mod.o
  CC [M]  net/bridge/netfilter/ebt_stp.mod.o
  CC [M]  net/bridge/netfilter/ebt_vlan.mod.o
  CC [M]  net/bridge/netfilter/ebt_arpreply.mod.o
  CC [M]  net/bridge/netfilter/ebt_mark.mod.o
  CC [M]  net/bridge/netfilter/ebt_dnat.mod.o
  CC [M]  net/bridge/netfilter/ebt_redirect.mod.o
  CC [M]  net/bridge/netfilter/ebt_snat.mod.o
  CC [M]  net/bridge/netfilter/ebt_nflog.mod.o
  CC [M]  net/bridge/netfilter/ebt_log.mod.o
  CC [M]  net/bridge/bridge.mod.o
  CC [M]  net/bridge/br_netfilter.mod.o
  CC [M]  net/appletalk/appletalk.mod.o
  CC [M]  net/bluetooth/bluetooth.mod.o
  CC [M]  net/bluetooth/rfcomm/rfcomm.mod.o
  CC [M]  net/bluetooth/bnep/bnep.mod.o
  CC [M]  net/bluetooth/hidp/hidp.mod.o
  CC [M]  net/mac80211/mac80211.mod.o
  CC [M]  net/rfkill/rfkill.mod.o
  CC [M]  net/rfkill/rfkill-gpio.mod.o
  CC [M]  net/dns_resolver/dns_resolver.mod.o
  CC [M]  net/psample/psample.mod.o
  CC [M]  net/vmw_vsock/vsock.mod.o
  CC [M]  net/vmw_vsock/vsock_diag.mod.o
  CC [M]  net/vmw_vsock/vmw_vsock_virtio_transport_common.mod.o
  CC [M]  net/vmw_vsock/vsock_loopback.mod.o
  CC [M]  net/nsh/nsh.mod.o
  CC [M]  net/qrtr/qrtr.mod.o
  CC [M]  net/qrtr/qrtr-tun.mod.o
  LD [M]  arch/x86/events/intel/intel-uncore.ko
  LD [M]  arch/x86/events/intel/intel-cstate.ko
  LD [M]  arch/x86/crypto/aesni-intel.ko
  LD [M]  arch/x86/events/rapl.ko
  LD [M]  fs/nls/nls_cp437.ko
  LD [M]  fs/nls/nls_cp852.ko
  LD [M]  fs/nls/nls_cp855.ko
  LD [M]  fs/nls/nls_cp850.ko
  LD [M]  fs/nls/nls_cp866.ko
  LD [M]  fs/nls/nls_iso8859-5.ko
  LD [M]  fs/nls/nls_koi8-u.ko
  LD [M]  fs/nls/nls_koi8-r.ko
  LD [M]  fs/nls/nls_koi8-ru.ko
  LD [M]  fs/fuse/cuse.ko
  LD [M]  fs/nls/nls_utf8.ko
  LD [M]  fs/pstore/ramoops.ko
  LD [M]  fs/pstore/pstore_blk.ko
  LD [M]  fs/pstore/pstore_zone.ko
  LD [M]  fs/ext4/ext4.ko
  LD [M]  fs/mbcache.ko
  LD [M]  fs/jbd2/jbd2.ko
  LD [M]  fs/squashfs/squashfs.ko
  LD [M]  fs/fat/fat.ko
  LD [M]  fs/fat/vfat.ko
  LD [M]  fs/exfat/exfat.ko
  LD [M]  fs/ntfs3/ntfs3.ko
  LD [M]  fs/overlayfs/overlay.ko
  LD [M]  crypto/geniv.ko
  LD [M]  crypto/aead.ko
  LD [M]  crypto/seqiv.ko
  LD [M]  crypto/echainiv.ko
  LD [M]  crypto/crypto_user.ko
  LD [M]  crypto/cmac.ko
  LD [M]  crypto/xcbc.ko
  LD [M]  crypto/crypto_null.ko
  LD [M]  crypto/gcm.ko
  LD [M]  crypto/ccm.ko
  LD [M]  crypto/chacha20poly1305.ko
  LD [M]  crypto/chacha.ko
  LD [M]  crypto/cryptd.ko
  LD [M]  crypto/crc32-cryptoapi.ko
  LD [M]  crypto/deflate.ko
  LD [M]  crypto/authenc.ko
  LD [M]  crypto/authencesn.ko
  LD [M]  crypto/rng.ko
  LD [M]  crypto/af_alg.ko
  LD [M]  crypto/algif_hash.ko
  LD [M]  crypto/algif_skcipher.ko
  LD [M]  crypto/algif_rng.ko
  LD [M]  crypto/algif_aead.ko
  LD [M]  lib/math/cordic.ko
  LD [M]  lib/math/polynomial.ko
  LD [M]  crypto/essiv.ko
  LD [M]  lib/crc/crc8.ko
  LD [M]  lib/crc/crc16.ko
  LD [M]  lib/crc/crc-ccitt.ko
  LD [M]  lib/crc/crc-itu-t.ko
  LD [M]  lib/crypto/libarc4.ko
  LD [M]  lib/crypto/gf128mul.ko
  LD [M]  lib/crypto/libcurve25519.ko
  LD [M]  lib/crypto/libgf128hash.ko
  LD [M]  lib/crypto/libmd5.ko
  LD [M]  lib/reed_solomon/reed_solomon.ko
  LD [M]  lib/lz4/lz4_decompress.ko
  LD [M]  lib/ts_bm.ko
  LD [M]  lib/ts_fsm.ko
  LD [M]  lib/asn1_decoder.ko
  LD [M]  lib/ts_kmp.ko
  LD [M]  drivers/pinctrl/cirrus/pinctrl-cs42l43.ko
  LD [M]  drivers/pinctrl/intel/pinctrl-lynxpoint.ko
  LD [M]  drivers/pinctrl/intel/pinctrl-intel-platform.ko
  LD [M]  drivers/pinctrl/intel/pinctrl-alderlake.ko
  LD [M]  drivers/pinctrl/intel/pinctrl-cannonlake.ko
  LD [M]  drivers/pinctrl/intel/pinctrl-broxton.ko
  LD [M]  drivers/pinctrl/intel/pinctrl-cedarfork.ko
  LD [M]  drivers/pinctrl/intel/pinctrl-denverton.ko
  LD [M]  drivers/pinctrl/intel/pinctrl-elkhartlake.ko
  LD [M]  drivers/pinctrl/intel/pinctrl-emmitsburg.ko
  LD [M]  drivers/pinctrl/intel/pinctrl-icelake.ko
  LD [M]  drivers/pinctrl/intel/pinctrl-lakefield.ko
  LD [M]  drivers/pinctrl/intel/pinctrl-geminilake.ko
  LD [M]  drivers/pinctrl/intel/pinctrl-jasperlake.ko
  LD [M]  drivers/pinctrl/intel/pinctrl-lewisburg.ko
  LD [M]  drivers/pinctrl/intel/pinctrl-meteorpoint.ko
  LD [M]  drivers/pinctrl/intel/pinctrl-meteorlake.ko
  LD [M]  drivers/pinctrl/intel/pinctrl-sunrisepoint.ko
  LD [M]  drivers/pinctrl/intel/pinctrl-tigerlake.ko
  LD [M]  drivers/pinctrl/pinctrl-cy8c95x0.ko
  LD [M]  drivers/pinctrl/pinctrl-mcp23s08_i2c.ko
  LD [M]  drivers/pinctrl/pinctrl-mcp23s08_spi.ko
  LD [M]  drivers/pinctrl/pinctrl-mcp23s08.ko
  LD [M]  drivers/pwm/pwm-lpss.ko
  LD [M]  drivers/pwm/pwm-lpss-platform.ko
  LD [M]  drivers/pwm/pwm-lpss-pci.ko
  LD [M]  drivers/leds/trigger/ledtrig-timer.ko
  LD [M]  drivers/leds/trigger/ledtrig-oneshot.ko
  LD [M]  drivers/leds/trigger/ledtrig-backlight.ko
  LD [M]  drivers/leds/trigger/ledtrig-heartbeat.ko
  LD [M]  drivers/leds/trigger/ledtrig-gpio.ko
  LD [M]  drivers/leds/trigger/ledtrig-activity.ko
  LD [M]  drivers/leds/trigger/ledtrig-default-on.ko
  LD [M]  drivers/leds/trigger/ledtrig-transient.ko
  LD [M]  drivers/leds/trigger/ledtrig-camera.ko
  LD [M]  drivers/leds/trigger/ledtrig-netdev.ko
  LD [M]  drivers/leds/trigger/ledtrig-pattern.ko
  LD [M]  drivers/leds/trigger/ledtrig-tty.ko
  LD [M]  drivers/leds/led-class-flash.ko
  LD [M]  drivers/leds/trigger/ledtrig-input-events.ko
  LD [M]  drivers/leds/led-class-multicolor.ko
  LD [M]  drivers/leds/uleds.ko
  LD [M]  drivers/pci/hotplug/cpcihp_zt5550.ko
  LD [M]  drivers/pci/hotplug/cpcihp_generic.ko
  LD [M]  drivers/pci/hotplug/acpiphp_ibm.ko
  LD [M]  drivers/pci/controller/vmd.ko
  LD [M]  drivers/char/ipmi/ssif_bmc.ko
  LD [M]  drivers/acpi/dptf/dptf_power.ko
  LD [M]  drivers/acpi/video.ko
  LD [M]  drivers/acpi/acpi_tad.ko
  LD [M]  drivers/acpi/dptf/dptf_pch_fivr.ko
  LD [M]  drivers/acpi/nfit/nfit.ko
  LD [M]  drivers/acpi/sbshc.ko
  LD [M]  drivers/acpi/sbs.ko
  LD [M]  drivers/acpi/ec_sys.ko
  LD [M]  drivers/acpi/pfr_update.ko
  LD [M]  drivers/acpi/pfr_telemetry.ko
  LD [M]  drivers/acpi/acpi_pad.ko
  LD [M]  drivers/acpi/acpi_extlog.ko
  LD [M]  drivers/acpi/acpi_configfs.ko
  LD [M]  drivers/dma/virt-dma.ko
  LD [M]  drivers/dma/hsu/hsu_dma.ko
  LD [M]  drivers/dma/idma64.ko
  LD [M]  drivers/dma/ioat/ioatdma.ko
  LD [M]  drivers/virtio/virtio.ko
  LD [M]  drivers/virtio/virtio_ring.ko
  LD [M]  drivers/regulator/fixed.ko
  LD [M]  drivers/regulator/userspace-consumer.ko
  LD [M]  drivers/regulator/virtual.ko
  LD [M]  drivers/regulator/gpio-regulator.ko
  LD [M]  drivers/tty/serial/8250/8250_dw.ko
  LD [M]  drivers/tty/serial/8250/8250_exar.ko
  LD [M]  drivers/tty/serial/8250/8250_lpss.ko
  LD [M]  drivers/tty/serial/8250/8250_mid.ko
  LD [M]  drivers/tty/serial/8250/8250_ni.ko
  LD [M]  drivers/tty/serial/8250/8250_pci1xxxx.ko
  LD [M]  drivers/tty/serial/8250/8250_pericom.ko
  LD [M]  drivers/tty/serial/arc_uart.ko
  LD [M]  drivers/tty/serial/jsm/jsm.ko
  LD [M]  drivers/tty/serial/max3100.ko
  LD [M]  drivers/tty/serial/max310x.ko
  LD [M]  drivers/tty/serial/rp2.ko
  LD [M]  drivers/tty/serial/sc16is7xx.ko
  LD [M]  drivers/tty/serial/sc16is7xx_i2c.ko
  LD [M]  drivers/tty/serial/sc16is7xx_spi.ko
  LD [M]  drivers/tty/serial/uartlite.ko
  LD [M]  drivers/tty/n_hdlc.ko
  LD [M]  drivers/char/hw_random/intel-rng.ko
  LD [M]  drivers/char/agp/intel-gtt.ko
  LD [M]  drivers/char/hangcheck-timer.ko
  LD [M]  drivers/iommu/iommufd/iommufd.ko
  LD [M]  drivers/base/regmap/regmap-i2c.ko
  LD [M]  drivers/base/regmap/regmap-spi.ko
  LD [M]  drivers/base/regmap/regmap-sdw.ko
  LD [M]  drivers/base/regmap/regmap-sdw-mbq.ko
  LD [M]  drivers/block/brd.ko
  LD [M]  drivers/block/loop.ko
  LD [M]  drivers/block/nbd.ko
  LD [M]  drivers/block/mtip32xx/mtip32xx.ko
  LD [M]  drivers/block/zram/zram.ko
  LD [M]  drivers/block/null_blk/null_blk.ko
  LD [M]  drivers/block/ublk_drv.ko
  LD [M]  drivers/misc/eeprom/eeprom_93cx6.ko
  LD [M]  drivers/misc/cardreader/rtsx_pci.ko
  LD [M]  drivers/misc/cardreader/rtsx_usb.ko
  LD [M]  drivers/misc/mei/mei.ko
  LD [M]  drivers/misc/mei/mei-me.ko
  LD [M]  drivers/misc/mei/hdcp/mei_hdcp.ko
  LD [M]  drivers/misc/ntsync.ko
  LD [M]  drivers/mfd/cs42l43.ko
  LD [M]  drivers/mfd/cs42l43-sdw.ko
  LD [M]  drivers/mfd/mfd-core.ko
  LD [M]  drivers/mfd/lpc_sch.ko
  LD [M]  drivers/mfd/ocelot-soc.ko
  LD [M]  drivers/mfd/rdc321x-southbridge.ko
  LD [M]  drivers/mfd/vx855.ko
  LD [M]  drivers/mfd/lpc_ich.ko
  LD [M]  drivers/scsi/raid_class.ko
  LD [M]  drivers/scsi/vhba/vhba.ko
  LD [M]  drivers/scsi/sg.ko
  LD [M]  drivers/ata/ahci_platform.ko
  LD [M]  drivers/ata/libahci_platform.ko
  LD [M]  drivers/gpu/drm/display/drm_display_helper.ko
  LD [M]  drivers/gpu/drm/bridge/analogix/analogix-anx78xx.ko
  LD [M]  drivers/gpu/drm/bridge/analogix/analogix_dp.ko
  LD [M]  drivers/gpu/drm/drm_buddy.ko
  LD [M]  drivers/gpu/drm/drm_vram_helper.ko
  LD [M]  drivers/gpu/drm/drm_ttm_helper.ko
  LD [M]  drivers/gpu/drm/i915/i915.ko
  LD [M]  drivers/gpu/drm/ttm/ttm.ko
  LD [M]  drivers/gpu/drm/vboxvideo/vboxvideo.ko
  LD [M]  drivers/spi/spi-mux.ko
  LD [M]  drivers/spi/spidev.ko
  LD [M]  drivers/spi/spi-loopback-test.ko
  LD [M]  drivers/spi/spi-axi-spi-engine.ko
  LD [M]  drivers/spi/spi-bitbang.ko
  LD [M]  drivers/spi/spi-cadence.ko
  LD [M]  drivers/spi/spi-ch341.ko
  LD [M]  drivers/spi/spi-cs42l43.ko
  LD [M]  drivers/spi/spi-dw.ko
  LD [M]  drivers/spi/spi-dw-mmio.ko
  LD [M]  drivers/spi/spi-gpio.ko
  LD [M]  drivers/spi/spi-dw-pci.ko
  LD [M]  drivers/spi/spi-intel.ko
  LD [M]  drivers/spi/spi-intel-pci.ko
  LD [M]  drivers/spi/spi-intel-platform.ko
  LD [M]  drivers/spi/spi-mxic.ko
  LD [M]  drivers/spi/spi-oc-tiny.ko
  LD [M]  drivers/spi/spi-pci1xxxx.ko
  LD [M]  drivers/spi/spi-pxa2xx-core.ko
  LD [M]  drivers/spi/spi-pxa2xx-platform.ko
  LD [M]  drivers/spi/spi-pxa2xx-pci.ko
  LD [M]  drivers/spi/spi-sc18is602.ko
  LD [M]  drivers/spi/spi-tle62x0.ko
  LD [M]  drivers/spi/spi-virtio.ko
  LD [M]  drivers/spi/spi-slave-time.ko
  LD [M]  drivers/spi/spi-xcomm.ko
  LD [M]  drivers/spi/spi-slave-system-control.ko
  LD [M]  drivers/spi/spi-offload-trigger-pwm.ko
  LD [M]  drivers/spi/spi-offload-trigger-adi-util-sigma-delta.ko
  LD [M]  drivers/net/phy/mdio_bus.ko
  LD [M]  drivers/net/phy/phylink.ko
  LD [M]  drivers/net/phy/libphy.ko
  LD [M]  drivers/net/phy/mdio_devres.ko
  LD [M]  drivers/net/phy/phy_package.ko
  LD [M]  drivers/net/phy/sfp.ko
  LD [M]  drivers/net/phy/aquantia/aquantia.ko
  LD [M]  drivers/net/phy/ax88796b.ko
  LD [M]  drivers/net/phy/dp83640.ko
  LD [M]  drivers/net/phy/fixed_phy.ko
  LD [M]  drivers/net/phy/mxl-gpy.ko
  LD [M]  drivers/net/phy/microchip.ko
  LD [M]  drivers/net/phy/realtek/realtek.ko
  LD [M]  drivers/net/phy/ste10Xp.ko
  LD [M]  drivers/net/pse-pd/pse_regulator.ko
  LD [M]  drivers/net/pse-pd/pd692x0.ko
  LD [M]  drivers/net/phy/smsc.ko
  LD [M]  drivers/net/pse-pd/si3474.ko
  LD [M]  drivers/net/pse-pd/tps23881.ko
  LD [M]  drivers/net/mdio/acpi_mdio.ko
  LD [M]  drivers/net/mdio/mdio-bitbang.ko
  LD [M]  drivers/net/mdio/fwnode_mdio.ko
  LD [M]  drivers/net/mdio/mdio-cavium.ko
  LD [M]  drivers/net/mdio/mdio-i2c.ko
  LD [M]  drivers/net/mdio/mdio-gpio.ko
  LD [M]  drivers/net/mdio/mdio-mscc-miim.ko
  LD [M]  drivers/net/mdio/mdio-mvusb.ko
  LD [M]  drivers/net/mdio/mdio-thunder.ko
  LD [M]  drivers/net/pcs/pcs_xpcs.ko
  LD [M]  drivers/net/ethernet/realtek/8139cp.ko
  LD [M]  drivers/net/ethernet/realtek/8139too.ko
  LD [M]  drivers/net/ethernet/realtek/r8169.ko
  LD [M]  drivers/net/ethernet/realtek/rtase/rtase.ko
  LD [M]  drivers/net/ethernet/ec_bhf.ko
  LD [M]  drivers/net/ethernet/jme.ko
  LD [M]  drivers/net/ethernet/fealnx.ko
  LD [M]  drivers/net/ethernet/ethoc.ko
  LD [M]  drivers/net/wireless/ath/ar5523/ar5523.ko
  LD [M]  drivers/net/wireless/ath/ath.ko
  LD [M]  drivers/net/wireless/ath/carl9170/carl9170.ko
  LD [M]  drivers/net/wireless/ralink/rt2x00/rt2x00lib.ko
  LD [M]  drivers/net/wireless/ralink/rt2x00/rt2x00usb.ko
  LD [M]  drivers/net/wireless/ralink/rt2x00/rt2800lib.ko
  LD [M]  drivers/net/wireless/ralink/rt2x00/rt2500usb.ko
  LD [M]  drivers/net/wireless/ralink/rt2x00/rt73usb.ko
  LD [M]  drivers/net/wireless/ralink/rt2x00/rt2800usb.ko
  LD [M]  drivers/net/wireless/realtek/rtl818x/rtl8187/rtl8187.ko
  LD [M]  drivers/net/wireless/realtek/rtl8xxxu/rtl8xxxu.ko
  LD [M]  drivers/net/wireless/realtek/rtw89/rtw89_core.ko
  LD [M]  drivers/net/wireless/realtek/rtw89/rtw89_8852b_common.ko
  LD [M]  drivers/net/wireless/realtek/rtw89/rtw89_8852b.ko
  LD [M]  drivers/net/wireless/realtek/rtw89/rtw89_8852be.ko
  LD [M]  drivers/net/wireless/realtek/rtw89/rtw89_pci.ko
  LD [M]  drivers/net/wireless/realtek/rtw89/rtw89_usb.ko
  LD [M]  drivers/net/wireless/realtek/rtw89/rtw89_8852bu.ko
  LD [M]  drivers/net/wireless/virtual/mac80211_hwsim.ko
  LD [M]  drivers/net/wireless/virtual/virt_wifi.ko
  LD [M]  drivers/net/bonding/bonding.ko
  LD [M]  drivers/net/ipvlan/ipvlan.ko
  LD [M]  drivers/net/ipvlan/ipvtap.ko
  LD [M]  drivers/net/dummy.ko
  LD [M]  drivers/net/wireguard/wireguard.ko
  LD [M]  drivers/net/ifb.ko
  LD [M]  drivers/net/macsec.ko
  LD [M]  drivers/net/macvlan.ko
  LD [M]  drivers/net/macvtap.ko
  LD [M]  drivers/net/netconsole.ko
  LD [M]  drivers/net/mii.ko
  LD [M]  drivers/net/tun.ko
  LD [M]  drivers/net/tap.ko
  LD [M]  drivers/net/vxlan/vxlan.ko
  LD [M]  drivers/net/geneve.ko
  LD [M]  drivers/net/veth.ko
  LD [M]  drivers/net/vrf.ko
  LD [M]  drivers/net/usb/catc.ko
  LD [M]  drivers/net/usb/kaweth.ko
  LD [M]  drivers/net/usb/rtl8150.ko
  LD [M]  drivers/net/usb/pegasus.ko
  LD [M]  drivers/net/usb/r8152.ko
  LD [M]  drivers/net/usb/hso.ko
  LD [M]  drivers/net/usb/lan78xx.ko
  LD [M]  drivers/net/usb/asix.ko
  LD [M]  drivers/net/usb/ax88179_178a.ko
  LD [M]  drivers/net/usb/cdc_ether.ko
  LD [M]  drivers/net/usb/cdc_eem.ko
  LD [M]  drivers/net/usb/dm9601.ko
  LD [M]  drivers/net/usb/sr9700.ko
  LD [M]  drivers/net/usb/sr9800.ko
  LD [M]  drivers/net/usb/smsc75xx.ko
  LD [M]  drivers/net/usb/smsc95xx.ko
  LD [M]  drivers/net/usb/gl620a.ko
  LD [M]  drivers/net/usb/net1080.ko
  LD [M]  drivers/net/usb/plusb.ko
  LD [M]  drivers/net/usb/rndis_host.ko
  LD [M]  drivers/net/usb/cdc_subset.ko
  LD [M]  drivers/net/usb/zaurus.ko
  LD [M]  drivers/net/usb/mcs7830.ko
  LD [M]  drivers/net/usb/usbnet.ko
  LD [M]  drivers/net/usb/int51x1.ko
  LD [M]  drivers/net/usb/kalmia.ko
  LD [M]  drivers/net/usb/ipheth.ko
  LD [M]  drivers/net/usb/sierra_net.ko
  LD [M]  drivers/net/usb/cx82310_eth.ko
  LD [M]  drivers/net/usb/cdc_ncm.ko
  LD [M]  drivers/net/usb/huawei_cdc_ncm.ko
  LD [M]  drivers/net/usb/lg-vl600.ko
  LD [M]  drivers/net/usb/qmi_wwan.ko
  LD [M]  drivers/net/usb/cdc_mbim.ko
  LD [M]  drivers/net/usb/ch9200.ko
  LD [M]  drivers/net/usb/aqc111.ko
  LD [M]  drivers/net/usb/r8153_ecm.ko
  LD [M]  drivers/net/thunderbolt/thunderbolt_net.ko
  LD [M]  drivers/net/net_failover.ko
  LD [M]  drivers/usb/common/ulpi.ko
  LD [M]  drivers/usb/core/ledtrig-usbport.ko
  LD [M]  drivers/usb/phy/phy-generic.ko
  LD [M]  drivers/usb/phy/phy-gpio-vbus-usb.ko
  LD [M]  drivers/usb/phy/phy-isp1301.ko
  LD [M]  drivers/usb/host/xhci-pci-renesas.ko
  LD [M]  drivers/usb/host/xhci-plat-hcd.ko
  LD [M]  drivers/usb/storage/uas.ko
  LD [M]  drivers/usb/storage/usb-storage.ko
  LD [M]  drivers/usb/storage/ums-realtek.ko
  LD [M]  drivers/usb/serial/ch341.ko
  LD [M]  drivers/usb/serial/cp210x.ko
  LD [M]  drivers/usb/serial/ftdi_sio.ko
  LD [M]  drivers/usb/serial/pl2303.ko
  LD [M]  drivers/usb/serial/usb-serial-simple.ko
  LD [M]  drivers/usb/misc/ezusb.ko
  LD [M]  drivers/usb/mon/usbmon.ko
  LD [M]  drivers/usb/class/cdc-acm.ko
  LD [M]  drivers/usb/class/usblp.ko
  LD [M]  drivers/usb/class/cdc-wdm.ko
  LD [M]  drivers/usb/typec/typec.ko
  LD [M]  drivers/usb/typec/altmodes/typec_displayport.ko
  LD [M]  drivers/usb/typec/altmodes/typec_nvidia.ko
  LD [M]  drivers/usb/typec/altmodes/typec_thunderbolt.ko
  LD [M]  drivers/usb/typec/ucsi/typec_ucsi.ko
  LD [M]  drivers/usb/typec/ucsi/ucsi_acpi.ko
  LD [M]  drivers/usb/typec/ucsi/ucsi_stm32g0.ko
  LD [M]  drivers/usb/roles/roles.ko
  LD [M]  drivers/usb/typec/ucsi/ucsi_ccg.ko
  LD [M]  drivers/usb/roles/intel-xhci-usb-role-switch.ko
  LD [M]  drivers/input/serio/serport.ko
  LD [M]  drivers/input/serio/pcips2.ko
  LD [M]  drivers/input/serio/ps2mult.ko
  LD [M]  drivers/input/serio/serio_raw.ko
  LD [M]  drivers/input/serio/ps2-gpio.ko
  LD [M]  drivers/input/serio/userio.ko
  LD [M]  drivers/input/keyboard/adp5588-keys.ko
  LD [M]  drivers/input/keyboard/cypress-sf.ko
  LD [M]  drivers/input/keyboard/dlink-dir685-touchkeys.ko
  LD [M]  drivers/input/keyboard/gpio_keys.ko
  LD [M]  drivers/input/keyboard/gpio_keys_polled.ko
  LD [M]  drivers/input/keyboard/tca8418_keypad.ko
  LD [M]  drivers/input/keyboard/lkkbd.ko
  LD [M]  drivers/input/keyboard/lm8323.ko
  LD [M]  drivers/input/keyboard/lm8333.ko
  LD [M]  drivers/input/keyboard/matrix_keypad.ko
  LD [M]  drivers/input/keyboard/max7359_keypad.ko
  LD [M]  drivers/input/keyboard/mpr121_touchkey.ko
  LD [M]  drivers/input/keyboard/newtonkbd.ko
  LD [M]  drivers/input/keyboard/opencores-kbd.ko
  LD [M]  drivers/input/keyboard/pinephone-keyboard.ko
  LD [M]  drivers/input/keyboard/qt1050.ko
  LD [M]  drivers/input/keyboard/qt1070.ko
  LD [M]  drivers/input/keyboard/qt2160.ko
  LD [M]  drivers/input/keyboard/stowaway.ko
  LD [M]  drivers/input/keyboard/sunkbd.ko
  LD [M]  drivers/input/keyboard/tm2-touchkey.ko
  LD [M]  drivers/input/keyboard/xtkbd.ko
  LD [M]  drivers/input/mouse/cyapatp.ko
  LD [M]  drivers/input/mouse/elan_i2c.ko
  LD [M]  drivers/input/mouse/gpio_mouse.ko
  LD [M]  drivers/input/mouse/psmouse.ko
  LD [M]  drivers/input/mouse/sermouse.ko
  LD [M]  drivers/input/mouse/synaptics_i2c.ko
  LD [M]  drivers/input/mouse/synaptics_usb.ko
  LD [M]  drivers/input/mouse/vsxxxaa.ko
  LD [M]  drivers/input/joystick/xpad.ko
  LD [M]  drivers/input/tablet/acecad.ko
  LD [M]  drivers/input/tablet/aiptek.ko
  LD [M]  drivers/input/tablet/hanwang.ko
  LD [M]  drivers/input/tablet/kbtab.ko
  LD [M]  drivers/input/tablet/pegasus_notetaker.ko
  LD [M]  drivers/input/tablet/wacom_serial4.ko
  LD [M]  drivers/input/misc/ad714x.ko
  LD [M]  drivers/input/misc/ad714x-i2c.ko
  LD [M]  drivers/input/misc/ad714x-spi.ko
  LD [M]  drivers/input/misc/adxl34x.ko
  LD [M]  drivers/input/misc/adxl34x-i2c.ko
  LD [M]  drivers/input/misc/adxl34x-spi.ko
  LD [M]  drivers/input/misc/apanel.ko
  LD [M]  drivers/input/misc/atlas_btns.ko
  LD [M]  drivers/input/misc/aw86927.ko
  LD [M]  drivers/input/misc/bma150.ko
  LD [M]  drivers/input/misc/cm109.ko
  LD [M]  drivers/input/misc/cma3000_d0x.ko
  LD [M]  drivers/input/misc/da7280.ko
  LD [M]  drivers/input/misc/cma3000_d0x_i2c.ko
  LD [M]  drivers/input/misc/e3x0-button.ko
  LD [M]  drivers/input/misc/drv260x.ko
  LD [M]  drivers/input/misc/drv2665.ko
  LD [M]  drivers/input/misc/drv2667.ko
  LD [M]  drivers/input/misc/gpio-beeper.ko
  LD [M]  drivers/input/misc/gpio_decoder.ko
  LD [M]  drivers/input/misc/gpio-vibra.ko
  LD [M]  drivers/input/misc/ibm-panel.ko
  LD [M]  drivers/input/misc/ims-pcu.ko
  LD [M]  drivers/input/misc/iqs269a.ko
  LD [M]  drivers/input/misc/iqs626a.ko
  LD [M]  drivers/input/misc/iqs7222.ko
  LD [M]  drivers/input/misc/keyspan_remote.ko
  LD [M]  drivers/input/misc/kxtj9.ko
  LD [M]  drivers/input/misc/mma8450.ko
  LD [M]  drivers/input/misc/pcf8574_keypad.ko
  LD [M]  drivers/input/misc/pcspkr.ko
  LD [M]  drivers/input/misc/powermate.ko
  LD [M]  drivers/input/misc/pwm-beeper.ko
  LD [M]  drivers/input/misc/pwm-vibra.ko
  LD [M]  drivers/input/misc/regulator-haptic.ko
  LD [M]  drivers/input/misc/rotary_encoder.ko
  LD [M]  drivers/input/misc/soc_button_array.ko
  LD [M]  drivers/input/misc/uinput.ko
  LD [M]  drivers/input/misc/yealink.ko
  LD [M]  drivers/input/misc/ideapad_slidebar.ko
  LD [M]  drivers/input/ff-memless.ko
  LD [M]  drivers/input/sparse-keymap.ko
  LD [M]  drivers/input/matrix-keymap.ko
  LD [M]  drivers/input/mousedev.ko
  LD [M]  drivers/input/joydev.ko
  LD [M]  drivers/input/rmi4/rmi_core.ko
  LD [M]  drivers/input/rmi4/rmi_i2c.ko
  LD [M]  drivers/input/rmi4/rmi_spi.ko
  LD [M]  drivers/input/rmi4/rmi_smbus.ko
  LD [M]  drivers/i2c/algos/i2c-algo-bit.ko
  LD [M]  drivers/i2c/algos/i2c-algo-pca.ko
  LD [M]  drivers/i2c/busses/i2c-scmi.ko
  LD [M]  drivers/i2c/busses/i2c-ali1535.ko
  LD [M]  drivers/i2c/busses/i2c-ali1563.ko
  LD [M]  drivers/i2c/busses/i2c-ali15x3.ko
  LD [M]  drivers/i2c/busses/i2c-i801.ko
  LD [M]  drivers/i2c/busses/i2c-isch.ko
  LD [M]  drivers/i2c/busses/i2c-ismt.ko
  LD [M]  drivers/i2c/busses/i2c-nforce2.ko
  LD [M]  drivers/i2c/busses/i2c-nvidia-gpu.ko
  LD [M]  drivers/i2c/busses/i2c-piix4.ko
  LD [M]  drivers/i2c/busses/i2c-sis5595.ko
  LD [M]  drivers/i2c/busses/i2c-sis630.ko
  LD [M]  drivers/i2c/busses/i2c-sis96x.ko
  LD [M]  drivers/i2c/busses/i2c-via.ko
  LD [M]  drivers/i2c/busses/i2c-viapro.ko
  LD [M]  drivers/i2c/busses/i2c-viai2c-zhaoxin.ko
  LD [M]  drivers/i2c/busses/i2c-viai2c-common.ko
  LD [M]  drivers/i2c/busses/i2c-cbus-gpio.ko
  LD [M]  drivers/i2c/busses/i2c-emev2.ko
  LD [M]  drivers/i2c/busses/i2c-gpio.ko
  LD [M]  drivers/i2c/busses/i2c-ocores.ko
  LD [M]  drivers/i2c/busses/i2c-pca-platform.ko
  LD [M]  drivers/i2c/busses/i2c-simtec.ko
  LD [M]  drivers/i2c/busses/i2c-diolan-u2c.ko
  LD [M]  drivers/i2c/busses/i2c-cp2615.ko
  LD [M]  drivers/i2c/busses/i2c-mchp-pci1xxxx.ko
  LD [M]  drivers/i2c/busses/i2c-robotfuzz-osif.ko
  LD [M]  drivers/i2c/busses/i2c-taos-evm.ko
  LD [M]  drivers/i2c/busses/i2c-tiny-usb.ko
  LD [M]  drivers/i2c/busses/i2c-mlxcpld.ko
  LD [M]  drivers/i2c/busses/i2c-virtio.ko
  LD [M]  drivers/i2c/muxes/i2c-mux-gpio.ko
  LD [M]  drivers/i2c/muxes/i2c-mux-ltc4306.ko
  LD [M]  drivers/i2c/muxes/i2c-mux-mlxcpld.ko
  LD [M]  drivers/i2c/muxes/i2c-mux-pca9541.ko
  LD [M]  drivers/i2c/muxes/i2c-mux-pca954x.ko
  LD [M]  drivers/i2c/muxes/i2c-mux-reg.ko
  LD [M]  drivers/i2c/i2c-smbus.ko
  LD [M]  drivers/i2c/i2c-dev.ko
  LD [M]  drivers/i2c/i2c-mux.ko
  LD [M]  drivers/i2c/i2c-stub.ko
  LD [M]  drivers/i2c/i2c-slave-eeprom.ko
  LD [M]  drivers/i2c/i2c-slave-testunit.ko
  LD [M]  drivers/media/common/videobuf2/videobuf2-common.ko
  LD [M]  drivers/media/common/videobuf2/videobuf2-memops.ko
  LD [M]  drivers/media/common/videobuf2/videobuf2-v4l2.ko
  LD [M]  drivers/media/common/videobuf2/videobuf2-vmalloc.ko
  LD [M]  drivers/media/common/uvc.ko
  LD [M]  drivers/media/usb/s2255/s2255drv.ko
  LD [M]  drivers/media/usb/uvc/uvcvideo.ko
  LD [M]  drivers/media/mc/mc.ko
  LD [M]  drivers/media/v4l2-core/v4l2-async.ko
  LD [M]  drivers/media/v4l2-core/v4l2loopback.ko
  LD [M]  drivers/media/v4l2-core/v4l2-flash-led-class.ko
  LD [M]  drivers/media/v4l2-core/v4l2-dv-timings.ko
  LD [M]  drivers/media/v4l2-core/videodev.ko
  LD [M]  drivers/media/cec/core/cec.ko
  LD [M]  drivers/ptp/ptp.ko
  LD [M]  drivers/ptp/ptp_ines.ko
  LD [M]  drivers/ptp/ptp_vmclock.ko
  LD [M]  drivers/ptp/ptp_clockmatrix.ko
  LD [M]  drivers/ptp/ptp_fc3.ko
  LD [M]  drivers/ptp/ptp_idt82p33.ko
  LD [M]  drivers/ptp/ptp_mock.ko
  LD [M]  drivers/ptp/ptp_netc.ko
  LD [M]  drivers/power/supply/stc3117_fuel_gauge.ko
  LD [M]  drivers/power/supply/mm8013.ko
  LD [M]  drivers/hwmon/coretemp.ko
  LD [M]  drivers/hwmon/drivetemp.ko
  LD [M]  drivers/hwmon/max31827.ko
  LD [M]  drivers/hwmon/sht3x.ko
  LD [M]  drivers/hwmon/sht4x.ko
  LD [M]  drivers/hwmon/spd5118.ko
  LD [M]  drivers/hwmon/occ/occ-hwmon-common.ko
  LD [M]  drivers/hwmon/occ/occ-p8-hwmon.ko
  LD [M]  drivers/hwmon/pmbus/pmbus_core.ko
  LD [M]  drivers/thermal/intel/intel_powerclamp.ko
  LD [M]  drivers/thermal/intel/x86_pkg_temp_thermal.ko
  LD [M]  drivers/thermal/intel/intel_soc_dts_iosf.ko
  LD [M]  drivers/thermal/intel/intel_soc_dts_thermal.ko
  LD [M]  drivers/thermal/intel/int340x_thermal/int3400_thermal.ko
  LD [M]  drivers/thermal/intel/int340x_thermal/int340x_thermal_zone.ko
  LD [M]  drivers/thermal/intel/int340x_thermal/int3402_thermal.ko
  LD [M]  drivers/thermal/intel/int340x_thermal/int3403_thermal.ko
  LD [M]  drivers/thermal/intel/int340x_thermal/processor_thermal_device.ko
  LD [M]  drivers/thermal/intel/int340x_thermal/int3401_thermal.ko
  LD [M]  drivers/thermal/intel/int340x_thermal/processor_thermal_device_pci_legacy.ko
  LD [M]  drivers/thermal/intel/int340x_thermal/processor_thermal_device_pci.ko
  LD [M]  drivers/thermal/intel/int340x_thermal/processor_thermal_rapl.ko
  LD [M]  drivers/thermal/intel/int340x_thermal/processor_thermal_rfim.ko
  LD [M]  drivers/thermal/intel/int340x_thermal/platform_temperature_control.ko
  LD [M]  drivers/thermal/intel/int340x_thermal/processor_thermal_mbox.ko
  LD [M]  drivers/thermal/intel/int340x_thermal/processor_thermal_wt_req.ko
  LD [M]  drivers/thermal/intel/int340x_thermal/processor_thermal_wt_hint.ko
  LD [M]  drivers/thermal/intel/int340x_thermal/processor_thermal_power_floor.ko
  LD [M]  drivers/thermal/intel/int340x_thermal/processor_thermal_soc_slider.ko
  LD [M]  drivers/thermal/intel/int340x_thermal/int3406_thermal.ko
  LD [M]  drivers/thermal/intel/int340x_thermal/acpi_thermal_rel.ko
  LD [M]  drivers/thermal/intel/intel_pch_thermal.ko
  LD [M]  drivers/thermal/intel/intel_tcc_cooling.ko
  LD [M]  drivers/thermal/testing/thermal-testing.ko
  LD [M]  drivers/watchdog/pretimeout_noop.ko
  LD [M]  drivers/watchdog/iTCO_wdt.ko
  LD [M]  drivers/watchdog/softdog.ko
  LD [M]  drivers/md/dm-mod.ko
  LD [M]  drivers/md/dm-bufio.ko
  LD [M]  drivers/md/dm-crypt.ko
  LD [M]  drivers/md/dm-snapshot.ko
  LD [M]  drivers/md/dm-ebs.ko
  LD [M]  drivers/cpufreq/acpi-cpufreq.ko
  LD [M]  drivers/firmware/efi/efibc.ko
  LD [M]  drivers/firmware/efi/capsule-loader.ko
  LD [M]  drivers/hid/uhid.ko
  LD [M]  drivers/hid/hid-axff.ko
  LD [M]  drivers/hid/hid-betopff.ko
  LD [M]  drivers/hid/hid-bigbenff.ko
  LD [M]  drivers/hid/hid-cp2112.ko
  LD [M]  drivers/hid/hid-dr.ko
  LD [M]  drivers/hid/hid-emsff.ko
  LD [M]  drivers/hid/hid-ft260.ko
  LD [M]  drivers/hid/hid-google-stadiaff.ko
  LD [M]  drivers/hid/hid-holtek-kbd.ko
  LD [M]  drivers/hid/hid-holtek-mouse.ko
  LD [M]  drivers/hid/hid-holtekff.ko
  LD [M]  drivers/hid/hid-jabra.ko
  LD [M]  drivers/hid/hid-logitech.ko
  LD [M]  drivers/hid/hid-lg-g15.ko
  LD [M]  drivers/hid/hid-logitech-dj.ko
  LD [M]  drivers/hid/hid-logitech-hidpp.ko
  LD [M]  drivers/hid/hid-mcp2200.ko
  LD [M]  drivers/hid/hid-mcp2221.ko
  LD [M]  drivers/hid/hid-mf.ko
  LD [M]  drivers/hid/hid-microsoft.ko
  LD [M]  drivers/hid/hid-multitouch.ko
  LD [M]  drivers/hid/hid-nintendo.ko
  LD [M]  drivers/hid/hid-pl.ko
  LD [M]  drivers/hid/hid-plantronics.ko
  LD [M]  drivers/hid/hid-playstation.ko
  LD [M]  drivers/hid/hid-sjoy.ko
  LD [M]  drivers/hid/hid-sony.ko
  LD [M]  drivers/hid/hid-steam.ko
  LD [M]  drivers/hid/hid-gaff.ko
  LD [M]  drivers/hid/hid-tmff.ko
  LD [M]  drivers/hid/hid-thrustmaster.ko
  LD [M]  drivers/hid/hid-u2fzero.ko
  LD [M]  drivers/hid/hid-uclogic.ko
  LD [M]  drivers/hid/hid-universal-pidff.ko
  LD [M]  drivers/hid/hid-led.ko
  LD [M]  drivers/hid/hid-zpff.ko
  LD [M]  drivers/hid/i2c-hid/i2c-hid.ko
  LD [M]  drivers/hid/i2c-hid/i2c-hid-acpi.ko
  LD [M]  drivers/platform/x86/hp/hp-wmi.ko
  LD [M]  drivers/platform/x86/hp/hp-bioscfg/hp-bioscfg.ko
  LD [M]  drivers/platform/x86/intel/wmi/intel-wmi-thunderbolt.ko
  LD [M]  drivers/platform/x86/intel/pmc/intel_pmc_core.ko
  LD [M]  drivers/platform/x86/intel/pmc/intel_pmc_core_pltdrv.ko
  LD [M]  drivers/platform/x86/intel/pmc/intel_pmc_ssram_telemetry.ko
  LD [M]  drivers/platform/x86/intel/pmt/pmt_class.ko
  LD [M]  drivers/platform/x86/intel/pmt/pmt_telemetry.ko
  LD [M]  drivers/platform/x86/intel/pmt/pmt_crashlog.ko
  LD [M]  drivers/platform/x86/intel/pmt/pmt_discovery.ko
  LD [M]  drivers/platform/x86/intel/uncore-frequency/intel-uncore-frequency.ko
  LD [M]  drivers/platform/x86/intel/uncore-frequency/intel-uncore-frequency-common.ko
  LD [M]  drivers/platform/x86/intel/uncore-frequency/intel-uncore-frequency-tpmi.ko
  LD [M]  drivers/platform/x86/intel/intel-hid.ko
  LD [M]  drivers/platform/x86/intel/intel-vbtn.ko
  LD [M]  drivers/platform/x86/intel/intel-ehl_pse_io.ko
  LD [M]  drivers/platform/x86/intel/intel-int0002_vgpio.ko
  LD [M]  drivers/platform/x86/intel/intel-vsec.ko
  LD [M]  drivers/platform/x86/intel/intel-punit_ipc.ko
  LD [M]  drivers/platform/x86/intel/intel-plr_tpmi.ko
  LD [M]  drivers/platform/x86/intel/intel-tpmi_power_domains.ko
  LD [M]  drivers/platform/x86/intel/intel-vsec_tpmi.ko
  LD [M]  drivers/platform/x86/intel/intel-rst.ko
  LD [M]  drivers/platform/x86/wmi-bmof.ko
  LD [M]  drivers/platform/x86/mxm-wmi.ko
  LD [M]  drivers/platform/x86/nvidia-wmi-ec-backlight.ko
  LD [M]  drivers/platform/x86/firmware_attributes_class.ko
  LD [M]  drivers/platform/x86/quickstart.ko
  LD [M]  drivers/platform/x86/intel_scu_pltdrv.ko
  LD [M]  drivers/platform/x86/intel_scu_ipcutil.ko
  LD [M]  drivers/platform/wmi/wmi.ko
  LD [M]  drivers/powercap/intel_rapl_common.ko
  LD [M]  drivers/powercap/intel_rapl_msr.ko
  LD [M]  drivers/powercap/intel_rapl_tpmi.ko
  LD [M]  drivers/perf/dwc_pcie_pmu.ko
  LD [M]  drivers/nvdimm/libnvdimm.ko
  LD [M]  drivers/pps/pps_core.ko
  LD [M]  drivers/w1/slaves/w1_ds2780.ko
  LD [M]  drivers/w1/slaves/w1_ds2781.ko
  LD [M]  drivers/w1/wire.ko
  LD [M]  drivers/bluetooth/hci_vhci.ko
  LD [M]  drivers/bluetooth/hci_uart.ko
  LD [M]  drivers/bluetooth/hci_bcm4377.ko
  LD [M]  drivers/bluetooth/bpa10x.ko
  LD [M]  drivers/bluetooth/bfusb.ko
  LD [M]  drivers/bluetooth/btusb.ko
  LD [M]  drivers/bluetooth/btintel.ko
  LD [M]  drivers/bluetooth/btbcm.ko
  LD [M]  drivers/bluetooth/btrtl.ko
  LD [M]  drivers/bluetooth/btqca.ko
  LD [M]  drivers/bluetooth/btmtk.ko
  LD [M]  drivers/bluetooth/virtio_bt.ko
  LD [M]  drivers/bluetooth/hci_nokia.ko
  LD [M]  drivers/dca/dca.ko
  LD [M]  drivers/soundwire/soundwire-bus.ko
  LD [M]  drivers/soundwire/soundwire-generic-allocation.ko
  LD [M]  drivers/soundwire/soundwire-cadence.ko
  LD [M]  drivers/soundwire/soundwire-intel.ko
  LD [M]  drivers/thunderbolt/thunderbolt.ko
  LD [M]  drivers/dibs/dibs.ko
  LD [M]  sound/soundcore.ko
  LD [M]  sound/core/snd.ko
  LD [M]  sound/core/snd-ctl-led.ko
  LD [M]  sound/core/snd-hwdep.ko
  LD [M]  sound/core/snd-timer.ko
  LD [M]  sound/core/snd-hrtimer.ko
  LD [M]  sound/core/snd-pcm.ko
  LD [M]  sound/core/snd-rawmidi.ko
  LD [M]  sound/core/snd-ump.ko
  LD [M]  sound/core/snd-compress.ko
  LD [M]  sound/drivers/snd-dummy.ko
  LD [M]  sound/drivers/snd-aloop.ko
  LD [M]  sound/drivers/snd-pcmtest.ko
  LD [M]  sound/drivers/snd-serial-u16550.ko
  LD [M]  sound/drivers/snd-mtpav.ko
  LD [M]  sound/drivers/mpu401/snd-mpu401-uart.ko
  LD [M]  sound/drivers/mpu401/snd-mpu401.ko
  LD [M]  sound/usb/snd-usb-audio.ko
  LD [M]  sound/usb/snd-usbmidi-lib.ko
  LD [M]  sound/usb/bcd2000/snd-bcd2000.ko
  LD [M]  sound/soc/snd-soc-acpi.ko
  LD [M]  sound/soc/snd-soc-core.ko
  LD [M]  sound/soc/codecs/snd-soc-aw88395-lib.ko
  LD [M]  sound/soc/codecs/snd-soc-aw88399.ko
  LD [M]  sound/soc/codecs/snd-soc-dmic.ko
  LD [M]  sound/soc/codecs/snd-soc-hdac-hda.ko
  LD [M]  sound/soc/codecs/snd-soc-hda-codec.ko
  LD [M]  sound/soc/codecs/snd-soc-max98390.ko
  LD [M]  sound/soc/codecs/snd-soc-pcm512x.ko
  LD [M]  sound/soc/codecs/snd-soc-pcm512x-i2c.ko
  LD [M]  sound/soc/codecs/snd-soc-pcm512x-spi.ko
  LD [M]  sound/soc/generic/snd-soc-simple-card-utils.ko
  LD [M]  sound/soc/generic/snd-soc-simple-card.ko
  LD [M]  sound/soc/intel/common/snd-soc-acpi-intel-match.ko
  LD [M]  sound/soc/intel/common/snd-soc-acpi-intel-sdca-quirks.ko
  LD [M]  sound/soc/intel/avs/snd-soc-avs.ko
  LD [M]  sound/soc/intel/avs/boards/snd-soc-avs-dmic.ko
  LD [M]  sound/soc/intel/avs/boards/snd-soc-avs-hdaudio.ko
  LD [M]  sound/soc/intel/boards/snd-soc-skl_hda_dsp.ko
  LD [M]  sound/soc/intel/boards/snd-soc-intel-hda-dsp-common.ko
  LD [M]  sound/soc/intel/boards/snd-soc-intel-sof-board-helpers.ko
  LD [M]  sound/soc/sdca/snd-soc-sdca.ko
  LD [M]  sound/soc/sdca/snd-soc-sdca-class.ko
  LD [M]  sound/soc/sdca/snd-soc-sdca-class-function.ko
  LD [M]  sound/soc/sof/intel/snd-sof-intel-hda-common.ko
  LD [M]  sound/soc/sof/intel/snd-sof-intel-hda-generic.ko
  LD [M]  sound/soc/sof/intel/snd-sof-intel-hda-mlink.ko
  LD [M]  sound/soc/sof/intel/snd-sof-intel-hda.ko
  LD [M]  sound/soc/sof/intel/snd-sof-pci-intel-cnl.ko
  LD [M]  sound/soc/sof/intel/snd-sof-pci-intel-tgl.ko
  LD [M]  sound/soc/sof/snd-sof.ko
  LD [M]  sound/soc/sof/snd-sof-utils.ko
  LD [M]  sound/soc/sof/snd-sof-pci.ko
  LD [M]  sound/soc/sof/snd-sof-probes.ko
  LD [M]  sound/soc/sof/xtensa/snd-sof-xtensa-dsp.ko
  LD [M]  sound/soc/sdw_utils/snd-soc-sdw-utils.ko
  LD [M]  sound/hda/core/snd-hda-core.ko
  LD [M]  sound/hda/core/ext/snd-hda-ext-core.ko
  LD [M]  sound/hda/core/snd-intel-dspcfg.ko
  LD [M]  sound/hda/core/snd-intel-sdw-acpi.ko
  LD [M]  sound/hda/common/snd-hda-codec.ko
  LD [M]  sound/hda/codecs/cirrus/snd-hda-codec-cs420x.ko
  LD [M]  sound/hda/codecs/cirrus/snd-hda-codec-cs421x.ko
  LD [M]  sound/hda/codecs/cirrus/snd-hda-codec-cs8409.ko
  LD [M]  sound/hda/codecs/hdmi/snd-hda-codec-hdmi.ko
  LD [M]  sound/hda/codecs/hdmi/snd-hda-codec-simplehdmi.ko
  LD [M]  sound/hda/codecs/hdmi/snd-hda-codec-intelhdmi.ko
  LD [M]  sound/hda/codecs/hdmi/snd-hda-codec-atihdmi.ko
  LD [M]  sound/hda/codecs/hdmi/snd-hda-codec-nvhdmi.ko
  LD [M]  sound/hda/codecs/hdmi/snd-hda-codec-nvhdmi-mcp.ko
  LD [M]  sound/hda/codecs/hdmi/snd-hda-codec-tegrahdmi.ko
  LD [M]  sound/hda/codecs/realtek/snd-hda-codec-realtek-lib.ko
  LD [M]  sound/hda/codecs/realtek/snd-hda-codec-alc260.ko
  LD [M]  sound/hda/codecs/realtek/snd-hda-codec-alc262.ko
  LD [M]  sound/hda/codecs/realtek/snd-hda-codec-alc268.ko
  LD [M]  sound/hda/codecs/realtek/snd-hda-codec-alc269.ko
  LD [M]  sound/hda/codecs/realtek/snd-hda-codec-alc662.ko
  LD [M]  sound/hda/codecs/realtek/snd-hda-codec-alc680.ko
  LD [M]  sound/hda/codecs/realtek/snd-hda-codec-alc861.ko
  LD [M]  sound/hda/codecs/realtek/snd-hda-codec-alc861vd.ko
  LD [M]  sound/hda/codecs/realtek/snd-hda-codec-alc880.ko
  LD [M]  sound/hda/codecs/realtek/snd-hda-codec-alc882.ko
  LD [M]  sound/hda/codecs/side-codecs/snd-hda-scodec-component.ko
  LD [M]  sound/hda/codecs/side-codecs/snd-hda-scodec-max98390.ko
  LD [M]  sound/hda/codecs/side-codecs/snd-hda-scodec-max98390-i2c.ko
  LD [M]  sound/hda/codecs/side-codecs/snd-hda-scodec-aw88399.ko
  LD [M]  sound/hda/codecs/side-codecs/snd-hda-scodec-aw88399-i2c.ko
  LD [M]  sound/hda/codecs/snd-hda-codec-generic.ko
  LD [M]  sound/hda/codecs/snd-hda-codec-cmedia.ko
  LD [M]  sound/hda/codecs/snd-hda-codec-cm9825.ko
  LD [M]  sound/hda/codecs/snd-hda-codec-analog.ko
  LD [M]  sound/hda/codecs/snd-hda-codec-ca0110.ko
  LD [M]  sound/hda/codecs/snd-hda-codec-ca0132.ko
  LD [M]  sound/hda/codecs/snd-hda-codec-conexant.ko
  LD [M]  sound/hda/codecs/snd-hda-codec-idt.ko
  LD [M]  sound/hda/codecs/snd-hda-codec-senarytech.ko
  LD [M]  sound/hda/codecs/snd-hda-codec-si3054.ko
  LD [M]  sound/hda/codecs/snd-hda-codec-via.ko
  LD [M]  sound/hda/controllers/snd-hda-intel.ko
  LD [M]  sound/hda/controllers/snd-hda-acpi.ko
  LD [M]  net/core/pktgen.ko
  LD [M]  net/core/selftests.ko
  LD [M]  net/core/failover.ko
  LD [M]  net/802/psnap.ko
  LD [M]  net/802/stp.ko
  LD [M]  net/802/garp.ko
  LD [M]  net/802/mrp.ko
  LD [M]  net/netlink/netlink_diag.ko
  LD [M]  net/netfilter/nfnetlink.ko
  LD [M]  net/netfilter/nfnetlink_acct.ko
  LD [M]  net/netfilter/nfnetlink_queue.ko
  LD [M]  net/netfilter/nfnetlink_log.ko
  LD [M]  net/netfilter/nfnetlink_osf.ko
  LD [M]  net/netfilter/nfnetlink_hook.ko
  LD [M]  net/netfilter/nf_conntrack.ko
  LD [M]  net/netfilter/nf_conntrack_netlink.ko
  LD [M]  net/netfilter/nfnetlink_cttimeout.ko
  LD [M]  net/netfilter/nfnetlink_cthelper.ko
  LD [M]  net/netfilter/nf_conntrack_amanda.ko
  LD [M]  net/netfilter/nf_conntrack_ftp.ko
  LD [M]  net/netfilter/nf_conntrack_h323.ko
  LD [M]  net/netfilter/nf_conntrack_irc.ko
  LD [M]  net/netfilter/nf_conntrack_broadcast.ko
  LD [M]  net/netfilter/nf_conntrack_netbios_ns.ko
  LD [M]  net/netfilter/nf_conntrack_snmp.ko
  LD [M]  net/netfilter/nf_conntrack_pptp.ko
  LD [M]  net/netfilter/nf_conntrack_sane.ko
  LD [M]  net/netfilter/nf_conntrack_sip.ko
  LD [M]  net/netfilter/nf_conntrack_tftp.ko
  LD [M]  net/netfilter/nf_log_syslog.ko
  LD [M]  net/netfilter/nf_nat.ko
  LD [M]  net/netfilter/nf_nat_amanda.ko
  LD [M]  net/netfilter/nf_nat_ftp.ko
  LD [M]  net/netfilter/nf_nat_irc.ko
  LD [M]  net/netfilter/nf_nat_sip.ko
  LD [M]  net/netfilter/nf_nat_tftp.ko
  LD [M]  net/netfilter/nf_synproxy_core.ko
  LD [M]  net/netfilter/nf_conncount.ko
  LD [M]  net/netfilter/nf_dup_netdev.ko
  LD [M]  net/netfilter/nf_tables.ko
  LD [M]  net/netfilter/nft_compat.ko
  LD [M]  net/netfilter/nft_connlimit.ko
  LD [M]  net/netfilter/nft_numgen.ko
  LD [M]  net/netfilter/nft_ct.ko
  LD [M]  net/netfilter/nft_flow_offload.ko
  LD [M]  net/netfilter/nft_limit.ko
  LD [M]  net/netfilter/nft_nat.ko
  LD [M]  net/netfilter/nft_queue.ko
  LD [M]  net/netfilter/nft_quota.ko
  LD [M]  net/netfilter/nft_reject.ko
  LD [M]  net/netfilter/nft_reject_inet.ko
  LD [M]  net/netfilter/nft_reject_netdev.ko
  LD [M]  net/netfilter/nft_tunnel.ko
  LD [M]  net/netfilter/nft_log.ko
  LD [M]  net/netfilter/nft_masq.ko
  LD [M]  net/netfilter/nft_redir.ko
  LD [M]  net/netfilter/nft_hash.ko
  LD [M]  net/netfilter/nft_fib.ko
  LD [M]  net/netfilter/nft_fib_inet.ko
  LD [M]  net/netfilter/nft_fib_netdev.ko
  LD [M]  net/netfilter/nft_socket.ko
  LD [M]  net/netfilter/nft_osf.ko
  LD [M]  net/netfilter/nft_tproxy.ko
  LD [M]  net/netfilter/nft_xfrm.ko
  LD [M]  net/netfilter/nft_synproxy.ko
  LD [M]  net/netfilter/nft_chain_nat.ko
  LD [M]  net/netfilter/nft_dup_netdev.ko
  LD [M]  net/netfilter/nft_fwd_netdev.ko
  LD [M]  net/netfilter/nf_flow_table.ko
  LD [M]  net/netfilter/nf_flow_table_inet.ko
  LD [M]  net/netfilter/x_tables.ko
  LD [M]  net/netfilter/xt_tcpudp.ko
  LD [M]  net/netfilter/xt_mark.ko
  LD [M]  net/netfilter/xt_connmark.ko
  LD [M]  net/netfilter/xt_set.ko
  LD [M]  net/netfilter/xt_nat.ko
  LD [M]  net/netfilter/xt_CHECKSUM.ko
  LD [M]  net/netfilter/xt_CLASSIFY.ko
  LD [M]  net/netfilter/xt_CT.ko
  LD [M]  net/netfilter/xt_DSCP.ko
  LD [M]  net/netfilter/xt_HL.ko
  LD [M]  net/netfilter/xt_HMARK.ko
  LD [M]  net/netfilter/xt_LED.ko
  LD [M]  net/netfilter/xt_LOG.ko
  LD [M]  net/netfilter/xt_NETMAP.ko
  LD [M]  net/netfilter/xt_NFLOG.ko
  LD [M]  net/netfilter/xt_NFQUEUE.ko
  LD [M]  net/netfilter/xt_RATEEST.ko
  LD [M]  net/netfilter/xt_REDIRECT.ko
  LD [M]  net/netfilter/xt_MASQUERADE.ko
  LD [M]  net/netfilter/xt_TPROXY.ko
  LD [M]  net/netfilter/xt_TCPMSS.ko
  LD [M]  net/netfilter/xt_TCPOPTSTRIP.ko
  LD [M]  net/netfilter/xt_TEE.ko
  LD [M]  net/netfilter/xt_TRACE.ko
  LD [M]  net/netfilter/xt_IDLETIMER.ko
  LD [M]  net/netfilter/xt_addrtype.ko
  LD [M]  net/netfilter/xt_bpf.ko
  LD [M]  net/netfilter/xt_cluster.ko
  LD [M]  net/netfilter/xt_comment.ko
  LD [M]  net/netfilter/xt_connbytes.ko
  LD [M]  net/netfilter/xt_connlabel.ko
  LD [M]  net/netfilter/xt_connlimit.ko
  LD [M]  net/netfilter/xt_conntrack.ko
  LD [M]  net/netfilter/xt_cpu.ko
  LD [M]  net/netfilter/xt_dccp.ko
  LD [M]  net/netfilter/xt_devgroup.ko
  LD [M]  net/netfilter/xt_dscp.ko
  LD [M]  net/netfilter/xt_ecn.ko
  LD [M]  net/netfilter/xt_esp.ko
  LD [M]  net/netfilter/xt_hashlimit.ko
  LD [M]  net/netfilter/xt_helper.ko
  LD [M]  net/netfilter/xt_hl.ko
  LD [M]  net/netfilter/xt_ipcomp.ko
  LD [M]  net/netfilter/xt_iprange.ko
  LD [M]  net/netfilter/xt_l2tp.ko
  LD [M]  net/netfilter/xt_length.ko
  LD [M]  net/netfilter/xt_limit.ko
  LD [M]  net/netfilter/xt_mac.ko
  LD [M]  net/netfilter/xt_multiport.ko
  LD [M]  net/netfilter/xt_nfacct.ko
  LD [M]  net/netfilter/xt_osf.ko
  LD [M]  net/netfilter/xt_owner.ko
  LD [M]  net/netfilter/xt_cgroup.ko
  LD [M]  net/netfilter/xt_physdev.ko
  LD [M]  net/netfilter/xt_pkttype.ko
  LD [M]  net/netfilter/xt_policy.ko
  LD [M]  net/netfilter/xt_quota.ko
  LD [M]  net/netfilter/xt_rateest.ko
  LD [M]  net/netfilter/xt_realm.ko
  LD [M]  net/netfilter/xt_recent.ko
  LD [M]  net/netfilter/xt_sctp.ko
  LD [M]  net/netfilter/xt_socket.ko
  LD [M]  net/netfilter/xt_state.ko
  LD [M]  net/netfilter/xt_statistic.ko
  LD [M]  net/netfilter/xt_string.ko
  LD [M]  net/netfilter/xt_tcpmss.ko
  LD [M]  net/netfilter/xt_time.ko
  LD [M]  net/netfilter/xt_u32.ko
  LD [M]  net/netfilter/ipset/ip_set.ko
  LD [M]  net/netfilter/ipset/ip_set_bitmap_ip.ko
  LD [M]  net/netfilter/ipset/ip_set_bitmap_ipmac.ko
  LD [M]  net/netfilter/ipset/ip_set_bitmap_port.ko
  LD [M]  net/netfilter/ipset/ip_set_hash_ip.ko
  LD [M]  net/netfilter/ipset/ip_set_hash_ipmac.ko
  LD [M]  net/netfilter/ipset/ip_set_hash_ipmark.ko
  LD [M]  net/netfilter/ipset/ip_set_hash_ipport.ko
  LD [M]  net/netfilter/ipset/ip_set_hash_ipportip.ko
  LD [M]  net/netfilter/ipset/ip_set_hash_ipportnet.ko
  LD [M]  net/netfilter/ipset/ip_set_hash_mac.ko
  LD [M]  net/netfilter/ipset/ip_set_hash_net.ko
  LD [M]  net/netfilter/ipset/ip_set_hash_netport.ko
  LD [M]  net/netfilter/ipset/ip_set_hash_netiface.ko
  LD [M]  net/netfilter/ipset/ip_set_hash_netnet.ko
  LD [M]  net/netfilter/ipset/ip_set_hash_netportnet.ko
  LD [M]  net/netfilter/ipset/ip_set_list_set.ko
  LD [M]  net/ipv4/netfilter/nf_defrag_ipv4.ko
  LD [M]  net/ipv4/netfilter/nf_socket_ipv4.ko
  LD [M]  net/ipv4/netfilter/nf_tproxy_ipv4.ko
  LD [M]  net/ipv4/netfilter/nf_reject_ipv4.ko
  LD [M]  net/ipv4/netfilter/nf_nat_h323.ko
  LD [M]  net/ipv4/netfilter/nf_nat_pptp.ko
  LD [M]  net/ipv4/netfilter/nf_nat_snmp_basic.ko
  LD [M]  net/ipv4/netfilter/nft_reject_ipv4.ko
  LD [M]  net/ipv4/netfilter/nft_fib_ipv4.ko
  LD [M]  net/ipv4/netfilter/nft_dup_ipv4.ko
  LD [M]  net/ipv4/netfilter/ip_tables.ko
  LD [M]  net/ipv4/netfilter/iptable_filter.ko
  LD [M]  net/ipv4/netfilter/iptable_mangle.ko
  LD [M]  net/ipv4/netfilter/iptable_nat.ko
  LD [M]  net/ipv4/netfilter/iptable_raw.ko
  LD [M]  net/ipv4/netfilter/iptable_security.ko
  LD [M]  net/ipv4/netfilter/ipt_ah.ko
  LD [M]  net/ipv4/netfilter/ipt_rpfilter.ko
  LD [M]  net/ipv4/netfilter/ipt_ECN.ko
  LD [M]  net/ipv4/netfilter/ipt_REJECT.ko
  LD [M]  net/ipv4/netfilter/ipt_SYNPROXY.ko
  LD [M]  net/ipv4/netfilter/arp_tables.ko
  LD [M]  net/ipv4/netfilter/arpt_mangle.ko
  LD [M]  net/ipv4/netfilter/arptable_filter.ko
  LD [M]  net/ipv4/netfilter/nf_dup_ipv4.ko
  LD [M]  net/ipv4/ip_tunnel.ko
  LD [M]  net/ipv4/ipip.ko
  LD [M]  net/ipv4/fou.ko
  LD [M]  net/ipv4/gre.ko
  LD [M]  net/ipv4/ip_gre.ko
  LD [M]  net/ipv4/udp_tunnel.ko
  LD [M]  net/ipv4/ip_vti.ko
  LD [M]  net/ipv4/ah4.ko
  LD [M]  net/ipv4/esp4.ko
  LD [M]  net/ipv4/esp4_offload.ko
  LD [M]  net/ipv4/ipcomp.ko
  LD [M]  net/ipv4/xfrm4_tunnel.ko
  LD [M]  net/ipv4/tunnel4.ko
  LD [M]  net/ipv4/inet_diag.ko
  LD [M]  net/ipv4/tcp_diag.ko
  LD [M]  net/ipv4/udp_diag.ko
  LD [M]  net/ipv4/raw_diag.ko
  LD [M]  net/ipv4/tcp_bbr.ko
  LD [M]  net/ipv4/tcp_bbr3.ko
  LD [M]  net/ipv4/tcp_bic.ko
  LD [M]  net/ipv4/tcp_cdg.ko
  LD [M]  net/ipv4/tcp_dctcp.ko
  LD [M]  net/ipv4/tcp_westwood.ko
  LD [M]  net/ipv4/tcp_highspeed.ko
  LD [M]  net/ipv4/tcp_hybla.ko
  LD [M]  net/ipv4/tcp_htcp.ko
  LD [M]  net/ipv4/tcp_vegas.ko
  LD [M]  net/ipv4/tcp_nv.ko
  LD [M]  net/ipv4/tcp_veno.ko
  LD [M]  net/ipv4/tcp_scalable.ko
  LD [M]  net/ipv4/tcp_lp.ko
  LD [M]  net/ipv4/tcp_yeah.ko
  LD [M]  net/ipv4/tcp_illinois.ko
  LD [M]  net/xfrm/xfrm_algo.ko
  LD [M]  net/xfrm/xfrm_ipcomp.ko
  LD [M]  net/xfrm/xfrm_iptfs.ko
  LD [M]  net/unix/unix_diag.ko
  LD [M]  net/ipv6/netfilter/ip6_tables.ko
  LD [M]  net/ipv6/netfilter/ip6table_filter.ko
  LD [M]  net/ipv6/netfilter/ip6table_mangle.ko
  LD [M]  net/ipv6/netfilter/ip6table_raw.ko
  LD [M]  net/ipv6/netfilter/ip6table_security.ko
  LD [M]  net/ipv6/netfilter/ip6table_nat.ko
  LD [M]  net/ipv6/netfilter/nf_defrag_ipv6.ko
  LD [M]  net/ipv6/netfilter/nf_socket_ipv6.ko
  LD [M]  net/ipv6/netfilter/nf_tproxy_ipv6.ko
  LD [M]  net/ipv6/netfilter/nf_reject_ipv6.ko
  LD [M]  net/ipv6/netfilter/nf_dup_ipv6.ko
  LD [M]  net/ipv6/netfilter/nft_reject_ipv6.ko
  LD [M]  net/ipv6/netfilter/nft_dup_ipv6.ko
  LD [M]  net/ipv6/netfilter/ip6t_ah.ko
  LD [M]  net/ipv6/netfilter/nft_fib_ipv6.ko
  LD [M]  net/ipv6/netfilter/ip6t_eui64.ko
  LD [M]  net/ipv6/netfilter/ip6t_frag.ko
  LD [M]  net/ipv6/netfilter/ip6t_ipv6header.ko
  LD [M]  net/ipv6/netfilter/ip6t_mh.ko
  LD [M]  net/ipv6/netfilter/ip6t_hbh.ko
  LD [M]  net/ipv6/netfilter/ip6t_rpfilter.ko
  LD [M]  net/ipv6/netfilter/ip6t_rt.ko
  LD [M]  net/ipv6/netfilter/ip6t_srh.ko
  LD [M]  net/ipv6/netfilter/ip6t_NPT.ko
  LD [M]  net/ipv6/netfilter/ip6t_REJECT.ko
  LD [M]  net/ipv6/netfilter/ip6t_SYNPROXY.ko
  LD [M]  net/ipv6/ah6.ko
  LD [M]  net/ipv6/esp6.ko
  LD [M]  net/ipv6/esp6_offload.ko
  LD [M]  net/ipv6/ipcomp6.ko
  LD [M]  net/ipv6/xfrm6_tunnel.ko
  LD [M]  net/ipv6/tunnel6.ko
  LD [M]  net/ipv6/mip6.ko
  LD [M]  net/ipv6/ila/ila.ko
  LD [M]  net/ipv6/ip6_vti.ko
  LD [M]  net/ipv6/sit.ko
  LD [M]  net/ipv6/ip6_tunnel.ko
  LD [M]  net/ipv6/ip6_gre.ko
  LD [M]  net/ipv6/fou6.ko
  LD [M]  net/ipv6/ip6_udp_tunnel.ko
  LD [M]  net/packet/af_packet_diag.ko
  LD [M]  net/wireless/cfg80211.ko
  LD [M]  net/8021q/8021q.ko
  LD [M]  net/xdp/xsk_diag.ko
  LD [M]  net/llc/llc.ko
  LD [M]  net/tls/tls.ko
  LD [M]  net/key/af_key.ko
  LD [M]  net/bridge/netfilter/nft_meta_bridge.ko
  LD [M]  net/bridge/netfilter/nft_reject_bridge.ko
  LD [M]  net/bridge/netfilter/ebtables.ko
  LD [M]  net/bridge/netfilter/nf_conntrack_bridge.ko
  LD [M]  net/bridge/netfilter/ebtable_broute.ko
  LD [M]  net/bridge/netfilter/ebtable_filter.ko
  LD [M]  net/bridge/netfilter/ebtable_nat.ko
  LD [M]  net/bridge/netfilter/ebt_802_3.ko
  LD [M]  net/bridge/netfilter/ebt_among.ko
  LD [M]  net/bridge/netfilter/ebt_arp.ko
  LD [M]  net/bridge/netfilter/ebt_ip.ko
  LD [M]  net/bridge/netfilter/ebt_ip6.ko
  LD [M]  net/bridge/netfilter/ebt_limit.ko
  LD [M]  net/bridge/netfilter/ebt_mark_m.ko
  LD [M]  net/bridge/netfilter/ebt_pkttype.ko
  LD [M]  net/bridge/netfilter/ebt_stp.ko
  LD [M]  net/bridge/netfilter/ebt_vlan.ko
  LD [M]  net/bridge/netfilter/ebt_arpreply.ko
  LD [M]  net/bridge/netfilter/ebt_mark.ko
  LD [M]  net/bridge/netfilter/ebt_dnat.ko
  LD [M]  net/bridge/netfilter/ebt_redirect.ko
  LD [M]  net/bridge/netfilter/ebt_snat.ko
  LD [M]  net/bridge/netfilter/ebt_log.ko
  LD [M]  net/bridge/netfilter/ebt_nflog.ko
  LD [M]  net/bridge/bridge.ko
  LD [M]  net/bridge/br_netfilter.ko
  LD [M]  net/appletalk/appletalk.ko
  LD [M]  net/bluetooth/bluetooth.ko
  LD [M]  net/bluetooth/rfcomm/rfcomm.ko
  LD [M]  net/bluetooth/bnep/bnep.ko
  LD [M]  net/bluetooth/hidp/hidp.ko
  LD [M]  net/mac80211/mac80211.ko
  LD [M]  net/rfkill/rfkill.ko
  LD [M]  net/rfkill/rfkill-gpio.ko
  LD [M]  net/dns_resolver/dns_resolver.ko
  LD [M]  net/psample/psample.ko
  LD [M]  net/vmw_vsock/vsock.ko
  LD [M]  net/vmw_vsock/vsock_diag.ko
  LD [M]  net/vmw_vsock/vmw_vsock_virtio_transport_common.ko
  LD [M]  net/vmw_vsock/vsock_loopback.ko
  LD [M]  net/nsh/nsh.ko
  LD [M]  net/qrtr/qrtr.ko
  LD [M]  net/qrtr/qrtr-tun.ko
  NM      .tmp_vmlinux2.syms
  KSYMS   .tmp_vmlinux2.kallsyms.S
  AS      .tmp_vmlinux2.kallsyms.o
  LD      vmlinux.unstripped
  NM      System.map
  SORTTAB vmlinux.unstripped
  OBJCOPY vmlinux
  GEN     modules.builtin.modinfo
  GEN     modules.builtin
  CC      arch/x86/boot/a20.o
  AS      arch/x86/boot/bioscall.o
  CC      arch/x86/boot/cmdline.o
  AS      arch/x86/boot/copy.o
  HOSTCC  arch/x86/boot/mkcpustr
  CC      arch/x86/boot/cpuflags.o
  CC      arch/x86/boot/cpucheck.o
  CC      arch/x86/boot/early_serial_console.o
  CC      arch/x86/boot/edd.o
  CC      arch/x86/boot/main.o
  CC      arch/x86/boot/memory.o
  CC      arch/x86/boot/pm.o
  AS      arch/x86/boot/pmjump.o
  CC      arch/x86/boot/printf.o
  CC      arch/x86/boot/regs.o
  CC      arch/x86/boot/string.o
  CC      arch/x86/boot/tty.o
  CC      arch/x86/boot/video.o
  CC      arch/x86/boot/video-mode.o
  CC      arch/x86/boot/version.o
  CC      arch/x86/boot/video-vga.o
  CC      arch/x86/boot/video-vesa.o
  CC      arch/x86/boot/video-bios.o
  LDS     arch/x86/boot/compressed/vmlinux.lds
  AS      arch/x86/boot/compressed/kernel_info.o
  AS      arch/x86/boot/compressed/head_64.o
  VOFFSET arch/x86/boot/compressed/../voffset.h
  CC      arch/x86/boot/compressed/string.o
  CC      arch/x86/boot/compressed/cmdline.o
  OBJCOPY arch/x86/boot/compressed/vmlinux.bin
  CC      arch/x86/boot/compressed/error.o
  RELOCS  arch/x86/boot/compressed/vmlinux.relocs
  HOSTCC  arch/x86/boot/compressed/mkpiggy
  CC      arch/x86/boot/compressed/cpuflags.o
  CC      arch/x86/boot/compressed/early_serial_console.o
  CPUSTR  arch/x86/boot/cpustr.h
  CC      arch/x86/boot/compressed/kaslr.o
  CC      arch/x86/boot/cpu.o
  CC      arch/x86/boot/compressed/ident_map_64.o
  CC      arch/x86/boot/compressed/idt_64.o
  AS      arch/x86/boot/compressed/idt_handlers_64.o
  CC      arch/x86/boot/compressed/pgtable_64.o
  CC      arch/x86/boot/compressed/acpi.o
  CC      arch/x86/boot/compressed/efi.o
  ZSTD22  arch/x86/boot/compressed/vmlinux.bin.zst
  CC      arch/x86/boot/compressed/misc.o
  MKPIGGY arch/x86/boot/compressed/piggy.S
  AS      arch/x86/boot/compressed/piggy.o
  LD      arch/x86/boot/compressed/vmlinux
  ZOFFSET arch/x86/boot/zoffset.h
  OBJCOPY arch/x86/boot/vmlinux.bin
  AS      arch/x86/boot/header.o
  LD      arch/x86/boot/setup.elf
  OBJCOPY arch/x86/boot/setup.bin
  BUILD   arch/x86/boot/bzImage
Kernel: arch/x86/boot/bzImage is ready  (#1)
=== Wed Aug 12 12:09:54 PM EEST 2026 modules_install ===
  SYMLINK /lib/modules/7.1.6-cachyos-trim11-tuned/build
  INSTALL /lib/modules/7.1.6-cachyos-trim11-tuned/modules.order
  INSTALL /lib/modules/7.1.6-cachyos-trim11-tuned/modules.builtin
  INSTALL /lib/modules/7.1.6-cachyos-trim11-tuned/modules.builtin.modinfo
  INSTALL /lib/modules/7.1.6-cachyos-trim11-tuned/kernel/arch/x86/events/intel/intel-uncore.ko
  INSTALL /lib/modules/7.1.6-cachyos-trim11-tuned/kernel/arch/x86/events/intel/intel-cstate.ko
  INSTALL /lib/modules/7.1.6-cachyos-trim11-tuned/kernel/arch/x86/events/rapl.ko
  INSTALL /lib/modules/7.1.6-cachyos-trim11-tuned/kernel/arch/x86/crypto/aesni-intel.ko
  INSTALL /lib/modules/7.1.6-cachyos-trim11-tuned/kernel/fs/nls/nls_cp437.ko
  INSTALL /lib/modules/7.1.6-cachyos-trim11-tuned/kernel/fs/nls/nls_cp850.ko
  INSTALL /lib/modules/7.1.6-cachyos-trim11-tuned/kernel/fs/nls/nls_cp852.ko
  INSTALL /lib/modules/7.1.6-cachyos-trim11-tuned/kernel/fs/nls/nls_cp855.ko
  INSTALL /lib/modules/7.1.6-cachyos-trim11-tuned/kernel/fs/nls/nls_cp866.ko
  INSTALL /lib/modules/7.1.6-cachyos-trim11-tuned/kernel/fs/nls/nls_iso8859-5.ko
  INSTALL /lib/modules/7.1.6-cachyos-trim11-tuned/kernel/fs/nls/nls_koi8-r.ko
  INSTALL /lib/modules/7.1.6-cachyos-trim11-tuned/kernel/fs/nls/nls_koi8-u.ko
  INSTALL /lib/modules/7.1.6-cachyos-trim11-tuned/kernel/fs/nls/nls_koi8-ru.ko
  INSTALL /lib/modules/7.1.6-cachyos-trim11-tuned/kernel/fs/nls/nls_utf8.ko
  INSTALL /lib/modules/7.1.6-cachyos-trim11-tuned/kernel/fs/fuse/cuse.ko
  INSTALL /lib/modules/7.1.6-cachyos-trim11-tuned/kernel/fs/pstore/ramoops.ko
  INSTALL /lib/modules/7.1.6-cachyos-trim11-tuned/kernel/fs/pstore/pstore_zone.ko
  INSTALL /lib/modules/7.1.6-cachyos-trim11-tuned/kernel/fs/pstore/pstore_blk.ko
  INSTALL /lib/modules/7.1.6-cachyos-trim11-tuned/kernel/fs/mbcache.ko
  INSTALL /lib/modules/7.1.6-cachyos-trim11-tuned/kernel/fs/ext4/ext4.ko
  INSTALL /lib/modules/7.1.6-cachyos-trim11-tuned/kernel/fs/jbd2/jbd2.ko
  INSTALL /lib/modules/7.1.6-cachyos-trim11-tuned/kernel/fs/squashfs/squashfs.ko
  INSTALL /lib/modules/7.1.6-cachyos-trim11-tuned/kernel/fs/fat/fat.ko
  INSTALL /lib/modules/7.1.6-cachyos-trim11-tuned/kernel/fs/fat/vfat.ko
  INSTALL /lib/modules/7.1.6-cachyos-trim11-tuned/kernel/fs/exfat/exfat.ko
  INSTALL /lib/modules/7.1.6-cachyos-trim11-tuned/kernel/fs/ntfs3/ntfs3.ko
  INSTALL /lib/modules/7.1.6-cachyos-trim11-tuned/kernel/fs/overlayfs/overlay.ko
  INSTALL /lib/modules/7.1.6-cachyos-trim11-tuned/kernel/crypto/aead.ko
  INSTALL /lib/modules/7.1.6-cachyos-trim11-tuned/kernel/crypto/geniv.ko
  INSTALL /lib/modules/7.1.6-cachyos-trim11-tuned/kernel/crypto/seqiv.ko
  INSTALL /lib/modules/7.1.6-cachyos-trim11-tuned/kernel/crypto/echainiv.ko
  INSTALL /lib/modules/7.1.6-cachyos-trim11-tuned/kernel/crypto/crypto_user.ko
  INSTALL /lib/modules/7.1.6-cachyos-trim11-tuned/kernel/crypto/cmac.ko
  INSTALL /lib/modules/7.1.6-cachyos-trim11-tuned/kernel/crypto/xcbc.ko
  INSTALL /lib/modules/7.1.6-cachyos-trim11-tuned/kernel/crypto/crypto_null.ko
  INSTALL /lib/modules/7.1.6-cachyos-trim11-tuned/kernel/crypto/gcm.ko
  INSTALL /lib/modules/7.1.6-cachyos-trim11-tuned/kernel/crypto/ccm.ko
  INSTALL /lib/modules/7.1.6-cachyos-trim11-tuned/kernel/crypto/chacha20poly1305.ko
  INSTALL /lib/modules/7.1.6-cachyos-trim11-tuned/kernel/crypto/cryptd.ko
  INSTALL /lib/modules/7.1.6-cachyos-trim11-tuned/kernel/crypto/chacha.ko
  INSTALL /lib/modules/7.1.6-cachyos-trim11-tuned/kernel/crypto/deflate.ko
  INSTALL /lib/modules/7.1.6-cachyos-trim11-tuned/kernel/crypto/crc32-cryptoapi.ko
  INSTALL /lib/modules/7.1.6-cachyos-trim11-tuned/kernel/crypto/authenc.ko
  INSTALL /lib/modules/7.1.6-cachyos-trim11-tuned/kernel/crypto/authencesn.ko
  INSTALL /lib/modules/7.1.6-cachyos-trim11-tuned/kernel/crypto/rng.ko
  INSTALL /lib/modules/7.1.6-cachyos-trim11-tuned/kernel/crypto/af_alg.ko
  INSTALL /lib/modules/7.1.6-cachyos-trim11-tuned/kernel/crypto/algif_hash.ko
  INSTALL /lib/modules/7.1.6-cachyos-trim11-tuned/kernel/crypto/algif_skcipher.ko
  INSTALL /lib/modules/7.1.6-cachyos-trim11-tuned/kernel/crypto/algif_rng.ko
  INSTALL /lib/modules/7.1.6-cachyos-trim11-tuned/kernel/crypto/algif_aead.ko
  INSTALL /lib/modules/7.1.6-cachyos-trim11-tuned/kernel/crypto/essiv.ko
  INSTALL /lib/modules/7.1.6-cachyos-trim11-tuned/kernel/lib/math/cordic.ko
  INSTALL /lib/modules/7.1.6-cachyos-trim11-tuned/kernel/lib/math/polynomial.ko
  INSTALL /lib/modules/7.1.6-cachyos-trim11-tuned/kernel/lib/crc/crc8.ko
  INSTALL /lib/modules/7.1.6-cachyos-trim11-tuned/kernel/lib/crc/crc16.ko
  INSTALL /lib/modules/7.1.6-cachyos-trim11-tuned/kernel/lib/crc/crc-ccitt.ko
  INSTALL /lib/modules/7.1.6-cachyos-trim11-tuned/kernel/lib/crc/crc-itu-t.ko
  INSTALL /lib/modules/7.1.6-cachyos-trim11-tuned/kernel/lib/crypto/libarc4.ko
  INSTALL /lib/modules/7.1.6-cachyos-trim11-tuned/kernel/lib/crypto/gf128mul.ko
  INSTALL /lib/modules/7.1.6-cachyos-trim11-tuned/kernel/lib/crypto/libcurve25519.ko
  INSTALL /lib/modules/7.1.6-cachyos-trim11-tuned/kernel/lib/crypto/libgf128hash.ko
  INSTALL /lib/modules/7.1.6-cachyos-trim11-tuned/kernel/lib/crypto/libmd5.ko
  INSTALL /lib/modules/7.1.6-cachyos-trim11-tuned/kernel/lib/reed_solomon/reed_solomon.ko
  INSTALL /lib/modules/7.1.6-cachyos-trim11-tuned/kernel/lib/lz4/lz4_decompress.ko
  INSTALL /lib/modules/7.1.6-cachyos-trim11-tuned/kernel/lib/ts_kmp.ko
  INSTALL /lib/modules/7.1.6-cachyos-trim11-tuned/kernel/lib/ts_bm.ko
  INSTALL /lib/modules/7.1.6-cachyos-trim11-tuned/kernel/lib/ts_fsm.ko
  INSTALL /lib/modules/7.1.6-cachyos-trim11-tuned/kernel/lib/asn1_decoder.ko
  INSTALL /lib/modules/7.1.6-cachyos-trim11-tuned/kernel/drivers/pinctrl/cirrus/pinctrl-cs42l43.ko
  INSTALL /lib/modules/7.1.6-cachyos-trim11-tuned/kernel/drivers/pinctrl/intel/pinctrl-lynxpoint.ko
  INSTALL /lib/modules/7.1.6-cachyos-trim11-tuned/kernel/drivers/pinctrl/intel/pinctrl-intel-platform.ko
  INSTALL /lib/modules/7.1.6-cachyos-trim11-tuned/kernel/drivers/pinctrl/intel/pinctrl-alderlake.ko
  INSTALL /lib/modules/7.1.6-cachyos-trim11-tuned/kernel/drivers/pinctrl/intel/pinctrl-broxton.ko
  INSTALL /lib/modules/7.1.6-cachyos-trim11-tuned/kernel/drivers/pinctrl/intel/pinctrl-cannonlake.ko
  INSTALL /lib/modules/7.1.6-cachyos-trim11-tuned/kernel/drivers/pinctrl/intel/pinctrl-cedarfork.ko
  INSTALL /lib/modules/7.1.6-cachyos-trim11-tuned/kernel/drivers/pinctrl/intel/pinctrl-denverton.ko
  INSTALL /lib/modules/7.1.6-cachyos-trim11-tuned/kernel/drivers/pinctrl/intel/pinctrl-elkhartlake.ko
  INSTALL /lib/modules/7.1.6-cachyos-trim11-tuned/kernel/drivers/pinctrl/intel/pinctrl-emmitsburg.ko
  INSTALL /lib/modules/7.1.6-cachyos-trim11-tuned/kernel/drivers/pinctrl/intel/pinctrl-geminilake.ko
  INSTALL /lib/modules/7.1.6-cachyos-trim11-tuned/kernel/drivers/pinctrl/intel/pinctrl-icelake.ko
  INSTALL /lib/modules/7.1.6-cachyos-trim11-tuned/kernel/drivers/pinctrl/intel/pinctrl-jasperlake.ko
  INSTALL /lib/modules/7.1.6-cachyos-trim11-tuned/kernel/drivers/pinctrl/intel/pinctrl-lakefield.ko
  INSTALL /lib/modules/7.1.6-cachyos-trim11-tuned/kernel/drivers/pinctrl/intel/pinctrl-lewisburg.ko
  INSTALL /lib/modules/7.1.6-cachyos-trim11-tuned/kernel/drivers/pinctrl/intel/pinctrl-meteorlake.ko
  INSTALL /lib/modules/7.1.6-cachyos-trim11-tuned/kernel/drivers/pinctrl/intel/pinctrl-meteorpoint.ko
  INSTALL /lib/modules/7.1.6-cachyos-trim11-tuned/kernel/drivers/pinctrl/intel/pinctrl-sunrisepoint.ko
  INSTALL /lib/modules/7.1.6-cachyos-trim11-tuned/kernel/drivers/pinctrl/intel/pinctrl-tigerlake.ko
  INSTALL /lib/modules/7.1.6-cachyos-trim11-tuned/kernel/drivers/pinctrl/pinctrl-cy8c95x0.ko
  INSTALL /lib/modules/7.1.6-cachyos-trim11-tuned/kernel/drivers/pinctrl/pinctrl-mcp23s08_i2c.ko
  INSTALL /lib/modules/7.1.6-cachyos-trim11-tuned/kernel/drivers/pinctrl/pinctrl-mcp23s08_spi.ko
  INSTALL /lib/modules/7.1.6-cachyos-trim11-tuned/kernel/drivers/pinctrl/pinctrl-mcp23s08.ko
  INSTALL /lib/modules/7.1.6-cachyos-trim11-tuned/kernel/drivers/pwm/pwm-lpss.ko
  INSTALL /lib/modules/7.1.6-cachyos-trim11-tuned/kernel/drivers/pwm/pwm-lpss-pci.ko
  INSTALL /lib/modules/7.1.6-cachyos-trim11-tuned/kernel/drivers/pwm/pwm-lpss-platform.ko
  INSTALL /lib/modules/7.1.6-cachyos-trim11-tuned/kernel/drivers/leds/trigger/ledtrig-timer.ko
  INSTALL /lib/modules/7.1.6-cachyos-trim11-tuned/kernel/drivers/leds/trigger/ledtrig-oneshot.ko
  INSTALL /lib/modules/7.1.6-cachyos-trim11-tuned/kernel/drivers/leds/trigger/ledtrig-heartbeat.ko
  INSTALL /lib/modules/7.1.6-cachyos-trim11-tuned/kernel/drivers/leds/trigger/ledtrig-backlight.ko
  INSTALL /lib/modules/7.1.6-cachyos-trim11-tuned/kernel/drivers/leds/trigger/ledtrig-gpio.ko
  INSTALL /lib/modules/7.1.6-cachyos-trim11-tuned/kernel/drivers/leds/trigger/ledtrig-activity.ko
  INSTALL /lib/modules/7.1.6-cachyos-trim11-tuned/kernel/drivers/leds/trigger/ledtrig-default-on.ko
  INSTALL /lib/modules/7.1.6-cachyos-trim11-tuned/kernel/drivers/leds/trigger/ledtrig-transient.ko
  INSTALL /lib/modules/7.1.6-cachyos-trim11-tuned/kernel/drivers/leds/trigger/ledtrig-camera.ko
  INSTALL /lib/modules/7.1.6-cachyos-trim11-tuned/kernel/drivers/leds/trigger/ledtrig-netdev.ko
  INSTALL /lib/modules/7.1.6-cachyos-trim11-tuned/kernel/drivers/leds/trigger/ledtrig-pattern.ko
  INSTALL /lib/modules/7.1.6-cachyos-trim11-tuned/kernel/drivers/leds/trigger/ledtrig-tty.ko
  INSTALL /lib/modules/7.1.6-cachyos-trim11-tuned/kernel/drivers/leds/trigger/ledtrig-input-events.ko
  INSTALL /lib/modules/7.1.6-cachyos-trim11-tuned/kernel/drivers/leds/led-class-flash.ko
  INSTALL /lib/modules/7.1.6-cachyos-trim11-tuned/kernel/drivers/leds/led-class-multicolor.ko
  INSTALL /lib/modules/7.1.6-cachyos-trim11-tuned/kernel/drivers/leds/uleds.ko
  INSTALL /lib/modules/7.1.6-cachyos-trim11-tuned/kernel/drivers/pci/hotplug/cpcihp_zt5550.ko
  INSTALL /lib/modules/7.1.6-cachyos-trim11-tuned/kernel/drivers/pci/hotplug/cpcihp_generic.ko
  INSTALL /lib/modules/7.1.6-cachyos-trim11-tuned/kernel/drivers/pci/hotplug/acpiphp_ibm.ko
  INSTALL /lib/modules/7.1.6-cachyos-trim11-tuned/kernel/drivers/pci/controller/vmd.ko
  INSTALL /lib/modules/7.1.6-cachyos-trim11-tuned/kernel/drivers/char/ipmi/ssif_bmc.ko
  INSTALL /lib/modules/7.1.6-cachyos-trim11-tuned/kernel/drivers/acpi/dptf/dptf_power.ko
  INSTALL /lib/modules/7.1.6-cachyos-trim11-tuned/kernel/drivers/acpi/dptf/dptf_pch_fivr.ko
  INSTALL /lib/modules/7.1.6-cachyos-trim11-tuned/kernel/drivers/acpi/video.ko
  INSTALL /lib/modules/7.1.6-cachyos-trim11-tuned/kernel/drivers/acpi/acpi_tad.ko
  INSTALL /lib/modules/7.1.6-cachyos-trim11-tuned/kernel/drivers/acpi/nfit/nfit.ko
  INSTALL /lib/modules/7.1.6-cachyos-trim11-tuned/kernel/drivers/acpi/sbshc.ko
  INSTALL /lib/modules/7.1.6-cachyos-trim11-tuned/kernel/drivers/acpi/sbs.ko
  INSTALL /lib/modules/7.1.6-cachyos-trim11-tuned/kernel/drivers/acpi/ec_sys.ko
  INSTALL /lib/modules/7.1.6-cachyos-trim11-tuned/kernel/drivers/acpi/pfr_update.ko
  INSTALL /lib/modules/7.1.6-cachyos-trim11-tuned/kernel/drivers/acpi/pfr_telemetry.ko
  INSTALL /lib/modules/7.1.6-cachyos-trim11-tuned/kernel/drivers/acpi/acpi_pad.ko
  INSTALL /lib/modules/7.1.6-cachyos-trim11-tuned/kernel/drivers/acpi/acpi_extlog.ko
  INSTALL /lib/modules/7.1.6-cachyos-trim11-tuned/kernel/drivers/acpi/acpi_configfs.ko
  INSTALL /lib/modules/7.1.6-cachyos-trim11-tuned/kernel/drivers/dma/virt-dma.ko
  INSTALL /lib/modules/7.1.6-cachyos-trim11-tuned/kernel/drivers/dma/hsu/hsu_dma.ko
  INSTALL /lib/modules/7.1.6-cachyos-trim11-tuned/kernel/drivers/dma/idma64.ko
  INSTALL /lib/modules/7.1.6-cachyos-trim11-tuned/kernel/drivers/dma/ioat/ioatdma.ko
  INSTALL /lib/modules/7.1.6-cachyos-trim11-tuned/kernel/drivers/virtio/virtio.ko
  INSTALL /lib/modules/7.1.6-cachyos-trim11-tuned/kernel/drivers/virtio/virtio_ring.ko
  INSTALL /lib/modules/7.1.6-cachyos-trim11-tuned/kernel/drivers/regulator/fixed.ko
  INSTALL /lib/modules/7.1.6-cachyos-trim11-tuned/kernel/drivers/regulator/virtual.ko
  INSTALL /lib/modules/7.1.6-cachyos-trim11-tuned/kernel/drivers/regulator/userspace-consumer.ko
  INSTALL /lib/modules/7.1.6-cachyos-trim11-tuned/kernel/drivers/regulator/gpio-regulator.ko
  INSTALL /lib/modules/7.1.6-cachyos-trim11-tuned/kernel/drivers/tty/serial/8250/8250_dw.ko
  INSTALL /lib/modules/7.1.6-cachyos-trim11-tuned/kernel/drivers/tty/serial/8250/8250_exar.ko
  INSTALL /lib/modules/7.1.6-cachyos-trim11-tuned/kernel/drivers/tty/serial/8250/8250_lpss.ko
  INSTALL /lib/modules/7.1.6-cachyos-trim11-tuned/kernel/drivers/tty/serial/8250/8250_mid.ko
  INSTALL /lib/modules/7.1.6-cachyos-trim11-tuned/kernel/drivers/tty/serial/8250/8250_ni.ko
  INSTALL /lib/modules/7.1.6-cachyos-trim11-tuned/kernel/drivers/tty/serial/8250/8250_pci1xxxx.ko
  INSTALL /lib/modules/7.1.6-cachyos-trim11-tuned/kernel/drivers/tty/serial/8250/8250_pericom.ko
  INSTALL /lib/modules/7.1.6-cachyos-trim11-tuned/kernel/drivers/tty/serial/arc_uart.ko
  INSTALL /lib/modules/7.1.6-cachyos-trim11-tuned/kernel/drivers/tty/serial/jsm/jsm.ko
  INSTALL /lib/modules/7.1.6-cachyos-trim11-tuned/kernel/drivers/tty/serial/max3100.ko
  INSTALL /lib/modules/7.1.6-cachyos-trim11-tuned/kernel/drivers/tty/serial/max310x.ko
  INSTALL /lib/modules/7.1.6-cachyos-trim11-tuned/kernel/drivers/tty/serial/rp2.ko
  INSTALL /lib/modules/7.1.6-cachyos-trim11-tuned/kernel/drivers/tty/serial/sc16is7xx.ko
  INSTALL /lib/modules/7.1.6-cachyos-trim11-tuned/kernel/drivers/tty/serial/sc16is7xx_spi.ko
  INSTALL /lib/modules/7.1.6-cachyos-trim11-tuned/kernel/drivers/tty/serial/sc16is7xx_i2c.ko
  INSTALL /lib/modules/7.1.6-cachyos-trim11-tuned/kernel/drivers/tty/serial/uartlite.ko
  INSTALL /lib/modules/7.1.6-cachyos-trim11-tuned/kernel/drivers/tty/n_hdlc.ko
  INSTALL /lib/modules/7.1.6-cachyos-trim11-tuned/kernel/drivers/char/hw_random/intel-rng.ko
  INSTALL /lib/modules/7.1.6-cachyos-trim11-tuned/kernel/drivers/char/agp/intel-gtt.ko
  INSTALL /lib/modules/7.1.6-cachyos-trim11-tuned/kernel/drivers/char/hangcheck-timer.ko
  INSTALL /lib/modules/7.1.6-cachyos-trim11-tuned/kernel/drivers/iommu/iommufd/iommufd.ko
  INSTALL /lib/modules/7.1.6-cachyos-trim11-tuned/kernel/drivers/base/regmap/regmap-i2c.ko
  INSTALL /lib/modules/7.1.6-cachyos-trim11-tuned/kernel/drivers/base/regmap/regmap-spi.ko
  INSTALL /lib/modules/7.1.6-cachyos-trim11-tuned/kernel/drivers/base/regmap/regmap-sdw.ko
  INSTALL /lib/modules/7.1.6-cachyos-trim11-tuned/kernel/drivers/base/regmap/regmap-sdw-mbq.ko
  INSTALL /lib/modules/7.1.6-cachyos-trim11-tuned/kernel/drivers/block/brd.ko
  INSTALL /lib/modules/7.1.6-cachyos-trim11-tuned/kernel/drivers/block/loop.ko
  INSTALL /lib/modules/7.1.6-cachyos-trim11-tuned/kernel/drivers/block/nbd.ko
  INSTALL /lib/modules/7.1.6-cachyos-trim11-tuned/kernel/drivers/block/mtip32xx/mtip32xx.ko
  INSTALL /lib/modules/7.1.6-cachyos-trim11-tuned/kernel/drivers/block/zram/zram.ko
  INSTALL /lib/modules/7.1.6-cachyos-trim11-tuned/kernel/drivers/block/null_blk/null_blk.ko
  INSTALL /lib/modules/7.1.6-cachyos-trim11-tuned/kernel/drivers/block/ublk_drv.ko
  INSTALL /lib/modules/7.1.6-cachyos-trim11-tuned/kernel/drivers/misc/eeprom/eeprom_93cx6.ko
  INSTALL /lib/modules/7.1.6-cachyos-trim11-tuned/kernel/drivers/misc/cardreader/rtsx_pci.ko
  INSTALL /lib/modules/7.1.6-cachyos-trim11-tuned/kernel/drivers/misc/cardreader/rtsx_usb.ko
  INSTALL /lib/modules/7.1.6-cachyos-trim11-tuned/kernel/drivers/misc/mei/mei.ko
  INSTALL /lib/modules/7.1.6-cachyos-trim11-tuned/kernel/drivers/misc/mei/mei-me.ko
  INSTALL /lib/modules/7.1.6-cachyos-trim11-tuned/kernel/drivers/misc/mei/hdcp/mei_hdcp.ko
  INSTALL /lib/modules/7.1.6-cachyos-trim11-tuned/kernel/drivers/misc/ntsync.ko
  INSTALL /lib/modules/7.1.6-cachyos-trim11-tuned/kernel/drivers/mfd/cs42l43.ko
  INSTALL /lib/modules/7.1.6-cachyos-trim11-tuned/kernel/drivers/mfd/cs42l43-sdw.ko
  INSTALL /lib/modules/7.1.6-cachyos-trim11-tuned/kernel/drivers/mfd/mfd-core.ko
  INSTALL /lib/modules/7.1.6-cachyos-trim11-tuned/kernel/drivers/mfd/ocelot-soc.ko
  INSTALL /lib/modules/7.1.6-cachyos-trim11-tuned/kernel/drivers/mfd/lpc_sch.ko
  INSTALL /lib/modules/7.1.6-cachyos-trim11-tuned/kernel/drivers/mfd/lpc_ich.ko
  INSTALL /lib/modules/7.1.6-cachyos-trim11-tuned/kernel/drivers/mfd/rdc321x-southbridge.ko
  INSTALL /lib/modules/7.1.6-cachyos-trim11-tuned/kernel/drivers/mfd/vx855.ko
  INSTALL /lib/modules/7.1.6-cachyos-trim11-tuned/kernel/drivers/scsi/raid_class.ko
  INSTALL /lib/modules/7.1.6-cachyos-trim11-tuned/kernel/drivers/scsi/sg.ko
  INSTALL /lib/modules/7.1.6-cachyos-trim11-tuned/kernel/drivers/scsi/vhba/vhba.ko
  INSTALL /lib/modules/7.1.6-cachyos-trim11-tuned/kernel/drivers/ata/ahci_platform.ko
  INSTALL /lib/modules/7.1.6-cachyos-trim11-tuned/kernel/drivers/ata/libahci_platform.ko
  INSTALL /lib/modules/7.1.6-cachyos-trim11-tuned/kernel/drivers/gpu/drm/display/drm_display_helper.ko
  INSTALL /lib/modules/7.1.6-cachyos-trim11-tuned/kernel/drivers/gpu/drm/bridge/analogix/analogix-anx78xx.ko
  INSTALL /lib/modules/7.1.6-cachyos-trim11-tuned/kernel/drivers/gpu/drm/bridge/analogix/analogix_dp.ko
  INSTALL /lib/modules/7.1.6-cachyos-trim11-tuned/kernel/drivers/gpu/drm/drm_buddy.ko
  INSTALL /lib/modules/7.1.6-cachyos-trim11-tuned/kernel/drivers/gpu/drm/drm_vram_helper.ko
  INSTALL /lib/modules/7.1.6-cachyos-trim11-tuned/kernel/drivers/gpu/drm/drm_ttm_helper.ko
  INSTALL /lib/modules/7.1.6-cachyos-trim11-tuned/kernel/drivers/gpu/drm/ttm/ttm.ko
  INSTALL /lib/modules/7.1.6-cachyos-trim11-tuned/kernel/drivers/gpu/drm/i915/i915.ko
  INSTALL /lib/modules/7.1.6-cachyos-trim11-tuned/kernel/drivers/gpu/drm/vboxvideo/vboxvideo.ko
  INSTALL /lib/modules/7.1.6-cachyos-trim11-tuned/kernel/drivers/spi/spi-mux.ko
  INSTALL /lib/modules/7.1.6-cachyos-trim11-tuned/kernel/drivers/spi/spidev.ko
  INSTALL /lib/modules/7.1.6-cachyos-trim11-tuned/kernel/drivers/spi/spi-loopback-test.ko
  INSTALL /lib/modules/7.1.6-cachyos-trim11-tuned/kernel/drivers/spi/spi-axi-spi-engine.ko
  INSTALL /lib/modules/7.1.6-cachyos-trim11-tuned/kernel/drivers/spi/spi-bitbang.ko
  INSTALL /lib/modules/7.1.6-cachyos-trim11-tuned/kernel/drivers/spi/spi-cadence.ko
  INSTALL /lib/modules/7.1.6-cachyos-trim11-tuned/kernel/drivers/spi/spi-ch341.ko
  INSTALL /lib/modules/7.1.6-cachyos-trim11-tuned/kernel/drivers/spi/spi-cs42l43.ko
  INSTALL /lib/modules/7.1.6-cachyos-trim11-tuned/kernel/drivers/spi/spi-dw.ko
  INSTALL /lib/modules/7.1.6-cachyos-trim11-tuned/kernel/drivers/spi/spi-dw-mmio.ko
  INSTALL /lib/modules/7.1.6-cachyos-trim11-tuned/kernel/drivers/spi/spi-dw-pci.ko
  INSTALL /lib/modules/7.1.6-cachyos-trim11-tuned/kernel/drivers/spi/spi-gpio.ko
  INSTALL /lib/modules/7.1.6-cachyos-trim11-tuned/kernel/drivers/spi/spi-intel.ko
  INSTALL /lib/modules/7.1.6-cachyos-trim11-tuned/kernel/drivers/spi/spi-intel-pci.ko
  INSTALL /lib/modules/7.1.6-cachyos-trim11-tuned/kernel/drivers/spi/spi-intel-platform.ko
  INSTALL /lib/modules/7.1.6-cachyos-trim11-tuned/kernel/drivers/spi/spi-mxic.ko
  INSTALL /lib/modules/7.1.6-cachyos-trim11-tuned/kernel/drivers/spi/spi-oc-tiny.ko
  INSTALL /lib/modules/7.1.6-cachyos-trim11-tuned/kernel/drivers/spi/spi-pci1xxxx.ko
  INSTALL /lib/modules/7.1.6-cachyos-trim11-tuned/kernel/drivers/spi/spi-pxa2xx-core.ko
  INSTALL /lib/modules/7.1.6-cachyos-trim11-tuned/kernel/drivers/spi/spi-pxa2xx-platform.ko
  INSTALL /lib/modules/7.1.6-cachyos-trim11-tuned/kernel/drivers/spi/spi-pxa2xx-pci.ko
  INSTALL /lib/modules/7.1.6-cachyos-trim11-tuned/kernel/drivers/spi/spi-sc18is602.ko
  INSTALL /lib/modules/7.1.6-cachyos-trim11-tuned/kernel/drivers/spi/spi-tle62x0.ko
  INSTALL /lib/modules/7.1.6-cachyos-trim11-tuned/kernel/drivers/spi/spi-virtio.ko
  INSTALL /lib/modules/7.1.6-cachyos-trim11-tuned/kernel/drivers/spi/spi-xcomm.ko
  INSTALL /lib/modules/7.1.6-cachyos-trim11-tuned/kernel/drivers/spi/spi-slave-time.ko
  INSTALL /lib/modules/7.1.6-cachyos-trim11-tuned/kernel/drivers/spi/spi-slave-system-control.ko
  INSTALL /lib/modules/7.1.6-cachyos-trim11-tuned/kernel/drivers/spi/spi-offload-trigger-pwm.ko
  INSTALL /lib/modules/7.1.6-cachyos-trim11-tuned/kernel/drivers/spi/spi-offload-trigger-adi-util-sigma-delta.ko
  INSTALL /lib/modules/7.1.6-cachyos-trim11-tuned/kernel/drivers/net/phy/mdio_bus.ko
  INSTALL /lib/modules/7.1.6-cachyos-trim11-tuned/kernel/drivers/net/phy/phylink.ko
  INSTALL /lib/modules/7.1.6-cachyos-trim11-tuned/kernel/drivers/net/phy/libphy.ko
  INSTALL /lib/modules/7.1.6-cachyos-trim11-tuned/kernel/drivers/net/phy/mdio_devres.ko
  INSTALL /lib/modules/7.1.6-cachyos-trim11-tuned/kernel/drivers/net/phy/phy_package.ko
  INSTALL /lib/modules/7.1.6-cachyos-trim11-tuned/kernel/drivers/net/phy/sfp.ko
  INSTALL /lib/modules/7.1.6-cachyos-trim11-tuned/kernel/drivers/net/phy/aquantia/aquantia.ko
  INSTALL /lib/modules/7.1.6-cachyos-trim11-tuned/kernel/drivers/net/phy/ax88796b.ko
  INSTALL /lib/modules/7.1.6-cachyos-trim11-tuned/kernel/drivers/net/phy/dp83640.ko
  INSTALL /lib/modules/7.1.6-cachyos-trim11-tuned/kernel/drivers/net/phy/fixed_phy.ko
  INSTALL /lib/modules/7.1.6-cachyos-trim11-tuned/kernel/drivers/net/phy/mxl-gpy.ko
  INSTALL /lib/modules/7.1.6-cachyos-trim11-tuned/kernel/drivers/net/phy/microchip.ko
  INSTALL /lib/modules/7.1.6-cachyos-trim11-tuned/kernel/drivers/net/phy/realtek/realtek.ko
  INSTALL /lib/modules/7.1.6-cachyos-trim11-tuned/kernel/drivers/net/phy/smsc.ko
  INSTALL /lib/modules/7.1.6-cachyos-trim11-tuned/kernel/drivers/net/phy/ste10Xp.ko
  INSTALL /lib/modules/7.1.6-cachyos-trim11-tuned/kernel/drivers/net/pse-pd/pse_regulator.ko
  INSTALL /lib/modules/7.1.6-cachyos-trim11-tuned/kernel/drivers/net/pse-pd/pd692x0.ko
  INSTALL /lib/modules/7.1.6-cachyos-trim11-tuned/kernel/drivers/net/pse-pd/si3474.ko
  INSTALL /lib/modules/7.1.6-cachyos-trim11-tuned/kernel/drivers/net/pse-pd/tps23881.ko
  INSTALL /lib/modules/7.1.6-cachyos-trim11-tuned/kernel/drivers/net/mdio/acpi_mdio.ko
  INSTALL /lib/modules/7.1.6-cachyos-trim11-tuned/kernel/drivers/net/mdio/fwnode_mdio.ko
  INSTALL /lib/modules/7.1.6-cachyos-trim11-tuned/kernel/drivers/net/mdio/mdio-bitbang.ko
  INSTALL /lib/modules/7.1.6-cachyos-trim11-tuned/kernel/drivers/net/mdio/mdio-cavium.ko
  INSTALL /lib/modules/7.1.6-cachyos-trim11-tuned/kernel/drivers/net/mdio/mdio-gpio.ko
  INSTALL /lib/modules/7.1.6-cachyos-trim11-tuned/kernel/drivers/net/mdio/mdio-i2c.ko
  INSTALL /lib/modules/7.1.6-cachyos-trim11-tuned/kernel/drivers/net/mdio/mdio-mscc-miim.ko
  INSTALL /lib/modules/7.1.6-cachyos-trim11-tuned/kernel/drivers/net/mdio/mdio-mvusb.ko
  INSTALL /lib/modules/7.1.6-cachyos-trim11-tuned/kernel/drivers/net/mdio/mdio-thunder.ko
  INSTALL /lib/modules/7.1.6-cachyos-trim11-tuned/kernel/drivers/net/pcs/pcs_xpcs.ko
  INSTALL /lib/modules/7.1.6-cachyos-trim11-tuned/kernel/drivers/net/ethernet/realtek/8139cp.ko
  INSTALL /lib/modules/7.1.6-cachyos-trim11-tuned/kernel/drivers/net/ethernet/realtek/8139too.ko
  INSTALL /lib/modules/7.1.6-cachyos-trim11-tuned/kernel/drivers/net/ethernet/realtek/r8169.ko
  INSTALL /lib/modules/7.1.6-cachyos-trim11-tuned/kernel/drivers/net/ethernet/realtek/rtase/rtase.ko
  INSTALL /lib/modules/7.1.6-cachyos-trim11-tuned/kernel/drivers/net/ethernet/ec_bhf.ko
  INSTALL /lib/modules/7.1.6-cachyos-trim11-tuned/kernel/drivers/net/ethernet/jme.ko
  INSTALL /lib/modules/7.1.6-cachyos-trim11-tuned/kernel/drivers/net/ethernet/fealnx.ko
  INSTALL /lib/modules/7.1.6-cachyos-trim11-tuned/kernel/drivers/net/ethernet/ethoc.ko
  INSTALL /lib/modules/7.1.6-cachyos-trim11-tuned/kernel/drivers/net/wireless/ath/carl9170/carl9170.ko
  INSTALL /lib/modules/7.1.6-cachyos-trim11-tuned/kernel/drivers/net/wireless/ath/ar5523/ar5523.ko
  INSTALL /lib/modules/7.1.6-cachyos-trim11-tuned/kernel/drivers/net/wireless/ath/ath.ko
  INSTALL /lib/modules/7.1.6-cachyos-trim11-tuned/kernel/drivers/net/wireless/ralink/rt2x00/rt2x00lib.ko
  INSTALL /lib/modules/7.1.6-cachyos-trim11-tuned/kernel/drivers/net/wireless/ralink/rt2x00/rt2x00usb.ko
  INSTALL /lib/modules/7.1.6-cachyos-trim11-tuned/kernel/drivers/net/wireless/ralink/rt2x00/rt2800lib.ko
  INSTALL /lib/modules/7.1.6-cachyos-trim11-tuned/kernel/drivers/net/wireless/ralink/rt2x00/rt2500usb.ko
  INSTALL /lib/modules/7.1.6-cachyos-trim11-tuned/kernel/drivers/net/wireless/ralink/rt2x00/rt73usb.ko
  INSTALL /lib/modules/7.1.6-cachyos-trim11-tuned/kernel/drivers/net/wireless/ralink/rt2x00/rt2800usb.ko
  INSTALL /lib/modules/7.1.6-cachyos-trim11-tuned/kernel/drivers/net/wireless/realtek/rtl818x/rtl8187/rtl8187.ko
  INSTALL /lib/modules/7.1.6-cachyos-trim11-tuned/kernel/drivers/net/wireless/realtek/rtl8xxxu/rtl8xxxu.ko
  INSTALL /lib/modules/7.1.6-cachyos-trim11-tuned/kernel/drivers/net/wireless/realtek/rtw89/rtw89_core.ko
  INSTALL /lib/modules/7.1.6-cachyos-trim11-tuned/kernel/drivers/net/wireless/realtek/rtw89/rtw89_8852b_common.ko
  INSTALL /lib/modules/7.1.6-cachyos-trim11-tuned/kernel/drivers/net/wireless/realtek/rtw89/rtw89_8852b.ko
  INSTALL /lib/modules/7.1.6-cachyos-trim11-tuned/kernel/drivers/net/wireless/realtek/rtw89/rtw89_8852be.ko
  INSTALL /lib/modules/7.1.6-cachyos-trim11-tuned/kernel/drivers/net/wireless/realtek/rtw89/rtw89_8852bu.ko
  INSTALL /lib/modules/7.1.6-cachyos-trim11-tuned/kernel/drivers/net/wireless/realtek/rtw89/rtw89_pci.ko
  INSTALL /lib/modules/7.1.6-cachyos-trim11-tuned/kernel/drivers/net/wireless/realtek/rtw89/rtw89_usb.ko
  INSTALL /lib/modules/7.1.6-cachyos-trim11-tuned/kernel/drivers/net/wireless/virtual/mac80211_hwsim.ko
  INSTALL /lib/modules/7.1.6-cachyos-trim11-tuned/kernel/drivers/net/wireless/virtual/virt_wifi.ko
  INSTALL /lib/modules/7.1.6-cachyos-trim11-tuned/kernel/drivers/net/bonding/bonding.ko
  INSTALL /lib/modules/7.1.6-cachyos-trim11-tuned/kernel/drivers/net/ipvlan/ipvlan.ko
  INSTALL /lib/modules/7.1.6-cachyos-trim11-tuned/kernel/drivers/net/ipvlan/ipvtap.ko
  INSTALL /lib/modules/7.1.6-cachyos-trim11-tuned/kernel/drivers/net/dummy.ko
  INSTALL /lib/modules/7.1.6-cachyos-trim11-tuned/kernel/drivers/net/wireguard/wireguard.ko
  INSTALL /lib/modules/7.1.6-cachyos-trim11-tuned/kernel/drivers/net/ifb.ko
  INSTALL /lib/modules/7.1.6-cachyos-trim11-tuned/kernel/drivers/net/macsec.ko
  INSTALL /lib/modules/7.1.6-cachyos-trim11-tuned/kernel/drivers/net/macvlan.ko
  INSTALL /lib/modules/7.1.6-cachyos-trim11-tuned/kernel/drivers/net/macvtap.ko
  INSTALL /lib/modules/7.1.6-cachyos-trim11-tuned/kernel/drivers/net/mii.ko
  INSTALL /lib/modules/7.1.6-cachyos-trim11-tuned/kernel/drivers/net/netconsole.ko
  INSTALL /lib/modules/7.1.6-cachyos-trim11-tuned/kernel/drivers/net/tun.ko
  INSTALL /lib/modules/7.1.6-cachyos-trim11-tuned/kernel/drivers/net/tap.ko
  INSTALL /lib/modules/7.1.6-cachyos-trim11-tuned/kernel/drivers/net/veth.ko
  INSTALL /lib/modules/7.1.6-cachyos-trim11-tuned/kernel/drivers/net/vxlan/vxlan.ko
  INSTALL /lib/modules/7.1.6-cachyos-trim11-tuned/kernel/drivers/net/geneve.ko
  INSTALL /lib/modules/7.1.6-cachyos-trim11-tuned/kernel/drivers/net/vrf.ko
  INSTALL /lib/modules/7.1.6-cachyos-trim11-tuned/kernel/drivers/net/usb/catc.ko
  INSTALL /lib/modules/7.1.6-cachyos-trim11-tuned/kernel/drivers/net/usb/kaweth.ko
  INSTALL /lib/modules/7.1.6-cachyos-trim11-tuned/kernel/drivers/net/usb/pegasus.ko
  INSTALL /lib/modules/7.1.6-cachyos-trim11-tuned/kernel/drivers/net/usb/rtl8150.ko
  INSTALL /lib/modules/7.1.6-cachyos-trim11-tuned/kernel/drivers/net/usb/r8152.ko
  INSTALL /lib/modules/7.1.6-cachyos-trim11-tuned/kernel/drivers/net/usb/hso.ko
  INSTALL /lib/modules/7.1.6-cachyos-trim11-tuned/kernel/drivers/net/usb/lan78xx.ko
  INSTALL /lib/modules/7.1.6-cachyos-trim11-tuned/kernel/drivers/net/usb/asix.ko
  INSTALL /lib/modules/7.1.6-cachyos-trim11-tuned/kernel/drivers/net/usb/ax88179_178a.ko
  INSTALL /lib/modules/7.1.6-cachyos-trim11-tuned/kernel/drivers/net/usb/cdc_ether.ko
  INSTALL /lib/modules/7.1.6-cachyos-trim11-tuned/kernel/drivers/net/usb/cdc_eem.ko
  INSTALL /lib/modules/7.1.6-cachyos-trim11-tuned/kernel/drivers/net/usb/dm9601.ko
  INSTALL /lib/modules/7.1.6-cachyos-trim11-tuned/kernel/drivers/net/usb/sr9700.ko
  INSTALL /lib/modules/7.1.6-cachyos-trim11-tuned/kernel/drivers/net/usb/sr9800.ko
  INSTALL /lib/modules/7.1.6-cachyos-trim11-tuned/kernel/drivers/net/usb/smsc75xx.ko
  INSTALL /lib/modules/7.1.6-cachyos-trim11-tuned/kernel/drivers/net/usb/smsc95xx.ko
  INSTALL /lib/modules/7.1.6-cachyos-trim11-tuned/kernel/drivers/net/usb/gl620a.ko
  INSTALL /lib/modules/7.1.6-cachyos-trim11-tuned/kernel/drivers/net/usb/net1080.ko
  INSTALL /lib/modules/7.1.6-cachyos-trim11-tuned/kernel/drivers/net/usb/plusb.ko
  INSTALL /lib/modules/7.1.6-cachyos-trim11-tuned/kernel/drivers/net/usb/rndis_host.ko
  INSTALL /lib/modules/7.1.6-cachyos-trim11-tuned/kernel/drivers/net/usb/cdc_subset.ko
  INSTALL /lib/modules/7.1.6-cachyos-trim11-tuned/kernel/drivers/net/usb/zaurus.ko
  INSTALL /lib/modules/7.1.6-cachyos-trim11-tuned/kernel/drivers/net/usb/mcs7830.ko
  INSTALL /lib/modules/7.1.6-cachyos-trim11-tuned/kernel/drivers/net/usb/usbnet.ko
  INSTALL /lib/modules/7.1.6-cachyos-trim11-tuned/kernel/drivers/net/usb/int51x1.ko
  INSTALL /lib/modules/7.1.6-cachyos-trim11-tuned/kernel/drivers/net/usb/kalmia.ko
  INSTALL /lib/modules/7.1.6-cachyos-trim11-tuned/kernel/drivers/net/usb/ipheth.ko
  INSTALL /lib/modules/7.1.6-cachyos-trim11-tuned/kernel/drivers/net/usb/sierra_net.ko
  INSTALL /lib/modules/7.1.6-cachyos-trim11-tuned/kernel/drivers/net/usb/cx82310_eth.ko
  INSTALL /lib/modules/7.1.6-cachyos-trim11-tuned/kernel/drivers/net/usb/cdc_ncm.ko
  INSTALL /lib/modules/7.1.6-cachyos-trim11-tuned/kernel/drivers/net/usb/huawei_cdc_ncm.ko
  INSTALL /lib/modules/7.1.6-cachyos-trim11-tuned/kernel/drivers/net/usb/lg-vl600.ko
  INSTALL /lib/modules/7.1.6-cachyos-trim11-tuned/kernel/drivers/net/usb/qmi_wwan.ko
  INSTALL /lib/modules/7.1.6-cachyos-trim11-tuned/kernel/drivers/net/usb/cdc_mbim.ko
  INSTALL /lib/modules/7.1.6-cachyos-trim11-tuned/kernel/drivers/net/usb/ch9200.ko
  INSTALL /lib/modules/7.1.6-cachyos-trim11-tuned/kernel/drivers/net/usb/aqc111.ko
  INSTALL /lib/modules/7.1.6-cachyos-trim11-tuned/kernel/drivers/net/usb/r8153_ecm.ko
  INSTALL /lib/modules/7.1.6-cachyos-trim11-tuned/kernel/drivers/net/thunderbolt/thunderbolt_net.ko
  INSTALL /lib/modules/7.1.6-cachyos-trim11-tuned/kernel/drivers/net/net_failover.ko
  INSTALL /lib/modules/7.1.6-cachyos-trim11-tuned/kernel/drivers/usb/common/ulpi.ko
  INSTALL /lib/modules/7.1.6-cachyos-trim11-tuned/kernel/drivers/usb/core/ledtrig-usbport.ko
  INSTALL /lib/modules/7.1.6-cachyos-trim11-tuned/kernel/drivers/usb/phy/phy-generic.ko
  INSTALL /lib/modules/7.1.6-cachyos-trim11-tuned/kernel/drivers/usb/phy/phy-gpio-vbus-usb.ko
  INSTALL /lib/modules/7.1.6-cachyos-trim11-tuned/kernel/drivers/usb/phy/phy-isp1301.ko
  INSTALL /lib/modules/7.1.6-cachyos-trim11-tuned/kernel/drivers/usb/host/xhci-pci-renesas.ko
  INSTALL /lib/modules/7.1.6-cachyos-trim11-tuned/kernel/drivers/usb/host/xhci-plat-hcd.ko
  INSTALL /lib/modules/7.1.6-cachyos-trim11-tuned/kernel/drivers/usb/storage/uas.ko
  INSTALL /lib/modules/7.1.6-cachyos-trim11-tuned/kernel/drivers/usb/storage/usb-storage.ko
  INSTALL /lib/modules/7.1.6-cachyos-trim11-tuned/kernel/drivers/usb/storage/ums-realtek.ko
  INSTALL /lib/modules/7.1.6-cachyos-trim11-tuned/kernel/drivers/usb/serial/ch341.ko
  INSTALL /lib/modules/7.1.6-cachyos-trim11-tuned/kernel/drivers/usb/serial/cp210x.ko
  INSTALL /lib/modules/7.1.6-cachyos-trim11-tuned/kernel/drivers/usb/serial/ftdi_sio.ko
  INSTALL /lib/modules/7.1.6-cachyos-trim11-tuned/kernel/drivers/usb/serial/pl2303.ko
  INSTALL /lib/modules/7.1.6-cachyos-trim11-tuned/kernel/drivers/usb/serial/usb-serial-simple.ko
  INSTALL /lib/modules/7.1.6-cachyos-trim11-tuned/kernel/drivers/usb/misc/ezusb.ko
  INSTALL /lib/modules/7.1.6-cachyos-trim11-tuned/kernel/drivers/usb/mon/usbmon.ko
  INSTALL /lib/modules/7.1.6-cachyos-trim11-tuned/kernel/drivers/usb/class/cdc-acm.ko
  INSTALL /lib/modules/7.1.6-cachyos-trim11-tuned/kernel/drivers/usb/class/usblp.ko
  INSTALL /lib/modules/7.1.6-cachyos-trim11-tuned/kernel/drivers/usb/class/cdc-wdm.ko
  INSTALL /lib/modules/7.1.6-cachyos-trim11-tuned/kernel/drivers/usb/typec/typec.ko
  INSTALL /lib/modules/7.1.6-cachyos-trim11-tuned/kernel/drivers/usb/typec/altmodes/typec_displayport.ko
  INSTALL /lib/modules/7.1.6-cachyos-trim11-tuned/kernel/drivers/usb/typec/altmodes/typec_nvidia.ko
  INSTALL /lib/modules/7.1.6-cachyos-trim11-tuned/kernel/drivers/usb/typec/altmodes/typec_thunderbolt.ko
  INSTALL /lib/modules/7.1.6-cachyos-trim11-tuned/kernel/drivers/usb/typec/ucsi/typec_ucsi.ko
  INSTALL /lib/modules/7.1.6-cachyos-trim11-tuned/kernel/drivers/usb/typec/ucsi/ucsi_acpi.ko
  INSTALL /lib/modules/7.1.6-cachyos-trim11-tuned/kernel/drivers/usb/typec/ucsi/ucsi_ccg.ko
  INSTALL /lib/modules/7.1.6-cachyos-trim11-tuned/kernel/drivers/usb/typec/ucsi/ucsi_stm32g0.ko
  INSTALL /lib/modules/7.1.6-cachyos-trim11-tuned/kernel/drivers/usb/roles/roles.ko
  INSTALL /lib/modules/7.1.6-cachyos-trim11-tuned/kernel/drivers/usb/roles/intel-xhci-usb-role-switch.ko
  INSTALL /lib/modules/7.1.6-cachyos-trim11-tuned/kernel/drivers/input/serio/serport.ko
  INSTALL /lib/modules/7.1.6-cachyos-trim11-tuned/kernel/drivers/input/serio/pcips2.ko
  INSTALL /lib/modules/7.1.6-cachyos-trim11-tuned/kernel/drivers/input/serio/ps2mult.ko
  INSTALL /lib/modules/7.1.6-cachyos-trim11-tuned/kernel/drivers/input/serio/serio_raw.ko
  INSTALL /lib/modules/7.1.6-cachyos-trim11-tuned/kernel/drivers/input/serio/ps2-gpio.ko
  INSTALL /lib/modules/7.1.6-cachyos-trim11-tuned/kernel/drivers/input/serio/userio.ko
  INSTALL /lib/modules/7.1.6-cachyos-trim11-tuned/kernel/drivers/input/keyboard/adp5588-keys.ko
  INSTALL /lib/modules/7.1.6-cachyos-trim11-tuned/kernel/drivers/input/keyboard/cypress-sf.ko
  INSTALL /lib/modules/7.1.6-cachyos-trim11-tuned/kernel/drivers/input/keyboard/dlink-dir685-touchkeys.ko
  INSTALL /lib/modules/7.1.6-cachyos-trim11-tuned/kernel/drivers/input/keyboard/gpio_keys.ko
  INSTALL /lib/modules/7.1.6-cachyos-trim11-tuned/kernel/drivers/input/keyboard/gpio_keys_polled.ko
  INSTALL /lib/modules/7.1.6-cachyos-trim11-tuned/kernel/drivers/input/keyboard/tca8418_keypad.ko
  INSTALL /lib/modules/7.1.6-cachyos-trim11-tuned/kernel/drivers/input/keyboard/lkkbd.ko
  INSTALL /lib/modules/7.1.6-cachyos-trim11-tuned/kernel/drivers/input/keyboard/lm8323.ko
  INSTALL /lib/modules/7.1.6-cachyos-trim11-tuned/kernel/drivers/input/keyboard/lm8333.ko
  INSTALL /lib/modules/7.1.6-cachyos-trim11-tuned/kernel/drivers/input/keyboard/matrix_keypad.ko
  INSTALL /lib/modules/7.1.6-cachyos-trim11-tuned/kernel/drivers/input/keyboard/max7359_keypad.ko
  INSTALL /lib/modules/7.1.6-cachyos-trim11-tuned/kernel/drivers/input/keyboard/mpr121_touchkey.ko
  INSTALL /lib/modules/7.1.6-cachyos-trim11-tuned/kernel/drivers/input/keyboard/newtonkbd.ko
  INSTALL /lib/modules/7.1.6-cachyos-trim11-tuned/kernel/drivers/input/keyboard/opencores-kbd.ko
  INSTALL /lib/modules/7.1.6-cachyos-trim11-tuned/kernel/drivers/input/keyboard/pinephone-keyboard.ko
  INSTALL /lib/modules/7.1.6-cachyos-trim11-tuned/kernel/drivers/input/keyboard/qt1050.ko
  INSTALL /lib/modules/7.1.6-cachyos-trim11-tuned/kernel/drivers/input/keyboard/qt1070.ko
  INSTALL /lib/modules/7.1.6-cachyos-trim11-tuned/kernel/drivers/input/keyboard/qt2160.ko
  INSTALL /lib/modules/7.1.6-cachyos-trim11-tuned/kernel/drivers/input/keyboard/stowaway.ko
  INSTALL /lib/modules/7.1.6-cachyos-trim11-tuned/kernel/drivers/input/keyboard/sunkbd.ko
  INSTALL /lib/modules/7.1.6-cachyos-trim11-tuned/kernel/drivers/input/keyboard/tm2-touchkey.ko
  INSTALL /lib/modules/7.1.6-cachyos-trim11-tuned/kernel/drivers/input/keyboard/xtkbd.ko
  INSTALL /lib/modules/7.1.6-cachyos-trim11-tuned/kernel/drivers/input/mouse/cyapatp.ko
  INSTALL /lib/modules/7.1.6-cachyos-trim11-tuned/kernel/drivers/input/mouse/elan_i2c.ko
  INSTALL /lib/modules/7.1.6-cachyos-trim11-tuned/kernel/drivers/input/mouse/gpio_mouse.ko
  INSTALL /lib/modules/7.1.6-cachyos-trim11-tuned/kernel/drivers/input/mouse/psmouse.ko
  INSTALL /lib/modules/7.1.6-cachyos-trim11-tuned/kernel/drivers/input/mouse/sermouse.ko
  INSTALL /lib/modules/7.1.6-cachyos-trim11-tuned/kernel/drivers/input/mouse/synaptics_i2c.ko
  INSTALL /lib/modules/7.1.6-cachyos-trim11-tuned/kernel/drivers/input/mouse/synaptics_usb.ko
  INSTALL /lib/modules/7.1.6-cachyos-trim11-tuned/kernel/drivers/input/mouse/vsxxxaa.ko
  INSTALL /lib/modules/7.1.6-cachyos-trim11-tuned/kernel/drivers/input/joystick/xpad.ko
  INSTALL /lib/modules/7.1.6-cachyos-trim11-tuned/kernel/drivers/input/tablet/acecad.ko
  INSTALL /lib/modules/7.1.6-cachyos-trim11-tuned/kernel/drivers/input/tablet/aiptek.ko
  INSTALL /lib/modules/7.1.6-cachyos-trim11-tuned/kernel/drivers/input/tablet/hanwang.ko
  INSTALL /lib/modules/7.1.6-cachyos-trim11-tuned/kernel/drivers/input/tablet/kbtab.ko
  INSTALL /lib/modules/7.1.6-cachyos-trim11-tuned/kernel/drivers/input/tablet/pegasus_notetaker.ko
  INSTALL /lib/modules/7.1.6-cachyos-trim11-tuned/kernel/drivers/input/tablet/wacom_serial4.ko
  INSTALL /lib/modules/7.1.6-cachyos-trim11-tuned/kernel/drivers/input/misc/ad714x.ko
  INSTALL /lib/modules/7.1.6-cachyos-trim11-tuned/kernel/drivers/input/misc/ad714x-i2c.ko
  INSTALL /lib/modules/7.1.6-cachyos-trim11-tuned/kernel/drivers/input/misc/ad714x-spi.ko
  INSTALL /lib/modules/7.1.6-cachyos-trim11-tuned/kernel/drivers/input/misc/adxl34x.ko
  INSTALL /lib/modules/7.1.6-cachyos-trim11-tuned/kernel/drivers/input/misc/adxl34x-i2c.ko
  INSTALL /lib/modules/7.1.6-cachyos-trim11-tuned/kernel/drivers/input/misc/adxl34x-spi.ko
  INSTALL /lib/modules/7.1.6-cachyos-trim11-tuned/kernel/drivers/input/misc/apanel.ko
  INSTALL /lib/modules/7.1.6-cachyos-trim11-tuned/kernel/drivers/input/misc/atlas_btns.ko
  INSTALL /lib/modules/7.1.6-cachyos-trim11-tuned/kernel/drivers/input/misc/aw86927.ko
  INSTALL /lib/modules/7.1.6-cachyos-trim11-tuned/kernel/drivers/input/misc/bma150.ko
  INSTALL /lib/modules/7.1.6-cachyos-trim11-tuned/kernel/drivers/input/misc/cm109.ko
  INSTALL /lib/modules/7.1.6-cachyos-trim11-tuned/kernel/drivers/input/misc/cma3000_d0x.ko
  INSTALL /lib/modules/7.1.6-cachyos-trim11-tuned/kernel/drivers/input/misc/cma3000_d0x_i2c.ko
  INSTALL /lib/modules/7.1.6-cachyos-trim11-tuned/kernel/drivers/input/misc/da7280.ko
  INSTALL /lib/modules/7.1.6-cachyos-trim11-tuned/kernel/drivers/input/misc/e3x0-button.ko
  INSTALL /lib/modules/7.1.6-cachyos-trim11-tuned/kernel/drivers/input/misc/drv260x.ko
  INSTALL /lib/modules/7.1.6-cachyos-trim11-tuned/kernel/drivers/input/misc/drv2665.ko
  INSTALL /lib/modules/7.1.6-cachyos-trim11-tuned/kernel/drivers/input/misc/drv2667.ko
  INSTALL /lib/modules/7.1.6-cachyos-trim11-tuned/kernel/drivers/input/misc/gpio-beeper.ko
  INSTALL /lib/modules/7.1.6-cachyos-trim11-tuned/kernel/drivers/input/misc/gpio_decoder.ko
  INSTALL /lib/modules/7.1.6-cachyos-trim11-tuned/kernel/drivers/input/misc/gpio-vibra.ko
  INSTALL /lib/modules/7.1.6-cachyos-trim11-tuned/kernel/drivers/input/misc/ibm-panel.ko
  INSTALL /lib/modules/7.1.6-cachyos-trim11-tuned/kernel/drivers/input/misc/ims-pcu.ko
  INSTALL /lib/modules/7.1.6-cachyos-trim11-tuned/kernel/drivers/input/misc/iqs269a.ko
  INSTALL /lib/modules/7.1.6-cachyos-trim11-tuned/kernel/drivers/input/misc/iqs626a.ko
  INSTALL /lib/modules/7.1.6-cachyos-trim11-tuned/kernel/drivers/input/misc/iqs7222.ko
  INSTALL /lib/modules/7.1.6-cachyos-trim11-tuned/kernel/drivers/input/misc/keyspan_remote.ko
  INSTALL /lib/modules/7.1.6-cachyos-trim11-tuned/kernel/drivers/input/misc/kxtj9.ko
  INSTALL /lib/modules/7.1.6-cachyos-trim11-tuned/kernel/drivers/input/misc/mma8450.ko
  INSTALL /lib/modules/7.1.6-cachyos-trim11-tuned/kernel/drivers/input/misc/pcf8574_keypad.ko
  INSTALL /lib/modules/7.1.6-cachyos-trim11-tuned/kernel/drivers/input/misc/pcspkr.ko
  INSTALL /lib/modules/7.1.6-cachyos-trim11-tuned/kernel/drivers/input/misc/powermate.ko
  INSTALL /lib/modules/7.1.6-cachyos-trim11-tuned/kernel/drivers/input/misc/pwm-beeper.ko
  INSTALL /lib/modules/7.1.6-cachyos-trim11-tuned/kernel/drivers/input/misc/pwm-vibra.ko
  INSTALL /lib/modules/7.1.6-cachyos-trim11-tuned/kernel/drivers/input/misc/regulator-haptic.ko
  INSTALL /lib/modules/7.1.6-cachyos-trim11-tuned/kernel/drivers/input/misc/rotary_encoder.ko
  INSTALL /lib/modules/7.1.6-cachyos-trim11-tuned/kernel/drivers/input/misc/soc_button_array.ko
  INSTALL /lib/modules/7.1.6-cachyos-trim11-tuned/kernel/drivers/input/misc/uinput.ko
  INSTALL /lib/modules/7.1.6-cachyos-trim11-tuned/kernel/drivers/input/misc/yealink.ko
  INSTALL /lib/modules/7.1.6-cachyos-trim11-tuned/kernel/drivers/input/misc/ideapad_slidebar.ko
  INSTALL /lib/modules/7.1.6-cachyos-trim11-tuned/kernel/drivers/input/ff-memless.ko
  INSTALL /lib/modules/7.1.6-cachyos-trim11-tuned/kernel/drivers/input/sparse-keymap.ko
  INSTALL /lib/modules/7.1.6-cachyos-trim11-tuned/kernel/drivers/input/matrix-keymap.ko
  INSTALL /lib/modules/7.1.6-cachyos-trim11-tuned/kernel/drivers/input/mousedev.ko
  INSTALL /lib/modules/7.1.6-cachyos-trim11-tuned/kernel/drivers/input/joydev.ko
  INSTALL /lib/modules/7.1.6-cachyos-trim11-tuned/kernel/drivers/input/rmi4/rmi_core.ko
  INSTALL /lib/modules/7.1.6-cachyos-trim11-tuned/kernel/drivers/input/rmi4/rmi_i2c.ko
  INSTALL /lib/modules/7.1.6-cachyos-trim11-tuned/kernel/drivers/input/rmi4/rmi_spi.ko
  INSTALL /lib/modules/7.1.6-cachyos-trim11-tuned/kernel/drivers/input/rmi4/rmi_smbus.ko
  INSTALL /lib/modules/7.1.6-cachyos-trim11-tuned/kernel/drivers/i2c/algos/i2c-algo-bit.ko
  INSTALL /lib/modules/7.1.6-cachyos-trim11-tuned/kernel/drivers/i2c/algos/i2c-algo-pca.ko
  INSTALL /lib/modules/7.1.6-cachyos-trim11-tuned/kernel/drivers/i2c/busses/i2c-scmi.ko
  INSTALL /lib/modules/7.1.6-cachyos-trim11-tuned/kernel/drivers/i2c/busses/i2c-ali1535.ko
  INSTALL /lib/modules/7.1.6-cachyos-trim11-tuned/kernel/drivers/i2c/busses/i2c-ali1563.ko
  INSTALL /lib/modules/7.1.6-cachyos-trim11-tuned/kernel/drivers/i2c/busses/i2c-ali15x3.ko
  INSTALL /lib/modules/7.1.6-cachyos-trim11-tuned/kernel/drivers/i2c/busses/i2c-i801.ko
  INSTALL /lib/modules/7.1.6-cachyos-trim11-tuned/kernel/drivers/i2c/busses/i2c-isch.ko
  INSTALL /lib/modules/7.1.6-cachyos-trim11-tuned/kernel/drivers/i2c/busses/i2c-ismt.ko
  INSTALL /lib/modules/7.1.6-cachyos-trim11-tuned/kernel/drivers/i2c/busses/i2c-nforce2.ko
  INSTALL /lib/modules/7.1.6-cachyos-trim11-tuned/kernel/drivers/i2c/busses/i2c-nvidia-gpu.ko
  INSTALL /lib/modules/7.1.6-cachyos-trim11-tuned/kernel/drivers/i2c/busses/i2c-piix4.ko
  INSTALL /lib/modules/7.1.6-cachyos-trim11-tuned/kernel/drivers/i2c/busses/i2c-sis5595.ko
  INSTALL /lib/modules/7.1.6-cachyos-trim11-tuned/kernel/drivers/i2c/busses/i2c-sis630.ko
  INSTALL /lib/modules/7.1.6-cachyos-trim11-tuned/kernel/drivers/i2c/busses/i2c-sis96x.ko
  INSTALL /lib/modules/7.1.6-cachyos-trim11-tuned/kernel/drivers/i2c/busses/i2c-via.ko
  INSTALL /lib/modules/7.1.6-cachyos-trim11-tuned/kernel/drivers/i2c/busses/i2c-viapro.ko
  INSTALL /lib/modules/7.1.6-cachyos-trim11-tuned/kernel/drivers/i2c/busses/i2c-viai2c-zhaoxin.ko
  INSTALL /lib/modules/7.1.6-cachyos-trim11-tuned/kernel/drivers/i2c/busses/i2c-viai2c-common.ko
  INSTALL /lib/modules/7.1.6-cachyos-trim11-tuned/kernel/drivers/i2c/busses/i2c-cbus-gpio.ko
  INSTALL /lib/modules/7.1.6-cachyos-trim11-tuned/kernel/drivers/i2c/busses/i2c-emev2.ko
  INSTALL /lib/modules/7.1.6-cachyos-trim11-tuned/kernel/drivers/i2c/busses/i2c-gpio.ko
  INSTALL /lib/modules/7.1.6-cachyos-trim11-tuned/kernel/drivers/i2c/busses/i2c-ocores.ko
  INSTALL /lib/modules/7.1.6-cachyos-trim11-tuned/kernel/drivers/i2c/busses/i2c-pca-platform.ko
  INSTALL /lib/modules/7.1.6-cachyos-trim11-tuned/kernel/drivers/i2c/busses/i2c-simtec.ko
  INSTALL /lib/modules/7.1.6-cachyos-trim11-tuned/kernel/drivers/i2c/busses/i2c-diolan-u2c.ko
  INSTALL /lib/modules/7.1.6-cachyos-trim11-tuned/kernel/drivers/i2c/busses/i2c-cp2615.ko
  INSTALL /lib/modules/7.1.6-cachyos-trim11-tuned/kernel/drivers/i2c/busses/i2c-mchp-pci1xxxx.ko
  INSTALL /lib/modules/7.1.6-cachyos-trim11-tuned/kernel/drivers/i2c/busses/i2c-robotfuzz-osif.ko
  INSTALL /lib/modules/7.1.6-cachyos-trim11-tuned/kernel/drivers/i2c/busses/i2c-taos-evm.ko
  INSTALL /lib/modules/7.1.6-cachyos-trim11-tuned/kernel/drivers/i2c/busses/i2c-tiny-usb.ko
  INSTALL /lib/modules/7.1.6-cachyos-trim11-tuned/kernel/drivers/i2c/busses/i2c-mlxcpld.ko
  INSTALL /lib/modules/7.1.6-cachyos-trim11-tuned/kernel/drivers/i2c/busses/i2c-virtio.ko
  INSTALL /lib/modules/7.1.6-cachyos-trim11-tuned/kernel/drivers/i2c/muxes/i2c-mux-gpio.ko
  INSTALL /lib/modules/7.1.6-cachyos-trim11-tuned/kernel/drivers/i2c/muxes/i2c-mux-ltc4306.ko
  INSTALL /lib/modules/7.1.6-cachyos-trim11-tuned/kernel/drivers/i2c/muxes/i2c-mux-mlxcpld.ko
  INSTALL /lib/modules/7.1.6-cachyos-trim11-tuned/kernel/drivers/i2c/muxes/i2c-mux-pca9541.ko
  INSTALL /lib/modules/7.1.6-cachyos-trim11-tuned/kernel/drivers/i2c/muxes/i2c-mux-pca954x.ko
  INSTALL /lib/modules/7.1.6-cachyos-trim11-tuned/kernel/drivers/i2c/muxes/i2c-mux-reg.ko
  INSTALL /lib/modules/7.1.6-cachyos-trim11-tuned/kernel/drivers/i2c/i2c-smbus.ko
  INSTALL /lib/modules/7.1.6-cachyos-trim11-tuned/kernel/drivers/i2c/i2c-dev.ko
  INSTALL /lib/modules/7.1.6-cachyos-trim11-tuned/kernel/drivers/i2c/i2c-mux.ko
  INSTALL /lib/modules/7.1.6-cachyos-trim11-tuned/kernel/drivers/i2c/i2c-stub.ko
  INSTALL /lib/modules/7.1.6-cachyos-trim11-tuned/kernel/drivers/i2c/i2c-slave-eeprom.ko
  INSTALL /lib/modules/7.1.6-cachyos-trim11-tuned/kernel/drivers/i2c/i2c-slave-testunit.ko
  INSTALL /lib/modules/7.1.6-cachyos-trim11-tuned/kernel/drivers/media/common/videobuf2/videobuf2-common.ko
  INSTALL /lib/modules/7.1.6-cachyos-trim11-tuned/kernel/drivers/media/common/videobuf2/videobuf2-memops.ko
  INSTALL /lib/modules/7.1.6-cachyos-trim11-tuned/kernel/drivers/media/common/videobuf2/videobuf2-v4l2.ko
  INSTALL /lib/modules/7.1.6-cachyos-trim11-tuned/kernel/drivers/media/common/videobuf2/videobuf2-vmalloc.ko
  INSTALL /lib/modules/7.1.6-cachyos-trim11-tuned/kernel/drivers/media/common/uvc.ko
  INSTALL /lib/modules/7.1.6-cachyos-trim11-tuned/kernel/drivers/media/usb/s2255/s2255drv.ko
  INSTALL /lib/modules/7.1.6-cachyos-trim11-tuned/kernel/drivers/media/usb/uvc/uvcvideo.ko
  INSTALL /lib/modules/7.1.6-cachyos-trim11-tuned/kernel/drivers/media/mc/mc.ko
  INSTALL /lib/modules/7.1.6-cachyos-trim11-tuned/kernel/drivers/media/v4l2-core/v4l2-async.ko
  INSTALL /lib/modules/7.1.6-cachyos-trim11-tuned/kernel/drivers/media/v4l2-core/v4l2-flash-led-class.ko
  INSTALL /lib/modules/7.1.6-cachyos-trim11-tuned/kernel/drivers/media/v4l2-core/v4l2loopback.ko
  INSTALL /lib/modules/7.1.6-cachyos-trim11-tuned/kernel/drivers/media/v4l2-core/v4l2-dv-timings.ko
  INSTALL /lib/modules/7.1.6-cachyos-trim11-tuned/kernel/drivers/media/v4l2-core/videodev.ko
  INSTALL /lib/modules/7.1.6-cachyos-trim11-tuned/kernel/drivers/media/cec/core/cec.ko
  INSTALL /lib/modules/7.1.6-cachyos-trim11-tuned/kernel/drivers/ptp/ptp.ko
  INSTALL /lib/modules/7.1.6-cachyos-trim11-tuned/kernel/drivers/ptp/ptp_ines.ko
  INSTALL /lib/modules/7.1.6-cachyos-trim11-tuned/kernel/drivers/ptp/ptp_vmclock.ko
  INSTALL /lib/modules/7.1.6-cachyos-trim11-tuned/kernel/drivers/ptp/ptp_clockmatrix.ko
  INSTALL /lib/modules/7.1.6-cachyos-trim11-tuned/kernel/drivers/ptp/ptp_fc3.ko
  INSTALL /lib/modules/7.1.6-cachyos-trim11-tuned/kernel/drivers/ptp/ptp_idt82p33.ko
  INSTALL /lib/modules/7.1.6-cachyos-trim11-tuned/kernel/drivers/ptp/ptp_mock.ko
  INSTALL /lib/modules/7.1.6-cachyos-trim11-tuned/kernel/drivers/ptp/ptp_netc.ko
  INSTALL /lib/modules/7.1.6-cachyos-trim11-tuned/kernel/drivers/power/supply/stc3117_fuel_gauge.ko
  INSTALL /lib/modules/7.1.6-cachyos-trim11-tuned/kernel/drivers/power/supply/mm8013.ko
  INSTALL /lib/modules/7.1.6-cachyos-trim11-tuned/kernel/drivers/hwmon/coretemp.ko
  INSTALL /lib/modules/7.1.6-cachyos-trim11-tuned/kernel/drivers/hwmon/drivetemp.ko
  INSTALL /lib/modules/7.1.6-cachyos-trim11-tuned/kernel/drivers/hwmon/max31827.ko
  INSTALL /lib/modules/7.1.6-cachyos-trim11-tuned/kernel/drivers/hwmon/sht3x.ko
  INSTALL /lib/modules/7.1.6-cachyos-trim11-tuned/kernel/drivers/hwmon/sht4x.ko
  INSTALL /lib/modules/7.1.6-cachyos-trim11-tuned/kernel/drivers/hwmon/spd5118.ko
  INSTALL /lib/modules/7.1.6-cachyos-trim11-tuned/kernel/drivers/hwmon/occ/occ-hwmon-common.ko
  INSTALL /lib/modules/7.1.6-cachyos-trim11-tuned/kernel/drivers/hwmon/occ/occ-p8-hwmon.ko
  INSTALL /lib/modules/7.1.6-cachyos-trim11-tuned/kernel/drivers/hwmon/pmbus/pmbus_core.ko
  INSTALL /lib/modules/7.1.6-cachyos-trim11-tuned/kernel/drivers/thermal/intel/intel_powerclamp.ko
  INSTALL /lib/modules/7.1.6-cachyos-trim11-tuned/kernel/drivers/thermal/intel/x86_pkg_temp_thermal.ko
  INSTALL /lib/modules/7.1.6-cachyos-trim11-tuned/kernel/drivers/thermal/intel/intel_soc_dts_iosf.ko
  INSTALL /lib/modules/7.1.6-cachyos-trim11-tuned/kernel/drivers/thermal/intel/intel_soc_dts_thermal.ko
  INSTALL /lib/modules/7.1.6-cachyos-trim11-tuned/kernel/drivers/thermal/intel/int340x_thermal/int3400_thermal.ko
  INSTALL /lib/modules/7.1.6-cachyos-trim11-tuned/kernel/drivers/thermal/intel/int340x_thermal/int340x_thermal_zone.ko
  INSTALL /lib/modules/7.1.6-cachyos-trim11-tuned/kernel/drivers/thermal/intel/int340x_thermal/int3402_thermal.ko
  INSTALL /lib/modules/7.1.6-cachyos-trim11-tuned/kernel/drivers/thermal/intel/int340x_thermal/int3403_thermal.ko
  INSTALL /lib/modules/7.1.6-cachyos-trim11-tuned/kernel/drivers/thermal/intel/int340x_thermal/processor_thermal_device.ko
  INSTALL /lib/modules/7.1.6-cachyos-trim11-tuned/kernel/drivers/thermal/intel/int340x_thermal/int3401_thermal.ko
  INSTALL /lib/modules/7.1.6-cachyos-trim11-tuned/kernel/drivers/thermal/intel/int340x_thermal/processor_thermal_device_pci_legacy.ko
  INSTALL /lib/modules/7.1.6-cachyos-trim11-tuned/kernel/drivers/thermal/intel/int340x_thermal/processor_thermal_device_pci.ko
  INSTALL /lib/modules/7.1.6-cachyos-trim11-tuned/kernel/drivers/thermal/intel/int340x_thermal/processor_thermal_rapl.ko
  INSTALL /lib/modules/7.1.6-cachyos-trim11-tuned/kernel/drivers/thermal/intel/int340x_thermal/processor_thermal_rfim.ko
  INSTALL /lib/modules/7.1.6-cachyos-trim11-tuned/kernel/drivers/thermal/intel/int340x_thermal/platform_temperature_control.ko
  INSTALL /lib/modules/7.1.6-cachyos-trim11-tuned/kernel/drivers/thermal/intel/int340x_thermal/processor_thermal_mbox.ko
  INSTALL /lib/modules/7.1.6-cachyos-trim11-tuned/kernel/drivers/thermal/intel/int340x_thermal/processor_thermal_wt_req.ko
  INSTALL /lib/modules/7.1.6-cachyos-trim11-tuned/kernel/drivers/thermal/intel/int340x_thermal/processor_thermal_wt_hint.ko
  INSTALL /lib/modules/7.1.6-cachyos-trim11-tuned/kernel/drivers/thermal/intel/int340x_thermal/processor_thermal_power_floor.ko
  INSTALL /lib/modules/7.1.6-cachyos-trim11-tuned/kernel/drivers/thermal/intel/int340x_thermal/processor_thermal_soc_slider.ko
  INSTALL /lib/modules/7.1.6-cachyos-trim11-tuned/kernel/drivers/thermal/intel/int340x_thermal/int3406_thermal.ko
  INSTALL /lib/modules/7.1.6-cachyos-trim11-tuned/kernel/drivers/thermal/intel/int340x_thermal/acpi_thermal_rel.ko
  INSTALL /lib/modules/7.1.6-cachyos-trim11-tuned/kernel/drivers/thermal/intel/intel_pch_thermal.ko
  INSTALL /lib/modules/7.1.6-cachyos-trim11-tuned/kernel/drivers/thermal/intel/intel_tcc_cooling.ko
  INSTALL /lib/modules/7.1.6-cachyos-trim11-tuned/kernel/drivers/thermal/testing/thermal-testing.ko
  INSTALL /lib/modules/7.1.6-cachyos-trim11-tuned/kernel/drivers/watchdog/pretimeout_noop.ko
  INSTALL /lib/modules/7.1.6-cachyos-trim11-tuned/kernel/drivers/watchdog/iTCO_wdt.ko
  INSTALL /lib/modules/7.1.6-cachyos-trim11-tuned/kernel/drivers/watchdog/softdog.ko
  INSTALL /lib/modules/7.1.6-cachyos-trim11-tuned/kernel/drivers/md/dm-mod.ko
  INSTALL /lib/modules/7.1.6-cachyos-trim11-tuned/kernel/drivers/md/dm-bufio.ko
  INSTALL /lib/modules/7.1.6-cachyos-trim11-tuned/kernel/drivers/md/dm-crypt.ko
  INSTALL /lib/modules/7.1.6-cachyos-trim11-tuned/kernel/drivers/md/dm-snapshot.ko
  INSTALL /lib/modules/7.1.6-cachyos-trim11-tuned/kernel/drivers/md/dm-ebs.ko
  INSTALL /lib/modules/7.1.6-cachyos-trim11-tuned/kernel/drivers/cpufreq/acpi-cpufreq.ko
  INSTALL /lib/modules/7.1.6-cachyos-trim11-tuned/kernel/drivers/firmware/efi/efibc.ko
  INSTALL /lib/modules/7.1.6-cachyos-trim11-tuned/kernel/drivers/firmware/efi/capsule-loader.ko
  INSTALL /lib/modules/7.1.6-cachyos-trim11-tuned/kernel/drivers/hid/uhid.ko
  INSTALL /lib/modules/7.1.6-cachyos-trim11-tuned/kernel/drivers/hid/hid-axff.ko
  INSTALL /lib/modules/7.1.6-cachyos-trim11-tuned/kernel/drivers/hid/hid-betopff.ko
  INSTALL /lib/modules/7.1.6-cachyos-trim11-tuned/kernel/drivers/hid/hid-bigbenff.ko
  INSTALL /lib/modules/7.1.6-cachyos-trim11-tuned/kernel/drivers/hid/hid-cp2112.ko
  INSTALL /lib/modules/7.1.6-cachyos-trim11-tuned/kernel/drivers/hid/hid-dr.ko
  INSTALL /lib/modules/7.1.6-cachyos-trim11-tuned/kernel/drivers/hid/hid-emsff.ko
  INSTALL /lib/modules/7.1.6-cachyos-trim11-tuned/kernel/drivers/hid/hid-ft260.ko
  INSTALL /lib/modules/7.1.6-cachyos-trim11-tuned/kernel/drivers/hid/hid-google-stadiaff.ko
  INSTALL /lib/modules/7.1.6-cachyos-trim11-tuned/kernel/drivers/hid/hid-holtek-kbd.ko
  INSTALL /lib/modules/7.1.6-cachyos-trim11-tuned/kernel/drivers/hid/hid-holtek-mouse.ko
  INSTALL /lib/modules/7.1.6-cachyos-trim11-tuned/kernel/drivers/hid/hid-holtekff.ko
  INSTALL /lib/modules/7.1.6-cachyos-trim11-tuned/kernel/drivers/hid/hid-jabra.ko
  INSTALL /lib/modules/7.1.6-cachyos-trim11-tuned/kernel/drivers/hid/hid-logitech.ko
  INSTALL /lib/modules/7.1.6-cachyos-trim11-tuned/kernel/drivers/hid/hid-lg-g15.ko
  INSTALL /lib/modules/7.1.6-cachyos-trim11-tuned/kernel/drivers/hid/hid-logitech-dj.ko
  INSTALL /lib/modules/7.1.6-cachyos-trim11-tuned/kernel/drivers/hid/hid-logitech-hidpp.ko
  INSTALL /lib/modules/7.1.6-cachyos-trim11-tuned/kernel/drivers/hid/hid-mcp2200.ko
  INSTALL /lib/modules/7.1.6-cachyos-trim11-tuned/kernel/drivers/hid/hid-mcp2221.ko
  INSTALL /lib/modules/7.1.6-cachyos-trim11-tuned/kernel/drivers/hid/hid-mf.ko
  INSTALL /lib/modules/7.1.6-cachyos-trim11-tuned/kernel/drivers/hid/hid-microsoft.ko
  INSTALL /lib/modules/7.1.6-cachyos-trim11-tuned/kernel/drivers/hid/hid-multitouch.ko
  INSTALL /lib/modules/7.1.6-cachyos-trim11-tuned/kernel/drivers/hid/hid-nintendo.ko
  INSTALL /lib/modules/7.1.6-cachyos-trim11-tuned/kernel/drivers/hid/hid-pl.ko
  INSTALL /lib/modules/7.1.6-cachyos-trim11-tuned/kernel/drivers/hid/hid-plantronics.ko
  INSTALL /lib/modules/7.1.6-cachyos-trim11-tuned/kernel/drivers/hid/hid-playstation.ko
  INSTALL /lib/modules/7.1.6-cachyos-trim11-tuned/kernel/drivers/hid/hid-sjoy.ko
  INSTALL /lib/modules/7.1.6-cachyos-trim11-tuned/kernel/drivers/hid/hid-sony.ko
  INSTALL /lib/modules/7.1.6-cachyos-trim11-tuned/kernel/drivers/hid/hid-steam.ko
  INSTALL /lib/modules/7.1.6-cachyos-trim11-tuned/kernel/drivers/hid/hid-gaff.ko
  INSTALL /lib/modules/7.1.6-cachyos-trim11-tuned/kernel/drivers/hid/hid-tmff.ko
  INSTALL /lib/modules/7.1.6-cachyos-trim11-tuned/kernel/drivers/hid/hid-thrustmaster.ko
  INSTALL /lib/modules/7.1.6-cachyos-trim11-tuned/kernel/drivers/hid/hid-u2fzero.ko
  INSTALL /lib/modules/7.1.6-cachyos-trim11-tuned/kernel/drivers/hid/hid-uclogic.ko
  INSTALL /lib/modules/7.1.6-cachyos-trim11-tuned/kernel/drivers/hid/hid-universal-pidff.ko
  INSTALL /lib/modules/7.1.6-cachyos-trim11-tuned/kernel/drivers/hid/hid-led.ko
  INSTALL /lib/modules/7.1.6-cachyos-trim11-tuned/kernel/drivers/hid/hid-zpff.ko
  INSTALL /lib/modules/7.1.6-cachyos-trim11-tuned/kernel/drivers/hid/i2c-hid/i2c-hid.ko
  INSTALL /lib/modules/7.1.6-cachyos-trim11-tuned/kernel/drivers/hid/i2c-hid/i2c-hid-acpi.ko
  INSTALL /lib/modules/7.1.6-cachyos-trim11-tuned/kernel/drivers/platform/x86/hp/hp-wmi.ko
  INSTALL /lib/modules/7.1.6-cachyos-trim11-tuned/kernel/drivers/platform/x86/hp/hp-bioscfg/hp-bioscfg.ko
  INSTALL /lib/modules/7.1.6-cachyos-trim11-tuned/kernel/drivers/platform/x86/intel/wmi/intel-wmi-thunderbolt.ko
  INSTALL /lib/modules/7.1.6-cachyos-trim11-tuned/kernel/drivers/platform/x86/intel/pmc/intel_pmc_core.ko
  INSTALL /lib/modules/7.1.6-cachyos-trim11-tuned/kernel/drivers/platform/x86/intel/pmc/intel_pmc_core_pltdrv.ko
  INSTALL /lib/modules/7.1.6-cachyos-trim11-tuned/kernel/drivers/platform/x86/intel/pmc/intel_pmc_ssram_telemetry.ko
  INSTALL /lib/modules/7.1.6-cachyos-trim11-tuned/kernel/drivers/platform/x86/intel/pmt/pmt_class.ko
  INSTALL /lib/modules/7.1.6-cachyos-trim11-tuned/kernel/drivers/platform/x86/intel/pmt/pmt_telemetry.ko
  INSTALL /lib/modules/7.1.6-cachyos-trim11-tuned/kernel/drivers/platform/x86/intel/pmt/pmt_crashlog.ko
  INSTALL /lib/modules/7.1.6-cachyos-trim11-tuned/kernel/drivers/platform/x86/intel/pmt/pmt_discovery.ko
  INSTALL /lib/modules/7.1.6-cachyos-trim11-tuned/kernel/drivers/platform/x86/intel/uncore-frequency/intel-uncore-frequency.ko
  INSTALL /lib/modules/7.1.6-cachyos-trim11-tuned/kernel/drivers/platform/x86/intel/uncore-frequency/intel-uncore-frequency-common.ko
  INSTALL /lib/modules/7.1.6-cachyos-trim11-tuned/kernel/drivers/platform/x86/intel/uncore-frequency/intel-uncore-frequency-tpmi.ko
  INSTALL /lib/modules/7.1.6-cachyos-trim11-tuned/kernel/drivers/platform/x86/intel/intel-hid.ko
  INSTALL /lib/modules/7.1.6-cachyos-trim11-tuned/kernel/drivers/platform/x86/intel/intel-vbtn.ko
  INSTALL /lib/modules/7.1.6-cachyos-trim11-tuned/kernel/drivers/platform/x86/intel/intel-ehl_pse_io.ko
  INSTALL /lib/modules/7.1.6-cachyos-trim11-tuned/kernel/drivers/platform/x86/intel/intel-int0002_vgpio.ko
  INSTALL /lib/modules/7.1.6-cachyos-trim11-tuned/kernel/drivers/platform/x86/intel/intel-vsec.ko
  INSTALL /lib/modules/7.1.6-cachyos-trim11-tuned/kernel/drivers/platform/x86/intel/intel-punit_ipc.ko
  INSTALL /lib/modules/7.1.6-cachyos-trim11-tuned/kernel/drivers/platform/x86/intel/intel-plr_tpmi.ko
  INSTALL /lib/modules/7.1.6-cachyos-trim11-tuned/kernel/drivers/platform/x86/intel/intel-tpmi_power_domains.ko
  INSTALL /lib/modules/7.1.6-cachyos-trim11-tuned/kernel/drivers/platform/x86/intel/intel-vsec_tpmi.ko
  INSTALL /lib/modules/7.1.6-cachyos-trim11-tuned/kernel/drivers/platform/x86/intel/intel-rst.ko
  INSTALL /lib/modules/7.1.6-cachyos-trim11-tuned/kernel/drivers/platform/x86/wmi-bmof.ko
  INSTALL /lib/modules/7.1.6-cachyos-trim11-tuned/kernel/drivers/platform/x86/mxm-wmi.ko
  INSTALL /lib/modules/7.1.6-cachyos-trim11-tuned/kernel/drivers/platform/x86/nvidia-wmi-ec-backlight.ko
  INSTALL /lib/modules/7.1.6-cachyos-trim11-tuned/kernel/drivers/platform/x86/firmware_attributes_class.ko
  INSTALL /lib/modules/7.1.6-cachyos-trim11-tuned/kernel/drivers/platform/x86/quickstart.ko
  INSTALL /lib/modules/7.1.6-cachyos-trim11-tuned/kernel/drivers/platform/x86/intel_scu_pltdrv.ko
  INSTALL /lib/modules/7.1.6-cachyos-trim11-tuned/kernel/drivers/platform/x86/intel_scu_ipcutil.ko
  INSTALL /lib/modules/7.1.6-cachyos-trim11-tuned/kernel/drivers/platform/wmi/wmi.ko
  INSTALL /lib/modules/7.1.6-cachyos-trim11-tuned/kernel/drivers/powercap/intel_rapl_common.ko
  INSTALL /lib/modules/7.1.6-cachyos-trim11-tuned/kernel/drivers/powercap/intel_rapl_msr.ko
  INSTALL /lib/modules/7.1.6-cachyos-trim11-tuned/kernel/drivers/powercap/intel_rapl_tpmi.ko
  INSTALL /lib/modules/7.1.6-cachyos-trim11-tuned/kernel/drivers/perf/dwc_pcie_pmu.ko
  INSTALL /lib/modules/7.1.6-cachyos-trim11-tuned/kernel/drivers/nvdimm/libnvdimm.ko
  INSTALL /lib/modules/7.1.6-cachyos-trim11-tuned/kernel/drivers/pps/pps_core.ko
  INSTALL /lib/modules/7.1.6-cachyos-trim11-tuned/kernel/drivers/w1/slaves/w1_ds2780.ko
  INSTALL /lib/modules/7.1.6-cachyos-trim11-tuned/kernel/drivers/w1/slaves/w1_ds2781.ko
  INSTALL /lib/modules/7.1.6-cachyos-trim11-tuned/kernel/drivers/w1/wire.ko
  INSTALL /lib/modules/7.1.6-cachyos-trim11-tuned/kernel/drivers/bluetooth/hci_vhci.ko
  INSTALL /lib/modules/7.1.6-cachyos-trim11-tuned/kernel/drivers/bluetooth/hci_uart.ko
  INSTALL /lib/modules/7.1.6-cachyos-trim11-tuned/kernel/drivers/bluetooth/hci_bcm4377.ko
  INSTALL /lib/modules/7.1.6-cachyos-trim11-tuned/kernel/drivers/bluetooth/bpa10x.ko
  INSTALL /lib/modules/7.1.6-cachyos-trim11-tuned/kernel/drivers/bluetooth/bfusb.ko
  INSTALL /lib/modules/7.1.6-cachyos-trim11-tuned/kernel/drivers/bluetooth/btusb.ko
  INSTALL /lib/modules/7.1.6-cachyos-trim11-tuned/kernel/drivers/bluetooth/btintel.ko
  INSTALL /lib/modules/7.1.6-cachyos-trim11-tuned/kernel/drivers/bluetooth/btbcm.ko
  INSTALL /lib/modules/7.1.6-cachyos-trim11-tuned/kernel/drivers/bluetooth/btrtl.ko
  INSTALL /lib/modules/7.1.6-cachyos-trim11-tuned/kernel/drivers/bluetooth/btqca.ko
  INSTALL /lib/modules/7.1.6-cachyos-trim11-tuned/kernel/drivers/bluetooth/btmtk.ko
  INSTALL /lib/modules/7.1.6-cachyos-trim11-tuned/kernel/drivers/bluetooth/virtio_bt.ko
  INSTALL /lib/modules/7.1.6-cachyos-trim11-tuned/kernel/drivers/bluetooth/hci_nokia.ko
  INSTALL /lib/modules/7.1.6-cachyos-trim11-tuned/kernel/drivers/dca/dca.ko
  INSTALL /lib/modules/7.1.6-cachyos-trim11-tuned/kernel/drivers/soundwire/soundwire-bus.ko
  INSTALL /lib/modules/7.1.6-cachyos-trim11-tuned/kernel/drivers/soundwire/soundwire-generic-allocation.ko
  INSTALL /lib/modules/7.1.6-cachyos-trim11-tuned/kernel/drivers/soundwire/soundwire-cadence.ko
  INSTALL /lib/modules/7.1.6-cachyos-trim11-tuned/kernel/drivers/soundwire/soundwire-intel.ko
  INSTALL /lib/modules/7.1.6-cachyos-trim11-tuned/kernel/drivers/thunderbolt/thunderbolt.ko
  INSTALL /lib/modules/7.1.6-cachyos-trim11-tuned/kernel/drivers/dibs/dibs.ko
  INSTALL /lib/modules/7.1.6-cachyos-trim11-tuned/kernel/sound/soundcore.ko
  INSTALL /lib/modules/7.1.6-cachyos-trim11-tuned/kernel/sound/core/snd.ko
  INSTALL /lib/modules/7.1.6-cachyos-trim11-tuned/kernel/sound/core/snd-ctl-led.ko
  INSTALL /lib/modules/7.1.6-cachyos-trim11-tuned/kernel/sound/core/snd-hwdep.ko
  INSTALL /lib/modules/7.1.6-cachyos-trim11-tuned/kernel/sound/core/snd-timer.ko
  INSTALL /lib/modules/7.1.6-cachyos-trim11-tuned/kernel/sound/core/snd-hrtimer.ko
  INSTALL /lib/modules/7.1.6-cachyos-trim11-tuned/kernel/sound/core/snd-pcm.ko
  INSTALL /lib/modules/7.1.6-cachyos-trim11-tuned/kernel/sound/core/snd-rawmidi.ko
  INSTALL /lib/modules/7.1.6-cachyos-trim11-tuned/kernel/sound/core/snd-ump.ko
  INSTALL /lib/modules/7.1.6-cachyos-trim11-tuned/kernel/sound/core/snd-compress.ko
  INSTALL /lib/modules/7.1.6-cachyos-trim11-tuned/kernel/sound/drivers/snd-dummy.ko
  INSTALL /lib/modules/7.1.6-cachyos-trim11-tuned/kernel/sound/drivers/snd-aloop.ko
  INSTALL /lib/modules/7.1.6-cachyos-trim11-tuned/kernel/sound/drivers/snd-pcmtest.ko
  INSTALL /lib/modules/7.1.6-cachyos-trim11-tuned/kernel/sound/drivers/snd-serial-u16550.ko
  INSTALL /lib/modules/7.1.6-cachyos-trim11-tuned/kernel/sound/drivers/snd-mtpav.ko
  INSTALL /lib/modules/7.1.6-cachyos-trim11-tuned/kernel/sound/drivers/mpu401/snd-mpu401-uart.ko
  INSTALL /lib/modules/7.1.6-cachyos-trim11-tuned/kernel/sound/drivers/mpu401/snd-mpu401.ko
  INSTALL /lib/modules/7.1.6-cachyos-trim11-tuned/kernel/sound/usb/snd-usb-audio.ko
  INSTALL /lib/modules/7.1.6-cachyos-trim11-tuned/kernel/sound/usb/snd-usbmidi-lib.ko
  INSTALL /lib/modules/7.1.6-cachyos-trim11-tuned/kernel/sound/usb/bcd2000/snd-bcd2000.ko
  INSTALL /lib/modules/7.1.6-cachyos-trim11-tuned/kernel/sound/soc/snd-soc-acpi.ko
  INSTALL /lib/modules/7.1.6-cachyos-trim11-tuned/kernel/sound/soc/snd-soc-core.ko
  INSTALL /lib/modules/7.1.6-cachyos-trim11-tuned/kernel/sound/soc/codecs/snd-soc-aw88395-lib.ko
  INSTALL /lib/modules/7.1.6-cachyos-trim11-tuned/kernel/sound/soc/codecs/snd-soc-aw88399.ko
  INSTALL /lib/modules/7.1.6-cachyos-trim11-tuned/kernel/sound/soc/codecs/snd-soc-dmic.ko
  INSTALL /lib/modules/7.1.6-cachyos-trim11-tuned/kernel/sound/soc/codecs/snd-soc-hdac-hda.ko
  INSTALL /lib/modules/7.1.6-cachyos-trim11-tuned/kernel/sound/soc/codecs/snd-soc-hda-codec.ko
  INSTALL /lib/modules/7.1.6-cachyos-trim11-tuned/kernel/sound/soc/codecs/snd-soc-max98390.ko
  INSTALL /lib/modules/7.1.6-cachyos-trim11-tuned/kernel/sound/soc/codecs/snd-soc-pcm512x.ko
  INSTALL /lib/modules/7.1.6-cachyos-trim11-tuned/kernel/sound/soc/codecs/snd-soc-pcm512x-i2c.ko
  INSTALL /lib/modules/7.1.6-cachyos-trim11-tuned/kernel/sound/soc/codecs/snd-soc-pcm512x-spi.ko
  INSTALL /lib/modules/7.1.6-cachyos-trim11-tuned/kernel/sound/soc/generic/snd-soc-simple-card-utils.ko
  INSTALL /lib/modules/7.1.6-cachyos-trim11-tuned/kernel/sound/soc/generic/snd-soc-simple-card.ko
  INSTALL /lib/modules/7.1.6-cachyos-trim11-tuned/kernel/sound/soc/intel/common/snd-soc-acpi-intel-match.ko
  INSTALL /lib/modules/7.1.6-cachyos-trim11-tuned/kernel/sound/soc/intel/common/snd-soc-acpi-intel-sdca-quirks.ko
  INSTALL /lib/modules/7.1.6-cachyos-trim11-tuned/kernel/sound/soc/intel/avs/snd-soc-avs.ko
  INSTALL /lib/modules/7.1.6-cachyos-trim11-tuned/kernel/sound/soc/intel/avs/boards/snd-soc-avs-dmic.ko
  INSTALL /lib/modules/7.1.6-cachyos-trim11-tuned/kernel/sound/soc/intel/avs/boards/snd-soc-avs-hdaudio.ko
  INSTALL /lib/modules/7.1.6-cachyos-trim11-tuned/kernel/sound/soc/intel/boards/snd-soc-skl_hda_dsp.ko
  INSTALL /lib/modules/7.1.6-cachyos-trim11-tuned/kernel/sound/soc/intel/boards/snd-soc-intel-hda-dsp-common.ko
  INSTALL /lib/modules/7.1.6-cachyos-trim11-tuned/kernel/sound/soc/intel/boards/snd-soc-intel-sof-board-helpers.ko
  INSTALL /lib/modules/7.1.6-cachyos-trim11-tuned/kernel/sound/soc/sdca/snd-soc-sdca.ko
  INSTALL /lib/modules/7.1.6-cachyos-trim11-tuned/kernel/sound/soc/sdca/snd-soc-sdca-class.ko
  INSTALL /lib/modules/7.1.6-cachyos-trim11-tuned/kernel/sound/soc/sdca/snd-soc-sdca-class-function.ko
  INSTALL /lib/modules/7.1.6-cachyos-trim11-tuned/kernel/sound/soc/sof/intel/snd-sof-intel-hda-common.ko
  INSTALL /lib/modules/7.1.6-cachyos-trim11-tuned/kernel/sound/soc/sof/intel/snd-sof-intel-hda-generic.ko
  INSTALL /lib/modules/7.1.6-cachyos-trim11-tuned/kernel/sound/soc/sof/intel/snd-sof-intel-hda-mlink.ko
  INSTALL /lib/modules/7.1.6-cachyos-trim11-tuned/kernel/sound/soc/sof/intel/snd-sof-intel-hda.ko
  INSTALL /lib/modules/7.1.6-cachyos-trim11-tuned/kernel/sound/soc/sof/intel/snd-sof-pci-intel-cnl.ko
  INSTALL /lib/modules/7.1.6-cachyos-trim11-tuned/kernel/sound/soc/sof/intel/snd-sof-pci-intel-tgl.ko
  INSTALL /lib/modules/7.1.6-cachyos-trim11-tuned/kernel/sound/soc/sof/snd-sof.ko
  INSTALL /lib/modules/7.1.6-cachyos-trim11-tuned/kernel/sound/soc/sof/snd-sof-utils.ko
  INSTALL /lib/modules/7.1.6-cachyos-trim11-tuned/kernel/sound/soc/sof/snd-sof-pci.ko
  INSTALL /lib/modules/7.1.6-cachyos-trim11-tuned/kernel/sound/soc/sof/snd-sof-probes.ko
  INSTALL /lib/modules/7.1.6-cachyos-trim11-tuned/kernel/sound/soc/sof/xtensa/snd-sof-xtensa-dsp.ko
  INSTALL /lib/modules/7.1.6-cachyos-trim11-tuned/kernel/sound/soc/sdw_utils/snd-soc-sdw-utils.ko
  INSTALL /lib/modules/7.1.6-cachyos-trim11-tuned/kernel/sound/hda/core/snd-hda-core.ko
  INSTALL /lib/modules/7.1.6-cachyos-trim11-tuned/kernel/sound/hda/core/ext/snd-hda-ext-core.ko
  INSTALL /lib/modules/7.1.6-cachyos-trim11-tuned/kernel/sound/hda/core/snd-intel-dspcfg.ko
  INSTALL /lib/modules/7.1.6-cachyos-trim11-tuned/kernel/sound/hda/core/snd-intel-sdw-acpi.ko
  INSTALL /lib/modules/7.1.6-cachyos-trim11-tuned/kernel/sound/hda/common/snd-hda-codec.ko
  INSTALL /lib/modules/7.1.6-cachyos-trim11-tuned/kernel/sound/hda/codecs/cirrus/snd-hda-codec-cs420x.ko
  INSTALL /lib/modules/7.1.6-cachyos-trim11-tuned/kernel/sound/hda/codecs/cirrus/snd-hda-codec-cs421x.ko
  INSTALL /lib/modules/7.1.6-cachyos-trim11-tuned/kernel/sound/hda/codecs/cirrus/snd-hda-codec-cs8409.ko
  INSTALL /lib/modules/7.1.6-cachyos-trim11-tuned/kernel/sound/hda/codecs/hdmi/snd-hda-codec-hdmi.ko
  INSTALL /lib/modules/7.1.6-cachyos-trim11-tuned/kernel/sound/hda/codecs/hdmi/snd-hda-codec-simplehdmi.ko
  INSTALL /lib/modules/7.1.6-cachyos-trim11-tuned/kernel/sound/hda/codecs/hdmi/snd-hda-codec-intelhdmi.ko
  INSTALL /lib/modules/7.1.6-cachyos-trim11-tuned/kernel/sound/hda/codecs/hdmi/snd-hda-codec-atihdmi.ko
  INSTALL /lib/modules/7.1.6-cachyos-trim11-tuned/kernel/sound/hda/codecs/hdmi/snd-hda-codec-nvhdmi.ko
  INSTALL /lib/modules/7.1.6-cachyos-trim11-tuned/kernel/sound/hda/codecs/hdmi/snd-hda-codec-nvhdmi-mcp.ko
  INSTALL /lib/modules/7.1.6-cachyos-trim11-tuned/kernel/sound/hda/codecs/hdmi/snd-hda-codec-tegrahdmi.ko
  INSTALL /lib/modules/7.1.6-cachyos-trim11-tuned/kernel/sound/hda/codecs/realtek/snd-hda-codec-realtek-lib.ko
  INSTALL /lib/modules/7.1.6-cachyos-trim11-tuned/kernel/sound/hda/codecs/realtek/snd-hda-codec-alc260.ko
  INSTALL /lib/modules/7.1.6-cachyos-trim11-tuned/kernel/sound/hda/codecs/realtek/snd-hda-codec-alc262.ko
  INSTALL /lib/modules/7.1.6-cachyos-trim11-tuned/kernel/sound/hda/codecs/realtek/snd-hda-codec-alc268.ko
  INSTALL /lib/modules/7.1.6-cachyos-trim11-tuned/kernel/sound/hda/codecs/realtek/snd-hda-codec-alc269.ko
  INSTALL /lib/modules/7.1.6-cachyos-trim11-tuned/kernel/sound/hda/codecs/realtek/snd-hda-codec-alc662.ko
  INSTALL /lib/modules/7.1.6-cachyos-trim11-tuned/kernel/sound/hda/codecs/realtek/snd-hda-codec-alc680.ko
  INSTALL /lib/modules/7.1.6-cachyos-trim11-tuned/kernel/sound/hda/codecs/realtek/snd-hda-codec-alc861.ko
  INSTALL /lib/modules/7.1.6-cachyos-trim11-tuned/kernel/sound/hda/codecs/realtek/snd-hda-codec-alc861vd.ko
  INSTALL /lib/modules/7.1.6-cachyos-trim11-tuned/kernel/sound/hda/codecs/realtek/snd-hda-codec-alc880.ko
  INSTALL /lib/modules/7.1.6-cachyos-trim11-tuned/kernel/sound/hda/codecs/realtek/snd-hda-codec-alc882.ko
  INSTALL /lib/modules/7.1.6-cachyos-trim11-tuned/kernel/sound/hda/codecs/side-codecs/snd-hda-scodec-component.ko
  INSTALL /lib/modules/7.1.6-cachyos-trim11-tuned/kernel/sound/hda/codecs/side-codecs/snd-hda-scodec-max98390.ko
  INSTALL /lib/modules/7.1.6-cachyos-trim11-tuned/kernel/sound/hda/codecs/side-codecs/snd-hda-scodec-max98390-i2c.ko
  INSTALL /lib/modules/7.1.6-cachyos-trim11-tuned/kernel/sound/hda/codecs/side-codecs/snd-hda-scodec-aw88399.ko
  INSTALL /lib/modules/7.1.6-cachyos-trim11-tuned/kernel/sound/hda/codecs/side-codecs/snd-hda-scodec-aw88399-i2c.ko
  INSTALL /lib/modules/7.1.6-cachyos-trim11-tuned/kernel/sound/hda/codecs/snd-hda-codec-generic.ko
  INSTALL /lib/modules/7.1.6-cachyos-trim11-tuned/kernel/sound/hda/codecs/snd-hda-codec-cmedia.ko
  INSTALL /lib/modules/7.1.6-cachyos-trim11-tuned/kernel/sound/hda/codecs/snd-hda-codec-cm9825.ko
  INSTALL /lib/modules/7.1.6-cachyos-trim11-tuned/kernel/sound/hda/codecs/snd-hda-codec-analog.ko
  INSTALL /lib/modules/7.1.6-cachyos-trim11-tuned/kernel/sound/hda/codecs/snd-hda-codec-ca0110.ko
  INSTALL /lib/modules/7.1.6-cachyos-trim11-tuned/kernel/sound/hda/codecs/snd-hda-codec-ca0132.ko
  INSTALL /lib/modules/7.1.6-cachyos-trim11-tuned/kernel/sound/hda/codecs/snd-hda-codec-conexant.ko
  INSTALL /lib/modules/7.1.6-cachyos-trim11-tuned/kernel/sound/hda/codecs/snd-hda-codec-idt.ko
  INSTALL /lib/modules/7.1.6-cachyos-trim11-tuned/kernel/sound/hda/codecs/snd-hda-codec-senarytech.ko
  INSTALL /lib/modules/7.1.6-cachyos-trim11-tuned/kernel/sound/hda/codecs/snd-hda-codec-si3054.ko
  INSTALL /lib/modules/7.1.6-cachyos-trim11-tuned/kernel/sound/hda/codecs/snd-hda-codec-via.ko
  INSTALL /lib/modules/7.1.6-cachyos-trim11-tuned/kernel/sound/hda/controllers/snd-hda-intel.ko
  INSTALL /lib/modules/7.1.6-cachyos-trim11-tuned/kernel/sound/hda/controllers/snd-hda-acpi.ko
  INSTALL /lib/modules/7.1.6-cachyos-trim11-tuned/kernel/net/core/pktgen.ko
  INSTALL /lib/modules/7.1.6-cachyos-trim11-tuned/kernel/net/core/selftests.ko
  INSTALL /lib/modules/7.1.6-cachyos-trim11-tuned/kernel/net/core/failover.ko
  INSTALL /lib/modules/7.1.6-cachyos-trim11-tuned/kernel/net/802/psnap.ko
  INSTALL /lib/modules/7.1.6-cachyos-trim11-tuned/kernel/net/802/stp.ko
  INSTALL /lib/modules/7.1.6-cachyos-trim11-tuned/kernel/net/802/garp.ko
  INSTALL /lib/modules/7.1.6-cachyos-trim11-tuned/kernel/net/802/mrp.ko
  INSTALL /lib/modules/7.1.6-cachyos-trim11-tuned/kernel/net/netlink/netlink_diag.ko
  INSTALL /lib/modules/7.1.6-cachyos-trim11-tuned/kernel/net/netfilter/nfnetlink.ko
  INSTALL /lib/modules/7.1.6-cachyos-trim11-tuned/kernel/net/netfilter/nfnetlink_acct.ko
  INSTALL /lib/modules/7.1.6-cachyos-trim11-tuned/kernel/net/netfilter/nfnetlink_queue.ko
  INSTALL /lib/modules/7.1.6-cachyos-trim11-tuned/kernel/net/netfilter/nfnetlink_log.ko
  INSTALL /lib/modules/7.1.6-cachyos-trim11-tuned/kernel/net/netfilter/nfnetlink_osf.ko
  INSTALL /lib/modules/7.1.6-cachyos-trim11-tuned/kernel/net/netfilter/nfnetlink_hook.ko
  INSTALL /lib/modules/7.1.6-cachyos-trim11-tuned/kernel/net/netfilter/nf_conntrack.ko
  INSTALL /lib/modules/7.1.6-cachyos-trim11-tuned/kernel/net/netfilter/nf_conntrack_netlink.ko
  INSTALL /lib/modules/7.1.6-cachyos-trim11-tuned/kernel/net/netfilter/nfnetlink_cttimeout.ko
  INSTALL /lib/modules/7.1.6-cachyos-trim11-tuned/kernel/net/netfilter/nfnetlink_cthelper.ko
  INSTALL /lib/modules/7.1.6-cachyos-trim11-tuned/kernel/net/netfilter/nf_conntrack_amanda.ko
  INSTALL /lib/modules/7.1.6-cachyos-trim11-tuned/kernel/net/netfilter/nf_conntrack_ftp.ko
  INSTALL /lib/modules/7.1.6-cachyos-trim11-tuned/kernel/net/netfilter/nf_conntrack_h323.ko
  INSTALL /lib/modules/7.1.6-cachyos-trim11-tuned/kernel/net/netfilter/nf_conntrack_irc.ko
  INSTALL /lib/modules/7.1.6-cachyos-trim11-tuned/kernel/net/netfilter/nf_conntrack_broadcast.ko
  INSTALL /lib/modules/7.1.6-cachyos-trim11-tuned/kernel/net/netfilter/nf_conntrack_netbios_ns.ko
  INSTALL /lib/modules/7.1.6-cachyos-trim11-tuned/kernel/net/netfilter/nf_conntrack_snmp.ko
  INSTALL /lib/modules/7.1.6-cachyos-trim11-tuned/kernel/net/netfilter/nf_conntrack_pptp.ko
  INSTALL /lib/modules/7.1.6-cachyos-trim11-tuned/kernel/net/netfilter/nf_conntrack_sane.ko
  INSTALL /lib/modules/7.1.6-cachyos-trim11-tuned/kernel/net/netfilter/nf_conntrack_sip.ko
  INSTALL /lib/modules/7.1.6-cachyos-trim11-tuned/kernel/net/netfilter/nf_conntrack_tftp.ko
  INSTALL /lib/modules/7.1.6-cachyos-trim11-tuned/kernel/net/netfilter/nf_log_syslog.ko
  INSTALL /lib/modules/7.1.6-cachyos-trim11-tuned/kernel/net/netfilter/nf_nat.ko
  INSTALL /lib/modules/7.1.6-cachyos-trim11-tuned/kernel/net/netfilter/nf_nat_amanda.ko
  INSTALL /lib/modules/7.1.6-cachyos-trim11-tuned/kernel/net/netfilter/nf_nat_ftp.ko
  INSTALL /lib/modules/7.1.6-cachyos-trim11-tuned/kernel/net/netfilter/nf_nat_irc.ko
  INSTALL /lib/modules/7.1.6-cachyos-trim11-tuned/kernel/net/netfilter/nf_nat_sip.ko
  INSTALL /lib/modules/7.1.6-cachyos-trim11-tuned/kernel/net/netfilter/nf_nat_tftp.ko
  INSTALL /lib/modules/7.1.6-cachyos-trim11-tuned/kernel/net/netfilter/nf_synproxy_core.ko
  INSTALL /lib/modules/7.1.6-cachyos-trim11-tuned/kernel/net/netfilter/nf_conncount.ko
  INSTALL /lib/modules/7.1.6-cachyos-trim11-tuned/kernel/net/netfilter/nf_dup_netdev.ko
  INSTALL /lib/modules/7.1.6-cachyos-trim11-tuned/kernel/net/netfilter/nf_tables.ko
  INSTALL /lib/modules/7.1.6-cachyos-trim11-tuned/kernel/net/netfilter/nft_compat.ko
  INSTALL /lib/modules/7.1.6-cachyos-trim11-tuned/kernel/net/netfilter/nft_connlimit.ko
  INSTALL /lib/modules/7.1.6-cachyos-trim11-tuned/kernel/net/netfilter/nft_numgen.ko
  INSTALL /lib/modules/7.1.6-cachyos-trim11-tuned/kernel/net/netfilter/nft_ct.ko
  INSTALL /lib/modules/7.1.6-cachyos-trim11-tuned/kernel/net/netfilter/nft_flow_offload.ko
  INSTALL /lib/modules/7.1.6-cachyos-trim11-tuned/kernel/net/netfilter/nft_limit.ko
  INSTALL /lib/modules/7.1.6-cachyos-trim11-tuned/kernel/net/netfilter/nft_nat.ko
  INSTALL /lib/modules/7.1.6-cachyos-trim11-tuned/kernel/net/netfilter/nft_queue.ko
  INSTALL /lib/modules/7.1.6-cachyos-trim11-tuned/kernel/net/netfilter/nft_quota.ko
  INSTALL /lib/modules/7.1.6-cachyos-trim11-tuned/kernel/net/netfilter/nft_reject.ko
  INSTALL /lib/modules/7.1.6-cachyos-trim11-tuned/kernel/net/netfilter/nft_reject_inet.ko
  INSTALL /lib/modules/7.1.6-cachyos-trim11-tuned/kernel/net/netfilter/nft_reject_netdev.ko
  INSTALL /lib/modules/7.1.6-cachyos-trim11-tuned/kernel/net/netfilter/nft_tunnel.ko
  INSTALL /lib/modules/7.1.6-cachyos-trim11-tuned/kernel/net/netfilter/nft_log.ko
  INSTALL /lib/modules/7.1.6-cachyos-trim11-tuned/kernel/net/netfilter/nft_masq.ko
  INSTALL /lib/modules/7.1.6-cachyos-trim11-tuned/kernel/net/netfilter/nft_redir.ko
  INSTALL /lib/modules/7.1.6-cachyos-trim11-tuned/kernel/net/netfilter/nft_hash.ko
  INSTALL /lib/modules/7.1.6-cachyos-trim11-tuned/kernel/net/netfilter/nft_fib.ko
  INSTALL /lib/modules/7.1.6-cachyos-trim11-tuned/kernel/net/netfilter/nft_fib_inet.ko
  INSTALL /lib/modules/7.1.6-cachyos-trim11-tuned/kernel/net/netfilter/nft_fib_netdev.ko
  INSTALL /lib/modules/7.1.6-cachyos-trim11-tuned/kernel/net/netfilter/nft_socket.ko
  INSTALL /lib/modules/7.1.6-cachyos-trim11-tuned/kernel/net/netfilter/nft_osf.ko
  INSTALL /lib/modules/7.1.6-cachyos-trim11-tuned/kernel/net/netfilter/nft_tproxy.ko
  INSTALL /lib/modules/7.1.6-cachyos-trim11-tuned/kernel/net/netfilter/nft_xfrm.ko
  INSTALL /lib/modules/7.1.6-cachyos-trim11-tuned/kernel/net/netfilter/nft_synproxy.ko
  INSTALL /lib/modules/7.1.6-cachyos-trim11-tuned/kernel/net/netfilter/nft_chain_nat.ko
  INSTALL /lib/modules/7.1.6-cachyos-trim11-tuned/kernel/net/netfilter/nft_dup_netdev.ko
  INSTALL /lib/modules/7.1.6-cachyos-trim11-tuned/kernel/net/netfilter/nft_fwd_netdev.ko
  INSTALL /lib/modules/7.1.6-cachyos-trim11-tuned/kernel/net/netfilter/nf_flow_table.ko
  INSTALL /lib/modules/7.1.6-cachyos-trim11-tuned/kernel/net/netfilter/nf_flow_table_inet.ko
  INSTALL /lib/modules/7.1.6-cachyos-trim11-tuned/kernel/net/netfilter/x_tables.ko
  INSTALL /lib/modules/7.1.6-cachyos-trim11-tuned/kernel/net/netfilter/xt_tcpudp.ko
  INSTALL /lib/modules/7.1.6-cachyos-trim11-tuned/kernel/net/netfilter/xt_mark.ko
  INSTALL /lib/modules/7.1.6-cachyos-trim11-tuned/kernel/net/netfilter/xt_connmark.ko
  INSTALL /lib/modules/7.1.6-cachyos-trim11-tuned/kernel/net/netfilter/xt_set.ko
  INSTALL /lib/modules/7.1.6-cachyos-trim11-tuned/kernel/net/netfilter/xt_nat.ko
  INSTALL /lib/modules/7.1.6-cachyos-trim11-tuned/kernel/net/netfilter/xt_CHECKSUM.ko
  INSTALL /lib/modules/7.1.6-cachyos-trim11-tuned/kernel/net/netfilter/xt_CLASSIFY.ko
  INSTALL /lib/modules/7.1.6-cachyos-trim11-tuned/kernel/net/netfilter/xt_CT.ko
  INSTALL /lib/modules/7.1.6-cachyos-trim11-tuned/kernel/net/netfilter/xt_DSCP.ko
  INSTALL /lib/modules/7.1.6-cachyos-trim11-tuned/kernel/net/netfilter/xt_HL.ko
  INSTALL /lib/modules/7.1.6-cachyos-trim11-tuned/kernel/net/netfilter/xt_HMARK.ko
  INSTALL /lib/modules/7.1.6-cachyos-trim11-tuned/kernel/net/netfilter/xt_LED.ko
  INSTALL /lib/modules/7.1.6-cachyos-trim11-tuned/kernel/net/netfilter/xt_LOG.ko
  INSTALL /lib/modules/7.1.6-cachyos-trim11-tuned/kernel/net/netfilter/xt_NETMAP.ko
  INSTALL /lib/modules/7.1.6-cachyos-trim11-tuned/kernel/net/netfilter/xt_NFLOG.ko
  INSTALL /lib/modules/7.1.6-cachyos-trim11-tuned/kernel/net/netfilter/xt_NFQUEUE.ko
  INSTALL /lib/modules/7.1.6-cachyos-trim11-tuned/kernel/net/netfilter/xt_RATEEST.ko
  INSTALL /lib/modules/7.1.6-cachyos-trim11-tuned/kernel/net/netfilter/xt_REDIRECT.ko
  INSTALL /lib/modules/7.1.6-cachyos-trim11-tuned/kernel/net/netfilter/xt_MASQUERADE.ko
  INSTALL /lib/modules/7.1.6-cachyos-trim11-tuned/kernel/net/netfilter/xt_TPROXY.ko
  INSTALL /lib/modules/7.1.6-cachyos-trim11-tuned/kernel/net/netfilter/xt_TCPMSS.ko
  INSTALL /lib/modules/7.1.6-cachyos-trim11-tuned/kernel/net/netfilter/xt_TCPOPTSTRIP.ko
  INSTALL /lib/modules/7.1.6-cachyos-trim11-tuned/kernel/net/netfilter/xt_TEE.ko
  INSTALL /lib/modules/7.1.6-cachyos-trim11-tuned/kernel/net/netfilter/xt_TRACE.ko
  INSTALL /lib/modules/7.1.6-cachyos-trim11-tuned/kernel/net/netfilter/xt_IDLETIMER.ko
  INSTALL /lib/modules/7.1.6-cachyos-trim11-tuned/kernel/net/netfilter/xt_addrtype.ko
  INSTALL /lib/modules/7.1.6-cachyos-trim11-tuned/kernel/net/netfilter/xt_bpf.ko
  INSTALL /lib/modules/7.1.6-cachyos-trim11-tuned/kernel/net/netfilter/xt_cluster.ko
  INSTALL /lib/modules/7.1.6-cachyos-trim11-tuned/kernel/net/netfilter/xt_comment.ko
  INSTALL /lib/modules/7.1.6-cachyos-trim11-tuned/kernel/net/netfilter/xt_connbytes.ko
  INSTALL /lib/modules/7.1.6-cachyos-trim11-tuned/kernel/net/netfilter/xt_connlabel.ko
  INSTALL /lib/modules/7.1.6-cachyos-trim11-tuned/kernel/net/netfilter/xt_connlimit.ko
  INSTALL /lib/modules/7.1.6-cachyos-trim11-tuned/kernel/net/netfilter/xt_conntrack.ko
  INSTALL /lib/modules/7.1.6-cachyos-trim11-tuned/kernel/net/netfilter/xt_cpu.ko
  INSTALL /lib/modules/7.1.6-cachyos-trim11-tuned/kernel/net/netfilter/xt_dccp.ko
  INSTALL /lib/modules/7.1.6-cachyos-trim11-tuned/kernel/net/netfilter/xt_devgroup.ko
  INSTALL /lib/modules/7.1.6-cachyos-trim11-tuned/kernel/net/netfilter/xt_dscp.ko
  INSTALL /lib/modules/7.1.6-cachyos-trim11-tuned/kernel/net/netfilter/xt_ecn.ko
  INSTALL /lib/modules/7.1.6-cachyos-trim11-tuned/kernel/net/netfilter/xt_esp.ko
  INSTALL /lib/modules/7.1.6-cachyos-trim11-tuned/kernel/net/netfilter/xt_hashlimit.ko
  INSTALL /lib/modules/7.1.6-cachyos-trim11-tuned/kernel/net/netfilter/xt_helper.ko
  INSTALL /lib/modules/7.1.6-cachyos-trim11-tuned/kernel/net/netfilter/xt_hl.ko
  INSTALL /lib/modules/7.1.6-cachyos-trim11-tuned/kernel/net/netfilter/xt_ipcomp.ko
  INSTALL /lib/modules/7.1.6-cachyos-trim11-tuned/kernel/net/netfilter/xt_iprange.ko
  INSTALL /lib/modules/7.1.6-cachyos-trim11-tuned/kernel/net/netfilter/xt_l2tp.ko
  INSTALL /lib/modules/7.1.6-cachyos-trim11-tuned/kernel/net/netfilter/xt_length.ko
  INSTALL /lib/modules/7.1.6-cachyos-trim11-tuned/kernel/net/netfilter/xt_limit.ko
  INSTALL /lib/modules/7.1.6-cachyos-trim11-tuned/kernel/net/netfilter/xt_mac.ko
  INSTALL /lib/modules/7.1.6-cachyos-trim11-tuned/kernel/net/netfilter/xt_multiport.ko
  INSTALL /lib/modules/7.1.6-cachyos-trim11-tuned/kernel/net/netfilter/xt_nfacct.ko
  INSTALL /lib/modules/7.1.6-cachyos-trim11-tuned/kernel/net/netfilter/xt_osf.ko
  INSTALL /lib/modules/7.1.6-cachyos-trim11-tuned/kernel/net/netfilter/xt_owner.ko
  INSTALL /lib/modules/7.1.6-cachyos-trim11-tuned/kernel/net/netfilter/xt_cgroup.ko
  INSTALL /lib/modules/7.1.6-cachyos-trim11-tuned/kernel/net/netfilter/xt_physdev.ko
  INSTALL /lib/modules/7.1.6-cachyos-trim11-tuned/kernel/net/netfilter/xt_pkttype.ko
  INSTALL /lib/modules/7.1.6-cachyos-trim11-tuned/kernel/net/netfilter/xt_policy.ko
  INSTALL /lib/modules/7.1.6-cachyos-trim11-tuned/kernel/net/netfilter/xt_quota.ko
  INSTALL /lib/modules/7.1.6-cachyos-trim11-tuned/kernel/net/netfilter/xt_rateest.ko
  INSTALL /lib/modules/7.1.6-cachyos-trim11-tuned/kernel/net/netfilter/xt_realm.ko
  INSTALL /lib/modules/7.1.6-cachyos-trim11-tuned/kernel/net/netfilter/xt_recent.ko
  INSTALL /lib/modules/7.1.6-cachyos-trim11-tuned/kernel/net/netfilter/xt_sctp.ko
  INSTALL /lib/modules/7.1.6-cachyos-trim11-tuned/kernel/net/netfilter/xt_socket.ko
  INSTALL /lib/modules/7.1.6-cachyos-trim11-tuned/kernel/net/netfilter/xt_state.ko
  INSTALL /lib/modules/7.1.6-cachyos-trim11-tuned/kernel/net/netfilter/xt_statistic.ko
  INSTALL /lib/modules/7.1.6-cachyos-trim11-tuned/kernel/net/netfilter/xt_string.ko
  INSTALL /lib/modules/7.1.6-cachyos-trim11-tuned/kernel/net/netfilter/xt_tcpmss.ko
  INSTALL /lib/modules/7.1.6-cachyos-trim11-tuned/kernel/net/netfilter/xt_time.ko
  INSTALL /lib/modules/7.1.6-cachyos-trim11-tuned/kernel/net/netfilter/xt_u32.ko
  INSTALL /lib/modules/7.1.6-cachyos-trim11-tuned/kernel/net/netfilter/ipset/ip_set.ko
  INSTALL /lib/modules/7.1.6-cachyos-trim11-tuned/kernel/net/netfilter/ipset/ip_set_bitmap_ip.ko
  INSTALL /lib/modules/7.1.6-cachyos-trim11-tuned/kernel/net/netfilter/ipset/ip_set_bitmap_ipmac.ko
  INSTALL /lib/modules/7.1.6-cachyos-trim11-tuned/kernel/net/netfilter/ipset/ip_set_bitmap_port.ko
  INSTALL /lib/modules/7.1.6-cachyos-trim11-tuned/kernel/net/netfilter/ipset/ip_set_hash_ip.ko
  INSTALL /lib/modules/7.1.6-cachyos-trim11-tuned/kernel/net/netfilter/ipset/ip_set_hash_ipmac.ko
  INSTALL /lib/modules/7.1.6-cachyos-trim11-tuned/kernel/net/netfilter/ipset/ip_set_hash_ipmark.ko
  INSTALL /lib/modules/7.1.6-cachyos-trim11-tuned/kernel/net/netfilter/ipset/ip_set_hash_ipport.ko
  INSTALL /lib/modules/7.1.6-cachyos-trim11-tuned/kernel/net/netfilter/ipset/ip_set_hash_ipportip.ko
  INSTALL /lib/modules/7.1.6-cachyos-trim11-tuned/kernel/net/netfilter/ipset/ip_set_hash_ipportnet.ko
  INSTALL /lib/modules/7.1.6-cachyos-trim11-tuned/kernel/net/netfilter/ipset/ip_set_hash_mac.ko
  INSTALL /lib/modules/7.1.6-cachyos-trim11-tuned/kernel/net/netfilter/ipset/ip_set_hash_net.ko
  INSTALL /lib/modules/7.1.6-cachyos-trim11-tuned/kernel/net/netfilter/ipset/ip_set_hash_netport.ko
  INSTALL /lib/modules/7.1.6-cachyos-trim11-tuned/kernel/net/netfilter/ipset/ip_set_hash_netiface.ko
  INSTALL /lib/modules/7.1.6-cachyos-trim11-tuned/kernel/net/netfilter/ipset/ip_set_hash_netnet.ko
  INSTALL /lib/modules/7.1.6-cachyos-trim11-tuned/kernel/net/netfilter/ipset/ip_set_hash_netportnet.ko
  INSTALL /lib/modules/7.1.6-cachyos-trim11-tuned/kernel/net/netfilter/ipset/ip_set_list_set.ko
  INSTALL /lib/modules/7.1.6-cachyos-trim11-tuned/kernel/net/ipv4/netfilter/nf_defrag_ipv4.ko
  INSTALL /lib/modules/7.1.6-cachyos-trim11-tuned/kernel/net/ipv4/netfilter/nf_socket_ipv4.ko
  INSTALL /lib/modules/7.1.6-cachyos-trim11-tuned/kernel/net/ipv4/netfilter/nf_tproxy_ipv4.ko
  INSTALL /lib/modules/7.1.6-cachyos-trim11-tuned/kernel/net/ipv4/netfilter/nf_reject_ipv4.ko
  INSTALL /lib/modules/7.1.6-cachyos-trim11-tuned/kernel/net/ipv4/netfilter/nf_nat_h323.ko
  INSTALL /lib/modules/7.1.6-cachyos-trim11-tuned/kernel/net/ipv4/netfilter/nf_nat_pptp.ko
  INSTALL /lib/modules/7.1.6-cachyos-trim11-tuned/kernel/net/ipv4/netfilter/nf_nat_snmp_basic.ko
  INSTALL /lib/modules/7.1.6-cachyos-trim11-tuned/kernel/net/ipv4/netfilter/nft_reject_ipv4.ko
  INSTALL /lib/modules/7.1.6-cachyos-trim11-tuned/kernel/net/ipv4/netfilter/nft_fib_ipv4.ko
  INSTALL /lib/modules/7.1.6-cachyos-trim11-tuned/kernel/net/ipv4/netfilter/nft_dup_ipv4.ko
  INSTALL /lib/modules/7.1.6-cachyos-trim11-tuned/kernel/net/ipv4/netfilter/ip_tables.ko
  INSTALL /lib/modules/7.1.6-cachyos-trim11-tuned/kernel/net/ipv4/netfilter/iptable_filter.ko
  INSTALL /lib/modules/7.1.6-cachyos-trim11-tuned/kernel/net/ipv4/netfilter/iptable_mangle.ko
  INSTALL /lib/modules/7.1.6-cachyos-trim11-tuned/kernel/net/ipv4/netfilter/iptable_nat.ko
  INSTALL /lib/modules/7.1.6-cachyos-trim11-tuned/kernel/net/ipv4/netfilter/iptable_raw.ko
  INSTALL /lib/modules/7.1.6-cachyos-trim11-tuned/kernel/net/ipv4/netfilter/iptable_security.ko
  INSTALL /lib/modules/7.1.6-cachyos-trim11-tuned/kernel/net/ipv4/netfilter/ipt_ah.ko
  INSTALL /lib/modules/7.1.6-cachyos-trim11-tuned/kernel/net/ipv4/netfilter/ipt_rpfilter.ko
  INSTALL /lib/modules/7.1.6-cachyos-trim11-tuned/kernel/net/ipv4/netfilter/ipt_ECN.ko
  INSTALL /lib/modules/7.1.6-cachyos-trim11-tuned/kernel/net/ipv4/netfilter/ipt_REJECT.ko
  INSTALL /lib/modules/7.1.6-cachyos-trim11-tuned/kernel/net/ipv4/netfilter/ipt_SYNPROXY.ko
  INSTALL /lib/modules/7.1.6-cachyos-trim11-tuned/kernel/net/ipv4/netfilter/arp_tables.ko
  INSTALL /lib/modules/7.1.6-cachyos-trim11-tuned/kernel/net/ipv4/netfilter/arpt_mangle.ko
  INSTALL /lib/modules/7.1.6-cachyos-trim11-tuned/kernel/net/ipv4/netfilter/arptable_filter.ko
  INSTALL /lib/modules/7.1.6-cachyos-trim11-tuned/kernel/net/ipv4/netfilter/nf_dup_ipv4.ko
  INSTALL /lib/modules/7.1.6-cachyos-trim11-tuned/kernel/net/ipv4/ip_tunnel.ko
  INSTALL /lib/modules/7.1.6-cachyos-trim11-tuned/kernel/net/ipv4/ipip.ko
  INSTALL /lib/modules/7.1.6-cachyos-trim11-tuned/kernel/net/ipv4/fou.ko
  INSTALL /lib/modules/7.1.6-cachyos-trim11-tuned/kernel/net/ipv4/gre.ko
  INSTALL /lib/modules/7.1.6-cachyos-trim11-tuned/kernel/net/ipv4/ip_gre.ko
  INSTALL /lib/modules/7.1.6-cachyos-trim11-tuned/kernel/net/ipv4/udp_tunnel.ko
  INSTALL /lib/modules/7.1.6-cachyos-trim11-tuned/kernel/net/ipv4/ip_vti.ko
  INSTALL /lib/modules/7.1.6-cachyos-trim11-tuned/kernel/net/ipv4/ah4.ko
  INSTALL /lib/modules/7.1.6-cachyos-trim11-tuned/kernel/net/ipv4/esp4.ko
  INSTALL /lib/modules/7.1.6-cachyos-trim11-tuned/kernel/net/ipv4/esp4_offload.ko
  INSTALL /lib/modules/7.1.6-cachyos-trim11-tuned/kernel/net/ipv4/ipcomp.ko
  INSTALL /lib/modules/7.1.6-cachyos-trim11-tuned/kernel/net/ipv4/xfrm4_tunnel.ko
  INSTALL /lib/modules/7.1.6-cachyos-trim11-tuned/kernel/net/ipv4/tunnel4.ko
  INSTALL /lib/modules/7.1.6-cachyos-trim11-tuned/kernel/net/ipv4/inet_diag.ko
  INSTALL /lib/modules/7.1.6-cachyos-trim11-tuned/kernel/net/ipv4/tcp_diag.ko
  INSTALL /lib/modules/7.1.6-cachyos-trim11-tuned/kernel/net/ipv4/udp_diag.ko
  INSTALL /lib/modules/7.1.6-cachyos-trim11-tuned/kernel/net/ipv4/raw_diag.ko
  INSTALL /lib/modules/7.1.6-cachyos-trim11-tuned/kernel/net/ipv4/tcp_bbr.ko
  INSTALL /lib/modules/7.1.6-cachyos-trim11-tuned/kernel/net/ipv4/tcp_bbr3.ko
  INSTALL /lib/modules/7.1.6-cachyos-trim11-tuned/kernel/net/ipv4/tcp_bic.ko
  INSTALL /lib/modules/7.1.6-cachyos-trim11-tuned/kernel/net/ipv4/tcp_cdg.ko
  INSTALL /lib/modules/7.1.6-cachyos-trim11-tuned/kernel/net/ipv4/tcp_dctcp.ko
  INSTALL /lib/modules/7.1.6-cachyos-trim11-tuned/kernel/net/ipv4/tcp_westwood.ko
  INSTALL /lib/modules/7.1.6-cachyos-trim11-tuned/kernel/net/ipv4/tcp_highspeed.ko
  INSTALL /lib/modules/7.1.6-cachyos-trim11-tuned/kernel/net/ipv4/tcp_hybla.ko
  INSTALL /lib/modules/7.1.6-cachyos-trim11-tuned/kernel/net/ipv4/tcp_htcp.ko
  INSTALL /lib/modules/7.1.6-cachyos-trim11-tuned/kernel/net/ipv4/tcp_vegas.ko
  INSTALL /lib/modules/7.1.6-cachyos-trim11-tuned/kernel/net/ipv4/tcp_nv.ko
  INSTALL /lib/modules/7.1.6-cachyos-trim11-tuned/kernel/net/ipv4/tcp_veno.ko
  INSTALL /lib/modules/7.1.6-cachyos-trim11-tuned/kernel/net/ipv4/tcp_scalable.ko
  INSTALL /lib/modules/7.1.6-cachyos-trim11-tuned/kernel/net/ipv4/tcp_lp.ko
  INSTALL /lib/modules/7.1.6-cachyos-trim11-tuned/kernel/net/ipv4/tcp_yeah.ko
  INSTALL /lib/modules/7.1.6-cachyos-trim11-tuned/kernel/net/ipv4/tcp_illinois.ko
  INSTALL /lib/modules/7.1.6-cachyos-trim11-tuned/kernel/net/xfrm/xfrm_algo.ko
  INSTALL /lib/modules/7.1.6-cachyos-trim11-tuned/kernel/net/xfrm/xfrm_ipcomp.ko
  INSTALL /lib/modules/7.1.6-cachyos-trim11-tuned/kernel/net/xfrm/xfrm_iptfs.ko
  INSTALL /lib/modules/7.1.6-cachyos-trim11-tuned/kernel/net/unix/unix_diag.ko
  INSTALL /lib/modules/7.1.6-cachyos-trim11-tuned/kernel/net/ipv6/netfilter/ip6_tables.ko
  INSTALL /lib/modules/7.1.6-cachyos-trim11-tuned/kernel/net/ipv6/netfilter/ip6table_filter.ko
  INSTALL /lib/modules/7.1.6-cachyos-trim11-tuned/kernel/net/ipv6/netfilter/ip6table_mangle.ko
  INSTALL /lib/modules/7.1.6-cachyos-trim11-tuned/kernel/net/ipv6/netfilter/ip6table_raw.ko
  INSTALL /lib/modules/7.1.6-cachyos-trim11-tuned/kernel/net/ipv6/netfilter/ip6table_security.ko
  INSTALL /lib/modules/7.1.6-cachyos-trim11-tuned/kernel/net/ipv6/netfilter/ip6table_nat.ko
  INSTALL /lib/modules/7.1.6-cachyos-trim11-tuned/kernel/net/ipv6/netfilter/nf_defrag_ipv6.ko
  INSTALL /lib/modules/7.1.6-cachyos-trim11-tuned/kernel/net/ipv6/netfilter/nf_socket_ipv6.ko
  INSTALL /lib/modules/7.1.6-cachyos-trim11-tuned/kernel/net/ipv6/netfilter/nf_tproxy_ipv6.ko
  INSTALL /lib/modules/7.1.6-cachyos-trim11-tuned/kernel/net/ipv6/netfilter/nf_reject_ipv6.ko
  INSTALL /lib/modules/7.1.6-cachyos-trim11-tuned/kernel/net/ipv6/netfilter/nf_dup_ipv6.ko
  INSTALL /lib/modules/7.1.6-cachyos-trim11-tuned/kernel/net/ipv6/netfilter/nft_reject_ipv6.ko
  INSTALL /lib/modules/7.1.6-cachyos-trim11-tuned/kernel/net/ipv6/netfilter/nft_dup_ipv6.ko
  INSTALL /lib/modules/7.1.6-cachyos-trim11-tuned/kernel/net/ipv6/netfilter/nft_fib_ipv6.ko
  INSTALL /lib/modules/7.1.6-cachyos-trim11-tuned/kernel/net/ipv6/netfilter/ip6t_ah.ko
  INSTALL /lib/modules/7.1.6-cachyos-trim11-tuned/kernel/net/ipv6/netfilter/ip6t_eui64.ko
  INSTALL /lib/modules/7.1.6-cachyos-trim11-tuned/kernel/net/ipv6/netfilter/ip6t_frag.ko
  INSTALL /lib/modules/7.1.6-cachyos-trim11-tuned/kernel/net/ipv6/netfilter/ip6t_ipv6header.ko
  INSTALL /lib/modules/7.1.6-cachyos-trim11-tuned/kernel/net/ipv6/netfilter/ip6t_mh.ko
  INSTALL /lib/modules/7.1.6-cachyos-trim11-tuned/kernel/net/ipv6/netfilter/ip6t_hbh.ko
  INSTALL /lib/modules/7.1.6-cachyos-trim11-tuned/kernel/net/ipv6/netfilter/ip6t_rpfilter.ko
  INSTALL /lib/modules/7.1.6-cachyos-trim11-tuned/kernel/net/ipv6/netfilter/ip6t_rt.ko
  INSTALL /lib/modules/7.1.6-cachyos-trim11-tuned/kernel/net/ipv6/netfilter/ip6t_srh.ko
  INSTALL /lib/modules/7.1.6-cachyos-trim11-tuned/kernel/net/ipv6/netfilter/ip6t_NPT.ko
  INSTALL /lib/modules/7.1.6-cachyos-trim11-tuned/kernel/net/ipv6/netfilter/ip6t_REJECT.ko
  INSTALL /lib/modules/7.1.6-cachyos-trim11-tuned/kernel/net/ipv6/netfilter/ip6t_SYNPROXY.ko
  INSTALL /lib/modules/7.1.6-cachyos-trim11-tuned/kernel/net/ipv6/ah6.ko
  INSTALL /lib/modules/7.1.6-cachyos-trim11-tuned/kernel/net/ipv6/esp6.ko
  INSTALL /lib/modules/7.1.6-cachyos-trim11-tuned/kernel/net/ipv6/esp6_offload.ko
  INSTALL /lib/modules/7.1.6-cachyos-trim11-tuned/kernel/net/ipv6/ipcomp6.ko
  INSTALL /lib/modules/7.1.6-cachyos-trim11-tuned/kernel/net/ipv6/xfrm6_tunnel.ko
  INSTALL /lib/modules/7.1.6-cachyos-trim11-tuned/kernel/net/ipv6/tunnel6.ko
  INSTALL /lib/modules/7.1.6-cachyos-trim11-tuned/kernel/net/ipv6/mip6.ko
  INSTALL /lib/modules/7.1.6-cachyos-trim11-tuned/kernel/net/ipv6/ila/ila.ko
  INSTALL /lib/modules/7.1.6-cachyos-trim11-tuned/kernel/net/ipv6/ip6_vti.ko
  INSTALL /lib/modules/7.1.6-cachyos-trim11-tuned/kernel/net/ipv6/sit.ko
  INSTALL /lib/modules/7.1.6-cachyos-trim11-tuned/kernel/net/ipv6/ip6_tunnel.ko
  INSTALL /lib/modules/7.1.6-cachyos-trim11-tuned/kernel/net/ipv6/ip6_gre.ko
  INSTALL /lib/modules/7.1.6-cachyos-trim11-tuned/kernel/net/ipv6/fou6.ko
  INSTALL /lib/modules/7.1.6-cachyos-trim11-tuned/kernel/net/ipv6/ip6_udp_tunnel.ko
  INSTALL /lib/modules/7.1.6-cachyos-trim11-tuned/kernel/net/packet/af_packet_diag.ko
  INSTALL /lib/modules/7.1.6-cachyos-trim11-tuned/kernel/net/8021q/8021q.ko
  INSTALL /lib/modules/7.1.6-cachyos-trim11-tuned/kernel/net/wireless/cfg80211.ko
  INSTALL /lib/modules/7.1.6-cachyos-trim11-tuned/kernel/net/xdp/xsk_diag.ko
  INSTALL /lib/modules/7.1.6-cachyos-trim11-tuned/kernel/net/llc/llc.ko
  INSTALL /lib/modules/7.1.6-cachyos-trim11-tuned/kernel/net/tls/tls.ko
  INSTALL /lib/modules/7.1.6-cachyos-trim11-tuned/kernel/net/key/af_key.ko
  INSTALL /lib/modules/7.1.6-cachyos-trim11-tuned/kernel/net/bridge/netfilter/nft_meta_bridge.ko
  INSTALL /lib/modules/7.1.6-cachyos-trim11-tuned/kernel/net/bridge/netfilter/nft_reject_bridge.ko
  INSTALL /lib/modules/7.1.6-cachyos-trim11-tuned/kernel/net/bridge/netfilter/nf_conntrack_bridge.ko
  INSTALL /lib/modules/7.1.6-cachyos-trim11-tuned/kernel/net/bridge/netfilter/ebtables.ko
  INSTALL /lib/modules/7.1.6-cachyos-trim11-tuned/kernel/net/bridge/netfilter/ebtable_broute.ko
  INSTALL /lib/modules/7.1.6-cachyos-trim11-tuned/kernel/net/bridge/netfilter/ebtable_filter.ko
  INSTALL /lib/modules/7.1.6-cachyos-trim11-tuned/kernel/net/bridge/netfilter/ebtable_nat.ko
  INSTALL /lib/modules/7.1.6-cachyos-trim11-tuned/kernel/net/bridge/netfilter/ebt_802_3.ko
  INSTALL /lib/modules/7.1.6-cachyos-trim11-tuned/kernel/net/bridge/netfilter/ebt_among.ko
  INSTALL /lib/modules/7.1.6-cachyos-trim11-tuned/kernel/net/bridge/netfilter/ebt_arp.ko
  INSTALL /lib/modules/7.1.6-cachyos-trim11-tuned/kernel/net/bridge/netfilter/ebt_ip.ko
  INSTALL /lib/modules/7.1.6-cachyos-trim11-tuned/kernel/net/bridge/netfilter/ebt_ip6.ko
  INSTALL /lib/modules/7.1.6-cachyos-trim11-tuned/kernel/net/bridge/netfilter/ebt_limit.ko
  INSTALL /lib/modules/7.1.6-cachyos-trim11-tuned/kernel/net/bridge/netfilter/ebt_mark_m.ko
  INSTALL /lib/modules/7.1.6-cachyos-trim11-tuned/kernel/net/bridge/netfilter/ebt_pkttype.ko
  INSTALL /lib/modules/7.1.6-cachyos-trim11-tuned/kernel/net/bridge/netfilter/ebt_stp.ko
  INSTALL /lib/modules/7.1.6-cachyos-trim11-tuned/kernel/net/bridge/netfilter/ebt_vlan.ko
  INSTALL /lib/modules/7.1.6-cachyos-trim11-tuned/kernel/net/bridge/netfilter/ebt_arpreply.ko
  INSTALL /lib/modules/7.1.6-cachyos-trim11-tuned/kernel/net/bridge/netfilter/ebt_mark.ko
  INSTALL /lib/modules/7.1.6-cachyos-trim11-tuned/kernel/net/bridge/netfilter/ebt_dnat.ko
  INSTALL /lib/modules/7.1.6-cachyos-trim11-tuned/kernel/net/bridge/netfilter/ebt_redirect.ko
  INSTALL /lib/modules/7.1.6-cachyos-trim11-tuned/kernel/net/bridge/netfilter/ebt_snat.ko
  INSTALL /lib/modules/7.1.6-cachyos-trim11-tuned/kernel/net/bridge/netfilter/ebt_log.ko
  INSTALL /lib/modules/7.1.6-cachyos-trim11-tuned/kernel/net/bridge/netfilter/ebt_nflog.ko
  INSTALL /lib/modules/7.1.6-cachyos-trim11-tuned/kernel/net/bridge/bridge.ko
  INSTALL /lib/modules/7.1.6-cachyos-trim11-tuned/kernel/net/bridge/br_netfilter.ko
  INSTALL /lib/modules/7.1.6-cachyos-trim11-tuned/kernel/net/appletalk/appletalk.ko
  INSTALL /lib/modules/7.1.6-cachyos-trim11-tuned/kernel/net/bluetooth/bluetooth.ko
  INSTALL /lib/modules/7.1.6-cachyos-trim11-tuned/kernel/net/bluetooth/rfcomm/rfcomm.ko
  INSTALL /lib/modules/7.1.6-cachyos-trim11-tuned/kernel/net/bluetooth/bnep/bnep.ko
  INSTALL /lib/modules/7.1.6-cachyos-trim11-tuned/kernel/net/bluetooth/hidp/hidp.ko
  INSTALL /lib/modules/7.1.6-cachyos-trim11-tuned/kernel/net/mac80211/mac80211.ko
  INSTALL /lib/modules/7.1.6-cachyos-trim11-tuned/kernel/net/rfkill/rfkill.ko
  INSTALL /lib/modules/7.1.6-cachyos-trim11-tuned/kernel/net/rfkill/rfkill-gpio.ko
  INSTALL /lib/modules/7.1.6-cachyos-trim11-tuned/kernel/net/dns_resolver/dns_resolver.ko
  INSTALL /lib/modules/7.1.6-cachyos-trim11-tuned/kernel/net/psample/psample.ko
  INSTALL /lib/modules/7.1.6-cachyos-trim11-tuned/kernel/net/vmw_vsock/vsock.ko
  INSTALL /lib/modules/7.1.6-cachyos-trim11-tuned/kernel/net/vmw_vsock/vsock_diag.ko
  INSTALL /lib/modules/7.1.6-cachyos-trim11-tuned/kernel/net/vmw_vsock/vmw_vsock_virtio_transport_common.ko
  INSTALL /lib/modules/7.1.6-cachyos-trim11-tuned/kernel/net/vmw_vsock/vsock_loopback.ko
  INSTALL /lib/modules/7.1.6-cachyos-trim11-tuned/kernel/net/nsh/nsh.ko
  INSTALL /lib/modules/7.1.6-cachyos-trim11-tuned/kernel/net/qrtr/qrtr.ko
  INSTALL /lib/modules/7.1.6-cachyos-trim11-tuned/kernel/net/qrtr/qrtr-tun.ko
  DEPMOD  /lib/modules/7.1.6-cachyos-trim11-tuned
=== Wed Aug 12 12:09:59 PM EEST 2026 install ===
  INSTALL /boot
 [1;32m*[0m Generating AMD CPU Microcode early initramfs image...
 [1;32m*[0m Created temporary directory: /tmp/tmp.2E9yxOqqRJ
 [1;32m*[0m Created microcode archive at: /boot/amd-uc.img
 [1;32m*[0m Cleaned up temporary directory: /tmp/tmp.2E9yxOqqRJ
 [1;32m*[0m Generating Intel CPU Microcode early initramfs image...
microcode bundle 1: /lib/firmware/intel-ucode/06-dd-00
  001/001: sig 0x000d06d0, pf_mask 0x01, 2025-08-07, rev 0x0340, size 1499136
microcode bundle 2: /lib/firmware/intel-ucode/06-d7-00
  002/001: sig 0x000d0670, pf_mask 0x04, 2025-08-25, rev 0x0003, size 205824
microcode bundle 3: /lib/firmware/intel-ucode/06-cf-02
  003/001: sig 0x000c06f2, pf_mask 0x87, 2025-12-17, rev 0x210002e0, size 567296
           sig 0x000c06f2, pf_mask 0x87, 2025-12-17, rev 0x210002e0
           sig 0x000c06f1, pf_mask 0x87, 2025-12-17, rev 0x210002e0
microcode bundle 4: /lib/firmware/intel-ucode/06-cf-01
  004/001: sig 0x000c06f2, pf_mask 0x87, 2025-12-17, rev 0x210002e0, size 567296
           sig 0x000c06f2, pf_mask 0x87, 2025-12-17, rev 0x210002e0
           sig 0x000c06f1, pf_mask 0x87, 2025-12-17, rev 0x210002e0
microcode bundle 5: /lib/firmware/intel-ucode/06-cc-03
  005/001: sig 0x000c06c1, pf_mask 0x90, 2026-03-24, rev 0x011b, size 163840
           sig 0x000c06c1, pf_mask 0x90, 2026-03-24, rev 0x011b
           sig 0x000c06c2, pf_mask 0x90, 2026-03-24, rev 0x011b
           sig 0x000c06c3, pf_mask 0x90, 2026-03-24, rev 0x011b
microcode bundle 6: /lib/firmware/intel-ucode/06-cc-02
  006/001: sig 0x000c06c1, pf_mask 0x90, 2026-03-24, rev 0x011b, size 163840
           sig 0x000c06c1, pf_mask 0x90, 2026-03-24, rev 0x011b
           sig 0x000c06c2, pf_mask 0x90, 2026-03-24, rev 0x011b
           sig 0x000c06c3, pf_mask 0x90, 2026-03-24, rev 0x011b
microcode bundle 7: /lib/firmware/intel-ucode/06-cc-01
  007/001: sig 0x000c06c1, pf_mask 0x90, 2026-03-24, rev 0x011b, size 163840
           sig 0x000c06c1, pf_mask 0x90, 2026-03-24, rev 0x011b
           sig 0x000c06c2, pf_mask 0x90, 2026-03-24, rev 0x011b
           sig 0x000c06c3, pf_mask 0x90, 2026-03-24, rev 0x011b
microcode bundle 8: /lib/firmware/intel-ucode/06-cc-00
  008/001: sig 0x000c06c0, pf_mask 0x90, 2025-03-25, rev 0x0012, size 168960
microcode bundle 9: /lib/firmware/intel-ucode/06-ca-02
  009/001: sig 0x000c0662, pf_mask 0x82, 2025-12-15, rev 0x0121, size 91136
           sig 0x000c0662, pf_mask 0x82, 2025-12-15, rev 0x0121
           sig 0x000c06a2, pf_mask 0x82, 2025-12-15, rev 0x0121
           sig 0x000c0652, pf_mask 0x82, 2025-12-15, rev 0x0121
           sig 0x000c0664, pf_mask 0x82, 2025-12-15, rev 0x0121
microcode bundle 10: /lib/firmware/intel-ucode/06-c6-04
  010/001: sig 0x000c0662, pf_mask 0x82, 2025-12-15, rev 0x0121, size 91136
           sig 0x000c0662, pf_mask 0x82, 2025-12-15, rev 0x0121
           sig 0x000c06a2, pf_mask 0x82, 2025-12-15, rev 0x0121
           sig 0x000c0652, pf_mask 0x82, 2025-12-15, rev 0x0121
           sig 0x000c0664, pf_mask 0x82, 2025-12-15, rev 0x0121
microcode bundle 11: /lib/firmware/intel-ucode/06-c6-02
  011/001: sig 0x000c0662, pf_mask 0x82, 2025-12-15, rev 0x0121, size 91136
           sig 0x000c0662, pf_mask 0x82, 2025-12-15, rev 0x0121
           sig 0x000c06a2, pf_mask 0x82, 2025-12-15, rev 0x0121
           sig 0x000c0652, pf_mask 0x82, 2025-12-15, rev 0x0121
           sig 0x000c0664, pf_mask 0x82, 2025-12-15, rev 0x0121
microcode bundle 12: /lib/firmware/intel-ucode/06-c6-00
  012/001: sig 0x000c0660, pf_mask 0x02, 2024-05-16, rev 0x0018, size 90112
microcode bundle 13: /lib/firmware/intel-ucode/06-c5-02
  013/001: sig 0x000c0662, pf_mask 0x82, 2025-12-15, rev 0x0121, size 91136
           sig 0x000c0662, pf_mask 0x82, 2025-12-15, rev 0x0121
           sig 0x000c06a2, pf_mask 0x82, 2025-12-15, rev 0x0121
           sig 0x000c0652, pf_mask 0x82, 2025-12-15, rev 0x0121
           sig 0x000c0664, pf_mask 0x82, 2025-12-15, rev 0x0121
microcode bundle 14: /lib/firmware/intel-ucode/06-bf-07
  014/001: sig 0x00090672, pf_mask 0x07, 2025-10-12, rev 0x003e, size 227328
           sig 0x00090672, pf_mask 0x07, 2025-10-12, rev 0x003e
           sig 0x00090675, pf_mask 0x07, 2025-10-12, rev 0x003e
           sig 0x000b06f2, pf_mask 0x07, 2025-10-12, rev 0x003e
           sig 0x000b06f5, pf_mask 0x07, 2025-10-12, rev 0x003e
           sig 0x000b06f6, pf_mask 0x07, 2025-10-12, rev 0x003e
           sig 0x000b06f7, pf_mask 0x07, 2025-10-12, rev 0x003e
microcode bundle 15: /lib/firmware/intel-ucode/06-bf-06
  015/001: sig 0x00090672, pf_mask 0x07, 2025-10-12, rev 0x003e, size 227328
           sig 0x00090672, pf_mask 0x07, 2025-10-12, rev 0x003e
           sig 0x00090675, pf_mask 0x07, 2025-10-12, rev 0x003e
           sig 0x000b06f2, pf_mask 0x07, 2025-10-12, rev 0x003e
           sig 0x000b06f5, pf_mask 0x07, 2025-10-12, rev 0x003e
           sig 0x000b06f6, pf_mask 0x07, 2025-10-12, rev 0x003e
           sig 0x000b06f7, pf_mask 0x07, 2025-10-12, rev 0x003e
microcode bundle 16: /lib/firmware/intel-ucode/06-bf-05
  016/001: sig 0x00090672, pf_mask 0x07, 2025-10-12, rev 0x003e, size 227328
           sig 0x00090672, pf_mask 0x07, 2025-10-12, rev 0x003e
           sig 0x00090675, pf_mask 0x07, 2025-10-12, rev 0x003e
           sig 0x000b06f2, pf_mask 0x07, 2025-10-12, rev 0x003e
           sig 0x000b06f5, pf_mask 0x07, 2025-10-12, rev 0x003e
           sig 0x000b06f6, pf_mask 0x07, 2025-10-12, rev 0x003e
           sig 0x000b06f7, pf_mask 0x07, 2025-10-12, rev 0x003e
microcode bundle 17: /lib/firmware/intel-ucode/06-bf-02
  017/001: sig 0x00090672, pf_mask 0x07, 2025-10-12, rev 0x003e, size 227328
           sig 0x00090672, pf_mask 0x07, 2025-10-12, rev 0x003e
           sig 0x00090675, pf_mask 0x07, 2025-10-12, rev 0x003e
           sig 0x000b06f2, pf_mask 0x07, 2025-10-12, rev 0x003e
           sig 0x000b06f5, pf_mask 0x07, 2025-10-12, rev 0x003e
           sig 0x000b06f6, pf_mask 0x07, 2025-10-12, rev 0x003e
           sig 0x000b06f7, pf_mask 0x07, 2025-10-12, rev 0x003e
microcode bundle 18: /lib/firmware/intel-ucode/06-be-00
  018/001: sig 0x000b06e0, pf_mask 0x19, 2025-09-12, rev 0x0021, size 142336
microcode bundle 19: /lib/firmware/intel-ucode/06-bd-01
  019/001: sig 0x000b06d1, pf_mask 0x80, 2025-12-10, rev 0x0126, size 80896
microcode bundle 20: /lib/firmware/intel-ucode/06-bd-00
  020/001: sig 0x000b06d0, pf_mask 0x80, 2024-06-10, rev 0x001a, size 99328
microcode bundle 21: /lib/firmware/intel-ucode/06-ba-08
  021/001: sig 0x000b06a2, pf_mask 0xe0, 2025-10-08, rev 0x6134, size 224256
           sig 0x000b06a2, pf_mask 0xe0, 2025-10-08, rev 0x6134
           sig 0x000b06a3, pf_mask 0xe0, 2025-10-08, rev 0x6134
           sig 0x000b06a8, pf_mask 0xe0, 2025-10-08, rev 0x6134
microcode bundle 22: /lib/firmware/intel-ucode/06-ba-03
  022/001: sig 0x000b06a2, pf_mask 0xe0, 2025-10-08, rev 0x6134, size 224256
           sig 0x000b06a2, pf_mask 0xe0, 2025-10-08, rev 0x6134
           sig 0x000b06a3, pf_mask 0xe0, 2025-10-08, rev 0x6134
           sig 0x000b06a8, pf_mask 0xe0, 2025-10-08, rev 0x6134
microcode bundle 23: /lib/firmware/intel-ucode/06-ba-02
  023/001: sig 0x000b06a2, pf_mask 0xe0, 2025-10-08, rev 0x6134, size 224256
           sig 0x000b06a2, pf_mask 0xe0, 2025-10-08, rev 0x6134
           sig 0x000b06a3, pf_mask 0xe0, 2025-10-08, rev 0x6134
           sig 0x000b06a8, pf_mask 0xe0, 2025-10-08, rev 0x6134
microcode bundle 24: /lib/firmware/intel-ucode/06-b7-04
  024/001: sig 0x000b0674, pf_mask 0x32, 2025-11-20, rev 0x0136, size 219136
           sig 0x000b0671, pf_mask 0x32, 2025-11-20, rev 0x0136
           sig 0x000b0674, pf_mask 0x32, 2025-11-20, rev 0x0136
microcode bundle 25: /lib/firmware/intel-ucode/06-b7-01
  025/001: sig 0x000b0674, pf_mask 0x32, 2025-11-20, rev 0x0136, size 219136
           sig 0x000b0671, pf_mask 0x32, 2025-11-20, rev 0x0136
           sig 0x000b0674, pf_mask 0x32, 2025-11-20, rev 0x0136
microcode bundle 26: /lib/firmware/intel-ucode/06-b7-00
  026/001: sig 0x000b0670, pf_mask 0x02, 2022-02-20, rev 0x000e, size 198656
microcode bundle 27: /lib/firmware/intel-ucode/06-b6-04
  027/001: sig 0x000b0664, pf_mask 0x01, 2025-05-29, rev 0x0030, size 840704
microcode bundle 28: /lib/firmware/intel-ucode/06-b5-00
  028/001: sig 0x000b0650, pf_mask 0x80, 2025-09-25, rev 0x000d, size 137216
microcode bundle 29: /lib/firmware/intel-ucode/06-af-03
  029/001: sig 0x000a06f3, pf_mask 0x01, 2026-01-30, rev 0x30003a3, size 1533952
microcode bundle 30: /lib/firmware/intel-ucode/06-ae-01
  030/001: sig 0x000a06e1, pf_mask 0x97, 2026-02-26, rev 0x1000307, size 1646592
microcode bundle 31: /lib/firmware/intel-ucode/06-ad-01
  031/001: sig 0x000a06d1, pf_mask 0x95, 2026-01-29, rev 0x1000423, size 1671168
  031/002: sig 0x000a06d1, pf_mask 0x20, 2026-01-29, rev 0xa000142, size 1642496
  031/003: sig 0x000a06d1, pf_mask 0x02, 2025-10-02, rev 0x10001d0, size 1640448
microcode bundle 32: /lib/firmware/intel-ucode/06-ad-00
  032/001: sig 0x000a06d0, pf_mask 0x95, 2024-08-18, rev 0x10000680, size 1580032
microcode bundle 33: /lib/firmware/intel-ucode/06-ac-01
  033/001: sig 0x000a06c1, pf_mask 0xc6, 2023-12-01, rev 0x0005, size 135168
microcode bundle 34: /lib/firmware/intel-ucode/06-ac-00
  034/001: sig 0x000a06c0, pf_mask 0xc6, 2023-09-01, rev 0x0013, size 137216
microcode bundle 35: /lib/firmware/intel-ucode/06-aa-04
  035/001: sig 0x000a06a4, pf_mask 0xe6, 2025-09-24, rev 0x0028, size 141312
microcode bundle 36: /lib/firmware/intel-ucode/06-aa-02
  036/001: sig 0x000a06a2, pf_mask 0xc6, 2023-06-27, rev 0x0011, size 136192
microcode bundle 37: /lib/firmware/intel-ucode/06-aa-01
  037/001: sig 0x000a06a1, pf_mask 0xc6, 2023-05-18, rev 0x0017, size 137216
microcode bundle 38: /lib/firmware/intel-ucode/06-a7-01
  038/001: sig 0x000a0671, pf_mask 0x02, 2025-07-24, rev 0x0065, size 108544
microcode bundle 39: /lib/firmware/intel-ucode/06-a7-00
  039/001: sig 0x000a0670, pf_mask 0x02, 2020-11-24, rev 0x002c, size 94208
microcode bundle 40: /lib/firmware/intel-ucode/06-a6-01
  040/001: sig 0x000a0661, pf_mask 0x80, 2024-11-14, rev 0x0100, size 97280
microcode bundle 41: /lib/firmware/intel-ucode/06-a6-00
  041/001: sig 0x000a0660, pf_mask 0x80, 2024-11-14, rev 0x0102, size 98304
microcode bundle 42: /lib/firmware/intel-ucode/06-a5-05
  042/001: sig 0x000a0655, pf_mask 0x22, 2024-11-14, rev 0x0100, size 97280
microcode bundle 43: /lib/firmware/intel-ucode/06-a5-04
  043/001: sig 0x000a0654, pf_mask 0x22, 2020-01-23, rev 0x00c6, size 92160
microcode bundle 44: /lib/firmware/intel-ucode/06-a5-03
  044/001: sig 0x000a0653, pf_mask 0x22, 2024-11-14, rev 0x0100, size 98304
microcode bundle 45: /lib/firmware/intel-ucode/06-a5-02
  045/001: sig 0x000a0652, pf_mask 0x20, 2024-11-14, rev 0x0100, size 97280
microcode bundle 46: /lib/firmware/intel-ucode/06-a5-01
  046/001: sig 0x000a0651, pf_mask 0x22, 2019-11-13, rev 0x00c2, size 91136
microcode bundle 47: /lib/firmware/intel-ucode/06-a5-00
  047/001: sig 0x000a0650, pf_mask 0x22, 2019-10-10, rev 0x00be, size 91136
microcode bundle 48: /lib/firmware/intel-ucode/06-9e-0d
  048/001: sig 0x000906ed, pf_mask 0x22, 2024-11-14, rev 0x0104, size 106496
microcode bundle 49: /lib/firmware/intel-ucode/06-9e-0c
  049/001: sig 0x000906ec, pf_mask 0x22, 2024-02-01, rev 0x00f8, size 106496
microcode bundle 50: /lib/firmware/intel-ucode/06-9e-0b
  050/001: sig 0x000906eb, pf_mask 0x02, 2024-02-01, rev 0x00f6, size 106496
microcode bundle 51: /lib/firmware/intel-ucode/06-9e-0a
  051/001: sig 0x000906ea, pf_mask 0x22, 2024-07-28, rev 0x00fa, size 105472
microcode bundle 52: /lib/firmware/intel-ucode/06-9e-09
  052/001: sig 0x000906e9, pf_mask 0x2a, 2024-03-07, rev 0x00fa, size 106496
microcode bundle 53: /lib/firmware/intel-ucode/06-9c-00
  053/001: sig 0x000906c0, pf_mask 0x01, 2023-09-26, rev 0x24000026, size 20480
microcode bundle 54: /lib/firmware/intel-ucode/06-9a-04
  054/001: sig 0x000906a4, pf_mask 0xc3, 2022-05-09, rev 0x0002, size 112640
  054/002: sig 0x000906a3, pf_mask 0x80, 2025-10-12, rev 0x043b, size 225280
           sig 0x000906a3, pf_mask 0x80, 2025-10-12, rev 0x043b
           sig 0x000906a4, pf_mask 0x80, 2025-10-12, rev 0x043b
  054/003: sig 0x000906a4, pf_mask 0x40, 2025-07-10, rev 0x000c, size 119808
microcode bundle 55: /lib/firmware/intel-ucode/06-9a-03
  055/001: sig 0x000906a3, pf_mask 0x80, 2025-10-12, rev 0x043b, size 225280
           sig 0x000906a3, pf_mask 0x80, 2025-10-12, rev 0x043b
           sig 0x000906a4, pf_mask 0x80, 2025-10-12, rev 0x043b
microcode bundle 56: /lib/firmware/intel-ucode/06-9a-02
  056/001: sig 0x000906a2, pf_mask 0x80, 2022-01-02, rev 0x0315, size 206848
microcode bundle 57: /lib/firmware/intel-ucode/06-9a-01
  057/001: sig 0x000906a1, pf_mask 0x82, 2021-11-04, rev 0x011f, size 184320
microcode bundle 58: /lib/firmware/intel-ucode/06-9a-00
  058/001: sig 0x000906a0, pf_mask 0x82, 2021-06-14, rev 0x001c, size 188416
           sig 0x00090671, pf_mask 0x82, 2021-06-14, rev 0x001c
           sig 0x000906a0, pf_mask 0x82, 2021-06-14, rev 0x001c
microcode bundle 59: /lib/firmware/intel-ucode/06-97-05
  059/001: sig 0x00090672, pf_mask 0x07, 2025-10-12, rev 0x003e, size 227328
           sig 0x00090672, pf_mask 0x07, 2025-10-12, rev 0x003e
           sig 0x00090675, pf_mask 0x07, 2025-10-12, rev 0x003e
           sig 0x000b06f2, pf_mask 0x07, 2025-10-12, rev 0x003e
           sig 0x000b06f5, pf_mask 0x07, 2025-10-12, rev 0x003e
           sig 0x000b06f6, pf_mask 0x07, 2025-10-12, rev 0x003e
           sig 0x000b06f7, pf_mask 0x07, 2025-10-12, rev 0x003e
microcode bundle 60: /lib/firmware/intel-ucode/06-97-04
  060/001: sig 0x00090674, pf_mask 0x01, 2021-04-25, rev 0x0219, size 168960
microcode bundle 61: /lib/firmware/intel-ucode/06-97-02
  061/001: sig 0x00090672, pf_mask 0x07, 2025-10-12, rev 0x003e, size 227328
           sig 0x00090672, pf_mask 0x07, 2025-10-12, rev 0x003e
           sig 0x00090675, pf_mask 0x07, 2025-10-12, rev 0x003e
           sig 0x000b06f2, pf_mask 0x07, 2025-10-12, rev 0x003e
           sig 0x000b06f5, pf_mask 0x07, 2025-10-12, rev 0x003e
           sig 0x000b06f6, pf_mask 0x07, 2025-10-12, rev 0x003e
           sig 0x000b06f7, pf_mask 0x07, 2025-10-12, rev 0x003e
microcode bundle 62: /lib/firmware/intel-ucode/06-97-01
  062/001: sig 0x000906a0, pf_mask 0x82, 2021-06-14, rev 0x001c, size 188416
           sig 0x00090671, pf_mask 0x82, 2021-06-14, rev 0x001c
           sig 0x000906a0, pf_mask 0x82, 2021-06-14, rev 0x001c
microcode bundle 63: /lib/firmware/intel-ucode/06-97-00
  063/001: sig 0x00090670, pf_mask 0x02, 2020-11-11, rev 0x0019, size 165888
microcode bundle 64: /lib/firmware/intel-ucode/06-96-01
  064/001: sig 0x00090661, pf_mask 0x01, 2024-04-05, rev 0x001a, size 20480
microcode bundle 65: /lib/firmware/intel-ucode/06-96-00
  065/001: sig 0x00090660, pf_mask 0x01, 2020-06-17, rev 0x0009, size 16384
microcode bundle 66: /lib/firmware/intel-ucode/06-8f-08
  066/001: sig 0x000806f8, pf_mask 0x87, 2025-12-17, rev 0x2b000670, size 595968
           sig 0x000806f8, pf_mask 0x87, 2025-12-17, rev 0x2b000670
           sig 0x000806f7, pf_mask 0x87, 2025-12-17, rev 0x2b000670
           sig 0x000806f6, pf_mask 0x87, 2025-12-17, rev 0x2b000670
           sig 0x000806f5, pf_mask 0x87, 2025-12-17, rev 0x2b000670
           sig 0x000806f4, pf_mask 0x87, 2025-12-17, rev 0x2b000670
  066/002: sig 0x000806f8, pf_mask 0x10, 2025-08-25, rev 0x2c000421, size 626688
           sig 0x000806f8, pf_mask 0x10, 2025-08-25, rev 0x2c000421
           sig 0x000806f6, pf_mask 0x10, 2025-08-25, rev 0x2c000421
           sig 0x000806f5, pf_mask 0x10, 2025-08-25, rev 0x2c000421
           sig 0x000806f4, pf_mask 0x10, 2025-08-25, rev 0x2c000421
microcode bundle 67: /lib/firmware/intel-ucode/06-8f-07
  067/001: sig 0x000806f8, pf_mask 0x87, 2025-12-17, rev 0x2b000670, size 595968
           sig 0x000806f8, pf_mask 0x87, 2025-12-17, rev 0x2b000670
           sig 0x000806f7, pf_mask 0x87, 2025-12-17, rev 0x2b000670
           sig 0x000806f6, pf_mask 0x87, 2025-12-17, rev 0x2b000670
           sig 0x000806f5, pf_mask 0x87, 2025-12-17, rev 0x2b000670
           sig 0x000806f4, pf_mask 0x87, 2025-12-17, rev 0x2b000670
microcode bundle 68: /lib/firmware/intel-ucode/06-8f-06
  068/001: sig 0x000806f8, pf_mask 0x87, 2025-12-17, rev 0x2b000670, size 595968
           sig 0x000806f8, pf_mask 0x87, 2025-12-17, rev 0x2b000670
           sig 0x000806f7, pf_mask 0x87, 2025-12-17, rev 0x2b000670
           sig 0x000806f6, pf_mask 0x87, 2025-12-17, rev 0x2b000670
           sig 0x000806f5, pf_mask 0x87, 2025-12-17, rev 0x2b000670
           sig 0x000806f4, pf_mask 0x87, 2025-12-17, rev 0x2b000670
  068/002: sig 0x000806f8, pf_mask 0x10, 2025-08-25, rev 0x2c000421, size 626688
           sig 0x000806f8, pf_mask 0x10, 2025-08-25, rev 0x2c000421
           sig 0x000806f6, pf_mask 0x10, 2025-08-25, rev 0x2c000421
           sig 0x000806f5, pf_mask 0x10, 2025-08-25, rev 0x2c000421
           sig 0x000806f4, pf_mask 0x10, 2025-08-25, rev 0x2c000421
microcode bundle 69: /lib/firmware/intel-ucode/06-8f-05
  069/001: sig 0x000806f8, pf_mask 0x87, 2025-12-17, rev 0x2b000670, size 595968
           sig 0x000806f8, pf_mask 0x87, 2025-12-17, rev 0x2b000670
           sig 0x000806f7, pf_mask 0x87, 2025-12-17, rev 0x2b000670
           sig 0x000806f6, pf_mask 0x87, 2025-12-17, rev 0x2b000670
           sig 0x000806f5, pf_mask 0x87, 2025-12-17, rev 0x2b000670
           sig 0x000806f4, pf_mask 0x87, 2025-12-17, rev 0x2b000670
  069/002: sig 0x000806f8, pf_mask 0x10, 2025-08-25, rev 0x2c000421, size 626688
           sig 0x000806f8, pf_mask 0x10, 2025-08-25, rev 0x2c000421
           sig 0x000806f6, pf_mask 0x10, 2025-08-25, rev 0x2c000421
           sig 0x000806f5, pf_mask 0x10, 2025-08-25, rev 0x2c000421
           sig 0x000806f4, pf_mask 0x10, 2025-08-25, rev 0x2c000421
microcode bundle 70: /lib/firmware/intel-ucode/06-8f-04
  070/001: sig 0x000806f8, pf_mask 0x87, 2025-12-17, rev 0x2b000670, size 595968
           sig 0x000806f8, pf_mask 0x87, 2025-12-17, rev 0x2b000670
           sig 0x000806f7, pf_mask 0x87, 2025-12-17, rev 0x2b000670
           sig 0x000806f6, pf_mask 0x87, 2025-12-17, rev 0x2b000670
           sig 0x000806f5, pf_mask 0x87, 2025-12-17, rev 0x2b000670
           sig 0x000806f4, pf_mask 0x87, 2025-12-17, rev 0x2b000670
  070/002: sig 0x000806f8, pf_mask 0x10, 2025-08-25, rev 0x2c000421, size 626688
           sig 0x000806f8, pf_mask 0x10, 2025-08-25, rev 0x2c000421
           sig 0x000806f6, pf_mask 0x10, 2025-08-25, rev 0x2c000421
           sig 0x000806f5, pf_mask 0x10, 2025-08-25, rev 0x2c000421
           sig 0x000806f4, pf_mask 0x10, 2025-08-25, rev 0x2c000421
microcode bundle 71: /lib/firmware/intel-ucode/06-8f-03
  071/001: sig 0x000806f3, pf_mask 0x87, 2022-04-19, rev 0xd0004b1, size 540672
microcode bundle 72: /lib/firmware/intel-ucode/06-8e-0c
  072/001: sig 0x000806ec, pf_mask 0x94, 2024-11-17, rev 0x0100, size 106496
microcode bundle 73: /lib/firmware/intel-ucode/06-8e-0b
  073/001: sig 0x000806eb, pf_mask 0xd0, 2024-02-01, rev 0x00f6, size 106496
microcode bundle 74: /lib/firmware/intel-ucode/06-8e-0a
  074/001: sig 0x000806ea, pf_mask 0xc0, 2024-02-01, rev 0x00f6, size 105472
microcode bundle 75: /lib/firmware/intel-ucode/06-8e-09
  075/001: sig 0x000806e9, pf_mask 0xc0, 2024-02-01, rev 0x00f6, size 106496
  075/002: sig 0x000806e9, pf_mask 0x10, 2024-02-01, rev 0x00f6, size 106496
microcode bundle 76: /lib/firmware/intel-ucode/06-8d-01
  076/001: sig 0x000806d1, pf_mask 0xc2, 2025-07-24, rev 0x0058, size 105472
microcode bundle 77: /lib/firmware/intel-ucode/06-8d-00
  077/001: sig 0x000806d0, pf_mask 0xc2, 2021-05-07, rev 0x0054, size 113664
microcode bundle 78: /lib/firmware/intel-ucode/06-8c-02
  078/001: sig 0x000806c2, pf_mask 0xc2, 2025-07-24, rev 0x003e, size 99328
microcode bundle 79: /lib/firmware/intel-ucode/06-8c-01
  079/001: sig 0x000806c1, pf_mask 0x80, 2025-07-24, rev 0x00be, size 112640
microcode bundle 80: /lib/firmware/intel-ucode/06-8c-00
  080/001: sig 0x000806c0, pf_mask 0x80, 2020-04-02, rev 0x0068, size 113664
microcode bundle 81: /lib/firmware/intel-ucode/06-8a-01
  081/001: sig 0x000806a1, pf_mask 0x10, 2023-01-13, rev 0x0033, size 34816
microcode bundle 82: /lib/firmware/intel-ucode/06-8a-00
  082/001: sig 0x000806a0, pf_mask 0x01, 2019-05-07, rev 0x0010, size 21504
microcode bundle 83: /lib/firmware/intel-ucode/06-86-07
  083/001: sig 0x00080667, pf_mask 0x01, 2024-02-28, rev 0x4c000026, size 148480
           sig 0x00080665, pf_mask 0x01, 2024-02-28, rev 0x4c000026
           sig 0x00080667, pf_mask 0x01, 2024-02-28, rev 0x4c000026
microcode bundle 84: /lib/firmware/intel-ucode/06-86-05
  084/001: sig 0x00080667, pf_mask 0x01, 2024-02-28, rev 0x4c000026, size 148480
           sig 0x00080665, pf_mask 0x01, 2024-02-28, rev 0x4c000026
           sig 0x00080667, pf_mask 0x01, 2024-02-28, rev 0x4c000026
microcode bundle 85: /lib/firmware/intel-ucode/06-86-04
  085/001: sig 0x00080664, pf_mask 0x01, 2023-09-26, rev 0x4c000025, size 148480
           sig 0x00080664, pf_mask 0x01, 2023-09-26, rev 0x4c000025
           sig 0x00080665, pf_mask 0x01, 2023-09-26, rev 0x4c000025
           sig 0x00080667, pf_mask 0x01, 2023-09-26, rev 0x4c000025
microcode bundle 86: /lib/firmware/intel-ucode/06-85-00
  086/001: sig 0x00080650, pf_mask 0x08, 2018-01-08, rev 0x0018, size 28672
microcode bundle 87: /lib/firmware/intel-ucode/06-7e-05
  087/001: sig 0x000706e5, pf_mask 0x80, 2025-07-24, rev 0x00cc, size 115712
microcode bundle 88: /lib/firmware/intel-ucode/06-7e-04
  088/001: sig 0x000706e4, pf_mask 0x80, 2019-09-05, rev 0x0046, size 102400
microcode bundle 89: /lib/firmware/intel-ucode/06-7e-02
  089/001: sig 0x000706e2, pf_mask 0x80, 2019-04-20, rev 0x0042, size 98304
           sig 0x000706e1, pf_mask 0x80, 2019-04-20, rev 0x0042
           sig 0x000706e2, pf_mask 0x80, 2019-04-20, rev 0x0042
microcode bundle 90: /lib/firmware/intel-ucode/06-7e-01
  090/001: sig 0x000706e2, pf_mask 0x80, 2019-04-20, rev 0x0042, size 98304
           sig 0x000706e1, pf_mask 0x80, 2019-04-20, rev 0x0042
           sig 0x000706e2, pf_mask 0x80, 2019-04-20, rev 0x0042
microcode bundle 91: /lib/firmware/intel-ucode/06-7e-00
  091/001: sig 0x000706e0, pf_mask 0xc0, 2018-06-14, rev 0x002c, size 95232
microcode bundle 92: /lib/firmware/intel-ucode/06-7a-08
  092/001: sig 0x000706a8, pf_mask 0x01, 2024-12-05, rev 0x0026, size 76800
microcode bundle 93: /lib/firmware/intel-ucode/06-7a-01
  093/001: sig 0x000706a1, pf_mask 0x01, 2024-04-19, rev 0x0042, size 76800
microcode bundle 94: /lib/firmware/intel-ucode/06-7a-00
  094/001: sig 0x000706a0, pf_mask 0x01, 2017-07-12, rev 0x0026, size 78848
microcode bundle 95: /lib/firmware/intel-ucode/06-6e-01
  095/001: sig 0x000606e1, pf_mask 0x01, 2019-04-23, rev 0x0108, size 117760
microcode bundle 96: /lib/firmware/intel-ucode/06-6e-00
  096/001: sig 0x000606e0, pf_mask 0x01, 2016-11-04, rev 0x000b, size 117760
microcode bundle 97: /lib/firmware/intel-ucode/06-6c-01
  097/001: sig 0x000606c1, pf_mask 0x10, 2025-08-19, rev 0x10002f1, size 301056
microcode bundle 98: /lib/firmware/intel-ucode/06-6a-06
  098/001: sig 0x000606a6, pf_mask 0x87, 2025-08-19, rev 0xd000421, size 309248
microcode bundle 99: /lib/firmware/intel-ucode/06-6a-05
  099/001: sig 0x000606a5, pf_mask 0x87, 2021-03-08, rev 0xc0002f0, size 283648
microcode bundle 100: /lib/firmware/intel-ucode/06-6a-04
  100/001: sig 0x000606a4, pf_mask 0x87, 2020-08-17, rev 0xb000280, size 272384
microcode bundle 101: /lib/firmware/intel-ucode/06-6a-00
  101/001: sig 0x000606a0, pf_mask 0x97, 2019-07-22, rev 0x001f, size 261120
microcode bundle 102: /lib/firmware/intel-ucode/06-66-03
  102/001: sig 0x00060663, pf_mask 0x80, 2018-04-17, rev 0x002a, size 87040
microcode bundle 103: /lib/firmware/intel-ucode/06-66-02
  103/001: sig 0x00060662, pf_mask 0x80, 2017-11-29, rev 0x0022, size 81920
microcode bundle 104: /lib/firmware/intel-ucode/06-66-01
  104/001: sig 0x00060661, pf_mask 0x80, 2017-01-28, rev 0x000e, size 81920
microcode bundle 105: /lib/firmware/intel-ucode/06-66-00
  105/001: sig 0x00060660, pf_mask 0x80, 2016-08-21, rev 0x000c, size 77824
microcode bundle 106: /lib/firmware/intel-ucode/06-5f-01
  106/001: sig 0x000506f1, pf_mask 0x01, 2023-10-05, rev 0x003e, size 11264
microcode bundle 107: /lib/firmware/intel-ucode/06-5f-00
  107/001: sig 0x000506f0, pf_mask 0x01, 2016-06-07, rev 0x0010, size 11264
microcode bundle 108: /lib/firmware/intel-ucode/06-5e-08
  108/001: sig 0x000506e8, pf_mask 0x22, 2016-07-10, rev 0x0034, size 96256
microcode bundle 109: /lib/firmware/intel-ucode/06-5e-03
  109/001: sig 0x000506e3, pf_mask 0x36, 2023-01-02, rev 0x00f2, size 109568
microcode bundle 110: /lib/firmware/intel-ucode/06-5e-02
  110/001: sig 0x000506e2, pf_mask 0x14, 2015-08-15, rev 0x002e, size 76800
microcode bundle 111: /lib/firmware/intel-ucode/06-5e-01
  111/001: sig 0x000506e1, pf_mask 0x22, 2015-06-02, rev 0x002a, size 76800
microcode bundle 112: /lib/firmware/intel-ucode/06-5e-00
  112/001: sig 0x000506e0, pf_mask 0x22, 2014-11-19, rev 0x0018, size 81920
microcode bundle 113: /lib/firmware/intel-ucode/06-5d-01
  113/001: sig 0x000506d1, pf_mask 0x04, 2015-06-05, rev 0x0102, size 7168
  113/002: sig 0x000506d1, pf_mask 0x02, 2014-11-20, rev 0x0101, size 7168
microcode bundle 114: /lib/firmware/intel-ucode/06-5c-0a
  114/001: sig 0x000506ca, pf_mask 0x03, 2021-11-16, rev 0x0028, size 16384
microcode bundle 115: /lib/firmware/intel-ucode/06-5c-09
  115/001: sig 0x000506c9, pf_mask 0x03, 2021-11-16, rev 0x0048, size 17408
microcode bundle 116: /lib/firmware/intel-ucode/06-5c-08
  116/001: sig 0x000506c8, pf_mask 0x01, 2016-03-04, rev 0x0010, size 16384
microcode bundle 117: /lib/firmware/intel-ucode/06-5c-02
  117/001: sig 0x000506c2, pf_mask 0x01, 2018-05-11, rev 0x0014, size 15360
microcode bundle 118: /lib/firmware/intel-ucode/06-5a-00
  118/001: sig 0x000506a0, pf_mask 0x01, 2015-01-12, rev 0x0038, size 54272
microcode bundle 119: /lib/firmware/intel-ucode/06-57-01
  119/001: sig 0x00050671, pf_mask 0x78, 2018-01-08, rev 0x01b6, size 28672
microcode bundle 120: /lib/firmware/intel-ucode/06-56-05
  120/001: sig 0x00050665, pf_mask 0x10, 2023-08-03, rev 0xe000015, size 23552
microcode bundle 121: /lib/firmware/intel-ucode/06-56-04
  121/001: sig 0x00050664, pf_mask 0x10, 2021-06-12, rev 0xf00001a, size 27648
microcode bundle 122: /lib/firmware/intel-ucode/06-56-03
  122/001: sig 0x00050663, pf_mask 0x10, 2021-06-12, rev 0x700001c, size 28672
microcode bundle 123: /lib/firmware/intel-ucode/06-56-02
  123/001: sig 0x00050662, pf_mask 0x10, 2019-06-17, rev 0x001c, size 32768
microcode bundle 124: /lib/firmware/intel-ucode/06-55-0b
  124/001: sig 0x0005065b, pf_mask 0xbf, 2024-12-12, rev 0x7002b01, size 30720
microcode bundle 125: /lib/firmware/intel-ucode/06-55-07
  125/001: sig 0x00050657, pf_mask 0xbf, 2024-12-12, rev 0x5003901, size 39936
microcode bundle 126: /lib/firmware/intel-ucode/06-55-06
  126/001: sig 0x00050656, pf_mask 0xbf, 2024-12-12, rev 0x4003901, size 40960
microcode bundle 127: /lib/firmware/intel-ucode/06-55-05
  127/001: sig 0x00050655, pf_mask 0xb7, 2019-04-12, rev 0x3000012, size 47104
microcode bundle 128: /lib/firmware/intel-ucode/06-55-04
  128/001: sig 0x00050654, pf_mask 0xb7, 2024-04-15, rev 0x2007206, size 44032
microcode bundle 129: /lib/firmware/intel-ucode/06-55-03
  129/001: sig 0x00050653, pf_mask 0x97, 2023-07-28, rev 0x1000191, size 36864
microcode bundle 130: /lib/firmware/intel-ucode/06-4f-00
  130/001: sig 0x000406f0, pf_mask 0xef, 2015-07-02, rev 0x0014, size 31744
microcode bundle 131: /lib/firmware/intel-ucode/06-4e-08
  131/001: sig 0x000406e8, pf_mask 0x80, 2016-04-14, rev 0x0026, size 94208
microcode bundle 132: /lib/firmware/intel-ucode/06-4e-03
  132/001: sig 0x000406e3, pf_mask 0xc0, 2021-11-12, rev 0x00f0, size 106496
microcode bundle 133: /lib/firmware/intel-ucode/06-4e-02
  133/001: sig 0x000406e2, pf_mask 0xf2, 2014-11-05, rev 0x000a, size 79872
  133/002: sig 0x000406e2, pf_mask 0xc0, 2015-05-21, rev 0x002c, size 86016
microcode bundle 134: /lib/firmware/intel-ucode/06-4e-01
  134/001: sig 0x000406e1, pf_mask 0xf2, 2014-08-06, rev 0x0016, size 80896
  134/002: sig 0x000406e1, pf_mask 0x80, 2014-11-11, rev 0x0020, size 81920
microcode bundle 135: /lib/firmware/intel-ucode/06-4d-08
  135/001: sig 0x000406d8, pf_mask 0x01, 2019-09-16, rev 0x012d, size 84992
microcode bundle 136: /lib/firmware/intel-ucode/06-4d-00
  136/001: sig 0x000406d0, pf_mask 0x01, 2013-06-12, rev 0x000e, size 82944
microcode bundle 137: /lib/firmware/intel-ucode/06-4c-04
  137/001: sig 0x000406c4, pf_mask 0x01, 2019-04-23, rev 0x0411, size 68608
microcode bundle 138: /lib/firmware/intel-ucode/06-4c-03
  138/001: sig 0x000406c3, pf_mask 0x01, 2019-04-23, rev 0x0368, size 69632
microcode bundle 139: /lib/firmware/intel-ucode/06-4c-02
  139/001: sig 0x000406c2, pf_mask 0x01, 2015-02-18, rev 0x0221, size 68608
microcode bundle 140: /lib/firmware/intel-ucode/06-4c-01
  140/001: sig 0x000406c1, pf_mask 0x01, 2014-08-14, rev 0x010b, size 69632
microcode bundle 141: /lib/firmware/intel-ucode/06-4a-09
  141/001: sig 0x000406a9, pf_mask 0x01, 2014-08-12, rev 0x081f, size 38912
           sig 0x000406a8, pf_mask 0x01, 2014-08-12, rev 0x081f
           sig 0x000406a9, pf_mask 0x01, 2014-08-12, rev 0x081f
microcode bundle 142: /lib/firmware/intel-ucode/06-4a-08
  142/001: sig 0x000406a9, pf_mask 0x01, 2014-08-12, rev 0x081f, size 38912
           sig 0x000406a8, pf_mask 0x01, 2014-08-12, rev 0x081f
           sig 0x000406a9, pf_mask 0x01, 2014-08-12, rev 0x081f
microcode bundle 143: /lib/firmware/intel-ucode/06-47-01
  143/001: sig 0x00040671, pf_mask 0x22, 2019-11-12, rev 0x0022, size 14336
microcode bundle 144: /lib/firmware/intel-ucode/06-46-01
  144/001: sig 0x00040661, pf_mask 0x32, 2019-11-12, rev 0x001c, size 25600
microcode bundle 145: /lib/firmware/intel-ucode/06-45-01
  145/001: sig 0x00040651, pf_mask 0x72, 2019-11-12, rev 0x0026, size 22528
microcode bundle 146: /lib/firmware/intel-ucode/06-3f-04
  146/001: sig 0x000306f4, pf_mask 0x80, 2021-05-24, rev 0x001a, size 23552
microcode bundle 147: /lib/firmware/intel-ucode/06-3f-03
  147/001: sig 0x000306f3, pf_mask 0x80, 2016-02-11, rev 0x000d, size 15360
microcode bundle 148: /lib/firmware/intel-ucode/06-3f-02
  148/001: sig 0x000306f2, pf_mask 0x80, 2014-07-07, rev 0x0f07, size 27648
  148/002: sig 0x000306f2, pf_mask 0x6f, 2021-08-11, rev 0x0049, size 38912
microcode bundle 149: /lib/firmware/intel-ucode/06-3f-01
  149/001: sig 0x000306f1, pf_mask 0xef, 2014-01-10, rev 0x0014, size 34816
microcode bundle 150: /lib/firmware/intel-ucode/06-3e-07
  150/001: sig 0x000306e7, pf_mask 0xed, 2019-03-14, rev 0x0715, size 17408
microcode bundle 151: /lib/firmware/intel-ucode/06-3e-06
  151/001: sig 0x000306e6, pf_mask 0xed, 2013-06-19, rev 0x0600, size 11264
microcode bundle 152: /lib/firmware/intel-ucode/06-3e-04
  152/001: sig 0x000306e4, pf_mask 0xed, 2019-03-14, rev 0x042e, size 16384
microcode bundle 153: /lib/firmware/intel-ucode/06-3e-03
  153/001: sig 0x000306e3, pf_mask 0xed, 2013-03-21, rev 0x0308, size 11264
microcode bundle 154: /lib/firmware/intel-ucode/06-3e-02
  154/001: sig 0x000306e2, pf_mask 0xed, 2013-03-21, rev 0x020d, size 12288
microcode bundle 155: /lib/firmware/intel-ucode/06-3e-00
  155/001: sig 0x000306e0, pf_mask 0xed, 2012-07-26, rev 0x0008, size 11264
microcode bundle 156: /lib/firmware/intel-ucode/06-3d-04
  156/001: sig 0x000306d4, pf_mask 0xc0, 2019-11-12, rev 0x002f, size 19456
microcode bundle 157: /lib/firmware/intel-ucode/06-3c-03
  157/001: sig 0x000306c3, pf_mask 0x32, 2019-11-12, rev 0x0028, size 23552
microcode bundle 158: /lib/firmware/intel-ucode/06-3a-09
  158/001: sig 0x000306a9, pf_mask 0x12, 2019-02-13, rev 0x0021, size 14336
microcode bundle 159: /lib/firmware/intel-ucode/06-3a-08
  159/001: sig 0x000306a8, pf_mask 0x12, 2012-02-20, rev 0x0010, size 10240
microcode bundle 160: /lib/firmware/intel-ucode/06-3a-06
  160/001: sig 0x000306a6, pf_mask 0x12, 2011-11-14, rev 0x0004, size 8192
microcode bundle 161: /lib/firmware/intel-ucode/06-3a-05
  161/001: sig 0x000306a5, pf_mask 0x12, 2011-11-10, rev 0x0009, size 10240
microcode bundle 162: /lib/firmware/intel-ucode/06-3a-04
  162/001: sig 0x000306a4, pf_mask 0x12, 2011-09-08, rev 0x0007, size 9216
microcode bundle 163: /lib/firmware/intel-ucode/06-3a-02
  163/001: sig 0x000306a2, pf_mask 0x12, 2011-07-25, rev 0x000c, size 11264
microcode bundle 164: /lib/firmware/intel-ucode/06-3a-00
  164/001: sig 0x000306a0, pf_mask 0x12, 2011-04-07, rev 0x0007, size 6144
microcode bundle 165: /lib/firmware/intel-ucode/06-37-09
  165/001: sig 0x00030679, pf_mask 0x0f, 2019-07-10, rev 0x090d, size 52224
microcode bundle 166: /lib/firmware/intel-ucode/06-37-08
  166/001: sig 0x00030678, pf_mask 0x0c, 2019-04-22, rev 0x0838, size 52224
  166/002: sig 0x00030678, pf_mask 0x02, 2019-04-22, rev 0x0838, size 52224
  166/003: sig 0x00030678, pf_mask 0x01, 2015-02-09, rev 0x0832, size 52224
microcode bundle 167: /lib/firmware/intel-ucode/06-37-03
  167/001: sig 0x00030673, pf_mask 0x0c, 2019-09-16, rev 0x0329, size 52224
  167/002: sig 0x00030673, pf_mask 0x02, 2019-09-16, rev 0x0329, size 52224
  167/003: sig 0x00030673, pf_mask 0x01, 2019-09-16, rev 0x0329, size 52224
microcode bundle 168: /lib/firmware/intel-ucode/06-37-02
  168/001: sig 0x00030672, pf_mask 0x0c, 2013-07-22, rev 0x0218, size 52224
  168/002: sig 0x00030672, pf_mask 0x02, 2014-04-01, rev 0x022e, size 52224
  168/003: sig 0x00030672, pf_mask 0x01, 2014-01-14, rev 0x022d, size 52224
microcode bundle 169: /lib/firmware/intel-ucode/06-37-01
  169/001: sig 0x00030671, pf_mask 0x02, 2013-04-10, rev 0x0117, size 67584
microcode bundle 170: /lib/firmware/intel-ucode/06-36-09
  170/001: sig 0x00030669, pf_mask 0x01, 2013-05-15, rev 0x010d, size 5120
microcode bundle 171: /lib/firmware/intel-ucode/06-36-01
  171/001: sig 0x00030661, pf_mask 0x08, 2015-07-21, rev 0x010f, size 5120
  171/002: sig 0x00030661, pf_mask 0x04, 2015-07-21, rev 0x010f, size 5120
  171/003: sig 0x00030661, pf_mask 0x02, 2011-12-22, rev 0x010d, size 5120
  171/004: sig 0x00030661, pf_mask 0x01, 2011-12-22, rev 0x010d, size 5120
microcode bundle 172: /lib/firmware/intel-ucode/06-36-00
  172/001: sig 0x00030660, pf_mask 0x08, 2010-11-03, rev 0x0003, size 5120
  172/002: sig 0x00030660, pf_mask 0x04, 2010-11-03, rev 0x0003, size 5120
microcode bundle 173: /lib/firmware/intel-ucode/06-35-01
  173/001: sig 0x00030651, pf_mask 0x08, 2013-05-20, rev 0x010d, size 5120
  173/002: sig 0x00030651, pf_mask 0x01, 2013-10-14, rev 0x0110, size 5120
microcode bundle 174: /lib/firmware/intel-ucode/06-35-00
  174/001: sig 0x00030650, pf_mask 0x08, 2012-01-18, rev 0x0009, size 5120
microcode bundle 175: /lib/firmware/intel-ucode/06-2f-02
  175/001: sig 0x000206f2, pf_mask 0x05, 2018-05-16, rev 0x003b, size 14336
microcode bundle 176: /lib/firmware/intel-ucode/06-2f-01
  176/001: sig 0x000206f1, pf_mask 0x05, 2010-10-13, rev 0x0008, size 11264
microcode bundle 177: /lib/firmware/intel-ucode/06-2f-00
  177/001: sig 0x000206f0, pf_mask 0x05, 2010-07-29, rev 0x0005, size 9216
microcode bundle 178: /lib/firmware/intel-ucode/06-2e-06
  178/001: sig 0x000206e6, pf_mask 0x04, 2018-05-15, rev 0x000d, size 9216
microcode bundle 179: /lib/firmware/intel-ucode/06-2d-07
  179/001: sig 0x000206d7, pf_mask 0x6d, 2020-03-24, rev 0x071a, size 19456
microcode bundle 180: /lib/firmware/intel-ucode/06-2d-06
  180/001: sig 0x000206d6, pf_mask 0x6d, 2020-03-04, rev 0x0621, size 18432
microcode bundle 181: /lib/firmware/intel-ucode/06-2d-05
  181/001: sig 0x000206d5, pf_mask 0x6d, 2011-10-13, rev 0x0513, size 18432
microcode bundle 182: /lib/firmware/intel-ucode/06-2c-02
  182/001: sig 0x000206c2, pf_mask 0x03, 2018-05-08, rev 0x001f, size 11264
microcode bundle 183: /lib/firmware/intel-ucode/06-2c-01
  183/001: sig 0x000206c1, pf_mask 0x03, 2009-12-22, rev 0x0006, size 6144
microcode bundle 184: /lib/firmware/intel-ucode/06-2a-07
  184/001: sig 0x000206a7, pf_mask 0x12, 2019-02-17, rev 0x002f, size 12288
microcode bundle 185: /lib/firmware/intel-ucode/06-2a-06
  185/001: sig 0x000206a6, pf_mask 0x12, 2010-09-15, rev 0x0028, size 9216
microcode bundle 186: /lib/firmware/intel-ucode/06-2a-05
  186/001: sig 0x000206a5, pf_mask 0x12, 2010-07-22, rev 0x0007, size 7168
microcode bundle 187: /lib/firmware/intel-ucode/06-2a-04
  187/001: sig 0x000206a4, pf_mask 0x12, 2010-04-14, rev 0x0022, size 8192
microcode bundle 188: /lib/firmware/intel-ucode/06-2a-03
  188/001: sig 0x000206a3, pf_mask 0x12, 2010-06-09, rev 0x0009, size 9216
microcode bundle 189: /lib/firmware/intel-ucode/06-2a-02
  189/001: sig 0x000206a2, pf_mask 0x12, 2010-05-02, rev 0x0027, size 9216
microcode bundle 190: /lib/firmware/intel-ucode/06-2a-01
  190/001: sig 0x000206a1, pf_mask 0x12, 2009-12-23, rev 0x0007, size 8192
microcode bundle 191: /lib/firmware/intel-ucode/06-2a-00
  191/001: sig 0x000206a0, pf_mask 0x12, 2009-11-02, rev 0x0029, size 6144
microcode bundle 192: /lib/firmware/intel-ucode/06-26-01
  192/001: sig 0x00020661, pf_mask 0x02, 2011-07-18, rev 0x0105, size 5120
  192/002: sig 0x00020661, pf_mask 0x01, 2009-10-23, rev 0x0104, size 5120
microcode bundle 193: /lib/firmware/intel-ucode/06-25-05
  193/001: sig 0x00020655, pf_mask 0x92, 2018-04-23, rev 0x0007, size 4096
microcode bundle 194: /lib/firmware/intel-ucode/06-25-02
  194/001: sig 0x00020652, pf_mask 0x80, 2009-09-15, rev 0x0006, size 7168
  194/002: sig 0x00020652, pf_mask 0x12, 2018-05-08, rev 0x0011, size 9216
microcode bundle 195: /lib/firmware/intel-ucode/06-1e-05
  195/001: sig 0x000106e5, pf_mask 0x13, 2018-05-08, rev 0x000a, size 9216
microcode bundle 196: /lib/firmware/intel-ucode/06-1e-04
  196/001: sig 0x000106e4, pf_mask 0x09, 2013-07-01, rev 0x0003, size 6144
microcode bundle 197: /lib/firmware/intel-ucode/06-1d-01
  197/001: sig 0x000106d1, pf_mask 0x08, 2015-08-03, rev 0x002a, size 4096
microcode bundle 198: /lib/firmware/intel-ucode/06-1d-00
  198/001: sig 0x000106d0, pf_mask 0x08, 2007-12-04, rev 0x0005, size 4096
microcode bundle 199: /lib/firmware/intel-ucode/06-1c-0a
  199/001: sig 0x000106ca, pf_mask 0x20, 2009-08-25, rev 0x0106, size 5120
  199/002: sig 0x000106ca, pf_mask 0x10, 2009-08-25, rev 0x0107, size 5120
  199/003: sig 0x000106ca, pf_mask 0x08, 2009-08-25, rev 0x0107, size 5120
  199/004: sig 0x000106ca, pf_mask 0x04, 2009-08-25, rev 0x0107, size 5120
  199/005: sig 0x000106ca, pf_mask 0x01, 2009-08-25, rev 0x0107, size 5120
microcode bundle 200: /lib/firmware/intel-ucode/06-1c-09
  200/001: sig 0x000106c9, pf_mask 0x10, 2009-02-13, rev 0x0007, size 5120
  200/002: sig 0x000106c9, pf_mask 0x08, 2009-02-11, rev 0x0007, size 5120
  200/003: sig 0x000106c9, pf_mask 0x04, 2009-02-11, rev 0x0007, size 5120
  200/004: sig 0x000106c9, pf_mask 0x01, 2009-02-11, rev 0x0007, size 5120
microcode bundle 201: /lib/firmware/intel-ucode/06-1c-02
  201/001: sig 0x000106c2, pf_mask 0x08, 2009-04-10, rev 0x0219, size 5120
  201/002: sig 0x000106c2, pf_mask 0x04, 2009-04-10, rev 0x0218, size 5120
  201/003: sig 0x000106c2, pf_mask 0x01, 2009-04-10, rev 0x0217, size 5120
microcode bundle 202: /lib/firmware/intel-ucode/06-1c-01
  202/001: sig 0x000106c1, pf_mask 0x01, 2007-12-03, rev 0x0109, size 5120
microcode bundle 203: /lib/firmware/intel-ucode/06-1a-05
  203/001: sig 0x000106a5, pf_mask 0x03, 2018-05-11, rev 0x001d, size 12288
microcode bundle 204: /lib/firmware/intel-ucode/06-1a-04
  204/001: sig 0x000106a4, pf_mask 0x03, 2015-06-30, rev 0x0013, size 14336
microcode bundle 205: /lib/firmware/intel-ucode/06-17-0a
  205/001: sig 0x0001067a, pf_mask 0xb1, 2015-07-29, rev 0x0a0e, size 8192
  205/002: sig 0x0001067a, pf_mask 0x44, 2015-07-29, rev 0x0a0e, size 8192
microcode bundle 206: /lib/firmware/intel-ucode/06-17-07
  206/001: sig 0x00010677, pf_mask 0x10, 2015-08-02, rev 0x070d, size 4096
  206/002: sig 0x00010677, pf_mask 0x01, 2007-10-26, rev 0x0701, size 4096
microcode bundle 207: /lib/firmware/intel-ucode/06-17-06
  207/001: sig 0x00010676, pf_mask 0x91, 2015-08-02, rev 0x0612, size 4096
  207/002: sig 0x00010676, pf_mask 0x54, 2008-01-19, rev 0x060c, size 4096
  207/003: sig 0x00010676, pf_mask 0x44, 2010-09-29, rev 0x060f, size 4096
  207/004: sig 0x00010676, pf_mask 0x40, 2015-08-02, rev 0x0612, size 4096
  207/005: sig 0x00010676, pf_mask 0x04, 2015-08-02, rev 0x0612, size 4096
microcode bundle 208: /lib/firmware/intel-ucode/06-17-04
  208/001: sig 0x00010674, pf_mask 0x80, 2007-07-20, rev 0x0405, size 4096
  208/002: sig 0x00010674, pf_mask 0x44, 2007-06-08, rev 0x0404, size 4096
  208/003: sig 0x00010674, pf_mask 0x10, 2007-06-08, rev 0x0404, size 4096
  208/004: sig 0x00010674, pf_mask 0x01, 2007-06-08, rev 0x0404, size 4096
microcode bundle 209: /lib/firmware/intel-ucode/06-17-01
  209/001: sig 0x00010671, pf_mask 0x80, 2007-03-29, rev 0x0106, size 4096
  209/002: sig 0x00010671, pf_mask 0x44, 2007-03-29, rev 0x0106, size 4096
  209/003: sig 0x00010671, pf_mask 0x10, 2007-03-29, rev 0x0106, size 4096
  209/004: sig 0x00010671, pf_mask 0x01, 2007-03-29, rev 0x0106, size 4096
microcode bundle 210: /lib/firmware/intel-ucode/06-17-00
  210/001: sig 0x00010670, pf_mask 0x80, 2007-02-09, rev 0x0005, size 4096
microcode bundle 211: /lib/firmware/intel-ucode/06-16-01
  211/001: sig 0x00010661, pf_mask 0x80, 2010-10-04, rev 0x0044, size 4096
  211/002: sig 0x00010661, pf_mask 0x08, 2007-03-16, rev 0x0035, size 4096
  211/003: sig 0x00010661, pf_mask 0x04, 2010-10-04, rev 0x0045, size 4096
  211/004: sig 0x00010661, pf_mask 0x03, 2006-09-11, rev 0x0012, size 4096
  211/005: sig 0x00010661, pf_mask 0x02, 2010-10-04, rev 0x0042, size 4096
  211/006: sig 0x00010661, pf_mask 0x01, 2010-10-04, rev 0x0043, size 4096
microcode bundle 212: /lib/firmware/intel-ucode/06-16-00
  212/001: sig 0x00010660, pf_mask 0x03, 2006-06-12, rev 0x0004, size 4096
microcode bundle 213: /lib/firmware/intel-ucode/06-15-00
  213/001: sig 0x00010650, pf_mask 0x20, 2005-09-18, rev 0x0002, size 2048
  213/002: sig 0x00010650, pf_mask 0x10, 2005-09-18, rev 0x0002, size 2048
  213/003: sig 0x00010650, pf_mask 0x02, 2006-05-13, rev 0x0002, size 2048
  213/004: sig 0x00010650, pf_mask 0x01, 2005-09-18, rev 0x0002, size 2048
microcode bundle 214: /lib/firmware/intel-ucode/06-03-02
  214/001: sig 0x00001632, pf_mask 0x00, 1998-06-10, rev 0x0002, size 2048
microcode bundle 215: /lib/firmware/intel-ucode/0f-06-08
  215/001: sig 0x00000f68, pf_mask 0x22, 2006-07-14, rev 0x0009, size 2048
microcode bundle 216: /lib/firmware/intel-ucode/0f-06-06
  216/001: sig 0x00000f66, pf_mask 0x02, 2006-03-10, rev 0x001b, size 3072
microcode bundle 217: /lib/firmware/intel-ucode/0f-06-05
  217/001: sig 0x00000f65, pf_mask 0x04, 2007-05-10, rev 0x000b, size 2048
  217/002: sig 0x00000f65, pf_mask 0x01, 2006-04-26, rev 0x0008, size 2048
microcode bundle 218: /lib/firmware/intel-ucode/0f-06-04
  218/001: sig 0x00000f64, pf_mask 0x34, 2005-12-23, rev 0x0004, size 3072
  218/002: sig 0x00000f64, pf_mask 0x01, 2005-12-15, rev 0x0002, size 3072
microcode bundle 219: /lib/firmware/intel-ucode/0f-06-03
  219/001: sig 0x00000f63, pf_mask 0x01, 2005-10-10, rev 0x0005, size 2048
microcode bundle 220: /lib/firmware/intel-ucode/0f-06-02
  220/001: sig 0x00000f62, pf_mask 0x04, 2005-12-15, rev 0x000f, size 3072
  220/002: sig 0x00000f62, pf_mask 0x01, 2005-07-20, rev 0x0005, size 2048
microcode bundle 221: /lib/firmware/intel-ucode/0f-06-01
  221/001: sig 0x00000f61, pf_mask 0x04, 2005-06-10, rev 0x0007, size 2048
  221/002: sig 0x00000f61, pf_mask 0x01, 2005-06-10, rev 0x0008, size 2048
microcode bundle 222: /lib/firmware/intel-ucode/0f-06-00
  222/001: sig 0x00000f60, pf_mask 0x07, 2005-01-24, rev 0x0005, size 2048
microcode bundle 223: /lib/firmware/intel-ucode/0f-04-0a
  223/001: sig 0x00000f4a, pf_mask 0x5d, 2005-06-10, rev 0x0002, size 2048
  223/002: sig 0x00000f4a, pf_mask 0x5c, 2005-12-14, rev 0x0004, size 2048
microcode bundle 224: /lib/firmware/intel-ucode/0f-04-09
  224/001: sig 0x00000f49, pf_mask 0xbd, 2005-04-21, rev 0x0003, size 2048
microcode bundle 225: /lib/firmware/intel-ucode/0f-04-08
  225/001: sig 0x00000f48, pf_mask 0x5f, 2005-06-30, rev 0x0007, size 3072
  225/002: sig 0x00000f48, pf_mask 0x02, 2008-01-15, rev 0x000e, size 3072
  225/003: sig 0x00000f48, pf_mask 0x01, 2006-05-08, rev 0x000c, size 3072
microcode bundle 226: /lib/firmware/intel-ucode/0f-04-07
  226/001: sig 0x00000f47, pf_mask 0x9d, 2005-04-21, rev 0x0003, size 3072
microcode bundle 227: /lib/firmware/intel-ucode/0f-04-06
  227/001: sig 0x00000f46, pf_mask 0x5d, 2005-04-11, rev 0x0004, size 3072
microcode bundle 228: /lib/firmware/intel-ucode/0f-04-04
  228/001: sig 0x00000f44, pf_mask 0x9d, 2005-04-21, rev 0x0006, size 3072
microcode bundle 229: /lib/firmware/intel-ucode/0f-04-03
  229/001: sig 0x00000f43, pf_mask 0x9d, 2005-04-21, rev 0x0005, size 2048
microcode bundle 230: /lib/firmware/intel-ucode/0f-04-02
  230/001: sig 0x00000f42, pf_mask 0x9d, 2005-04-21, rev 0x0003, size 3072
microcode bundle 231: /lib/firmware/intel-ucode/0f-04-01
  231/001: sig 0x00000f41, pf_mask 0xbd, 2005-04-22, rev 0x0017, size 5120
  231/002: sig 0x00000f41, pf_mask 0x02, 2005-04-21, rev 0x0016, size 5120
microcode bundle 232: /lib/firmware/intel-ucode/0f-04-00
  232/001: sig 0x00000f40, pf_mask 0x9d, 2004-03-18, rev 0x0006, size 5120
microcode bundle 233: /lib/firmware/intel-ucode/0f-03-07
  233/001: sig 0x00000f37, pf_mask 0x0d, 2003-12-09, rev 0x0002, size 2048
  233/002: sig 0x00000f37, pf_mask 0x01, 2003-12-18, rev 0x0003, size 4096
microcode bundle 234: /lib/firmware/intel-ucode/0f-03-06
  234/001: sig 0x00000f36, pf_mask 0x02, 2004-03-09, rev 0x0007, size 5120
microcode bundle 235: /lib/firmware/intel-ucode/0f-03-04
  235/001: sig 0x00000f34, pf_mask 0x9d, 2004-02-10, rev 0x0008, size 5120
  235/002: sig 0x00000f34, pf_mask 0x1d, 2005-04-21, rev 0x0017, size 7168
  235/003: sig 0x00000f34, pf_mask 0x02, 2004-06-30, rev 0x0012, size 7168
microcode bundle 236: /lib/firmware/intel-ucode/0f-03-03
  236/001: sig 0x00000f33, pf_mask 0x0d, 2005-04-21, rev 0x000c, size 2048
microcode bundle 237: /lib/firmware/intel-ucode/0f-03-02
  237/001: sig 0x00000f32, pf_mask 0x0d, 2004-05-11, rev 0x000a, size 2048
microcode bundle 238: /lib/firmware/intel-ucode/0f-03-01
  238/001: sig 0x00000f31, pf_mask 0x1d, 2003-07-25, rev 0x0001, size 4096
  238/002: sig 0x00000f31, pf_mask 0x0d, 2003-10-21, rev 0x000b, size 4096
microcode bundle 239: /lib/firmware/intel-ucode/0f-03-00
  239/001: sig 0x00000f30, pf_mask 0x08, 2003-06-24, rev 0x000e, size 3072
  239/002: sig 0x00000f30, pf_mask 0x04, 2003-08-13, rev 0x0012, size 4096
  239/003: sig 0x00000f30, pf_mask 0x01, 2003-08-15, rev 0x0013, size 4096
microcode bundle 240: /lib/firmware/intel-ucode/0f-02-09
  240/001: sig 0x00000f29, pf_mask 0x08, 2004-08-11, rev 0x002f, size 2048
  240/002: sig 0x00000f29, pf_mask 0x04, 2004-08-11, rev 0x002e, size 2048
  240/003: sig 0x00000f29, pf_mask 0x02, 2004-08-11, rev 0x002d, size 2048
microcode bundle 241: /lib/firmware/intel-ucode/0f-02-07
  241/001: sig 0x00000f27, pf_mask 0x08, 2003-06-04, rev 0x0039, size 2048
  241/002: sig 0x00000f27, pf_mask 0x04, 2003-06-04, rev 0x0037, size 2048
  241/003: sig 0x00000f27, pf_mask 0x02, 2003-06-04, rev 0x0038, size 2048
microcode bundle 242: /lib/firmware/intel-ucode/0f-02-06
  242/001: sig 0x00000f26, pf_mask 0x02, 2004-08-05, rev 0x0010, size 2048
microcode bundle 243: /lib/firmware/intel-ucode/0f-02-05
  243/001: sig 0x00000f25, pf_mask 0x10, 2004-08-26, rev 0x002c, size 2048
  243/002: sig 0x00000f25, pf_mask 0x04, 2004-08-11, rev 0x002b, size 2048
  243/003: sig 0x00000f25, pf_mask 0x02, 2004-08-11, rev 0x002a, size 2048
  243/004: sig 0x00000f25, pf_mask 0x01, 2004-08-11, rev 0x0029, size 2048
microcode bundle 244: /lib/firmware/intel-ucode/0f-02-04
  244/001: sig 0x00000f24, pf_mask 0x10, 2003-06-10, rev 0x0021, size 2048
  244/002: sig 0x00000f24, pf_mask 0x08, 2003-06-05, rev 0x0020, size 2048
  244/003: sig 0x00000f24, pf_mask 0x04, 2003-06-05, rev 0x001e, size 2048
  244/004: sig 0x00000f24, pf_mask 0x02, 2003-06-05, rev 0x001f, size 2048
microcode bundle 245: /lib/firmware/intel-ucode/0f-02-03
  245/001: sig 0x00000f23, pf_mask 0x08, 2001-08-17, rev 0x000d, size 2048
  245/002: sig 0x00000f23, pf_mask 0x04, 2001-07-30, rev 0x0008, size 2048
  245/003: sig 0x00000f23, pf_mask 0x02, 2001-07-30, rev 0x0009, size 2048
microcode bundle 246: /lib/firmware/intel-ucode/0f-02-02
  246/001: sig 0x00000f22, pf_mask 0x02, 2003-07-29, rev 0x0005, size 2048
microcode bundle 247: /lib/firmware/intel-ucode/0f-02-01
  247/001: sig 0x00000f21, pf_mask 0x08, 2001-05-29, rev 0x0003, size 2048
  247/002: sig 0x00000f21, pf_mask 0x04, 2001-05-29, rev 0x0001, size 2048
  247/003: sig 0x00000f21, pf_mask 0x02, 2001-05-29, rev 0x0002, size 2048
microcode bundle 248: /lib/firmware/intel-ucode/0f-02-00
  248/001: sig 0x00000f20, pf_mask 0x04, 2001-04-23, rev 0x0001, size 2048
microcode bundle 249: /lib/firmware/intel-ucode/0f-01-03
  249/001: sig 0x00000f13, pf_mask 0x04, 2003-05-08, rev 0x0005, size 2048
microcode bundle 250: /lib/firmware/intel-ucode/0f-01-02
  250/001: sig 0x00000f12, pf_mask 0x04, 2003-05-02, rev 0x002e, size 2048
  250/002: sig 0x00000f12, pf_mask 0x02, 2003-05-02, rev 0x002f, size 2048
  250/003: sig 0x00000f12, pf_mask 0x01, 2003-05-02, rev 0x002d, size 2048
microcode bundle 251: /lib/firmware/intel-ucode/0f-01-01
  251/001: sig 0x00000f11, pf_mask 0x02, 2003-07-29, rev 0x000a, size 2048
microcode bundle 252: /lib/firmware/intel-ucode/0f-00-0a
  252/001: sig 0x00000f0a, pf_mask 0x04, 2002-07-16, rev 0x0014, size 2048
  252/002: sig 0x00000f0a, pf_mask 0x02, 2002-08-21, rev 0x0015, size 2048
  252/003: sig 0x00000f0a, pf_mask 0x01, 2002-07-16, rev 0x0013, size 2048
microcode bundle 253: /lib/firmware/intel-ucode/0f-00-09
  253/001: sig 0x00000f09, pf_mask 0x02, 2001-01-04, rev 0x0008, size 2048
microcode bundle 254: /lib/firmware/intel-ucode/0f-00-08
  254/001: sig 0x00000f08, pf_mask 0x02, 2000-11-01, rev 0x0008, size 2048
microcode bundle 255: /lib/firmware/intel-ucode/0f-00-07
  255/001: sig 0x00000f07, pf_mask 0x02, 2000-11-15, rev 0x0008, size 2048
  255/002: sig 0x00000f07, pf_mask 0x01, 2002-07-16, rev 0x0012, size 2048
microcode bundle 256: /lib/firmware/intel-ucode/0f-00-06
  256/001: sig 0x00000f06, pf_mask 0x02, 2000-09-11, rev 0x0004, size 2048
microcode bundle 257: /lib/firmware/intel-ucode/0f-00-05
  257/001: sig 0x00000f05, pf_mask 0x02, 2000-08-24, rev 0x000c, size 2048
  257/002: sig 0x00000f05, pf_mask 0x01, 2000-08-24, rev 0x000b, size 2048
microcode bundle 258: /lib/firmware/intel-ucode/06-0f-0d
  258/001: sig 0x000006fd, pf_mask 0xa1, 2007-08-13, rev 0x00a3, size 4096
  258/002: sig 0x000006fd, pf_mask 0x80, 2010-10-02, rev 0x00a4, size 4096
  258/003: sig 0x000006fd, pf_mask 0x20, 2010-10-02, rev 0x00a4, size 4096
  258/004: sig 0x000006fd, pf_mask 0x01, 2010-10-02, rev 0x00a4, size 4096
microcode bundle 259: /lib/firmware/intel-ucode/06-0f-0b
  259/001: sig 0x000006fb, pf_mask 0x80, 2010-10-03, rev 0x00ba, size 4096
  259/002: sig 0x000006fb, pf_mask 0x40, 2010-10-03, rev 0x00bc, size 4096
  259/003: sig 0x000006fb, pf_mask 0x20, 2010-10-03, rev 0x00ba, size 4096
  259/004: sig 0x000006fb, pf_mask 0x10, 2010-10-03, rev 0x00ba, size 4096
  259/005: sig 0x000006fb, pf_mask 0x08, 2010-10-03, rev 0x00bb, size 4096
  259/006: sig 0x000006fb, pf_mask 0x04, 2010-10-03, rev 0x00bc, size 4096
  259/007: sig 0x000006fb, pf_mask 0x01, 2011-10-04, rev 0x00c1, size 4096
microcode bundle 260: /lib/firmware/intel-ucode/06-0f-0a
  260/001: sig 0x000006fa, pf_mask 0x80, 2010-10-02, rev 0x0095, size 4096
  260/002: sig 0x000006fa, pf_mask 0x08, 2007-03-13, rev 0x0092, size 4096
  260/003: sig 0x000006fa, pf_mask 0x01, 2007-03-13, rev 0x0092, size 4096
microcode bundle 261: /lib/firmware/intel-ucode/06-0f-09
  261/001: sig 0x000006f9, pf_mask 0x80, 2006-09-28, rev 0x0083, size 4096
  261/002: sig 0x000006f9, pf_mask 0x40, 2006-10-12, rev 0x0084, size 4096
  261/003: sig 0x000006f9, pf_mask 0x10, 2006-09-03, rev 0x0082, size 4096
  261/004: sig 0x000006f9, pf_mask 0x08, 2006-10-12, rev 0x0084, size 4096
  261/005: sig 0x000006f9, pf_mask 0x04, 2006-09-03, rev 0x0082, size 4096
  261/006: sig 0x000006f9, pf_mask 0x01, 2006-09-03, rev 0x0082, size 4096
microcode bundle 262: /lib/firmware/intel-ucode/06-0f-07
  262/001: sig 0x000006f7, pf_mask 0x40, 2010-10-02, rev 0x006b, size 4096
  262/002: sig 0x000006f7, pf_mask 0x10, 2010-10-02, rev 0x006a, size 4096
microcode bundle 263: /lib/firmware/intel-ucode/06-0f-06
  263/001: sig 0x000006f6, pf_mask 0x20, 2010-10-01, rev 0x00d1, size 4096
  263/002: sig 0x000006f6, pf_mask 0x10, 2006-06-27, rev 0x004a, size 4096
  263/003: sig 0x000006f6, pf_mask 0x04, 2010-10-01, rev 0x00d2, size 4096
  263/004: sig 0x000006f6, pf_mask 0x01, 2010-09-30, rev 0x00d0, size 4096
microcode bundle 264: /lib/firmware/intel-ucode/06-0f-05
  264/001: sig 0x000006f5, pf_mask 0x80, 2006-07-25, rev 0x0038, size 4096
  264/002: sig 0x000006f5, pf_mask 0x50, 2006-05-01, rev 0x0033, size 4096
  264/003: sig 0x000006f5, pf_mask 0x20, 2006-05-23, rev 0x0036, size 4096
  264/004: sig 0x000006f5, pf_mask 0x08, 2006-07-27, rev 0x0039, size 4096
  264/005: sig 0x000006f5, pf_mask 0x04, 2006-05-01, rev 0x0033, size 4096
  264/006: sig 0x000006f5, pf_mask 0x01, 2006-05-01, rev 0x0033, size 4096
microcode bundle 265: /lib/firmware/intel-ucode/06-0f-04
  265/001: sig 0x000006f4, pf_mask 0xf5, 2006-04-17, rev 0x0028, size 4096
microcode bundle 266: /lib/firmware/intel-ucode/06-0f-02
  266/001: sig 0x000006f2, pf_mask 0x20, 2010-10-02, rev 0x005c, size 4096
  266/002: sig 0x000006f2, pf_mask 0x01, 2010-10-02, rev 0x005d, size 4096
microcode bundle 267: /lib/firmware/intel-ucode/06-0f-01
  267/001: sig 0x000006f1, pf_mask 0x27, 2005-11-29, rev 0x0012, size 4096
microcode bundle 268: /lib/firmware/intel-ucode/06-0f-00
  268/001: sig 0x000006f0, pf_mask 0x20, 2005-08-18, rev 0x0005, size 4096
  268/002: sig 0x000006f0, pf_mask 0x04, 2005-08-18, rev 0x0005, size 4096
  268/003: sig 0x000006f0, pf_mask 0x02, 2005-08-18, rev 0x0005, size 4096
  268/004: sig 0x000006f0, pf_mask 0x01, 2005-08-18, rev 0x0005, size 4096
microcode bundle 269: /lib/firmware/intel-ucode/06-0e-0c
  269/001: sig 0x000006ec, pf_mask 0x80, 2007-02-08, rev 0x005b, size 4096
  269/002: sig 0x000006ec, pf_mask 0x40, 2006-06-22, rev 0x0056, size 4096
  269/003: sig 0x000006ec, pf_mask 0x20, 2006-05-01, rev 0x0054, size 4096
  269/004: sig 0x000006ec, pf_mask 0x10, 2006-05-01, rev 0x0055, size 4096
microcode bundle 270: /lib/firmware/intel-ucode/06-0e-08
  270/001: sig 0x000006e8, pf_mask 0x40, 2006-11-13, rev 0x003f, size 4096
  270/002: sig 0x000006e8, pf_mask 0x20, 2005-11-15, rev 0x0039, size 4096
  270/003: sig 0x000006e8, pf_mask 0x10, 2006-02-08, rev 0x003c, size 4096
  270/004: sig 0x000006e8, pf_mask 0x02, 2005-09-25, rev 0x0033, size 4096
microcode bundle 271: /lib/firmware/intel-ucode/06-0e-04
  271/001: sig 0x000006e4, pf_mask 0x20, 2005-08-16, rev 0x0026, size 4096
  271/002: sig 0x000006e4, pf_mask 0x10, 2005-08-16, rev 0x0026, size 4096
microcode bundle 272: /lib/firmware/intel-ucode/06-0e-01
  272/001: sig 0x000006e1, pf_mask 0x20, 2005-04-13, rev 0x000c, size 5120
  272/002: sig 0x000006e1, pf_mask 0x10, 2005-04-13, rev 0x000c, size 5120
microcode bundle 273: /lib/firmware/intel-ucode/06-0e-00
  273/001: sig 0x000006e0, pf_mask 0x20, 2005-02-15, rev 0x0008, size 5120
  273/002: sig 0x000006e0, pf_mask 0x10, 2005-02-15, rev 0x0008, size 5120
microcode bundle 274: /lib/firmware/intel-ucode/06-0d-08
  274/001: sig 0x000006d8, pf_mask 0x20, 2004-07-22, rev 0x0020, size 2048
  274/002: sig 0x000006d8, pf_mask 0x08, 2006-08-31, rev 0x0021, size 2048
microcode bundle 275: /lib/firmware/intel-ucode/06-0d-06
  275/001: sig 0x000006d6, pf_mask 0x20, 2004-10-17, rev 0x0018, size 2048
microcode bundle 276: /lib/firmware/intel-ucode/06-0d-02
  276/001: sig 0x000006d2, pf_mask 0x20, 2003-08-14, rev 0x0010, size 2048
microcode bundle 277: /lib/firmware/intel-ucode/06-0d-01
  277/001: sig 0x000006d1, pf_mask 0x20, 2003-07-09, rev 0x0009, size 2048
microcode bundle 278: /lib/firmware/intel-ucode/06-0d-00
  278/001: sig 0x000006d0, pf_mask 0x20, 2003-05-22, rev 0x0006, size 2048
microcode bundle 279: /lib/firmware/intel-ucode/06-0b-04
  279/001: sig 0x000006b4, pf_mask 0x20, 2002-01-11, rev 0x0002, size 2048
  279/002: sig 0x000006b4, pf_mask 0x10, 2002-01-10, rev 0x0001, size 2048
microcode bundle 280: /lib/firmware/intel-ucode/06-0b-01
  280/001: sig 0x000006b1, pf_mask 0x20, 2001-02-20, rev 0x001d, size 2048
  280/002: sig 0x000006b1, pf_mask 0x10, 2001-02-15, rev 0x001c, size 2048
microcode bundle 281: /lib/firmware/intel-ucode/06-0b-00
  281/001: sig 0x000006b0, pf_mask 0x20, 2001-01-29, rev 0x0019, size 2048
  281/002: sig 0x000006b0, pf_mask 0x10, 2000-11-15, rev 0x0004, size 2048
  281/003: sig 0x000006b0, pf_mask 0x08, 2001-01-29, rev 0x001a, size 2048
microcode bundle 282: /lib/firmware/intel-ucode/06-0a-04
  282/001: sig 0x000006a4, pf_mask 0x04, 2000-06-16, rev 0x0001, size 2048
microcode bundle 283: /lib/firmware/intel-ucode/06-0a-01
  283/001: sig 0x000006a1, pf_mask 0x04, 2000-03-06, rev 0x0001, size 2048
microcode bundle 284: /lib/firmware/intel-ucode/06-0a-00
  284/001: sig 0x000006a0, pf_mask 0x04, 2000-01-10, rev 0x0003, size 2048
microcode bundle 285: /lib/firmware/intel-ucode/06-09-06
  285/001: sig 0x00000696, pf_mask 0x10, 2000-07-07, rev 0x0001, size 2048
microcode bundle 286: /lib/firmware/intel-ucode/06-09-05
  286/001: sig 0x00000695, pf_mask 0x80, 2004-11-09, rev 0x0047, size 2048
  286/002: sig 0x00000695, pf_mask 0x30, 2004-11-09, rev 0x0007, size 2048
microcode bundle 287: /lib/firmware/intel-ucode/06-09-04
  287/001: sig 0x00000694, pf_mask 0x20, 2002-09-26, rev 0x0002, size 2048
microcode bundle 288: /lib/firmware/intel-ucode/06-09-02
  288/001: sig 0x00000692, pf_mask 0x20, 2002-06-20, rev 0x0001, size 2048
  288/002: sig 0x00000692, pf_mask 0x10, 2000-03-22, rev 0x0003, size 2048
microcode bundle 289: /lib/firmware/intel-ucode/06-09-01
  289/001: sig 0x00000691, pf_mask 0x20, 2002-05-27, rev 0x0001, size 2048
  289/002: sig 0x00000691, pf_mask 0x01, 2000-02-07, rev 0x0002, size 2048
microcode bundle 290: /lib/firmware/intel-ucode/06-09-00
  290/001: sig 0x00000690, pf_mask 0x01, 2000-02-06, rev 0x0004, size 2048
microcode bundle 291: /lib/firmware/intel-ucode/06-08-0a
  291/001: sig 0x0000068a, pf_mask 0x80, 2000-12-07, rev 0x0005, size 2048
  291/002: sig 0x0000068a, pf_mask 0x20, 2000-12-07, rev 0x0004, size 2048
  291/003: sig 0x0000068a, pf_mask 0x10, 2000-11-02, rev 0x0001, size 2048
microcode bundle 292: /lib/firmware/intel-ucode/06-08-06
  292/001: sig 0x00000686, pf_mask 0x80, 2000-05-04, rev 0x000c, size 2048
  292/002: sig 0x00000686, pf_mask 0x20, 2000-05-04, rev 0x000b, size 2048
  292/003: sig 0x00000686, pf_mask 0x10, 2000-05-05, rev 0x0008, size 2048
  292/004: sig 0x00000686, pf_mask 0x08, 2000-05-04, rev 0x0009, size 2048
  292/005: sig 0x00000686, pf_mask 0x04, 2000-05-04, rev 0x0002, size 2048
  292/006: sig 0x00000686, pf_mask 0x02, 2000-05-04, rev 0x000a, size 2048
  292/007: sig 0x00000686, pf_mask 0x01, 2000-05-05, rev 0x0007, size 2048
microcode bundle 293: /lib/firmware/intel-ucode/06-08-03
  293/001: sig 0x00000683, pf_mask 0x20, 1999-10-15, rev 0x0007, size 2048
  293/002: sig 0x00000683, pf_mask 0x10, 2001-02-06, rev 0x0014, size 2048
  293/003: sig 0x00000683, pf_mask 0x08, 1999-10-15, rev 0x0008, size 2048
  293/004: sig 0x00000683, pf_mask 0x04, 2001-02-06, rev 0x0010, size 2048
  293/005: sig 0x00000683, pf_mask 0x01, 2001-02-06, rev 0x0013, size 2048
microcode bundle 294: /lib/firmware/intel-ucode/06-08-01
  294/001: sig 0x00000681, pf_mask 0x20, 1999-09-21, rev 0x000e, size 2048
  294/002: sig 0x00000681, pf_mask 0x10, 1999-12-09, rev 0x0014, size 2048
  294/003: sig 0x00000681, pf_mask 0x08, 1999-09-21, rev 0x000f, size 2048
  294/004: sig 0x00000681, pf_mask 0x04, 1999-09-21, rev 0x0010, size 2048
  294/005: sig 0x00000681, pf_mask 0x01, 1999-09-21, rev 0x000d, size 2048
microcode bundle 295: /lib/firmware/intel-ucode/06-08-00
  295/001: sig 0x00000680, pf_mask 0x20, 1999-06-10, rev 0x0015, size 2048
  295/002: sig 0x00000680, pf_mask 0x08, 1999-06-10, rev 0x0016, size 2048
  295/003: sig 0x00000680, pf_mask 0x04, 1999-06-10, rev 0x0017, size 2048
  295/004: sig 0x00000680, pf_mask 0x01, 1999-06-10, rev 0x0014, size 2048
microcode bundle 296: /lib/firmware/intel-ucode/06-07-03
  296/001: sig 0x00000673, pf_mask 0x04, 1999-09-10, rev 0x002e, size 2048
  296/002: sig 0x00000673, pf_mask 0x01, 1999-09-10, rev 0x000e, size 2048
microcode bundle 297: /lib/firmware/intel-ucode/06-07-02
  297/001: sig 0x00000672, pf_mask 0x04, 1999-09-22, rev 0x0038, size 2048
  297/002: sig 0x00000672, pf_mask 0x01, 1999-09-22, rev 0x0010, size 2048
microcode bundle 298: /lib/firmware/intel-ucode/06-07-01
  298/001: sig 0x00000671, pf_mask 0x04, 1998-08-11, rev 0x0014, size 2048
  298/002: sig 0x00000671, pf_mask 0x01, 1998-08-11, rev 0x0003, size 2048
microcode bundle 299: /lib/firmware/intel-ucode/06-07-00
  299/001: sig 0x00000670, pf_mask 0x02, 1998-06-02, rev 0x0007, size 2048
  299/002: sig 0x00000670, pf_mask 0x01, 1998-05-28, rev 0x0006, size 2048
microcode bundle 300: /lib/firmware/intel-ucode/06-06-0d
  300/001: sig 0x0000066d, pf_mask 0x20, 1999-05-05, rev 0x0007, size 2048
  300/002: sig 0x0000066d, pf_mask 0x08, 1999-03-12, rev 0x0006, size 2048
  300/003: sig 0x0000066d, pf_mask 0x02, 1999-03-12, rev 0x0005, size 2048
microcode bundle 301: /lib/firmware/intel-ucode/06-06-0a
  301/001: sig 0x0000066a, pf_mask 0x20, 1999-05-05, rev 0x000b, size 2048
  301/002: sig 0x0000066a, pf_mask 0x08, 1999-05-05, rev 0x000d, size 2048
  301/003: sig 0x0000066a, pf_mask 0x02, 1999-05-05, rev 0x000c, size 2048
microcode bundle 302: /lib/firmware/intel-ucode/06-06-05
  302/001: sig 0x00000665, pf_mask 0x10, 1999-05-05, rev 0x0003, size 2048
microcode bundle 303: /lib/firmware/intel-ucode/06-06-00
  303/001: sig 0x00000660, pf_mask 0x01, 1999-05-05, rev 0x000a, size 2048
microcode bundle 304: /lib/firmware/intel-ucode/06-05-03
  304/001: sig 0x00000653, pf_mask 0x08, 1999-05-18, rev 0x000d, size 2048
  304/002: sig 0x00000653, pf_mask 0x04, 1999-05-20, rev 0x000b, size 2048
  304/003: sig 0x00000653, pf_mask 0x02, 1999-05-18, rev 0x000c, size 2048
  304/004: sig 0x00000653, pf_mask 0x01, 1999-06-28, rev 0x0010, size 2048
microcode bundle 305: /lib/firmware/intel-ucode/06-05-02
  305/001: sig 0x00000652, pf_mask 0x08, 1999-05-18, rev 0x002d, size 2048
  305/002: sig 0x00000652, pf_mask 0x04, 1999-05-12, rev 0x002b, size 2048
  305/003: sig 0x00000652, pf_mask 0x02, 1999-05-17, rev 0x002c, size 2048
  305/004: sig 0x00000652, pf_mask 0x01, 1999-05-12, rev 0x002a, size 2048
microcode bundle 306: /lib/firmware/intel-ucode/06-05-01
  306/001: sig 0x00000651, pf_mask 0x08, 1999-05-25, rev 0x0042, size 2048
  306/002: sig 0x00000651, pf_mask 0x02, 1999-05-25, rev 0x0041, size 2048
  306/003: sig 0x00000651, pf_mask 0x01, 1999-05-25, rev 0x0040, size 2048
microcode bundle 307: /lib/firmware/intel-ucode/06-05-00
  307/001: sig 0x00000650, pf_mask 0x80, 1998-02-11, rev 0x002f, size 2048
  307/002: sig 0x00000650, pf_mask 0x20, 1998-02-11, rev 0x002e, size 2048
  307/003: sig 0x00000650, pf_mask 0x08, 1999-05-25, rev 0x0045, size 2048
  307/004: sig 0x00000650, pf_mask 0x04, 1997-12-12, rev 0x0019, size 2048
  307/005: sig 0x00000650, pf_mask 0x03, 1998-01-16, rev 0x0024, size 2048
  307/006: sig 0x00000650, pf_mask 0x02, 1999-05-25, rev 0x0044, size 2048
  307/007: sig 0x00000650, pf_mask 0x01, 1999-05-25, rev 0x0040, size 2048
microcode bundle 308: /lib/firmware/intel-ucode/06-03-04
  308/001: sig 0x00000634, pf_mask 0x00, 1998-09-23, rev 0x0037, size 2048
microcode bundle 309: /lib/firmware/intel-ucode/06-03-03
  309/001: sig 0x00000633, pf_mask 0x00, 1998-09-23, rev 0x0036, size 2048
microcode bundle 310: /lib/firmware/intel-ucode/06-03-00
  310/001: sig 0x00000630, pf_mask 0x00, 1996-08-27, rev 0x0013, size 2048
microcode bundle 311: /lib/firmware/intel-ucode/06-01-09
  311/001: sig 0x00000619, pf_mask 0x00, 1998-02-18, rev 0x00d2, size 2048
microcode bundle 312: /lib/firmware/intel-ucode/06-01-07
  312/001: sig 0x00000617, pf_mask 0x00, 1996-12-10, rev 0x00c6, size 2048
microcode bundle 313: /lib/firmware/intel-ucode/06-01-06
  313/001: sig 0x00000616, pf_mask 0x00, 1996-12-10, rev 0x00c6, size 2048
microcode bundle 314: /lib/firmware/intel-ucode/06-01-02
  314/001: sig 0x00000612, pf_mask 0x00, 1996-12-10, rev 0x00c6, size 2048
microcode bundle 315: /lib/firmware/intel-ucode/06-01-01
  315/001: sig 0x00000611, pf_mask 0x00, 1996-12-18, rev 0x0b27, size 2048
selected microcodes:
  315/001: sig 0x00000611, pf_mask 0x00, 1996-12-18, rev 0x0b27, size 2048
  314/001: sig 0x00000612, pf_mask 0x00, 1996-12-10, rev 0x00c6, size 2048
  313/001: sig 0x00000616, pf_mask 0x00, 1996-12-10, rev 0x00c6, size 2048
  312/001: sig 0x00000617, pf_mask 0x00, 1996-12-10, rev 0x00c6, size 2048
  311/001: sig 0x00000619, pf_mask 0x00, 1998-02-18, rev 0x00d2, size 2048
  310/001: sig 0x00000630, pf_mask 0x00, 1996-08-27, rev 0x0013, size 2048
  309/001: sig 0x00000633, pf_mask 0x00, 1998-09-23, rev 0x0036, size 2048
  308/001: sig 0x00000634, pf_mask 0x00, 1998-09-23, rev 0x0037, size 2048
  307/001: sig 0x00000650, pf_mask 0x80, 1998-02-11, rev 0x002f, size 2048
  307/002: sig 0x00000650, pf_mask 0x20, 1998-02-11, rev 0x002e, size 2048
  307/003: sig 0x00000650, pf_mask 0x08, 1999-05-25, rev 0x0045, size 2048
  307/004: sig 0x00000650, pf_mask 0x04, 1997-12-12, rev 0x0019, size 2048
  307/005: sig 0x00000650, pf_mask 0x03, 1998-01-16, rev 0x0024, size 2048
  307/006: sig 0x00000650, pf_mask 0x02, 1999-05-25, rev 0x0044, size 2048
  307/007: sig 0x00000650, pf_mask 0x01, 1999-05-25, rev 0x0040, size 2048
  306/001: sig 0x00000651, pf_mask 0x08, 1999-05-25, rev 0x0042, size 2048
  306/002: sig 0x00000651, pf_mask 0x02, 1999-05-25, rev 0x0041, size 2048
  306/003: sig 0x00000651, pf_mask 0x01, 1999-05-25, rev 0x0040, size 2048
  305/001: sig 0x00000652, pf_mask 0x08, 1999-05-18, rev 0x002d, size 2048
  305/002: sig 0x00000652, pf_mask 0x04, 1999-05-12, rev 0x002b, size 2048
  305/003: sig 0x00000652, pf_mask 0x02, 1999-05-17, rev 0x002c, size 2048
  305/004: sig 0x00000652, pf_mask 0x01, 1999-05-12, rev 0x002a, size 2048
  304/001: sig 0x00000653, pf_mask 0x08, 1999-05-18, rev 0x000d, size 2048
  304/002: sig 0x00000653, pf_mask 0x04, 1999-05-20, rev 0x000b, size 2048
  304/003: sig 0x00000653, pf_mask 0x02, 1999-05-18, rev 0x000c, size 2048
  304/004: sig 0x00000653, pf_mask 0x01, 1999-06-28, rev 0x0010, size 2048
  303/001: sig 0x00000660, pf_mask 0x01, 1999-05-05, rev 0x000a, size 2048
  302/001: sig 0x00000665, pf_mask 0x10, 1999-05-05, rev 0x0003, size 2048
  301/001: sig 0x0000066a, pf_mask 0x20, 1999-05-05, rev 0x000b, size 2048
  301/002: sig 0x0000066a, pf_mask 0x08, 1999-05-05, rev 0x000d, size 2048
  301/003: sig 0x0000066a, pf_mask 0x02, 1999-05-05, rev 0x000c, size 2048
  300/001: sig 0x0000066d, pf_mask 0x20, 1999-05-05, rev 0x0007, size 2048
  300/002: sig 0x0000066d, pf_mask 0x08, 1999-03-12, rev 0x0006, size 2048
  300/003: sig 0x0000066d, pf_mask 0x02, 1999-03-12, rev 0x0005, size 2048
  299/001: sig 0x00000670, pf_mask 0x02, 1998-06-02, rev 0x0007, size 2048
  299/002: sig 0x00000670, pf_mask 0x01, 1998-05-28, rev 0x0006, size 2048
  298/001: sig 0x00000671, pf_mask 0x04, 1998-08-11, rev 0x0014, size 2048
  298/002: sig 0x00000671, pf_mask 0x01, 1998-08-11, rev 0x0003, size 2048
  297/001: sig 0x00000672, pf_mask 0x04, 1999-09-22, rev 0x0038, size 2048
  297/002: sig 0x00000672, pf_mask 0x01, 1999-09-22, rev 0x0010, size 2048
  296/001: sig 0x00000673, pf_mask 0x04, 1999-09-10, rev 0x002e, size 2048
  296/002: sig 0x00000673, pf_mask 0x01, 1999-09-10, rev 0x000e, size 2048
  295/001: sig 0x00000680, pf_mask 0x20, 1999-06-10, rev 0x0015, size 2048
  295/002: sig 0x00000680, pf_mask 0x08, 1999-06-10, rev 0x0016, size 2048
  295/003: sig 0x00000680, pf_mask 0x04, 1999-06-10, rev 0x0017, size 2048
  295/004: sig 0x00000680, pf_mask 0x01, 1999-06-10, rev 0x0014, size 2048
  294/001: sig 0x00000681, pf_mask 0x20, 1999-09-21, rev 0x000e, size 2048
  294/002: sig 0x00000681, pf_mask 0x10, 1999-12-09, rev 0x0014, size 2048
  294/003: sig 0x00000681, pf_mask 0x08, 1999-09-21, rev 0x000f, size 2048
  294/004: sig 0x00000681, pf_mask 0x04, 1999-09-21, rev 0x0010, size 2048
  294/005: sig 0x00000681, pf_mask 0x01, 1999-09-21, rev 0x000d, size 2048
  293/001: sig 0x00000683, pf_mask 0x20, 1999-10-15, rev 0x0007, size 2048
  293/002: sig 0x00000683, pf_mask 0x10, 2001-02-06, rev 0x0014, size 2048
  293/003: sig 0x00000683, pf_mask 0x08, 1999-10-15, rev 0x0008, size 2048
  293/004: sig 0x00000683, pf_mask 0x04, 2001-02-06, rev 0x0010, size 2048
  293/005: sig 0x00000683, pf_mask 0x01, 2001-02-06, rev 0x0013, size 2048
  292/001: sig 0x00000686, pf_mask 0x80, 2000-05-04, rev 0x000c, size 2048
  292/002: sig 0x00000686, pf_mask 0x20, 2000-05-04, rev 0x000b, size 2048
  292/003: sig 0x00000686, pf_mask 0x10, 2000-05-05, rev 0x0008, size 2048
  292/004: sig 0x00000686, pf_mask 0x08, 2000-05-04, rev 0x0009, size 2048
  292/005: sig 0x00000686, pf_mask 0x04, 2000-05-04, rev 0x0002, size 2048
  292/006: sig 0x00000686, pf_mask 0x02, 2000-05-04, rev 0x000a, size 2048
  292/007: sig 0x00000686, pf_mask 0x01, 2000-05-05, rev 0x0007, size 2048
  291/001: sig 0x0000068a, pf_mask 0x80, 2000-12-07, rev 0x0005, size 2048
  291/002: sig 0x0000068a, pf_mask 0x20, 2000-12-07, rev 0x0004, size 2048
  291/003: sig 0x0000068a, pf_mask 0x10, 2000-11-02, rev 0x0001, size 2048
  290/001: sig 0x00000690, pf_mask 0x01, 2000-02-06, rev 0x0004, size 2048
  289/001: sig 0x00000691, pf_mask 0x20, 2002-05-27, rev 0x0001, size 2048
  289/002: sig 0x00000691, pf_mask 0x01, 2000-02-07, rev 0x0002, size 2048
  288/001: sig 0x00000692, pf_mask 0x20, 2002-06-20, rev 0x0001, size 2048
  288/002: sig 0x00000692, pf_mask 0x10, 2000-03-22, rev 0x0003, size 2048
  287/001: sig 0x00000694, pf_mask 0x20, 2002-09-26, rev 0x0002, size 2048
  286/001: sig 0x00000695, pf_mask 0x80, 2004-11-09, rev 0x0047, size 2048
  286/002: sig 0x00000695, pf_mask 0x30, 2004-11-09, rev 0x0007, size 2048
  285/001: sig 0x00000696, pf_mask 0x10, 2000-07-07, rev 0x0001, size 2048
  284/001: sig 0x000006a0, pf_mask 0x04, 2000-01-10, rev 0x0003, size 2048
  283/001: sig 0x000006a1, pf_mask 0x04, 2000-03-06, rev 0x0001, size 2048
  282/001: sig 0x000006a4, pf_mask 0x04, 2000-06-16, rev 0x0001, size 2048
  281/001: sig 0x000006b0, pf_mask 0x20, 2001-01-29, rev 0x0019, size 2048
  281/002: sig 0x000006b0, pf_mask 0x10, 2000-11-15, rev 0x0004, size 2048
  281/003: sig 0x000006b0, pf_mask 0x08, 2001-01-29, rev 0x001a, size 2048
  280/001: sig 0x000006b1, pf_mask 0x20, 2001-02-20, rev 0x001d, size 2048
  280/002: sig 0x000006b1, pf_mask 0x10, 2001-02-15, rev 0x001c, size 2048
  279/001: sig 0x000006b4, pf_mask 0x20, 2002-01-11, rev 0x0002, size 2048
  279/002: sig 0x000006b4, pf_mask 0x10, 2002-01-10, rev 0x0001, size 2048
  278/001: sig 0x000006d0, pf_mask 0x20, 2003-05-22, rev 0x0006, size 2048
  277/001: sig 0x000006d1, pf_mask 0x20, 2003-07-09, rev 0x0009, size 2048
  276/001: sig 0x000006d2, pf_mask 0x20, 2003-08-14, rev 0x0010, size 2048
  275/001: sig 0x000006d6, pf_mask 0x20, 2004-10-17, rev 0x0018, size 2048
  274/001: sig 0x000006d8, pf_mask 0x20, 2004-07-22, rev 0x0020, size 2048
  274/002: sig 0x000006d8, pf_mask 0x08, 2006-08-31, rev 0x0021, size 2048
  273/001: sig 0x000006e0, pf_mask 0x20, 2005-02-15, rev 0x0008, size 5120
  273/002: sig 0x000006e0, pf_mask 0x10, 2005-02-15, rev 0x0008, size 5120
  272/001: sig 0x000006e1, pf_mask 0x20, 2005-04-13, rev 0x000c, size 5120
  272/002: sig 0x000006e1, pf_mask 0x10, 2005-04-13, rev 0x000c, size 5120
  271/001: sig 0x000006e4, pf_mask 0x20, 2005-08-16, rev 0x0026, size 4096
  271/002: sig 0x000006e4, pf_mask 0x10, 2005-08-16, rev 0x0026, size 4096
  270/001: sig 0x000006e8, pf_mask 0x40, 2006-11-13, rev 0x003f, size 4096
  270/002: sig 0x000006e8, pf_mask 0x20, 2005-11-15, rev 0x0039, size 4096
  270/003: sig 0x000006e8, pf_mask 0x10, 2006-02-08, rev 0x003c, size 4096
  270/004: sig 0x000006e8, pf_mask 0x02, 2005-09-25, rev 0x0033, size 4096
  269/001: sig 0x000006ec, pf_mask 0x80, 2007-02-08, rev 0x005b, size 4096
  269/002: sig 0x000006ec, pf_mask 0x40, 2006-06-22, rev 0x0056, size 4096
  269/003: sig 0x000006ec, pf_mask 0x20, 2006-05-01, rev 0x0054, size 4096
  269/004: sig 0x000006ec, pf_mask 0x10, 2006-05-01, rev 0x0055, size 4096
  268/001: sig 0x000006f0, pf_mask 0x20, 2005-08-18, rev 0x0005, size 4096
  268/002: sig 0x000006f0, pf_mask 0x04, 2005-08-18, rev 0x0005, size 4096
  268/003: sig 0x000006f0, pf_mask 0x02, 2005-08-18, rev 0x0005, size 4096
  268/004: sig 0x000006f0, pf_mask 0x01, 2005-08-18, rev 0x0005, size 4096
  267/001: sig 0x000006f1, pf_mask 0x27, 2005-11-29, rev 0x0012, size 4096
  266/001: sig 0x000006f2, pf_mask 0x20, 2010-10-02, rev 0x005c, size 4096
  266/002: sig 0x000006f2, pf_mask 0x01, 2010-10-02, rev 0x005d, size 4096
  265/001: sig 0x000006f4, pf_mask 0xf5, 2006-04-17, rev 0x0028, size 4096
  264/001: sig 0x000006f5, pf_mask 0x80, 2006-07-25, rev 0x0038, size 4096
  264/002: sig 0x000006f5, pf_mask 0x50, 2006-05-01, rev 0x0033, size 4096
  264/003: sig 0x000006f5, pf_mask 0x20, 2006-05-23, rev 0x0036, size 4096
  264/004: sig 0x000006f5, pf_mask 0x08, 2006-07-27, rev 0x0039, size 4096
  264/005: sig 0x000006f5, pf_mask 0x04, 2006-05-01, rev 0x0033, size 4096
  264/006: sig 0x000006f5, pf_mask 0x01, 2006-05-01, rev 0x0033, size 4096
  263/001: sig 0x000006f6, pf_mask 0x20, 2010-10-01, rev 0x00d1, size 4096
  263/002: sig 0x000006f6, pf_mask 0x10, 2006-06-27, rev 0x004a, size 4096
  263/003: sig 0x000006f6, pf_mask 0x04, 2010-10-01, rev 0x00d2, size 4096
  263/004: sig 0x000006f6, pf_mask 0x01, 2010-09-30, rev 0x00d0, size 4096
  262/001: sig 0x000006f7, pf_mask 0x40, 2010-10-02, rev 0x006b, size 4096
  262/002: sig 0x000006f7, pf_mask 0x10, 2010-10-02, rev 0x006a, size 4096
  261/001: sig 0x000006f9, pf_mask 0x80, 2006-09-28, rev 0x0083, size 4096
  261/002: sig 0x000006f9, pf_mask 0x40, 2006-10-12, rev 0x0084, size 4096
  261/003: sig 0x000006f9, pf_mask 0x10, 2006-09-03, rev 0x0082, size 4096
  261/004: sig 0x000006f9, pf_mask 0x08, 2006-10-12, rev 0x0084, size 4096
  261/005: sig 0x000006f9, pf_mask 0x04, 2006-09-03, rev 0x0082, size 4096
  261/006: sig 0x000006f9, pf_mask 0x01, 2006-09-03, rev 0x0082, size 4096
  260/001: sig 0x000006fa, pf_mask 0x80, 2010-10-02, rev 0x0095, size 4096
  260/002: sig 0x000006fa, pf_mask 0x08, 2007-03-13, rev 0x0092, size 4096
  260/003: sig 0x000006fa, pf_mask 0x01, 2007-03-13, rev 0x0092, size 4096
  259/001: sig 0x000006fb, pf_mask 0x80, 2010-10-03, rev 0x00ba, size 4096
  259/002: sig 0x000006fb, pf_mask 0x40, 2010-10-03, rev 0x00bc, size 4096
  259/003: sig 0x000006fb, pf_mask 0x20, 2010-10-03, rev 0x00ba, size 4096
  259/004: sig 0x000006fb, pf_mask 0x10, 2010-10-03, rev 0x00ba, size 4096
  259/005: sig 0x000006fb, pf_mask 0x08, 2010-10-03, rev 0x00bb, size 4096
  259/006: sig 0x000006fb, pf_mask 0x04, 2010-10-03, rev 0x00bc, size 4096
  259/007: sig 0x000006fb, pf_mask 0x01, 2011-10-04, rev 0x00c1, size 4096
  258/001: sig 0x000006fd, pf_mask 0xa1, 2007-08-13, rev 0x00a3, size 4096
  258/002: sig 0x000006fd, pf_mask 0x80, 2010-10-02, rev 0x00a4, size 4096
  258/003: sig 0x000006fd, pf_mask 0x20, 2010-10-02, rev 0x00a4, size 4096
  258/004: sig 0x000006fd, pf_mask 0x01, 2010-10-02, rev 0x00a4, size 4096
  257/001: sig 0x00000f05, pf_mask 0x02, 2000-08-24, rev 0x000c, size 2048
  257/002: sig 0x00000f05, pf_mask 0x01, 2000-08-24, rev 0x000b, size 2048
  256/001: sig 0x00000f06, pf_mask 0x02, 2000-09-11, rev 0x0004, size 2048
  255/001: sig 0x00000f07, pf_mask 0x02, 2000-11-15, rev 0x0008, size 2048
  255/002: sig 0x00000f07, pf_mask 0x01, 2002-07-16, rev 0x0012, size 2048
  254/001: sig 0x00000f08, pf_mask 0x02, 2000-11-01, rev 0x0008, size 2048
  253/001: sig 0x00000f09, pf_mask 0x02, 2001-01-04, rev 0x0008, size 2048
  252/001: sig 0x00000f0a, pf_mask 0x04, 2002-07-16, rev 0x0014, size 2048
  252/002: sig 0x00000f0a, pf_mask 0x02, 2002-08-21, rev 0x0015, size 2048
  252/003: sig 0x00000f0a, pf_mask 0x01, 2002-07-16, rev 0x0013, size 2048
  251/001: sig 0x00000f11, pf_mask 0x02, 2003-07-29, rev 0x000a, size 2048
  250/001: sig 0x00000f12, pf_mask 0x04, 2003-05-02, rev 0x002e, size 2048
  250/002: sig 0x00000f12, pf_mask 0x02, 2003-05-02, rev 0x002f, size 2048
  250/003: sig 0x00000f12, pf_mask 0x01, 2003-05-02, rev 0x002d, size 2048
  249/001: sig 0x00000f13, pf_mask 0x04, 2003-05-08, rev 0x0005, size 2048
  248/001: sig 0x00000f20, pf_mask 0x04, 2001-04-23, rev 0x0001, size 2048
  247/001: sig 0x00000f21, pf_mask 0x08, 2001-05-29, rev 0x0003, size 2048
  247/002: sig 0x00000f21, pf_mask 0x04, 2001-05-29, rev 0x0001, size 2048
  247/003: sig 0x00000f21, pf_mask 0x02, 2001-05-29, rev 0x0002, size 2048
  246/001: sig 0x00000f22, pf_mask 0x02, 2003-07-29, rev 0x0005, size 2048
  245/001: sig 0x00000f23, pf_mask 0x08, 2001-08-17, rev 0x000d, size 2048
  245/002: sig 0x00000f23, pf_mask 0x04, 2001-07-30, rev 0x0008, size 2048
  245/003: sig 0x00000f23, pf_mask 0x02, 2001-07-30, rev 0x0009, size 2048
  244/001: sig 0x00000f24, pf_mask 0x10, 2003-06-10, rev 0x0021, size 2048
  244/002: sig 0x00000f24, pf_mask 0x08, 2003-06-05, rev 0x0020, size 2048
  244/003: sig 0x00000f24, pf_mask 0x04, 2003-06-05, rev 0x001e, size 2048
  244/004: sig 0x00000f24, pf_mask 0x02, 2003-06-05, rev 0x001f, size 2048
  243/001: sig 0x00000f25, pf_mask 0x10, 2004-08-26, rev 0x002c, size 2048
  243/002: sig 0x00000f25, pf_mask 0x04, 2004-08-11, rev 0x002b, size 2048
  243/003: sig 0x00000f25, pf_mask 0x02, 2004-08-11, rev 0x002a, size 2048
  243/004: sig 0x00000f25, pf_mask 0x01, 2004-08-11, rev 0x0029, size 2048
  242/001: sig 0x00000f26, pf_mask 0x02, 2004-08-05, rev 0x0010, size 2048
  241/001: sig 0x00000f27, pf_mask 0x08, 2003-06-04, rev 0x0039, size 2048
  241/002: sig 0x00000f27, pf_mask 0x04, 2003-06-04, rev 0x0037, size 2048
  241/003: sig 0x00000f27, pf_mask 0x02, 2003-06-04, rev 0x0038, size 2048
  240/001: sig 0x00000f29, pf_mask 0x08, 2004-08-11, rev 0x002f, size 2048
  240/002: sig 0x00000f29, pf_mask 0x04, 2004-08-11, rev 0x002e, size 2048
  240/003: sig 0x00000f29, pf_mask 0x02, 2004-08-11, rev 0x002d, size 2048
  239/001: sig 0x00000f30, pf_mask 0x08, 2003-06-24, rev 0x000e, size 3072
  239/002: sig 0x00000f30, pf_mask 0x04, 2003-08-13, rev 0x0012, size 4096
  239/003: sig 0x00000f30, pf_mask 0x01, 2003-08-15, rev 0x0013, size 4096
  238/001: sig 0x00000f31, pf_mask 0x1d, 2003-07-25, rev 0x0001, size 4096
  238/002: sig 0x00000f31, pf_mask 0x0d, 2003-10-21, rev 0x000b, size 4096
  237/001: sig 0x00000f32, pf_mask 0x0d, 2004-05-11, rev 0x000a, size 2048
  236/001: sig 0x00000f33, pf_mask 0x0d, 2005-04-21, rev 0x000c, size 2048
  235/001: sig 0x00000f34, pf_mask 0x9d, 2004-02-10, rev 0x0008, size 5120
  235/002: sig 0x00000f34, pf_mask 0x1d, 2005-04-21, rev 0x0017, size 7168
  235/003: sig 0x00000f34, pf_mask 0x02, 2004-06-30, rev 0x0012, size 7168
  234/001: sig 0x00000f36, pf_mask 0x02, 2004-03-09, rev 0x0007, size 5120
  233/001: sig 0x00000f37, pf_mask 0x0d, 2003-12-09, rev 0x0002, size 2048
  233/002: sig 0x00000f37, pf_mask 0x01, 2003-12-18, rev 0x0003, size 4096
  232/001: sig 0x00000f40, pf_mask 0x9d, 2004-03-18, rev 0x0006, size 5120
  231/001: sig 0x00000f41, pf_mask 0xbd, 2005-04-22, rev 0x0017, size 5120
  231/002: sig 0x00000f41, pf_mask 0x02, 2005-04-21, rev 0x0016, size 5120
  230/001: sig 0x00000f42, pf_mask 0x9d, 2005-04-21, rev 0x0003, size 3072
  229/001: sig 0x00000f43, pf_mask 0x9d, 2005-04-21, rev 0x0005, size 2048
  228/001: sig 0x00000f44, pf_mask 0x9d, 2005-04-21, rev 0x0006, size 3072
  227/001: sig 0x00000f46, pf_mask 0x5d, 2005-04-11, rev 0x0004, size 3072
  226/001: sig 0x00000f47, pf_mask 0x9d, 2005-04-21, rev 0x0003, size 3072
  225/001: sig 0x00000f48, pf_mask 0x5f, 2005-06-30, rev 0x0007, size 3072
  225/002: sig 0x00000f48, pf_mask 0x02, 2008-01-15, rev 0x000e, size 3072
  225/003: sig 0x00000f48, pf_mask 0x01, 2006-05-08, rev 0x000c, size 3072
  224/001: sig 0x00000f49, pf_mask 0xbd, 2005-04-21, rev 0x0003, size 2048
  223/001: sig 0x00000f4a, pf_mask 0x5d, 2005-06-10, rev 0x0002, size 2048
  223/002: sig 0x00000f4a, pf_mask 0x5c, 2005-12-14, rev 0x0004, size 2048
  222/001: sig 0x00000f60, pf_mask 0x07, 2005-01-24, rev 0x0005, size 2048
  221/001: sig 0x00000f61, pf_mask 0x04, 2005-06-10, rev 0x0007, size 2048
  221/002: sig 0x00000f61, pf_mask 0x01, 2005-06-10, rev 0x0008, size 2048
  220/001: sig 0x00000f62, pf_mask 0x04, 2005-12-15, rev 0x000f, size 3072
  220/002: sig 0x00000f62, pf_mask 0x01, 2005-07-20, rev 0x0005, size 2048
  219/001: sig 0x00000f63, pf_mask 0x01, 2005-10-10, rev 0x0005, size 2048
  218/001: sig 0x00000f64, pf_mask 0x34, 2005-12-23, rev 0x0004, size 3072
  218/002: sig 0x00000f64, pf_mask 0x01, 2005-12-15, rev 0x0002, size 3072
  217/001: sig 0x00000f65, pf_mask 0x04, 2007-05-10, rev 0x000b, size 2048
  217/002: sig 0x00000f65, pf_mask 0x01, 2006-04-26, rev 0x0008, size 2048
  216/001: sig 0x00000f66, pf_mask 0x02, 2006-03-10, rev 0x001b, size 3072
  215/001: sig 0x00000f68, pf_mask 0x22, 2006-07-14, rev 0x0009, size 2048
  214/001: sig 0x00001632, pf_mask 0x00, 1998-06-10, rev 0x0002, size 2048
  213/001: sig 0x00010650, pf_mask 0x20, 2005-09-18, rev 0x0002, size 2048
  213/002: sig 0x00010650, pf_mask 0x10, 2005-09-18, rev 0x0002, size 2048
  213/003: sig 0x00010650, pf_mask 0x02, 2006-05-13, rev 0x0002, size 2048
  213/004: sig 0x00010650, pf_mask 0x01, 2005-09-18, rev 0x0002, size 2048
  212/001: sig 0x00010660, pf_mask 0x03, 2006-06-12, rev 0x0004, size 4096
  211/001: sig 0x00010661, pf_mask 0x80, 2010-10-04, rev 0x0044, size 4096
  211/002: sig 0x00010661, pf_mask 0x08, 2007-03-16, rev 0x0035, size 4096
  211/003: sig 0x00010661, pf_mask 0x04, 2010-10-04, rev 0x0045, size 4096
  211/004: sig 0x00010661, pf_mask 0x03, 2006-09-11, rev 0x0012, size 4096
  211/005: sig 0x00010661, pf_mask 0x02, 2010-10-04, rev 0x0042, size 4096
  211/006: sig 0x00010661, pf_mask 0x01, 2010-10-04, rev 0x0043, size 4096
  210/001: sig 0x00010670, pf_mask 0x80, 2007-02-09, rev 0x0005, size 4096
  209/001: sig 0x00010671, pf_mask 0x80, 2007-03-29, rev 0x0106, size 4096
  209/002: sig 0x00010671, pf_mask 0x44, 2007-03-29, rev 0x0106, size 4096
  209/003: sig 0x00010671, pf_mask 0x10, 2007-03-29, rev 0x0106, size 4096
  209/004: sig 0x00010671, pf_mask 0x01, 2007-03-29, rev 0x0106, size 4096
  208/001: sig 0x00010674, pf_mask 0x80, 2007-07-20, rev 0x0405, size 4096
  208/002: sig 0x00010674, pf_mask 0x44, 2007-06-08, rev 0x0404, size 4096
  208/003: sig 0x00010674, pf_mask 0x10, 2007-06-08, rev 0x0404, size 4096
  208/004: sig 0x00010674, pf_mask 0x01, 2007-06-08, rev 0x0404, size 4096
  207/001: sig 0x00010676, pf_mask 0x91, 2015-08-02, rev 0x0612, size 4096
  207/002: sig 0x00010676, pf_mask 0x54, 2008-01-19, rev 0x060c, size 4096
  207/003: sig 0x00010676, pf_mask 0x44, 2010-09-29, rev 0x060f, size 4096
  207/004: sig 0x00010676, pf_mask 0x40, 2015-08-02, rev 0x0612, size 4096
  207/005: sig 0x00010676, pf_mask 0x04, 2015-08-02, rev 0x0612, size 4096
  206/001: sig 0x00010677, pf_mask 0x10, 2015-08-02, rev 0x070d, size 4096
  206/002: sig 0x00010677, pf_mask 0x01, 2007-10-26, rev 0x0701, size 4096
  205/001: sig 0x0001067a, pf_mask 0xb1, 2015-07-29, rev 0x0a0e, size 8192
  205/002: sig 0x0001067a, pf_mask 0x44, 2015-07-29, rev 0x0a0e, size 8192
  204/001: sig 0x000106a4, pf_mask 0x03, 2015-06-30, rev 0x0013, size 14336
  203/001: sig 0x000106a5, pf_mask 0x03, 2018-05-11, rev 0x001d, size 12288
  202/001: sig 0x000106c1, pf_mask 0x01, 2007-12-03, rev 0x0109, size 5120
  201/001: sig 0x000106c2, pf_mask 0x08, 2009-04-10, rev 0x0219, size 5120
  201/002: sig 0x000106c2, pf_mask 0x04, 2009-04-10, rev 0x0218, size 5120
  201/003: sig 0x000106c2, pf_mask 0x01, 2009-04-10, rev 0x0217, size 5120
  200/001: sig 0x000106c9, pf_mask 0x10, 2009-02-13, rev 0x0007, size 5120
  200/002: sig 0x000106c9, pf_mask 0x08, 2009-02-11, rev 0x0007, size 5120
  200/003: sig 0x000106c9, pf_mask 0x04, 2009-02-11, rev 0x0007, size 5120
  200/004: sig 0x000106c9, pf_mask 0x01, 2009-02-11, rev 0x0007, size 5120
  199/001: sig 0x000106ca, pf_mask 0x20, 2009-08-25, rev 0x0106, size 5120
  199/002: sig 0x000106ca, pf_mask 0x10, 2009-08-25, rev 0x0107, size 5120
  199/003: sig 0x000106ca, pf_mask 0x08, 2009-08-25, rev 0x0107, size 5120
  199/004: sig 0x000106ca, pf_mask 0x04, 2009-08-25, rev 0x0107, size 5120
  199/005: sig 0x000106ca, pf_mask 0x01, 2009-08-25, rev 0x0107, size 5120
  198/001: sig 0x000106d0, pf_mask 0x08, 2007-12-04, rev 0x0005, size 4096
  197/001: sig 0x000106d1, pf_mask 0x08, 2015-08-03, rev 0x002a, size 4096
  196/001: sig 0x000106e4, pf_mask 0x09, 2013-07-01, rev 0x0003, size 6144
  195/001: sig 0x000106e5, pf_mask 0x13, 2018-05-08, rev 0x000a, size 9216
  194/001: sig 0x00020652, pf_mask 0x80, 2009-09-15, rev 0x0006, size 7168
  194/002: sig 0x00020652, pf_mask 0x12, 2018-05-08, rev 0x0011, size 9216
  193/001: sig 0x00020655, pf_mask 0x92, 2018-04-23, rev 0x0007, size 4096
  192/001: sig 0x00020661, pf_mask 0x02, 2011-07-18, rev 0x0105, size 5120
  192/002: sig 0x00020661, pf_mask 0x01, 2009-10-23, rev 0x0104, size 5120
  191/001: sig 0x000206a0, pf_mask 0x12, 2009-11-02, rev 0x0029, size 6144
  190/001: sig 0x000206a1, pf_mask 0x12, 2009-12-23, rev 0x0007, size 8192
  189/001: sig 0x000206a2, pf_mask 0x12, 2010-05-02, rev 0x0027, size 9216
  188/001: sig 0x000206a3, pf_mask 0x12, 2010-06-09, rev 0x0009, size 9216
  187/001: sig 0x000206a4, pf_mask 0x12, 2010-04-14, rev 0x0022, size 8192
  186/001: sig 0x000206a5, pf_mask 0x12, 2010-07-22, rev 0x0007, size 7168
  185/001: sig 0x000206a6, pf_mask 0x12, 2010-09-15, rev 0x0028, size 9216
  184/001: sig 0x000206a7, pf_mask 0x12, 2019-02-17, rev 0x002f, size 12288
  183/001: sig 0x000206c1, pf_mask 0x03, 2009-12-22, rev 0x0006, size 6144
  182/001: sig 0x000206c2, pf_mask 0x03, 2018-05-08, rev 0x001f, size 11264
  181/001: sig 0x000206d5, pf_mask 0x6d, 2011-10-13, rev 0x0513, size 18432
  180/001: sig 0x000206d6, pf_mask 0x6d, 2020-03-04, rev 0x0621, size 18432
  179/001: sig 0x000206d7, pf_mask 0x6d, 2020-03-24, rev 0x071a, size 19456
  178/001: sig 0x000206e6, pf_mask 0x04, 2018-05-15, rev 0x000d, size 9216
  177/001: sig 0x000206f0, pf_mask 0x05, 2010-07-29, rev 0x0005, size 9216
  176/001: sig 0x000206f1, pf_mask 0x05, 2010-10-13, rev 0x0008, size 11264
  175/001: sig 0x000206f2, pf_mask 0x05, 2018-05-16, rev 0x003b, size 14336
  174/001: sig 0x00030650, pf_mask 0x08, 2012-01-18, rev 0x0009, size 5120
  173/001: sig 0x00030651, pf_mask 0x08, 2013-05-20, rev 0x010d, size 5120
  173/002: sig 0x00030651, pf_mask 0x01, 2013-10-14, rev 0x0110, size 5120
  172/001: sig 0x00030660, pf_mask 0x08, 2010-11-03, rev 0x0003, size 5120
  172/002: sig 0x00030660, pf_mask 0x04, 2010-11-03, rev 0x0003, size 5120
  171/001: sig 0x00030661, pf_mask 0x08, 2015-07-21, rev 0x010f, size 5120
  171/002: sig 0x00030661, pf_mask 0x04, 2015-07-21, rev 0x010f, size 5120
  171/003: sig 0x00030661, pf_mask 0x02, 2011-12-22, rev 0x010d, size 5120
  171/004: sig 0x00030661, pf_mask 0x01, 2011-12-22, rev 0x010d, size 5120
  170/001: sig 0x00030669, pf_mask 0x01, 2013-05-15, rev 0x010d, size 5120
  169/001: sig 0x00030671, pf_mask 0x02, 2013-04-10, rev 0x0117, size 67584
  168/001: sig 0x00030672, pf_mask 0x0c, 2013-07-22, rev 0x0218, size 52224
  168/002: sig 0x00030672, pf_mask 0x02, 2014-04-01, rev 0x022e, size 52224
  168/003: sig 0x00030672, pf_mask 0x01, 2014-01-14, rev 0x022d, size 52224
  167/001: sig 0x00030673, pf_mask 0x0c, 2019-09-16, rev 0x0329, size 52224
  167/002: sig 0x00030673, pf_mask 0x02, 2019-09-16, rev 0x0329, size 52224
  167/003: sig 0x00030673, pf_mask 0x01, 2019-09-16, rev 0x0329, size 52224
  166/001: sig 0x00030678, pf_mask 0x0c, 2019-04-22, rev 0x0838, size 52224
  166/002: sig 0x00030678, pf_mask 0x02, 2019-04-22, rev 0x0838, size 52224
  166/003: sig 0x00030678, pf_mask 0x01, 2015-02-09, rev 0x0832, size 52224
  165/001: sig 0x00030679, pf_mask 0x0f, 2019-07-10, rev 0x090d, size 52224
  164/001: sig 0x000306a0, pf_mask 0x12, 2011-04-07, rev 0x0007, size 6144
  163/001: sig 0x000306a2, pf_mask 0x12, 2011-07-25, rev 0x000c, size 11264
  162/001: sig 0x000306a4, pf_mask 0x12, 2011-09-08, rev 0x0007, size 9216
  161/001: sig 0x000306a5, pf_mask 0x12, 2011-11-10, rev 0x0009, size 10240
  160/001: sig 0x000306a6, pf_mask 0x12, 2011-11-14, rev 0x0004, size 8192
  159/001: sig 0x000306a8, pf_mask 0x12, 2012-02-20, rev 0x0010, size 10240
  158/001: sig 0x000306a9, pf_mask 0x12, 2019-02-13, rev 0x0021, size 14336
  157/001: sig 0x000306c3, pf_mask 0x32, 2019-11-12, rev 0x0028, size 23552
  156/001: sig 0x000306d4, pf_mask 0xc0, 2019-11-12, rev 0x002f, size 19456
  155/001: sig 0x000306e0, pf_mask 0xed, 2012-07-26, rev 0x0008, size 11264
  154/001: sig 0x000306e2, pf_mask 0xed, 2013-03-21, rev 0x020d, size 12288
  153/001: sig 0x000306e3, pf_mask 0xed, 2013-03-21, rev 0x0308, size 11264
  152/001: sig 0x000306e4, pf_mask 0xed, 2019-03-14, rev 0x042e, size 16384
  151/001: sig 0x000306e6, pf_mask 0xed, 2013-06-19, rev 0x0600, size 11264
  150/001: sig 0x000306e7, pf_mask 0xed, 2019-03-14, rev 0x0715, size 17408
  149/001: sig 0x000306f1, pf_mask 0xef, 2014-01-10, rev 0x0014, size 34816
  148/001: sig 0x000306f2, pf_mask 0x80, 2014-07-07, rev 0x0f07, size 27648
  148/002: sig 0x000306f2, pf_mask 0x6f, 2021-08-11, rev 0x0049, size 38912
  147/001: sig 0x000306f3, pf_mask 0x80, 2016-02-11, rev 0x000d, size 15360
  146/001: sig 0x000306f4, pf_mask 0x80, 2021-05-24, rev 0x001a, size 23552
  145/001: sig 0x00040651, pf_mask 0x72, 2019-11-12, rev 0x0026, size 22528
  144/001: sig 0x00040661, pf_mask 0x32, 2019-11-12, rev 0x001c, size 25600
  143/001: sig 0x00040671, pf_mask 0x22, 2019-11-12, rev 0x0022, size 14336
  141/001: sig 0x000406a8, pf_mask 0x01, 2014-08-12, rev 0x081f, size 38912
  141/001: sig 0x000406a9, pf_mask 0x01, 2014-08-12, rev 0x081f, size 38912
  140/001: sig 0x000406c1, pf_mask 0x01, 2014-08-14, rev 0x010b, size 69632
  139/001: sig 0x000406c2, pf_mask 0x01, 2015-02-18, rev 0x0221, size 68608
  138/001: sig 0x000406c3, pf_mask 0x01, 2019-04-23, rev 0x0368, size 69632
  137/001: sig 0x000406c4, pf_mask 0x01, 2019-04-23, rev 0x0411, size 68608
  136/001: sig 0x000406d0, pf_mask 0x01, 2013-06-12, rev 0x000e, size 82944
  135/001: sig 0x000406d8, pf_mask 0x01, 2019-09-16, rev 0x012d, size 84992
  134/001: sig 0x000406e1, pf_mask 0xf2, 2014-08-06, rev 0x0016, size 80896
  134/002: sig 0x000406e1, pf_mask 0x80, 2014-11-11, rev 0x0020, size 81920
  133/001: sig 0x000406e2, pf_mask 0xf2, 2014-11-05, rev 0x000a, size 79872
  133/002: sig 0x000406e2, pf_mask 0xc0, 2015-05-21, rev 0x002c, size 86016
  132/001: sig 0x000406e3, pf_mask 0xc0, 2021-11-12, rev 0x00f0, size 106496
  131/001: sig 0x000406e8, pf_mask 0x80, 2016-04-14, rev 0x0026, size 94208
  130/001: sig 0x000406f0, pf_mask 0xef, 2015-07-02, rev 0x0014, size 31744
  129/001: sig 0x00050653, pf_mask 0x97, 2023-07-28, rev 0x1000191, size 36864
  128/001: sig 0x00050654, pf_mask 0xb7, 2024-04-15, rev 0x2007206, size 44032
  127/001: sig 0x00050655, pf_mask 0xb7, 2019-04-12, rev 0x3000012, size 47104
  126/001: sig 0x00050656, pf_mask 0xbf, 2024-12-12, rev 0x4003901, size 40960
  125/001: sig 0x00050657, pf_mask 0xbf, 2024-12-12, rev 0x5003901, size 39936
  124/001: sig 0x0005065b, pf_mask 0xbf, 2024-12-12, rev 0x7002b01, size 30720
  123/001: sig 0x00050662, pf_mask 0x10, 2019-06-17, rev 0x001c, size 32768
  122/001: sig 0x00050663, pf_mask 0x10, 2021-06-12, rev 0x700001c, size 28672
  121/001: sig 0x00050664, pf_mask 0x10, 2021-06-12, rev 0xf00001a, size 27648
  120/001: sig 0x00050665, pf_mask 0x10, 2023-08-03, rev 0xe000015, size 23552
  119/001: sig 0x00050671, pf_mask 0x78, 2018-01-08, rev 0x01b6, size 28672
  118/001: sig 0x000506a0, pf_mask 0x01, 2015-01-12, rev 0x0038, size 54272
  117/001: sig 0x000506c2, pf_mask 0x01, 2018-05-11, rev 0x0014, size 15360
  116/001: sig 0x000506c8, pf_mask 0x01, 2016-03-04, rev 0x0010, size 16384
  115/001: sig 0x000506c9, pf_mask 0x03, 2021-11-16, rev 0x0048, size 17408
  114/001: sig 0x000506ca, pf_mask 0x03, 2021-11-16, rev 0x0028, size 16384
  113/001: sig 0x000506d1, pf_mask 0x04, 2015-06-05, rev 0x0102, size 7168
  113/002: sig 0x000506d1, pf_mask 0x02, 2014-11-20, rev 0x0101, size 7168
  112/001: sig 0x000506e0, pf_mask 0x22, 2014-11-19, rev 0x0018, size 81920
  111/001: sig 0x000506e1, pf_mask 0x22, 2015-06-02, rev 0x002a, size 76800
  110/001: sig 0x000506e2, pf_mask 0x14, 2015-08-15, rev 0x002e, size 76800
  109/001: sig 0x000506e3, pf_mask 0x36, 2023-01-02, rev 0x00f2, size 109568
  108/001: sig 0x000506e8, pf_mask 0x22, 2016-07-10, rev 0x0034, size 96256
  107/001: sig 0x000506f0, pf_mask 0x01, 2016-06-07, rev 0x0010, size 11264
  106/001: sig 0x000506f1, pf_mask 0x01, 2023-10-05, rev 0x003e, size 11264
  105/001: sig 0x00060660, pf_mask 0x80, 2016-08-21, rev 0x000c, size 77824
  104/001: sig 0x00060661, pf_mask 0x80, 2017-01-28, rev 0x000e, size 81920
  103/001: sig 0x00060662, pf_mask 0x80, 2017-11-29, rev 0x0022, size 81920
  102/001: sig 0x00060663, pf_mask 0x80, 2018-04-17, rev 0x002a, size 87040
  101/001: sig 0x000606a0, pf_mask 0x97, 2019-07-22, rev 0x001f, size 261120
  100/001: sig 0x000606a4, pf_mask 0x87, 2020-08-17, rev 0xb000280, size 272384
  099/001: sig 0x000606a5, pf_mask 0x87, 2021-03-08, rev 0xc0002f0, size 283648
  098/001: sig 0x000606a6, pf_mask 0x87, 2025-08-19, rev 0xd000421, size 309248
  097/001: sig 0x000606c1, pf_mask 0x10, 2025-08-19, rev 0x10002f1, size 301056
  096/001: sig 0x000606e0, pf_mask 0x01, 2016-11-04, rev 0x000b, size 117760
  095/001: sig 0x000606e1, pf_mask 0x01, 2019-04-23, rev 0x0108, size 117760
  094/001: sig 0x000706a0, pf_mask 0x01, 2017-07-12, rev 0x0026, size 78848
  093/001: sig 0x000706a1, pf_mask 0x01, 2024-04-19, rev 0x0042, size 76800
  092/001: sig 0x000706a8, pf_mask 0x01, 2024-12-05, rev 0x0026, size 76800
  091/001: sig 0x000706e0, pf_mask 0xc0, 2018-06-14, rev 0x002c, size 95232
  089/001: sig 0x000706e1, pf_mask 0x80, 2019-04-20, rev 0x0042, size 98304
  089/001: sig 0x000706e2, pf_mask 0x80, 2019-04-20, rev 0x0042, size 98304
  088/001: sig 0x000706e4, pf_mask 0x80, 2019-09-05, rev 0x0046, size 102400
  087/001: sig 0x000706e5, pf_mask 0x80, 2025-07-24, rev 0x00cc, size 115712
  086/001: sig 0x00080650, pf_mask 0x08, 2018-01-08, rev 0x0018, size 28672
  085/001: sig 0x00080664, pf_mask 0x01, 2023-09-26, rev 0x4c000025, size 148480
  083/001: sig 0x00080665, pf_mask 0x01, 2024-02-28, rev 0x4c000026, size 148480
  083/001: sig 0x00080667, pf_mask 0x01, 2024-02-28, rev 0x4c000026, size 148480
  082/001: sig 0x000806a0, pf_mask 0x01, 2019-05-07, rev 0x0010, size 21504
  081/001: sig 0x000806a1, pf_mask 0x10, 2023-01-13, rev 0x0033, size 34816
  080/001: sig 0x000806c0, pf_mask 0x80, 2020-04-02, rev 0x0068, size 113664
  079/001: sig 0x000806c1, pf_mask 0x80, 2025-07-24, rev 0x00be, size 112640
  078/001: sig 0x000806c2, pf_mask 0xc2, 2025-07-24, rev 0x003e, size 99328
  077/001: sig 0x000806d0, pf_mask 0xc2, 2021-05-07, rev 0x0054, size 113664
  076/001: sig 0x000806d1, pf_mask 0xc2, 2025-07-24, rev 0x0058, size 105472
  075/001: sig 0x000806e9, pf_mask 0xc0, 2024-02-01, rev 0x00f6, size 106496
  075/002: sig 0x000806e9, pf_mask 0x10, 2024-02-01, rev 0x00f6, size 106496
  074/001: sig 0x000806ea, pf_mask 0xc0, 2024-02-01, rev 0x00f6, size 105472
  073/001: sig 0x000806eb, pf_mask 0xd0, 2024-02-01, rev 0x00f6, size 106496
  072/001: sig 0x000806ec, pf_mask 0x94, 2024-11-17, rev 0x0100, size 106496
  071/001: sig 0x000806f3, pf_mask 0x87, 2022-04-19, rev 0xd0004b1, size 540672
  066/001: sig 0x000806f4, pf_mask 0x87, 2025-12-17, rev 0x2b000670, size 595968
  066/002: sig 0x000806f4, pf_mask 0x10, 2025-08-25, rev 0x2c000421, size 626688
  066/001: sig 0x000806f5, pf_mask 0x87, 2025-12-17, rev 0x2b000670, size 595968
  066/002: sig 0x000806f5, pf_mask 0x10, 2025-08-25, rev 0x2c000421, size 626688
  066/001: sig 0x000806f6, pf_mask 0x87, 2025-12-17, rev 0x2b000670, size 595968
  066/002: sig 0x000806f6, pf_mask 0x10, 2025-08-25, rev 0x2c000421, size 626688
  066/001: sig 0x000806f7, pf_mask 0x87, 2025-12-17, rev 0x2b000670, size 595968
  066/001: sig 0x000806f8, pf_mask 0x87, 2025-12-17, rev 0x2b000670, size 595968
  066/002: sig 0x000806f8, pf_mask 0x10, 2025-08-25, rev 0x2c000421, size 626688
  065/001: sig 0x00090660, pf_mask 0x01, 2020-06-17, rev 0x0009, size 16384
  064/001: sig 0x00090661, pf_mask 0x01, 2024-04-05, rev 0x001a, size 20480
  063/001: sig 0x00090670, pf_mask 0x02, 2020-11-11, rev 0x0019, size 165888
  058/001: sig 0x00090671, pf_mask 0x82, 2021-06-14, rev 0x001c, size 188416
  014/001: sig 0x00090672, pf_mask 0x07, 2025-10-12, rev 0x003e, size 227328
  060/001: sig 0x00090674, pf_mask 0x01, 2021-04-25, rev 0x0219, size 168960
  014/001: sig 0x00090675, pf_mask 0x07, 2025-10-12, rev 0x003e, size 227328
  058/001: sig 0x000906a0, pf_mask 0x82, 2021-06-14, rev 0x001c, size 188416
  057/001: sig 0x000906a1, pf_mask 0x82, 2021-11-04, rev 0x011f, size 184320
  056/001: sig 0x000906a2, pf_mask 0x80, 2022-01-02, rev 0x0315, size 206848
  054/002: sig 0x000906a3, pf_mask 0x80, 2025-10-12, rev 0x043b, size 225280
  054/001: sig 0x000906a4, pf_mask 0xc3, 2022-05-09, rev 0x0002, size 112640
  054/002: sig 0x000906a4, pf_mask 0x80, 2025-10-12, rev 0x043b, size 225280
  054/003: sig 0x000906a4, pf_mask 0x40, 2025-07-10, rev 0x000c, size 119808
  053/001: sig 0x000906c0, pf_mask 0x01, 2023-09-26, rev 0x24000026, size 20480
  052/001: sig 0x000906e9, pf_mask 0x2a, 2024-03-07, rev 0x00fa, size 106496
  051/001: sig 0x000906ea, pf_mask 0x22, 2024-07-28, rev 0x00fa, size 105472
  050/001: sig 0x000906eb, pf_mask 0x02, 2024-02-01, rev 0x00f6, size 106496
  049/001: sig 0x000906ec, pf_mask 0x22, 2024-02-01, rev 0x00f8, size 106496
  048/001: sig 0x000906ed, pf_mask 0x22, 2024-11-14, rev 0x0104, size 106496
  047/001: sig 0x000a0650, pf_mask 0x22, 2019-10-10, rev 0x00be, size 91136
  046/001: sig 0x000a0651, pf_mask 0x22, 2019-11-13, rev 0x00c2, size 91136
  045/001: sig 0x000a0652, pf_mask 0x20, 2024-11-14, rev 0x0100, size 97280
  044/001: sig 0x000a0653, pf_mask 0x22, 2024-11-14, rev 0x0100, size 98304
  043/001: sig 0x000a0654, pf_mask 0x22, 2020-01-23, rev 0x00c6, size 92160
  042/001: sig 0x000a0655, pf_mask 0x22, 2024-11-14, rev 0x0100, size 97280
  041/001: sig 0x000a0660, pf_mask 0x80, 2024-11-14, rev 0x0102, size 98304
  040/001: sig 0x000a0661, pf_mask 0x80, 2024-11-14, rev 0x0100, size 97280
  039/001: sig 0x000a0670, pf_mask 0x02, 2020-11-24, rev 0x002c, size 94208
  038/001: sig 0x000a0671, pf_mask 0x02, 2025-07-24, rev 0x0065, size 108544
  037/001: sig 0x000a06a1, pf_mask 0xc6, 2023-05-18, rev 0x0017, size 137216
  036/001: sig 0x000a06a2, pf_mask 0xc6, 2023-06-27, rev 0x0011, size 136192
  035/001: sig 0x000a06a4, pf_mask 0xe6, 2025-09-24, rev 0x0028, size 141312
  034/001: sig 0x000a06c0, pf_mask 0xc6, 2023-09-01, rev 0x0013, size 137216
  033/001: sig 0x000a06c1, pf_mask 0xc6, 2023-12-01, rev 0x0005, size 135168
  032/001: sig 0x000a06d0, pf_mask 0x95, 2024-08-18, rev 0x10000680, size 1580032
  031/001: sig 0x000a06d1, pf_mask 0x95, 2026-01-29, rev 0x1000423, size 1671168
  031/002: sig 0x000a06d1, pf_mask 0x20, 2026-01-29, rev 0xa000142, size 1642496
  031/003: sig 0x000a06d1, pf_mask 0x02, 2025-10-02, rev 0x10001d0, size 1640448
  030/001: sig 0x000a06e1, pf_mask 0x97, 2026-02-26, rev 0x1000307, size 1646592
  029/001: sig 0x000a06f3, pf_mask 0x01, 2026-01-30, rev 0x30003a3, size 1533952
  028/001: sig 0x000b0650, pf_mask 0x80, 2025-09-25, rev 0x000d, size 137216
  027/001: sig 0x000b0664, pf_mask 0x01, 2025-05-29, rev 0x0030, size 840704
  026/001: sig 0x000b0670, pf_mask 0x02, 2022-02-20, rev 0x000e, size 198656
  024/001: sig 0x000b0671, pf_mask 0x32, 2025-11-20, rev 0x0136, size 219136
  024/001: sig 0x000b0674, pf_mask 0x32, 2025-11-20, rev 0x0136, size 219136
  021/001: sig 0x000b06a2, pf_mask 0xe0, 2025-10-08, rev 0x6134, size 224256
  021/001: sig 0x000b06a3, pf_mask 0xe0, 2025-10-08, rev 0x6134, size 224256
  021/001: sig 0x000b06a8, pf_mask 0xe0, 2025-10-08, rev 0x6134, size 224256
  020/001: sig 0x000b06d0, pf_mask 0x80, 2024-06-10, rev 0x001a, size 99328
  019/001: sig 0x000b06d1, pf_mask 0x80, 2025-12-10, rev 0x0126, size 80896
  018/001: sig 0x000b06e0, pf_mask 0x19, 2025-09-12, rev 0x0021, size 142336
  014/001: sig 0x000b06f2, pf_mask 0x07, 2025-10-12, rev 0x003e, size 227328
  014/001: sig 0x000b06f5, pf_mask 0x07, 2025-10-12, rev 0x003e, size 227328
  014/001: sig 0x000b06f6, pf_mask 0x07, 2025-10-12, rev 0x003e, size 227328
  014/001: sig 0x000b06f7, pf_mask 0x07, 2025-10-12, rev 0x003e, size 227328
  009/001: sig 0x000c0652, pf_mask 0x82, 2025-12-15, rev 0x0121, size 91136
  012/001: sig 0x000c0660, pf_mask 0x02, 2024-05-16, rev 0x0018, size 90112
  009/001: sig 0x000c0662, pf_mask 0x82, 2025-12-15, rev 0x0121, size 91136
  009/001: sig 0x000c0664, pf_mask 0x82, 2025-12-15, rev 0x0121, size 91136
  009/001: sig 0x000c06a2, pf_mask 0x82, 2025-12-15, rev 0x0121, size 91136
  008/001: sig 0x000c06c0, pf_mask 0x90, 2025-03-25, rev 0x0012, size 168960
  005/001: sig 0x000c06c1, pf_mask 0x90, 2026-03-24, rev 0x011b, size 163840
  005/001: sig 0x000c06c2, pf_mask 0x90, 2026-03-24, rev 0x011b, size 163840
  005/001: sig 0x000c06c3, pf_mask 0x90, 2026-03-24, rev 0x011b, size 163840
  003/001: sig 0x000c06f1, pf_mask 0x87, 2025-12-17, rev 0x210002e0, size 567296
  003/001: sig 0x000c06f2, pf_mask 0x87, 2025-12-17, rev 0x210002e0, size 567296
  002/001: sig 0x000d0670, pf_mask 0x04, 2025-08-25, rev 0x0003, size 205824
  001/001: sig 0x000d06d0, pf_mask 0x01, 2025-08-07, rev 0x0340, size 1499136
iucode_tool: Writing selected microcodes to: /boot/intel-uc.img
=== Wed Aug 12 12:09:59 PM EEST 2026 розгортання в ESP ===
'/boot/vmlinuz-7.1.6-cachyos-trim11-tuned' -> '/boot/efi/EFI/limine/vmlinuz-7.1.6-cachyos-trim11-tuned'
'/boot/intel-uc.img' -> '/boot/efi/EFI/limine/intel-uc.img'
=== Wed Aug 12 12:09:59 PM EEST 2026 видаляю retire-ядро (7.1.3-cachyos-trim9-tuned) ===
removed '/boot/efi/EFI/limine/vmlinuz-7.1.3-cachyos-trim9-tuned'
removed '/boot/vmlinuz-7.1.3-cachyos-trim9-tuned'
removed '/boot/System.map-7.1.3-cachyos-trim9-tuned'
removed '/boot/config-7.1.3-cachyos-trim9-tuned'
removed '/usr/lib/modules/7.1.3-cachyos-trim9-tuned/kernel/arch/x86/crypto/aesni-intel.ko'
removed directory '/usr/lib/modules/7.1.3-cachyos-trim9-tuned/kernel/arch/x86/crypto'
removed '/usr/lib/modules/7.1.3-cachyos-trim9-tuned/kernel/arch/x86/events/intel/intel-uncore.ko'
removed '/usr/lib/modules/7.1.3-cachyos-trim9-tuned/kernel/arch/x86/events/intel/intel-cstate.ko'
removed directory '/usr/lib/modules/7.1.3-cachyos-trim9-tuned/kernel/arch/x86/events/intel'
removed '/usr/lib/modules/7.1.3-cachyos-trim9-tuned/kernel/arch/x86/events/rapl.ko'
removed directory '/usr/lib/modules/7.1.3-cachyos-trim9-tuned/kernel/arch/x86/events'
removed directory '/usr/lib/modules/7.1.3-cachyos-trim9-tuned/kernel/arch/x86'
removed directory '/usr/lib/modules/7.1.3-cachyos-trim9-tuned/kernel/arch'
removed '/usr/lib/modules/7.1.3-cachyos-trim9-tuned/kernel/crypto/aead.ko'
removed '/usr/lib/modules/7.1.3-cachyos-trim9-tuned/kernel/crypto/geniv.ko'
removed '/usr/lib/modules/7.1.3-cachyos-trim9-tuned/kernel/crypto/seqiv.ko'
removed '/usr/lib/modules/7.1.3-cachyos-trim9-tuned/kernel/crypto/echainiv.ko'
removed '/usr/lib/modules/7.1.3-cachyos-trim9-tuned/kernel/crypto/crypto_user.ko'
removed '/usr/lib/modules/7.1.3-cachyos-trim9-tuned/kernel/crypto/cmac.ko'
removed '/usr/lib/modules/7.1.3-cachyos-trim9-tuned/kernel/crypto/xcbc.ko'
removed '/usr/lib/modules/7.1.3-cachyos-trim9-tuned/kernel/crypto/crypto_null.ko'
removed '/usr/lib/modules/7.1.3-cachyos-trim9-tuned/kernel/crypto/gcm.ko'
removed '/usr/lib/modules/7.1.3-cachyos-trim9-tuned/kernel/crypto/ccm.ko'
removed '/usr/lib/modules/7.1.3-cachyos-trim9-tuned/kernel/crypto/chacha20poly1305.ko'
removed '/usr/lib/modules/7.1.3-cachyos-trim9-tuned/kernel/crypto/cryptd.ko'
removed '/usr/lib/modules/7.1.3-cachyos-trim9-tuned/kernel/crypto/chacha.ko'
removed '/usr/lib/modules/7.1.3-cachyos-trim9-tuned/kernel/crypto/deflate.ko'
removed '/usr/lib/modules/7.1.3-cachyos-trim9-tuned/kernel/crypto/crc32-cryptoapi.ko'
removed '/usr/lib/modules/7.1.3-cachyos-trim9-tuned/kernel/crypto/authenc.ko'
removed '/usr/lib/modules/7.1.3-cachyos-trim9-tuned/kernel/crypto/authencesn.ko'
removed '/usr/lib/modules/7.1.3-cachyos-trim9-tuned/kernel/crypto/rng.ko'
removed '/usr/lib/modules/7.1.3-cachyos-trim9-tuned/kernel/crypto/af_alg.ko'
removed '/usr/lib/modules/7.1.3-cachyos-trim9-tuned/kernel/crypto/algif_hash.ko'
removed '/usr/lib/modules/7.1.3-cachyos-trim9-tuned/kernel/crypto/algif_skcipher.ko'
removed '/usr/lib/modules/7.1.3-cachyos-trim9-tuned/kernel/crypto/algif_rng.ko'
removed '/usr/lib/modules/7.1.3-cachyos-trim9-tuned/kernel/crypto/algif_aead.ko'
removed '/usr/lib/modules/7.1.3-cachyos-trim9-tuned/kernel/crypto/essiv.ko'
removed directory '/usr/lib/modules/7.1.3-cachyos-trim9-tuned/kernel/crypto'
removed '/usr/lib/modules/7.1.3-cachyos-trim9-tuned/kernel/drivers/acpi/dptf/dptf_power.ko'
removed '/usr/lib/modules/7.1.3-cachyos-trim9-tuned/kernel/drivers/acpi/dptf/dptf_pch_fivr.ko'
removed directory '/usr/lib/modules/7.1.3-cachyos-trim9-tuned/kernel/drivers/acpi/dptf'
removed '/usr/lib/modules/7.1.3-cachyos-trim9-tuned/kernel/drivers/acpi/nfit/nfit.ko'
removed directory '/usr/lib/modules/7.1.3-cachyos-trim9-tuned/kernel/drivers/acpi/nfit'
removed '/usr/lib/modules/7.1.3-cachyos-trim9-tuned/kernel/drivers/acpi/video.ko'
removed '/usr/lib/modules/7.1.3-cachyos-trim9-tuned/kernel/drivers/acpi/acpi_tad.ko'
removed '/usr/lib/modules/7.1.3-cachyos-trim9-tuned/kernel/drivers/acpi/sbshc.ko'
removed '/usr/lib/modules/7.1.3-cachyos-trim9-tuned/kernel/drivers/acpi/sbs.ko'
removed '/usr/lib/modules/7.1.3-cachyos-trim9-tuned/kernel/drivers/acpi/ec_sys.ko'
removed '/usr/lib/modules/7.1.3-cachyos-trim9-tuned/kernel/drivers/acpi/pfr_update.ko'
removed '/usr/lib/modules/7.1.3-cachyos-trim9-tuned/kernel/drivers/acpi/pfr_telemetry.ko'
removed '/usr/lib/modules/7.1.3-cachyos-trim9-tuned/kernel/drivers/acpi/acpi_pad.ko'
removed '/usr/lib/modules/7.1.3-cachyos-trim9-tuned/kernel/drivers/acpi/acpi_extlog.ko'
removed '/usr/lib/modules/7.1.3-cachyos-trim9-tuned/kernel/drivers/acpi/acpi_configfs.ko'
removed directory '/usr/lib/modules/7.1.3-cachyos-trim9-tuned/kernel/drivers/acpi'
removed '/usr/lib/modules/7.1.3-cachyos-trim9-tuned/kernel/drivers/ata/ahci_platform.ko'
removed '/usr/lib/modules/7.1.3-cachyos-trim9-tuned/kernel/drivers/ata/libahci_platform.ko'
removed directory '/usr/lib/modules/7.1.3-cachyos-trim9-tuned/kernel/drivers/ata'
removed '/usr/lib/modules/7.1.3-cachyos-trim9-tuned/kernel/drivers/base/regmap/regmap-i2c.ko'
removed '/usr/lib/modules/7.1.3-cachyos-trim9-tuned/kernel/drivers/base/regmap/regmap-spi.ko'
removed '/usr/lib/modules/7.1.3-cachyos-trim9-tuned/kernel/drivers/base/regmap/regmap-sdw.ko'
removed '/usr/lib/modules/7.1.3-cachyos-trim9-tuned/kernel/drivers/base/regmap/regmap-sdw-mbq.ko'
removed directory '/usr/lib/modules/7.1.3-cachyos-trim9-tuned/kernel/drivers/base/regmap'
removed directory '/usr/lib/modules/7.1.3-cachyos-trim9-tuned/kernel/drivers/base'
removed '/usr/lib/modules/7.1.3-cachyos-trim9-tuned/kernel/drivers/block/mtip32xx/mtip32xx.ko'
removed directory '/usr/lib/modules/7.1.3-cachyos-trim9-tuned/kernel/drivers/block/mtip32xx'
removed '/usr/lib/modules/7.1.3-cachyos-trim9-tuned/kernel/drivers/block/null_blk/null_blk.ko'
removed directory '/usr/lib/modules/7.1.3-cachyos-trim9-tuned/kernel/drivers/block/null_blk'
removed '/usr/lib/modules/7.1.3-cachyos-trim9-tuned/kernel/drivers/block/zram/zram.ko'
removed directory '/usr/lib/modules/7.1.3-cachyos-trim9-tuned/kernel/drivers/block/zram'
removed '/usr/lib/modules/7.1.3-cachyos-trim9-tuned/kernel/drivers/block/brd.ko'
removed '/usr/lib/modules/7.1.3-cachyos-trim9-tuned/kernel/drivers/block/loop.ko'
removed '/usr/lib/modules/7.1.3-cachyos-trim9-tuned/kernel/drivers/block/nbd.ko'
removed '/usr/lib/modules/7.1.3-cachyos-trim9-tuned/kernel/drivers/block/ublk_drv.ko'
removed directory '/usr/lib/modules/7.1.3-cachyos-trim9-tuned/kernel/drivers/block'
removed '/usr/lib/modules/7.1.3-cachyos-trim9-tuned/kernel/drivers/bluetooth/hci_vhci.ko'
removed '/usr/lib/modules/7.1.3-cachyos-trim9-tuned/kernel/drivers/bluetooth/hci_uart.ko'
removed '/usr/lib/modules/7.1.3-cachyos-trim9-tuned/kernel/drivers/bluetooth/hci_bcm4377.ko'
removed '/usr/lib/modules/7.1.3-cachyos-trim9-tuned/kernel/drivers/bluetooth/bpa10x.ko'
removed '/usr/lib/modules/7.1.3-cachyos-trim9-tuned/kernel/drivers/bluetooth/bfusb.ko'
removed '/usr/lib/modules/7.1.3-cachyos-trim9-tuned/kernel/drivers/bluetooth/btusb.ko'
removed '/usr/lib/modules/7.1.3-cachyos-trim9-tuned/kernel/drivers/bluetooth/btintel_pcie.ko'
removed '/usr/lib/modules/7.1.3-cachyos-trim9-tuned/kernel/drivers/bluetooth/btintel.ko'
removed '/usr/lib/modules/7.1.3-cachyos-trim9-tuned/kernel/drivers/bluetooth/ath3k.ko'
removed '/usr/lib/modules/7.1.3-cachyos-trim9-tuned/kernel/drivers/bluetooth/btmrvl.ko'
removed '/usr/lib/modules/7.1.3-cachyos-trim9-tuned/kernel/drivers/bluetooth/btmtkuart.ko'
removed '/usr/lib/modules/7.1.3-cachyos-trim9-tuned/kernel/drivers/bluetooth/btbcm.ko'
removed '/usr/lib/modules/7.1.3-cachyos-trim9-tuned/kernel/drivers/bluetooth/btrtl.ko'
removed '/usr/lib/modules/7.1.3-cachyos-trim9-tuned/kernel/drivers/bluetooth/btqca.ko'
removed '/usr/lib/modules/7.1.3-cachyos-trim9-tuned/kernel/drivers/bluetooth/btmtk.ko'
removed '/usr/lib/modules/7.1.3-cachyos-trim9-tuned/kernel/drivers/bluetooth/virtio_bt.ko'
removed '/usr/lib/modules/7.1.3-cachyos-trim9-tuned/kernel/drivers/bluetooth/hci_nokia.ko'
removed directory '/usr/lib/modules/7.1.3-cachyos-trim9-tuned/kernel/drivers/bluetooth'
removed '/usr/lib/modules/7.1.3-cachyos-trim9-tuned/kernel/drivers/char/agp/intel-gtt.ko'
removed directory '/usr/lib/modules/7.1.3-cachyos-trim9-tuned/kernel/drivers/char/agp'
removed '/usr/lib/modules/7.1.3-cachyos-trim9-tuned/kernel/drivers/char/hw_random/intel-rng.ko'
removed directory '/usr/lib/modules/7.1.3-cachyos-trim9-tuned/kernel/drivers/char/hw_random'
removed '/usr/lib/modules/7.1.3-cachyos-trim9-tuned/kernel/drivers/char/ipmi/ssif_bmc.ko'
removed directory '/usr/lib/modules/7.1.3-cachyos-trim9-tuned/kernel/drivers/char/ipmi'
removed '/usr/lib/modules/7.1.3-cachyos-trim9-tuned/kernel/drivers/char/hangcheck-timer.ko'
removed directory '/usr/lib/modules/7.1.3-cachyos-trim9-tuned/kernel/drivers/char'
removed '/usr/lib/modules/7.1.3-cachyos-trim9-tuned/kernel/drivers/cpufreq/acpi-cpufreq.ko'
removed directory '/usr/lib/modules/7.1.3-cachyos-trim9-tuned/kernel/drivers/cpufreq'
removed '/usr/lib/modules/7.1.3-cachyos-trim9-tuned/kernel/drivers/dca/dca.ko'
removed directory '/usr/lib/modules/7.1.3-cachyos-trim9-tuned/kernel/drivers/dca'
removed '/usr/lib/modules/7.1.3-cachyos-trim9-tuned/kernel/drivers/dibs/dibs.ko'
removed directory '/usr/lib/modules/7.1.3-cachyos-trim9-tuned/kernel/drivers/dibs'
removed '/usr/lib/modules/7.1.3-cachyos-trim9-tuned/kernel/drivers/dma/hsu/hsu_dma.ko'
removed directory '/usr/lib/modules/7.1.3-cachyos-trim9-tuned/kernel/drivers/dma/hsu'
removed '/usr/lib/modules/7.1.3-cachyos-trim9-tuned/kernel/drivers/dma/ioat/ioatdma.ko'
removed directory '/usr/lib/modules/7.1.3-cachyos-trim9-tuned/kernel/drivers/dma/ioat'
removed '/usr/lib/modules/7.1.3-cachyos-trim9-tuned/kernel/drivers/dma/virt-dma.ko'
removed '/usr/lib/modules/7.1.3-cachyos-trim9-tuned/kernel/drivers/dma/idma64.ko'
removed directory '/usr/lib/modules/7.1.3-cachyos-trim9-tuned/kernel/drivers/dma'
removed '/usr/lib/modules/7.1.3-cachyos-trim9-tuned/kernel/drivers/firmware/cirrus/cs_dsp.ko'
removed directory '/usr/lib/modules/7.1.3-cachyos-trim9-tuned/kernel/drivers/firmware/cirrus'
removed '/usr/lib/modules/7.1.3-cachyos-trim9-tuned/kernel/drivers/firmware/efi/efibc.ko'
removed '/usr/lib/modules/7.1.3-cachyos-trim9-tuned/kernel/drivers/firmware/efi/capsule-loader.ko'
removed directory '/usr/lib/modules/7.1.3-cachyos-trim9-tuned/kernel/drivers/firmware/efi'
removed directory '/usr/lib/modules/7.1.3-cachyos-trim9-tuned/kernel/drivers/firmware'
removed '/usr/lib/modules/7.1.3-cachyos-trim9-tuned/kernel/drivers/gpu/drm/bridge/analogix/analogix-anx78xx.ko'
removed '/usr/lib/modules/7.1.3-cachyos-trim9-tuned/kernel/drivers/gpu/drm/bridge/analogix/analogix_dp.ko'
removed directory '/usr/lib/modules/7.1.3-cachyos-trim9-tuned/kernel/drivers/gpu/drm/bridge/analogix'
removed directory '/usr/lib/modules/7.1.3-cachyos-trim9-tuned/kernel/drivers/gpu/drm/bridge'
removed '/usr/lib/modules/7.1.3-cachyos-trim9-tuned/kernel/drivers/gpu/drm/display/drm_display_helper.ko'
removed directory '/usr/lib/modules/7.1.3-cachyos-trim9-tuned/kernel/drivers/gpu/drm/display'
removed '/usr/lib/modules/7.1.3-cachyos-trim9-tuned/kernel/drivers/gpu/drm/i915/i915.ko'
removed directory '/usr/lib/modules/7.1.3-cachyos-trim9-tuned/kernel/drivers/gpu/drm/i915'
removed '/usr/lib/modules/7.1.3-cachyos-trim9-tuned/kernel/drivers/gpu/drm/ttm/ttm.ko'
removed directory '/usr/lib/modules/7.1.3-cachyos-trim9-tuned/kernel/drivers/gpu/drm/ttm'
removed '/usr/lib/modules/7.1.3-cachyos-trim9-tuned/kernel/drivers/gpu/drm/vboxvideo/vboxvideo.ko'
removed directory '/usr/lib/modules/7.1.3-cachyos-trim9-tuned/kernel/drivers/gpu/drm/vboxvideo'
removed '/usr/lib/modules/7.1.3-cachyos-trim9-tuned/kernel/drivers/gpu/drm/drm_buddy.ko'
removed '/usr/lib/modules/7.1.3-cachyos-trim9-tuned/kernel/drivers/gpu/drm/drm_vram_helper.ko'
removed '/usr/lib/modules/7.1.3-cachyos-trim9-tuned/kernel/drivers/gpu/drm/drm_ttm_helper.ko'
removed directory '/usr/lib/modules/7.1.3-cachyos-trim9-tuned/kernel/drivers/gpu/drm'
removed directory '/usr/lib/modules/7.1.3-cachyos-trim9-tuned/kernel/drivers/gpu'
removed '/usr/lib/modules/7.1.3-cachyos-trim9-tuned/kernel/drivers/hid/i2c-hid/i2c-hid.ko'
removed '/usr/lib/modules/7.1.3-cachyos-trim9-tuned/kernel/drivers/hid/i2c-hid/i2c-hid-acpi.ko'
removed directory '/usr/lib/modules/7.1.3-cachyos-trim9-tuned/kernel/drivers/hid/i2c-hid'
removed '/usr/lib/modules/7.1.3-cachyos-trim9-tuned/kernel/drivers/hid/uhid.ko'
removed '/usr/lib/modules/7.1.3-cachyos-trim9-tuned/kernel/drivers/hid/hid-axff.ko'
removed '/usr/lib/modules/7.1.3-cachyos-trim9-tuned/kernel/drivers/hid/hid-betopff.ko'
removed '/usr/lib/modules/7.1.3-cachyos-trim9-tuned/kernel/drivers/hid/hid-bigbenff.ko'
removed '/usr/lib/modules/7.1.3-cachyos-trim9-tuned/kernel/drivers/hid/hid-cp2112.ko'
removed '/usr/lib/modules/7.1.3-cachyos-trim9-tuned/kernel/drivers/hid/hid-dr.ko'
removed '/usr/lib/modules/7.1.3-cachyos-trim9-tuned/kernel/drivers/hid/hid-emsff.ko'
removed '/usr/lib/modules/7.1.3-cachyos-trim9-tuned/kernel/drivers/hid/hid-ft260.ko'
removed '/usr/lib/modules/7.1.3-cachyos-trim9-tuned/kernel/drivers/hid/hid-google-stadiaff.ko'
removed '/usr/lib/modules/7.1.3-cachyos-trim9-tuned/kernel/drivers/hid/hid-holtek-kbd.ko'
removed '/usr/lib/modules/7.1.3-cachyos-trim9-tuned/kernel/drivers/hid/hid-holtek-mouse.ko'
removed '/usr/lib/modules/7.1.3-cachyos-trim9-tuned/kernel/drivers/hid/hid-holtekff.ko'
removed '/usr/lib/modules/7.1.3-cachyos-trim9-tuned/kernel/drivers/hid/hid-jabra.ko'
removed '/usr/lib/modules/7.1.3-cachyos-trim9-tuned/kernel/drivers/hid/hid-logitech.ko'
removed '/usr/lib/modules/7.1.3-cachyos-trim9-tuned/kernel/drivers/hid/hid-lg-g15.ko'
removed '/usr/lib/modules/7.1.3-cachyos-trim9-tuned/kernel/drivers/hid/hid-logitech-dj.ko'
removed '/usr/lib/modules/7.1.3-cachyos-trim9-tuned/kernel/drivers/hid/hid-logitech-hidpp.ko'
removed '/usr/lib/modules/7.1.3-cachyos-trim9-tuned/kernel/drivers/hid/hid-mcp2200.ko'
removed '/usr/lib/modules/7.1.3-cachyos-trim9-tuned/kernel/drivers/hid/hid-mcp2221.ko'
removed '/usr/lib/modules/7.1.3-cachyos-trim9-tuned/kernel/drivers/hid/hid-mf.ko'
removed '/usr/lib/modules/7.1.3-cachyos-trim9-tuned/kernel/drivers/hid/hid-microsoft.ko'
removed '/usr/lib/modules/7.1.3-cachyos-trim9-tuned/kernel/drivers/hid/hid-multitouch.ko'
removed '/usr/lib/modules/7.1.3-cachyos-trim9-tuned/kernel/drivers/hid/hid-nintendo.ko'
removed '/usr/lib/modules/7.1.3-cachyos-trim9-tuned/kernel/drivers/hid/hid-pl.ko'
removed '/usr/lib/modules/7.1.3-cachyos-trim9-tuned/kernel/drivers/hid/hid-plantronics.ko'
removed '/usr/lib/modules/7.1.3-cachyos-trim9-tuned/kernel/drivers/hid/hid-playstation.ko'
removed '/usr/lib/modules/7.1.3-cachyos-trim9-tuned/kernel/drivers/hid/hid-sjoy.ko'
removed '/usr/lib/modules/7.1.3-cachyos-trim9-tuned/kernel/drivers/hid/hid-sony.ko'
removed '/usr/lib/modules/7.1.3-cachyos-trim9-tuned/kernel/drivers/hid/hid-steam.ko'
removed '/usr/lib/modules/7.1.3-cachyos-trim9-tuned/kernel/drivers/hid/hid-gaff.ko'
removed '/usr/lib/modules/7.1.3-cachyos-trim9-tuned/kernel/drivers/hid/hid-tmff.ko'
removed '/usr/lib/modules/7.1.3-cachyos-trim9-tuned/kernel/drivers/hid/hid-thrustmaster.ko'
removed '/usr/lib/modules/7.1.3-cachyos-trim9-tuned/kernel/drivers/hid/hid-u2fzero.ko'
removed '/usr/lib/modules/7.1.3-cachyos-trim9-tuned/kernel/drivers/hid/hid-uclogic.ko'
removed '/usr/lib/modules/7.1.3-cachyos-trim9-tuned/kernel/drivers/hid/hid-universal-pidff.ko'
removed '/usr/lib/modules/7.1.3-cachyos-trim9-tuned/kernel/drivers/hid/hid-led.ko'
removed '/usr/lib/modules/7.1.3-cachyos-trim9-tuned/kernel/drivers/hid/hid-zpff.ko'
removed directory '/usr/lib/modules/7.1.3-cachyos-trim9-tuned/kernel/drivers/hid'
removed '/usr/lib/modules/7.1.3-cachyos-trim9-tuned/kernel/drivers/hwmon/occ/occ-hwmon-common.ko'
removed '/usr/lib/modules/7.1.3-cachyos-trim9-tuned/kernel/drivers/hwmon/occ/occ-p8-hwmon.ko'
removed directory '/usr/lib/modules/7.1.3-cachyos-trim9-tuned/kernel/drivers/hwmon/occ'
removed '/usr/lib/modules/7.1.3-cachyos-trim9-tuned/kernel/drivers/hwmon/pmbus/pmbus_core.ko'
removed directory '/usr/lib/modules/7.1.3-cachyos-trim9-tuned/kernel/drivers/hwmon/pmbus'
removed '/usr/lib/modules/7.1.3-cachyos-trim9-tuned/kernel/drivers/hwmon/coretemp.ko'
removed '/usr/lib/modules/7.1.3-cachyos-trim9-tuned/kernel/drivers/hwmon/drivetemp.ko'
removed '/usr/lib/modules/7.1.3-cachyos-trim9-tuned/kernel/drivers/hwmon/max31827.ko'
removed '/usr/lib/modules/7.1.3-cachyos-trim9-tuned/kernel/drivers/hwmon/sht3x.ko'
removed '/usr/lib/modules/7.1.3-cachyos-trim9-tuned/kernel/drivers/hwmon/sht4x.ko'
removed '/usr/lib/modules/7.1.3-cachyos-trim9-tuned/kernel/drivers/hwmon/spd5118.ko'
removed directory '/usr/lib/modules/7.1.3-cachyos-trim9-tuned/kernel/drivers/hwmon'
removed '/usr/lib/modules/7.1.3-cachyos-trim9-tuned/kernel/drivers/i2c/algos/i2c-algo-pca.ko'
removed '/usr/lib/modules/7.1.3-cachyos-trim9-tuned/kernel/drivers/i2c/algos/i2c-algo-bit.ko'
removed directory '/usr/lib/modules/7.1.3-cachyos-trim9-tuned/kernel/drivers/i2c/algos'
removed '/usr/lib/modules/7.1.3-cachyos-trim9-tuned/kernel/drivers/i2c/busses/i2c-scmi.ko'
removed '/usr/lib/modules/7.1.3-cachyos-trim9-tuned/kernel/drivers/i2c/busses/i2c-ali1535.ko'
removed '/usr/lib/modules/7.1.3-cachyos-trim9-tuned/kernel/drivers/i2c/busses/i2c-ali1563.ko'
removed '/usr/lib/modules/7.1.3-cachyos-trim9-tuned/kernel/drivers/i2c/busses/i2c-ali15x3.ko'
removed '/usr/lib/modules/7.1.3-cachyos-trim9-tuned/kernel/drivers/i2c/busses/i2c-i801.ko'
removed '/usr/lib/modules/7.1.3-cachyos-trim9-tuned/kernel/drivers/i2c/busses/i2c-isch.ko'
removed '/usr/lib/modules/7.1.3-cachyos-trim9-tuned/kernel/drivers/i2c/busses/i2c-ismt.ko'
removed '/usr/lib/modules/7.1.3-cachyos-trim9-tuned/kernel/drivers/i2c/busses/i2c-nforce2.ko'
removed '/usr/lib/modules/7.1.3-cachyos-trim9-tuned/kernel/drivers/i2c/busses/i2c-nvidia-gpu.ko'
removed '/usr/lib/modules/7.1.3-cachyos-trim9-tuned/kernel/drivers/i2c/busses/i2c-piix4.ko'
removed '/usr/lib/modules/7.1.3-cachyos-trim9-tuned/kernel/drivers/i2c/busses/i2c-sis5595.ko'
removed '/usr/lib/modules/7.1.3-cachyos-trim9-tuned/kernel/drivers/i2c/busses/i2c-sis630.ko'
removed '/usr/lib/modules/7.1.3-cachyos-trim9-tuned/kernel/drivers/i2c/busses/i2c-sis96x.ko'
removed '/usr/lib/modules/7.1.3-cachyos-trim9-tuned/kernel/drivers/i2c/busses/i2c-via.ko'
removed '/usr/lib/modules/7.1.3-cachyos-trim9-tuned/kernel/drivers/i2c/busses/i2c-viapro.ko'
removed '/usr/lib/modules/7.1.3-cachyos-trim9-tuned/kernel/drivers/i2c/busses/i2c-viai2c-zhaoxin.ko'
removed '/usr/lib/modules/7.1.3-cachyos-trim9-tuned/kernel/drivers/i2c/busses/i2c-viai2c-common.ko'
removed '/usr/lib/modules/7.1.3-cachyos-trim9-tuned/kernel/drivers/i2c/busses/i2c-cbus-gpio.ko'
removed '/usr/lib/modules/7.1.3-cachyos-trim9-tuned/kernel/drivers/i2c/busses/i2c-emev2.ko'
removed '/usr/lib/modules/7.1.3-cachyos-trim9-tuned/kernel/drivers/i2c/busses/i2c-gpio.ko'
removed '/usr/lib/modules/7.1.3-cachyos-trim9-tuned/kernel/drivers/i2c/busses/i2c-ocores.ko'
removed '/usr/lib/modules/7.1.3-cachyos-trim9-tuned/kernel/drivers/i2c/busses/i2c-pca-platform.ko'
removed '/usr/lib/modules/7.1.3-cachyos-trim9-tuned/kernel/drivers/i2c/busses/i2c-simtec.ko'
removed '/usr/lib/modules/7.1.3-cachyos-trim9-tuned/kernel/drivers/i2c/busses/i2c-diolan-u2c.ko'
removed '/usr/lib/modules/7.1.3-cachyos-trim9-tuned/kernel/drivers/i2c/busses/i2c-cp2615.ko'
removed '/usr/lib/modules/7.1.3-cachyos-trim9-tuned/kernel/drivers/i2c/busses/i2c-mchp-pci1xxxx.ko'
removed '/usr/lib/modules/7.1.3-cachyos-trim9-tuned/kernel/drivers/i2c/busses/i2c-robotfuzz-osif.ko'
removed '/usr/lib/modules/7.1.3-cachyos-trim9-tuned/kernel/drivers/i2c/busses/i2c-taos-evm.ko'
removed '/usr/lib/modules/7.1.3-cachyos-trim9-tuned/kernel/drivers/i2c/busses/i2c-tiny-usb.ko'
removed '/usr/lib/modules/7.1.3-cachyos-trim9-tuned/kernel/drivers/i2c/busses/i2c-mlxcpld.ko'
removed '/usr/lib/modules/7.1.3-cachyos-trim9-tuned/kernel/drivers/i2c/busses/i2c-virtio.ko'
removed directory '/usr/lib/modules/7.1.3-cachyos-trim9-tuned/kernel/drivers/i2c/busses'
removed '/usr/lib/modules/7.1.3-cachyos-trim9-tuned/kernel/drivers/i2c/muxes/i2c-mux-gpio.ko'
removed '/usr/lib/modules/7.1.3-cachyos-trim9-tuned/kernel/drivers/i2c/muxes/i2c-mux-ltc4306.ko'
removed '/usr/lib/modules/7.1.3-cachyos-trim9-tuned/kernel/drivers/i2c/muxes/i2c-mux-mlxcpld.ko'
removed '/usr/lib/modules/7.1.3-cachyos-trim9-tuned/kernel/drivers/i2c/muxes/i2c-mux-pca9541.ko'
removed '/usr/lib/modules/7.1.3-cachyos-trim9-tuned/kernel/drivers/i2c/muxes/i2c-mux-pca954x.ko'
removed '/usr/lib/modules/7.1.3-cachyos-trim9-tuned/kernel/drivers/i2c/muxes/i2c-mux-reg.ko'
removed directory '/usr/lib/modules/7.1.3-cachyos-trim9-tuned/kernel/drivers/i2c/muxes'
removed '/usr/lib/modules/7.1.3-cachyos-trim9-tuned/kernel/drivers/i2c/i2c-smbus.ko'
removed '/usr/lib/modules/7.1.3-cachyos-trim9-tuned/kernel/drivers/i2c/i2c-dev.ko'
removed '/usr/lib/modules/7.1.3-cachyos-trim9-tuned/kernel/drivers/i2c/i2c-mux.ko'
removed '/usr/lib/modules/7.1.3-cachyos-trim9-tuned/kernel/drivers/i2c/i2c-stub.ko'
removed '/usr/lib/modules/7.1.3-cachyos-trim9-tuned/kernel/drivers/i2c/i2c-slave-eeprom.ko'
removed '/usr/lib/modules/7.1.3-cachyos-trim9-tuned/kernel/drivers/i2c/i2c-slave-testunit.ko'
removed directory '/usr/lib/modules/7.1.3-cachyos-trim9-tuned/kernel/drivers/i2c'
removed '/usr/lib/modules/7.1.3-cachyos-trim9-tuned/kernel/drivers/input/joystick/xpad.ko'
removed directory '/usr/lib/modules/7.1.3-cachyos-trim9-tuned/kernel/drivers/input/joystick'
removed '/usr/lib/modules/7.1.3-cachyos-trim9-tuned/kernel/drivers/input/keyboard/adp5588-keys.ko'
removed '/usr/lib/modules/7.1.3-cachyos-trim9-tuned/kernel/drivers/input/keyboard/cypress-sf.ko'
removed '/usr/lib/modules/7.1.3-cachyos-trim9-tuned/kernel/drivers/input/keyboard/dlink-dir685-touchkeys.ko'
removed '/usr/lib/modules/7.1.3-cachyos-trim9-tuned/kernel/drivers/input/keyboard/gpio_keys.ko'
removed '/usr/lib/modules/7.1.3-cachyos-trim9-tuned/kernel/drivers/input/keyboard/gpio_keys_polled.ko'
removed '/usr/lib/modules/7.1.3-cachyos-trim9-tuned/kernel/drivers/input/keyboard/tca8418_keypad.ko'
removed '/usr/lib/modules/7.1.3-cachyos-trim9-tuned/kernel/drivers/input/keyboard/lkkbd.ko'
removed '/usr/lib/modules/7.1.3-cachyos-trim9-tuned/kernel/drivers/input/keyboard/lm8323.ko'
removed '/usr/lib/modules/7.1.3-cachyos-trim9-tuned/kernel/drivers/input/keyboard/lm8333.ko'
removed '/usr/lib/modules/7.1.3-cachyos-trim9-tuned/kernel/drivers/input/keyboard/matrix_keypad.ko'
removed '/usr/lib/modules/7.1.3-cachyos-trim9-tuned/kernel/drivers/input/keyboard/max7359_keypad.ko'
removed '/usr/lib/modules/7.1.3-cachyos-trim9-tuned/kernel/drivers/input/keyboard/mpr121_touchkey.ko'
removed '/usr/lib/modules/7.1.3-cachyos-trim9-tuned/kernel/drivers/input/keyboard/newtonkbd.ko'
removed '/usr/lib/modules/7.1.3-cachyos-trim9-tuned/kernel/drivers/input/keyboard/opencores-kbd.ko'
removed '/usr/lib/modules/7.1.3-cachyos-trim9-tuned/kernel/drivers/input/keyboard/pinephone-keyboard.ko'
removed '/usr/lib/modules/7.1.3-cachyos-trim9-tuned/kernel/drivers/input/keyboard/qt1050.ko'
removed '/usr/lib/modules/7.1.3-cachyos-trim9-tuned/kernel/drivers/input/keyboard/qt1070.ko'
removed '/usr/lib/modules/7.1.3-cachyos-trim9-tuned/kernel/drivers/input/keyboard/qt2160.ko'
removed '/usr/lib/modules/7.1.3-cachyos-trim9-tuned/kernel/drivers/input/keyboard/stowaway.ko'
removed '/usr/lib/modules/7.1.3-cachyos-trim9-tuned/kernel/drivers/input/keyboard/sunkbd.ko'
removed '/usr/lib/modules/7.1.3-cachyos-trim9-tuned/kernel/drivers/input/keyboard/tm2-touchkey.ko'
removed '/usr/lib/modules/7.1.3-cachyos-trim9-tuned/kernel/drivers/input/keyboard/xtkbd.ko'
removed directory '/usr/lib/modules/7.1.3-cachyos-trim9-tuned/kernel/drivers/input/keyboard'
removed '/usr/lib/modules/7.1.3-cachyos-trim9-tuned/kernel/drivers/input/misc/ad714x.ko'
removed '/usr/lib/modules/7.1.3-cachyos-trim9-tuned/kernel/drivers/input/misc/ad714x-i2c.ko'
removed '/usr/lib/modules/7.1.3-cachyos-trim9-tuned/kernel/drivers/input/misc/ad714x-spi.ko'
removed '/usr/lib/modules/7.1.3-cachyos-trim9-tuned/kernel/drivers/input/misc/adxl34x.ko'
removed '/usr/lib/modules/7.1.3-cachyos-trim9-tuned/kernel/drivers/input/misc/adxl34x-i2c.ko'
removed '/usr/lib/modules/7.1.3-cachyos-trim9-tuned/kernel/drivers/input/misc/adxl34x-spi.ko'
removed '/usr/lib/modules/7.1.3-cachyos-trim9-tuned/kernel/drivers/input/misc/apanel.ko'
removed '/usr/lib/modules/7.1.3-cachyos-trim9-tuned/kernel/drivers/input/misc/atlas_btns.ko'
removed '/usr/lib/modules/7.1.3-cachyos-trim9-tuned/kernel/drivers/input/misc/aw86927.ko'
removed '/usr/lib/modules/7.1.3-cachyos-trim9-tuned/kernel/drivers/input/misc/bma150.ko'
removed '/usr/lib/modules/7.1.3-cachyos-trim9-tuned/kernel/drivers/input/misc/cm109.ko'
removed '/usr/lib/modules/7.1.3-cachyos-trim9-tuned/kernel/drivers/input/misc/cma3000_d0x.ko'
removed '/usr/lib/modules/7.1.3-cachyos-trim9-tuned/kernel/drivers/input/misc/cma3000_d0x_i2c.ko'
removed '/usr/lib/modules/7.1.3-cachyos-trim9-tuned/kernel/drivers/input/misc/da7280.ko'
removed '/usr/lib/modules/7.1.3-cachyos-trim9-tuned/kernel/drivers/input/misc/e3x0-button.ko'
removed '/usr/lib/modules/7.1.3-cachyos-trim9-tuned/kernel/drivers/input/misc/drv260x.ko'
removed '/usr/lib/modules/7.1.3-cachyos-trim9-tuned/kernel/drivers/input/misc/drv2665.ko'
removed '/usr/lib/modules/7.1.3-cachyos-trim9-tuned/kernel/drivers/input/misc/drv2667.ko'
removed '/usr/lib/modules/7.1.3-cachyos-trim9-tuned/kernel/drivers/input/misc/gpio-beeper.ko'
removed '/usr/lib/modules/7.1.3-cachyos-trim9-tuned/kernel/drivers/input/misc/gpio_decoder.ko'
removed '/usr/lib/modules/7.1.3-cachyos-trim9-tuned/kernel/drivers/input/misc/gpio-vibra.ko'
removed '/usr/lib/modules/7.1.3-cachyos-trim9-tuned/kernel/drivers/input/misc/ibm-panel.ko'
removed '/usr/lib/modules/7.1.3-cachyos-trim9-tuned/kernel/drivers/input/misc/ims-pcu.ko'
removed '/usr/lib/modules/7.1.3-cachyos-trim9-tuned/kernel/drivers/input/misc/iqs269a.ko'
removed '/usr/lib/modules/7.1.3-cachyos-trim9-tuned/kernel/drivers/input/misc/iqs626a.ko'
removed '/usr/lib/modules/7.1.3-cachyos-trim9-tuned/kernel/drivers/input/misc/iqs7222.ko'
removed '/usr/lib/modules/7.1.3-cachyos-trim9-tuned/kernel/drivers/input/misc/keyspan_remote.ko'
removed '/usr/lib/modules/7.1.3-cachyos-trim9-tuned/kernel/drivers/input/misc/kxtj9.ko'
removed '/usr/lib/modules/7.1.3-cachyos-trim9-tuned/kernel/drivers/input/misc/mma8450.ko'
removed '/usr/lib/modules/7.1.3-cachyos-trim9-tuned/kernel/drivers/input/misc/pcf8574_keypad.ko'
removed '/usr/lib/modules/7.1.3-cachyos-trim9-tuned/kernel/drivers/input/misc/pcspkr.ko'
removed '/usr/lib/modules/7.1.3-cachyos-trim9-tuned/kernel/drivers/input/misc/powermate.ko'
removed '/usr/lib/modules/7.1.3-cachyos-trim9-tuned/kernel/drivers/input/misc/pwm-beeper.ko'
removed '/usr/lib/modules/7.1.3-cachyos-trim9-tuned/kernel/drivers/input/misc/pwm-vibra.ko'
removed '/usr/lib/modules/7.1.3-cachyos-trim9-tuned/kernel/drivers/input/misc/regulator-haptic.ko'
removed '/usr/lib/modules/7.1.3-cachyos-trim9-tuned/kernel/drivers/input/misc/rotary_encoder.ko'
removed '/usr/lib/modules/7.1.3-cachyos-trim9-tuned/kernel/drivers/input/misc/soc_button_array.ko'
removed '/usr/lib/modules/7.1.3-cachyos-trim9-tuned/kernel/drivers/input/misc/uinput.ko'
removed '/usr/lib/modules/7.1.3-cachyos-trim9-tuned/kernel/drivers/input/misc/yealink.ko'
removed '/usr/lib/modules/7.1.3-cachyos-trim9-tuned/kernel/drivers/input/misc/ideapad_slidebar.ko'
removed directory '/usr/lib/modules/7.1.3-cachyos-trim9-tuned/kernel/drivers/input/misc'
removed '/usr/lib/modules/7.1.3-cachyos-trim9-tuned/kernel/drivers/input/mouse/cyapatp.ko'
removed '/usr/lib/modules/7.1.3-cachyos-trim9-tuned/kernel/drivers/input/mouse/elan_i2c.ko'
removed '/usr/lib/modules/7.1.3-cachyos-trim9-tuned/kernel/drivers/input/mouse/gpio_mouse.ko'
removed '/usr/lib/modules/7.1.3-cachyos-trim9-tuned/kernel/drivers/input/mouse/psmouse.ko'
removed '/usr/lib/modules/7.1.3-cachyos-trim9-tuned/kernel/drivers/input/mouse/sermouse.ko'
removed '/usr/lib/modules/7.1.3-cachyos-trim9-tuned/kernel/drivers/input/mouse/synaptics_i2c.ko'
removed '/usr/lib/modules/7.1.3-cachyos-trim9-tuned/kernel/drivers/input/mouse/vsxxxaa.ko'
removed '/usr/lib/modules/7.1.3-cachyos-trim9-tuned/kernel/drivers/input/mouse/synaptics_usb.ko'
removed directory '/usr/lib/modules/7.1.3-cachyos-trim9-tuned/kernel/drivers/input/mouse'
removed '/usr/lib/modules/7.1.3-cachyos-trim9-tuned/kernel/drivers/input/rmi4/rmi_core.ko'
removed '/usr/lib/modules/7.1.3-cachyos-trim9-tuned/kernel/drivers/input/rmi4/rmi_i2c.ko'
removed '/usr/lib/modules/7.1.3-cachyos-trim9-tuned/kernel/drivers/input/rmi4/rmi_spi.ko'
removed '/usr/lib/modules/7.1.3-cachyos-trim9-tuned/kernel/drivers/input/rmi4/rmi_smbus.ko'
removed directory '/usr/lib/modules/7.1.3-cachyos-trim9-tuned/kernel/drivers/input/rmi4'
removed '/usr/lib/modules/7.1.3-cachyos-trim9-tuned/kernel/drivers/input/serio/serport.ko'
removed '/usr/lib/modules/7.1.3-cachyos-trim9-tuned/kernel/drivers/input/serio/pcips2.ko'
removed '/usr/lib/modules/7.1.3-cachyos-trim9-tuned/kernel/drivers/input/serio/ps2mult.ko'
removed '/usr/lib/modules/7.1.3-cachyos-trim9-tuned/kernel/drivers/input/serio/serio_raw.ko'
removed '/usr/lib/modules/7.1.3-cachyos-trim9-tuned/kernel/drivers/input/serio/ps2-gpio.ko'
removed '/usr/lib/modules/7.1.3-cachyos-trim9-tuned/kernel/drivers/input/serio/userio.ko'
removed directory '/usr/lib/modules/7.1.3-cachyos-trim9-tuned/kernel/drivers/input/serio'
removed '/usr/lib/modules/7.1.3-cachyos-trim9-tuned/kernel/drivers/input/tablet/acecad.ko'
removed '/usr/lib/modules/7.1.3-cachyos-trim9-tuned/kernel/drivers/input/tablet/aiptek.ko'
removed '/usr/lib/modules/7.1.3-cachyos-trim9-tuned/kernel/drivers/input/tablet/hanwang.ko'
removed '/usr/lib/modules/7.1.3-cachyos-trim9-tuned/kernel/drivers/input/tablet/kbtab.ko'
removed '/usr/lib/modules/7.1.3-cachyos-trim9-tuned/kernel/drivers/input/tablet/pegasus_notetaker.ko'
removed '/usr/lib/modules/7.1.3-cachyos-trim9-tuned/kernel/drivers/input/tablet/wacom_serial4.ko'
removed directory '/usr/lib/modules/7.1.3-cachyos-trim9-tuned/kernel/drivers/input/tablet'
removed '/usr/lib/modules/7.1.3-cachyos-trim9-tuned/kernel/drivers/input/ff-memless.ko'
removed '/usr/lib/modules/7.1.3-cachyos-trim9-tuned/kernel/drivers/input/sparse-keymap.ko'
removed '/usr/lib/modules/7.1.3-cachyos-trim9-tuned/kernel/drivers/input/matrix-keymap.ko'
removed '/usr/lib/modules/7.1.3-cachyos-trim9-tuned/kernel/drivers/input/mousedev.ko'
removed '/usr/lib/modules/7.1.3-cachyos-trim9-tuned/kernel/drivers/input/joydev.ko'
removed directory '/usr/lib/modules/7.1.3-cachyos-trim9-tuned/kernel/drivers/input'
removed '/usr/lib/modules/7.1.3-cachyos-trim9-tuned/kernel/drivers/iommu/iommufd/iommufd.ko'
removed directory '/usr/lib/modules/7.1.3-cachyos-trim9-tuned/kernel/drivers/iommu/iommufd'
removed directory '/usr/lib/modules/7.1.3-cachyos-trim9-tuned/kernel/drivers/iommu'
removed '/usr/lib/modules/7.1.3-cachyos-trim9-tuned/kernel/drivers/leds/trigger/ledtrig-timer.ko'
removed '/usr/lib/modules/7.1.3-cachyos-trim9-tuned/kernel/drivers/leds/trigger/ledtrig-oneshot.ko'
removed '/usr/lib/modules/7.1.3-cachyos-trim9-tuned/kernel/drivers/leds/trigger/ledtrig-heartbeat.ko'
removed '/usr/lib/modules/7.1.3-cachyos-trim9-tuned/kernel/drivers/leds/trigger/ledtrig-backlight.ko'
removed '/usr/lib/modules/7.1.3-cachyos-trim9-tuned/kernel/drivers/leds/trigger/ledtrig-gpio.ko'
removed '/usr/lib/modules/7.1.3-cachyos-trim9-tuned/kernel/drivers/leds/trigger/ledtrig-activity.ko'
removed '/usr/lib/modules/7.1.3-cachyos-trim9-tuned/kernel/drivers/leds/trigger/ledtrig-default-on.ko'
removed '/usr/lib/modules/7.1.3-cachyos-trim9-tuned/kernel/drivers/leds/trigger/ledtrig-transient.ko'
removed '/usr/lib/modules/7.1.3-cachyos-trim9-tuned/kernel/drivers/leds/trigger/ledtrig-camera.ko'
removed '/usr/lib/modules/7.1.3-cachyos-trim9-tuned/kernel/drivers/leds/trigger/ledtrig-netdev.ko'
removed '/usr/lib/modules/7.1.3-cachyos-trim9-tuned/kernel/drivers/leds/trigger/ledtrig-pattern.ko'
removed '/usr/lib/modules/7.1.3-cachyos-trim9-tuned/kernel/drivers/leds/trigger/ledtrig-tty.ko'
removed '/usr/lib/modules/7.1.3-cachyos-trim9-tuned/kernel/drivers/leds/trigger/ledtrig-input-events.ko'
removed directory '/usr/lib/modules/7.1.3-cachyos-trim9-tuned/kernel/drivers/leds/trigger'
removed '/usr/lib/modules/7.1.3-cachyos-trim9-tuned/kernel/drivers/leds/led-class-flash.ko'
removed '/usr/lib/modules/7.1.3-cachyos-trim9-tuned/kernel/drivers/leds/led-class-multicolor.ko'
removed '/usr/lib/modules/7.1.3-cachyos-trim9-tuned/kernel/drivers/leds/uleds.ko'
removed directory '/usr/lib/modules/7.1.3-cachyos-trim9-tuned/kernel/drivers/leds'
removed '/usr/lib/modules/7.1.3-cachyos-trim9-tuned/kernel/drivers/md/dm-mod.ko'
removed '/usr/lib/modules/7.1.3-cachyos-trim9-tuned/kernel/drivers/md/dm-bufio.ko'
removed '/usr/lib/modules/7.1.3-cachyos-trim9-tuned/kernel/drivers/md/dm-crypt.ko'
removed '/usr/lib/modules/7.1.3-cachyos-trim9-tuned/kernel/drivers/md/dm-snapshot.ko'
removed '/usr/lib/modules/7.1.3-cachyos-trim9-tuned/kernel/drivers/md/dm-ebs.ko'
removed directory '/usr/lib/modules/7.1.3-cachyos-trim9-tuned/kernel/drivers/md'
removed '/usr/lib/modules/7.1.3-cachyos-trim9-tuned/kernel/drivers/media/cec/core/cec.ko'
removed directory '/usr/lib/modules/7.1.3-cachyos-trim9-tuned/kernel/drivers/media/cec/core'
removed directory '/usr/lib/modules/7.1.3-cachyos-trim9-tuned/kernel/drivers/media/cec'
removed '/usr/lib/modules/7.1.3-cachyos-trim9-tuned/kernel/drivers/media/common/videobuf2/videobuf2-common.ko'
removed '/usr/lib/modules/7.1.3-cachyos-trim9-tuned/kernel/drivers/media/common/videobuf2/videobuf2-memops.ko'
removed '/usr/lib/modules/7.1.3-cachyos-trim9-tuned/kernel/drivers/media/common/videobuf2/videobuf2-v4l2.ko'
removed '/usr/lib/modules/7.1.3-cachyos-trim9-tuned/kernel/drivers/media/common/videobuf2/videobuf2-vmalloc.ko'
removed directory '/usr/lib/modules/7.1.3-cachyos-trim9-tuned/kernel/drivers/media/common/videobuf2'
removed '/usr/lib/modules/7.1.3-cachyos-trim9-tuned/kernel/drivers/media/common/uvc.ko'
removed directory '/usr/lib/modules/7.1.3-cachyos-trim9-tuned/kernel/drivers/media/common'
removed '/usr/lib/modules/7.1.3-cachyos-trim9-tuned/kernel/drivers/media/mc/mc.ko'
removed directory '/usr/lib/modules/7.1.3-cachyos-trim9-tuned/kernel/drivers/media/mc'
removed '/usr/lib/modules/7.1.3-cachyos-trim9-tuned/kernel/drivers/media/usb/s2255/s2255drv.ko'
removed directory '/usr/lib/modules/7.1.3-cachyos-trim9-tuned/kernel/drivers/media/usb/s2255'
removed '/usr/lib/modules/7.1.3-cachyos-trim9-tuned/kernel/drivers/media/usb/uvc/uvcvideo.ko'
removed directory '/usr/lib/modules/7.1.3-cachyos-trim9-tuned/kernel/drivers/media/usb/uvc'
removed directory '/usr/lib/modules/7.1.3-cachyos-trim9-tuned/kernel/drivers/media/usb'
removed '/usr/lib/modules/7.1.3-cachyos-trim9-tuned/kernel/drivers/media/v4l2-core/v4l2-async.ko'
removed '/usr/lib/modules/7.1.3-cachyos-trim9-tuned/kernel/drivers/media/v4l2-core/v4l2-flash-led-class.ko'
removed '/usr/lib/modules/7.1.3-cachyos-trim9-tuned/kernel/drivers/media/v4l2-core/v4l2loopback.ko'
removed '/usr/lib/modules/7.1.3-cachyos-trim9-tuned/kernel/drivers/media/v4l2-core/v4l2-dv-timings.ko'
removed '/usr/lib/modules/7.1.3-cachyos-trim9-tuned/kernel/drivers/media/v4l2-core/videodev.ko'
removed directory '/usr/lib/modules/7.1.3-cachyos-trim9-tuned/kernel/drivers/media/v4l2-core'
removed directory '/usr/lib/modules/7.1.3-cachyos-trim9-tuned/kernel/drivers/media'
removed '/usr/lib/modules/7.1.3-cachyos-trim9-tuned/kernel/drivers/mfd/cs42l43.ko'
removed '/usr/lib/modules/7.1.3-cachyos-trim9-tuned/kernel/drivers/mfd/cs42l43-sdw.ko'
removed '/usr/lib/modules/7.1.3-cachyos-trim9-tuned/kernel/drivers/mfd/mfd-core.ko'
removed '/usr/lib/modules/7.1.3-cachyos-trim9-tuned/kernel/drivers/mfd/ocelot-soc.ko'
removed '/usr/lib/modules/7.1.3-cachyos-trim9-tuned/kernel/drivers/mfd/lpc_sch.ko'
removed '/usr/lib/modules/7.1.3-cachyos-trim9-tuned/kernel/drivers/mfd/lpc_ich.ko'
removed '/usr/lib/modules/7.1.3-cachyos-trim9-tuned/kernel/drivers/mfd/rdc321x-southbridge.ko'
removed '/usr/lib/modules/7.1.3-cachyos-trim9-tuned/kernel/drivers/mfd/vx855.ko'
removed directory '/usr/lib/modules/7.1.3-cachyos-trim9-tuned/kernel/drivers/mfd'
removed '/usr/lib/modules/7.1.3-cachyos-trim9-tuned/kernel/drivers/misc/cardreader/rtsx_pci.ko'
removed '/usr/lib/modules/7.1.3-cachyos-trim9-tuned/kernel/drivers/misc/cardreader/rtsx_usb.ko'
removed directory '/usr/lib/modules/7.1.3-cachyos-trim9-tuned/kernel/drivers/misc/cardreader'
removed '/usr/lib/modules/7.1.3-cachyos-trim9-tuned/kernel/drivers/misc/eeprom/eeprom_93cx6.ko'
removed directory '/usr/lib/modules/7.1.3-cachyos-trim9-tuned/kernel/drivers/misc/eeprom'
removed '/usr/lib/modules/7.1.3-cachyos-trim9-tuned/kernel/drivers/misc/mei/hdcp/mei_hdcp.ko'
removed directory '/usr/lib/modules/7.1.3-cachyos-trim9-tuned/kernel/drivers/misc/mei/hdcp'
removed '/usr/lib/modules/7.1.3-cachyos-trim9-tuned/kernel/drivers/misc/mei/mei.ko'
removed '/usr/lib/modules/7.1.3-cachyos-trim9-tuned/kernel/drivers/misc/mei/mei-me.ko'
removed directory '/usr/lib/modules/7.1.3-cachyos-trim9-tuned/kernel/drivers/misc/mei'
removed '/usr/lib/modules/7.1.3-cachyos-trim9-tuned/kernel/drivers/misc/ntsync.ko'
removed directory '/usr/lib/modules/7.1.3-cachyos-trim9-tuned/kernel/drivers/misc'
removed '/usr/lib/modules/7.1.3-cachyos-trim9-tuned/kernel/drivers/net/bonding/bonding.ko'
removed directory '/usr/lib/modules/7.1.3-cachyos-trim9-tuned/kernel/drivers/net/bonding'
removed '/usr/lib/modules/7.1.3-cachyos-trim9-tuned/kernel/drivers/net/ethernet/realtek/rtase/rtase.ko'
removed directory '/usr/lib/modules/7.1.3-cachyos-trim9-tuned/kernel/drivers/net/ethernet/realtek/rtase'
removed '/usr/lib/modules/7.1.3-cachyos-trim9-tuned/kernel/drivers/net/ethernet/realtek/8139cp.ko'
removed '/usr/lib/modules/7.1.3-cachyos-trim9-tuned/kernel/drivers/net/ethernet/realtek/8139too.ko'
removed '/usr/lib/modules/7.1.3-cachyos-trim9-tuned/kernel/drivers/net/ethernet/realtek/r8169.ko'
removed directory '/usr/lib/modules/7.1.3-cachyos-trim9-tuned/kernel/drivers/net/ethernet/realtek'
removed '/usr/lib/modules/7.1.3-cachyos-trim9-tuned/kernel/drivers/net/ethernet/ec_bhf.ko'
removed '/usr/lib/modules/7.1.3-cachyos-trim9-tuned/kernel/drivers/net/ethernet/jme.ko'
removed '/usr/lib/modules/7.1.3-cachyos-trim9-tuned/kernel/drivers/net/ethernet/fealnx.ko'
removed '/usr/lib/modules/7.1.3-cachyos-trim9-tuned/kernel/drivers/net/ethernet/ethoc.ko'
removed directory '/usr/lib/modules/7.1.3-cachyos-trim9-tuned/kernel/drivers/net/ethernet'
removed '/usr/lib/modules/7.1.3-cachyos-trim9-tuned/kernel/drivers/net/fjes/fjes.ko'
removed directory '/usr/lib/modules/7.1.3-cachyos-trim9-tuned/kernel/drivers/net/fjes'
removed '/usr/lib/modules/7.1.3-cachyos-trim9-tuned/kernel/drivers/net/ipvlan/ipvlan.ko'
removed '/usr/lib/modules/7.1.3-cachyos-trim9-tuned/kernel/drivers/net/ipvlan/ipvtap.ko'
removed directory '/usr/lib/modules/7.1.3-cachyos-trim9-tuned/kernel/drivers/net/ipvlan'
removed '/usr/lib/modules/7.1.3-cachyos-trim9-tuned/kernel/drivers/net/mdio/acpi_mdio.ko'
removed '/usr/lib/modules/7.1.3-cachyos-trim9-tuned/kernel/drivers/net/mdio/fwnode_mdio.ko'
removed '/usr/lib/modules/7.1.3-cachyos-trim9-tuned/kernel/drivers/net/mdio/mdio-bitbang.ko'
removed '/usr/lib/modules/7.1.3-cachyos-trim9-tuned/kernel/drivers/net/mdio/mdio-cavium.ko'
removed '/usr/lib/modules/7.1.3-cachyos-trim9-tuned/kernel/drivers/net/mdio/mdio-gpio.ko'
removed '/usr/lib/modules/7.1.3-cachyos-trim9-tuned/kernel/drivers/net/mdio/mdio-i2c.ko'
removed '/usr/lib/modules/7.1.3-cachyos-trim9-tuned/kernel/drivers/net/mdio/mdio-mscc-miim.ko'
removed '/usr/lib/modules/7.1.3-cachyos-trim9-tuned/kernel/drivers/net/mdio/mdio-mvusb.ko'
removed '/usr/lib/modules/7.1.3-cachyos-trim9-tuned/kernel/drivers/net/mdio/mdio-thunder.ko'
removed directory '/usr/lib/modules/7.1.3-cachyos-trim9-tuned/kernel/drivers/net/mdio'
removed '/usr/lib/modules/7.1.3-cachyos-trim9-tuned/kernel/drivers/net/pcs/pcs_xpcs.ko'
removed directory '/usr/lib/modules/7.1.3-cachyos-trim9-tuned/kernel/drivers/net/pcs'
removed '/usr/lib/modules/7.1.3-cachyos-trim9-tuned/kernel/drivers/net/phy/aquantia/aquantia.ko'
removed directory '/usr/lib/modules/7.1.3-cachyos-trim9-tuned/kernel/drivers/net/phy/aquantia'
removed '/usr/lib/modules/7.1.3-cachyos-trim9-tuned/kernel/drivers/net/phy/realtek/realtek.ko'
removed directory '/usr/lib/modules/7.1.3-cachyos-trim9-tuned/kernel/drivers/net/phy/realtek'
removed '/usr/lib/modules/7.1.3-cachyos-trim9-tuned/kernel/drivers/net/phy/mdio_bus.ko'
removed '/usr/lib/modules/7.1.3-cachyos-trim9-tuned/kernel/drivers/net/phy/phylink.ko'
removed '/usr/lib/modules/7.1.3-cachyos-trim9-tuned/kernel/drivers/net/phy/libphy.ko'
removed '/usr/lib/modules/7.1.3-cachyos-trim9-tuned/kernel/drivers/net/phy/mdio_devres.ko'
removed '/usr/lib/modules/7.1.3-cachyos-trim9-tuned/kernel/drivers/net/phy/phy_package.ko'
removed '/usr/lib/modules/7.1.3-cachyos-trim9-tuned/kernel/drivers/net/phy/sfp.ko'
removed '/usr/lib/modules/7.1.3-cachyos-trim9-tuned/kernel/drivers/net/phy/ax88796b.ko'
removed '/usr/lib/modules/7.1.3-cachyos-trim9-tuned/kernel/drivers/net/phy/dp83640.ko'
removed '/usr/lib/modules/7.1.3-cachyos-trim9-tuned/kernel/drivers/net/phy/fixed_phy.ko'
removed '/usr/lib/modules/7.1.3-cachyos-trim9-tuned/kernel/drivers/net/phy/mxl-gpy.ko'
removed '/usr/lib/modules/7.1.3-cachyos-trim9-tuned/kernel/drivers/net/phy/microchip.ko'
removed '/usr/lib/modules/7.1.3-cachyos-trim9-tuned/kernel/drivers/net/phy/smsc.ko'
removed '/usr/lib/modules/7.1.3-cachyos-trim9-tuned/kernel/drivers/net/phy/ste10Xp.ko'
removed directory '/usr/lib/modules/7.1.3-cachyos-trim9-tuned/kernel/drivers/net/phy'
removed '/usr/lib/modules/7.1.3-cachyos-trim9-tuned/kernel/drivers/net/pse-pd/pse_regulator.ko'
removed '/usr/lib/modules/7.1.3-cachyos-trim9-tuned/kernel/drivers/net/pse-pd/pd692x0.ko'
removed '/usr/lib/modules/7.1.3-cachyos-trim9-tuned/kernel/drivers/net/pse-pd/si3474.ko'
removed '/usr/lib/modules/7.1.3-cachyos-trim9-tuned/kernel/drivers/net/pse-pd/tps23881.ko'
removed directory '/usr/lib/modules/7.1.3-cachyos-trim9-tuned/kernel/drivers/net/pse-pd'
removed '/usr/lib/modules/7.1.3-cachyos-trim9-tuned/kernel/drivers/net/thunderbolt/thunderbolt_net.ko'
removed directory '/usr/lib/modules/7.1.3-cachyos-trim9-tuned/kernel/drivers/net/thunderbolt'
removed '/usr/lib/modules/7.1.3-cachyos-trim9-tuned/kernel/drivers/net/usb/catc.ko'
removed '/usr/lib/modules/7.1.3-cachyos-trim9-tuned/kernel/drivers/net/usb/kaweth.ko'
removed '/usr/lib/modules/7.1.3-cachyos-trim9-tuned/kernel/drivers/net/usb/pegasus.ko'
removed '/usr/lib/modules/7.1.3-cachyos-trim9-tuned/kernel/drivers/net/usb/rtl8150.ko'
removed '/usr/lib/modules/7.1.3-cachyos-trim9-tuned/kernel/drivers/net/usb/r8152.ko'
removed '/usr/lib/modules/7.1.3-cachyos-trim9-tuned/kernel/drivers/net/usb/hso.ko'
removed '/usr/lib/modules/7.1.3-cachyos-trim9-tuned/kernel/drivers/net/usb/lan78xx.ko'
removed '/usr/lib/modules/7.1.3-cachyos-trim9-tuned/kernel/drivers/net/usb/asix.ko'
removed '/usr/lib/modules/7.1.3-cachyos-trim9-tuned/kernel/drivers/net/usb/ax88179_178a.ko'
removed '/usr/lib/modules/7.1.3-cachyos-trim9-tuned/kernel/drivers/net/usb/cdc_ether.ko'
removed '/usr/lib/modules/7.1.3-cachyos-trim9-tuned/kernel/drivers/net/usb/dm9601.ko'
removed '/usr/lib/modules/7.1.3-cachyos-trim9-tuned/kernel/drivers/net/usb/cdc_eem.ko'
removed '/usr/lib/modules/7.1.3-cachyos-trim9-tuned/kernel/drivers/net/usb/sr9700.ko'
removed '/usr/lib/modules/7.1.3-cachyos-trim9-tuned/kernel/drivers/net/usb/sr9800.ko'
removed '/usr/lib/modules/7.1.3-cachyos-trim9-tuned/kernel/drivers/net/usb/smsc75xx.ko'
removed '/usr/lib/modules/7.1.3-cachyos-trim9-tuned/kernel/drivers/net/usb/smsc95xx.ko'
removed '/usr/lib/modules/7.1.3-cachyos-trim9-tuned/kernel/drivers/net/usb/gl620a.ko'
removed '/usr/lib/modules/7.1.3-cachyos-trim9-tuned/kernel/drivers/net/usb/net1080.ko'
removed '/usr/lib/modules/7.1.3-cachyos-trim9-tuned/kernel/drivers/net/usb/plusb.ko'
removed '/usr/lib/modules/7.1.3-cachyos-trim9-tuned/kernel/drivers/net/usb/rndis_host.ko'
removed '/usr/lib/modules/7.1.3-cachyos-trim9-tuned/kernel/drivers/net/usb/cdc_subset.ko'
removed '/usr/lib/modules/7.1.3-cachyos-trim9-tuned/kernel/drivers/net/usb/zaurus.ko'
removed '/usr/lib/modules/7.1.3-cachyos-trim9-tuned/kernel/drivers/net/usb/mcs7830.ko'
removed '/usr/lib/modules/7.1.3-cachyos-trim9-tuned/kernel/drivers/net/usb/usbnet.ko'
removed '/usr/lib/modules/7.1.3-cachyos-trim9-tuned/kernel/drivers/net/usb/int51x1.ko'
removed '/usr/lib/modules/7.1.3-cachyos-trim9-tuned/kernel/drivers/net/usb/kalmia.ko'
removed '/usr/lib/modules/7.1.3-cachyos-trim9-tuned/kernel/drivers/net/usb/ipheth.ko'
removed '/usr/lib/modules/7.1.3-cachyos-trim9-tuned/kernel/drivers/net/usb/sierra_net.ko'
removed '/usr/lib/modules/7.1.3-cachyos-trim9-tuned/kernel/drivers/net/usb/cx82310_eth.ko'
removed '/usr/lib/modules/7.1.3-cachyos-trim9-tuned/kernel/drivers/net/usb/cdc_ncm.ko'
removed '/usr/lib/modules/7.1.3-cachyos-trim9-tuned/kernel/drivers/net/usb/huawei_cdc_ncm.ko'
removed '/usr/lib/modules/7.1.3-cachyos-trim9-tuned/kernel/drivers/net/usb/lg-vl600.ko'
removed '/usr/lib/modules/7.1.3-cachyos-trim9-tuned/kernel/drivers/net/usb/qmi_wwan.ko'
removed '/usr/lib/modules/7.1.3-cachyos-trim9-tuned/kernel/drivers/net/usb/cdc_mbim.ko'
removed '/usr/lib/modules/7.1.3-cachyos-trim9-tuned/kernel/drivers/net/usb/ch9200.ko'
removed '/usr/lib/modules/7.1.3-cachyos-trim9-tuned/kernel/drivers/net/usb/aqc111.ko'
removed '/usr/lib/modules/7.1.3-cachyos-trim9-tuned/kernel/drivers/net/usb/r8153_ecm.ko'
removed directory '/usr/lib/modules/7.1.3-cachyos-trim9-tuned/kernel/drivers/net/usb'
removed '/usr/lib/modules/7.1.3-cachyos-trim9-tuned/kernel/drivers/net/vxlan/vxlan.ko'
removed directory '/usr/lib/modules/7.1.3-cachyos-trim9-tuned/kernel/drivers/net/vxlan'
removed '/usr/lib/modules/7.1.3-cachyos-trim9-tuned/kernel/drivers/net/wireguard/wireguard.ko'
removed directory '/usr/lib/modules/7.1.3-cachyos-trim9-tuned/kernel/drivers/net/wireguard'
removed '/usr/lib/modules/7.1.3-cachyos-trim9-tuned/kernel/drivers/net/wireless/ath/ar5523/ar5523.ko'
removed directory '/usr/lib/modules/7.1.3-cachyos-trim9-tuned/kernel/drivers/net/wireless/ath/ar5523'
removed '/usr/lib/modules/7.1.3-cachyos-trim9-tuned/kernel/drivers/net/wireless/ath/ath9k/ath9k_hw.ko'
removed '/usr/lib/modules/7.1.3-cachyos-trim9-tuned/kernel/drivers/net/wireless/ath/ath9k/ath9k_common.ko'
removed '/usr/lib/modules/7.1.3-cachyos-trim9-tuned/kernel/drivers/net/wireless/ath/ath9k/ath9k_htc.ko'
removed directory '/usr/lib/modules/7.1.3-cachyos-trim9-tuned/kernel/drivers/net/wireless/ath/ath9k'
removed '/usr/lib/modules/7.1.3-cachyos-trim9-tuned/kernel/drivers/net/wireless/ath/carl9170/carl9170.ko'
removed directory '/usr/lib/modules/7.1.3-cachyos-trim9-tuned/kernel/drivers/net/wireless/ath/carl9170'
removed '/usr/lib/modules/7.1.3-cachyos-trim9-tuned/kernel/drivers/net/wireless/ath/ath.ko'
removed directory '/usr/lib/modules/7.1.3-cachyos-trim9-tuned/kernel/drivers/net/wireless/ath'
removed '/usr/lib/modules/7.1.3-cachyos-trim9-tuned/kernel/drivers/net/wireless/mediatek/mt76/mt7615/mt7615-common.ko'
removed '/usr/lib/modules/7.1.3-cachyos-trim9-tuned/kernel/drivers/net/wireless/mediatek/mt76/mt7615/mt7663-usb-sdio-common.ko'
removed '/usr/lib/modules/7.1.3-cachyos-trim9-tuned/kernel/drivers/net/wireless/mediatek/mt76/mt7615/mt7663u.ko'
removed directory '/usr/lib/modules/7.1.3-cachyos-trim9-tuned/kernel/drivers/net/wireless/mediatek/mt76/mt7615'
removed '/usr/lib/modules/7.1.3-cachyos-trim9-tuned/kernel/drivers/net/wireless/mediatek/mt76/mt76x0/mt76x0u.ko'
removed '/usr/lib/modules/7.1.3-cachyos-trim9-tuned/kernel/drivers/net/wireless/mediatek/mt76/mt76x0/mt76x0-common.ko'
removed directory '/usr/lib/modules/7.1.3-cachyos-trim9-tuned/kernel/drivers/net/wireless/mediatek/mt76/mt76x0'
removed '/usr/lib/modules/7.1.3-cachyos-trim9-tuned/kernel/drivers/net/wireless/mediatek/mt76/mt76x2/mt76x2-common.ko'
removed '/usr/lib/modules/7.1.3-cachyos-trim9-tuned/kernel/drivers/net/wireless/mediatek/mt76/mt76x2/mt76x2u.ko'
removed directory '/usr/lib/modules/7.1.3-cachyos-trim9-tuned/kernel/drivers/net/wireless/mediatek/mt76/mt76x2'
removed '/usr/lib/modules/7.1.3-cachyos-trim9-tuned/kernel/drivers/net/wireless/mediatek/mt76/mt7921/mt7921-common.ko'
removed '/usr/lib/modules/7.1.3-cachyos-trim9-tuned/kernel/drivers/net/wireless/mediatek/mt76/mt7921/mt7921u.ko'
removed directory '/usr/lib/modules/7.1.3-cachyos-trim9-tuned/kernel/drivers/net/wireless/mediatek/mt76/mt7921'
removed '/usr/lib/modules/7.1.3-cachyos-trim9-tuned/kernel/drivers/net/wireless/mediatek/mt76/mt7925/mt7925-common.ko'
removed '/usr/lib/modules/7.1.3-cachyos-trim9-tuned/kernel/drivers/net/wireless/mediatek/mt76/mt7925/mt7925u.ko'
removed directory '/usr/lib/modules/7.1.3-cachyos-trim9-tuned/kernel/drivers/net/wireless/mediatek/mt76/mt7925'
removed '/usr/lib/modules/7.1.3-cachyos-trim9-tuned/kernel/drivers/net/wireless/mediatek/mt76/mt76.ko'
removed '/usr/lib/modules/7.1.3-cachyos-trim9-tuned/kernel/drivers/net/wireless/mediatek/mt76/mt76-usb.ko'
removed '/usr/lib/modules/7.1.3-cachyos-trim9-tuned/kernel/drivers/net/wireless/mediatek/mt76/mt76x02-lib.ko'
removed '/usr/lib/modules/7.1.3-cachyos-trim9-tuned/kernel/drivers/net/wireless/mediatek/mt76/mt76x02-usb.ko'
removed '/usr/lib/modules/7.1.3-cachyos-trim9-tuned/kernel/drivers/net/wireless/mediatek/mt76/mt76-connac-lib.ko'
removed '/usr/lib/modules/7.1.3-cachyos-trim9-tuned/kernel/drivers/net/wireless/mediatek/mt76/mt792x-lib.ko'
removed '/usr/lib/modules/7.1.3-cachyos-trim9-tuned/kernel/drivers/net/wireless/mediatek/mt76/mt792x-usb.ko'
removed directory '/usr/lib/modules/7.1.3-cachyos-trim9-tuned/kernel/drivers/net/wireless/mediatek/mt76'
removed '/usr/lib/modules/7.1.3-cachyos-trim9-tuned/kernel/drivers/net/wireless/mediatek/mt7601u/mt7601u.ko'
removed directory '/usr/lib/modules/7.1.3-cachyos-trim9-tuned/kernel/drivers/net/wireless/mediatek/mt7601u'
removed directory '/usr/lib/modules/7.1.3-cachyos-trim9-tuned/kernel/drivers/net/wireless/mediatek'
removed '/usr/lib/modules/7.1.3-cachyos-trim9-tuned/kernel/drivers/net/wireless/ralink/rt2x00/rt2x00lib.ko'
removed '/usr/lib/modules/7.1.3-cachyos-trim9-tuned/kernel/drivers/net/wireless/ralink/rt2x00/rt2x00usb.ko'
removed '/usr/lib/modules/7.1.3-cachyos-trim9-tuned/kernel/drivers/net/wireless/ralink/rt2x00/rt2800lib.ko'
removed '/usr/lib/modules/7.1.3-cachyos-trim9-tuned/kernel/drivers/net/wireless/ralink/rt2x00/rt2500usb.ko'
removed '/usr/lib/modules/7.1.3-cachyos-trim9-tuned/kernel/drivers/net/wireless/ralink/rt2x00/rt73usb.ko'
removed '/usr/lib/modules/7.1.3-cachyos-trim9-tuned/kernel/drivers/net/wireless/ralink/rt2x00/rt2800usb.ko'
removed directory '/usr/lib/modules/7.1.3-cachyos-trim9-tuned/kernel/drivers/net/wireless/ralink/rt2x00'
removed directory '/usr/lib/modules/7.1.3-cachyos-trim9-tuned/kernel/drivers/net/wireless/ralink'
removed '/usr/lib/modules/7.1.3-cachyos-trim9-tuned/kernel/drivers/net/wireless/realtek/rtl818x/rtl8187/rtl8187.ko'
removed directory '/usr/lib/modules/7.1.3-cachyos-trim9-tuned/kernel/drivers/net/wireless/realtek/rtl818x/rtl8187'
removed directory '/usr/lib/modules/7.1.3-cachyos-trim9-tuned/kernel/drivers/net/wireless/realtek/rtl818x'
removed '/usr/lib/modules/7.1.3-cachyos-trim9-tuned/kernel/drivers/net/wireless/realtek/rtl8xxxu/rtl8xxxu.ko'
removed directory '/usr/lib/modules/7.1.3-cachyos-trim9-tuned/kernel/drivers/net/wireless/realtek/rtl8xxxu'
removed '/usr/lib/modules/7.1.3-cachyos-trim9-tuned/kernel/drivers/net/wireless/realtek/rtw88/rtw88_core.ko'
removed '/usr/lib/modules/7.1.3-cachyos-trim9-tuned/kernel/drivers/net/wireless/realtek/rtw88/rtw88_8822b.ko'
removed '/usr/lib/modules/7.1.3-cachyos-trim9-tuned/kernel/drivers/net/wireless/realtek/rtw88/rtw88_8822be.ko'
removed '/usr/lib/modules/7.1.3-cachyos-trim9-tuned/kernel/drivers/net/wireless/realtek/rtw88/rtw88_8822bu.ko'
removed '/usr/lib/modules/7.1.3-cachyos-trim9-tuned/kernel/drivers/net/wireless/realtek/rtw88/rtw88_8822c.ko'
removed '/usr/lib/modules/7.1.3-cachyos-trim9-tuned/kernel/drivers/net/wireless/realtek/rtw88/rtw88_8822ce.ko'
removed '/usr/lib/modules/7.1.3-cachyos-trim9-tuned/kernel/drivers/net/wireless/realtek/rtw88/rtw88_8822cu.ko'
removed '/usr/lib/modules/7.1.3-cachyos-trim9-tuned/kernel/drivers/net/wireless/realtek/rtw88/rtw88_8723x.ko'
removed '/usr/lib/modules/7.1.3-cachyos-trim9-tuned/kernel/drivers/net/wireless/realtek/rtw88/rtw88_8723d.ko'
removed '/usr/lib/modules/7.1.3-cachyos-trim9-tuned/kernel/drivers/net/wireless/realtek/rtw88/rtw88_8723de.ko'
removed '/usr/lib/modules/7.1.3-cachyos-trim9-tuned/kernel/drivers/net/wireless/realtek/rtw88/rtw88_8723du.ko'
removed '/usr/lib/modules/7.1.3-cachyos-trim9-tuned/kernel/drivers/net/wireless/realtek/rtw88/rtw88_8821c.ko'
removed '/usr/lib/modules/7.1.3-cachyos-trim9-tuned/kernel/drivers/net/wireless/realtek/rtw88/rtw88_8821ce.ko'
removed '/usr/lib/modules/7.1.3-cachyos-trim9-tuned/kernel/drivers/net/wireless/realtek/rtw88/rtw88_8821cu.ko'
removed '/usr/lib/modules/7.1.3-cachyos-trim9-tuned/kernel/drivers/net/wireless/realtek/rtw88/rtw88_88xxa.ko'
removed '/usr/lib/modules/7.1.3-cachyos-trim9-tuned/kernel/drivers/net/wireless/realtek/rtw88/rtw88_8821a.ko'
removed '/usr/lib/modules/7.1.3-cachyos-trim9-tuned/kernel/drivers/net/wireless/realtek/rtw88/rtw88_8812a.ko'
removed '/usr/lib/modules/7.1.3-cachyos-trim9-tuned/kernel/drivers/net/wireless/realtek/rtw88/rtw88_8821au.ko'
removed '/usr/lib/modules/7.1.3-cachyos-trim9-tuned/kernel/drivers/net/wireless/realtek/rtw88/rtw88_8812au.ko'
removed '/usr/lib/modules/7.1.3-cachyos-trim9-tuned/kernel/drivers/net/wireless/realtek/rtw88/rtw88_8814a.ko'
removed '/usr/lib/modules/7.1.3-cachyos-trim9-tuned/kernel/drivers/net/wireless/realtek/rtw88/rtw88_8814au.ko'
removed '/usr/lib/modules/7.1.3-cachyos-trim9-tuned/kernel/drivers/net/wireless/realtek/rtw88/rtw88_8814ae.ko'
removed '/usr/lib/modules/7.1.3-cachyos-trim9-tuned/kernel/drivers/net/wireless/realtek/rtw88/rtw88_pci.ko'
removed '/usr/lib/modules/7.1.3-cachyos-trim9-tuned/kernel/drivers/net/wireless/realtek/rtw88/rtw88_usb.ko'
removed directory '/usr/lib/modules/7.1.3-cachyos-trim9-tuned/kernel/drivers/net/wireless/realtek/rtw88'
removed '/usr/lib/modules/7.1.3-cachyos-trim9-tuned/kernel/drivers/net/wireless/realtek/rtw89/rtw89_core.ko'
removed '/usr/lib/modules/7.1.3-cachyos-trim9-tuned/kernel/drivers/net/wireless/realtek/rtw89/rtw89_8852b_common.ko'
removed '/usr/lib/modules/7.1.3-cachyos-trim9-tuned/kernel/drivers/net/wireless/realtek/rtw89/rtw89_8852b.ko'
removed '/usr/lib/modules/7.1.3-cachyos-trim9-tuned/kernel/drivers/net/wireless/realtek/rtw89/rtw89_8852bu.ko'
removed '/usr/lib/modules/7.1.3-cachyos-trim9-tuned/kernel/drivers/net/wireless/realtek/rtw89/rtw89_8852be.ko'
removed '/usr/lib/modules/7.1.3-cachyos-trim9-tuned/kernel/drivers/net/wireless/realtek/rtw89/rtw89_usb.ko'
removed '/usr/lib/modules/7.1.3-cachyos-trim9-tuned/kernel/drivers/net/wireless/realtek/rtw89/rtw89_pci.ko'
removed directory '/usr/lib/modules/7.1.3-cachyos-trim9-tuned/kernel/drivers/net/wireless/realtek/rtw89'
removed directory '/usr/lib/modules/7.1.3-cachyos-trim9-tuned/kernel/drivers/net/wireless/realtek'
removed '/usr/lib/modules/7.1.3-cachyos-trim9-tuned/kernel/drivers/net/wireless/virtual/mac80211_hwsim.ko'
removed '/usr/lib/modules/7.1.3-cachyos-trim9-tuned/kernel/drivers/net/wireless/virtual/virt_wifi.ko'
removed directory '/usr/lib/modules/7.1.3-cachyos-trim9-tuned/kernel/drivers/net/wireless/virtual'
removed directory '/usr/lib/modules/7.1.3-cachyos-trim9-tuned/kernel/drivers/net/wireless'
removed '/usr/lib/modules/7.1.3-cachyos-trim9-tuned/kernel/drivers/net/dummy.ko'
removed '/usr/lib/modules/7.1.3-cachyos-trim9-tuned/kernel/drivers/net/macsec.ko'
removed '/usr/lib/modules/7.1.3-cachyos-trim9-tuned/kernel/drivers/net/ifb.ko'
removed '/usr/lib/modules/7.1.3-cachyos-trim9-tuned/kernel/drivers/net/macvlan.ko'
removed '/usr/lib/modules/7.1.3-cachyos-trim9-tuned/kernel/drivers/net/macvtap.ko'
removed '/usr/lib/modules/7.1.3-cachyos-trim9-tuned/kernel/drivers/net/mii.ko'
removed '/usr/lib/modules/7.1.3-cachyos-trim9-tuned/kernel/drivers/net/netconsole.ko'
removed '/usr/lib/modules/7.1.3-cachyos-trim9-tuned/kernel/drivers/net/tun.ko'
removed '/usr/lib/modules/7.1.3-cachyos-trim9-tuned/kernel/drivers/net/tap.ko'
removed '/usr/lib/modules/7.1.3-cachyos-trim9-tuned/kernel/drivers/net/veth.ko'
removed '/usr/lib/modules/7.1.3-cachyos-trim9-tuned/kernel/drivers/net/geneve.ko'
removed '/usr/lib/modules/7.1.3-cachyos-trim9-tuned/kernel/drivers/net/vrf.ko'
removed '/usr/lib/modules/7.1.3-cachyos-trim9-tuned/kernel/drivers/net/net_failover.ko'
removed directory '/usr/lib/modules/7.1.3-cachyos-trim9-tuned/kernel/drivers/net'
removed '/usr/lib/modules/7.1.3-cachyos-trim9-tuned/kernel/drivers/nvdimm/libnvdimm.ko'
removed directory '/usr/lib/modules/7.1.3-cachyos-trim9-tuned/kernel/drivers/nvdimm'
removed '/usr/lib/modules/7.1.3-cachyos-trim9-tuned/kernel/drivers/pci/controller/vmd.ko'
removed directory '/usr/lib/modules/7.1.3-cachyos-trim9-tuned/kernel/drivers/pci/controller'
removed '/usr/lib/modules/7.1.3-cachyos-trim9-tuned/kernel/drivers/pci/hotplug/cpcihp_zt5550.ko'
removed '/usr/lib/modules/7.1.3-cachyos-trim9-tuned/kernel/drivers/pci/hotplug/cpcihp_generic.ko'
removed '/usr/lib/modules/7.1.3-cachyos-trim9-tuned/kernel/drivers/pci/hotplug/acpiphp_ibm.ko'
removed directory '/usr/lib/modules/7.1.3-cachyos-trim9-tuned/kernel/drivers/pci/hotplug'
removed directory '/usr/lib/modules/7.1.3-cachyos-trim9-tuned/kernel/drivers/pci'
removed '/usr/lib/modules/7.1.3-cachyos-trim9-tuned/kernel/drivers/perf/dwc_pcie_pmu.ko'
removed directory '/usr/lib/modules/7.1.3-cachyos-trim9-tuned/kernel/drivers/perf'
removed '/usr/lib/modules/7.1.3-cachyos-trim9-tuned/kernel/drivers/pinctrl/cirrus/pinctrl-cs42l43.ko'
removed directory '/usr/lib/modules/7.1.3-cachyos-trim9-tuned/kernel/drivers/pinctrl/cirrus'
removed '/usr/lib/modules/7.1.3-cachyos-trim9-tuned/kernel/drivers/pinctrl/intel/pinctrl-lynxpoint.ko'
removed '/usr/lib/modules/7.1.3-cachyos-trim9-tuned/kernel/drivers/pinctrl/intel/pinctrl-intel-platform.ko'
removed '/usr/lib/modules/7.1.3-cachyos-trim9-tuned/kernel/drivers/pinctrl/intel/pinctrl-alderlake.ko'
removed '/usr/lib/modules/7.1.3-cachyos-trim9-tuned/kernel/drivers/pinctrl/intel/pinctrl-broxton.ko'
removed '/usr/lib/modules/7.1.3-cachyos-trim9-tuned/kernel/drivers/pinctrl/intel/pinctrl-cannonlake.ko'
removed '/usr/lib/modules/7.1.3-cachyos-trim9-tuned/kernel/drivers/pinctrl/intel/pinctrl-cedarfork.ko'
removed '/usr/lib/modules/7.1.3-cachyos-trim9-tuned/kernel/drivers/pinctrl/intel/pinctrl-denverton.ko'
removed '/usr/lib/modules/7.1.3-cachyos-trim9-tuned/kernel/drivers/pinctrl/intel/pinctrl-elkhartlake.ko'
removed '/usr/lib/modules/7.1.3-cachyos-trim9-tuned/kernel/drivers/pinctrl/intel/pinctrl-emmitsburg.ko'
removed '/usr/lib/modules/7.1.3-cachyos-trim9-tuned/kernel/drivers/pinctrl/intel/pinctrl-geminilake.ko'
removed '/usr/lib/modules/7.1.3-cachyos-trim9-tuned/kernel/drivers/pinctrl/intel/pinctrl-icelake.ko'
removed '/usr/lib/modules/7.1.3-cachyos-trim9-tuned/kernel/drivers/pinctrl/intel/pinctrl-jasperlake.ko'
removed '/usr/lib/modules/7.1.3-cachyos-trim9-tuned/kernel/drivers/pinctrl/intel/pinctrl-lakefield.ko'
removed '/usr/lib/modules/7.1.3-cachyos-trim9-tuned/kernel/drivers/pinctrl/intel/pinctrl-lewisburg.ko'
removed '/usr/lib/modules/7.1.3-cachyos-trim9-tuned/kernel/drivers/pinctrl/intel/pinctrl-meteorlake.ko'
removed '/usr/lib/modules/7.1.3-cachyos-trim9-tuned/kernel/drivers/pinctrl/intel/pinctrl-meteorpoint.ko'
removed '/usr/lib/modules/7.1.3-cachyos-trim9-tuned/kernel/drivers/pinctrl/intel/pinctrl-sunrisepoint.ko'
removed '/usr/lib/modules/7.1.3-cachyos-trim9-tuned/kernel/drivers/pinctrl/intel/pinctrl-tigerlake.ko'
removed directory '/usr/lib/modules/7.1.3-cachyos-trim9-tuned/kernel/drivers/pinctrl/intel'
removed '/usr/lib/modules/7.1.3-cachyos-trim9-tuned/kernel/drivers/pinctrl/pinctrl-cy8c95x0.ko'
removed '/usr/lib/modules/7.1.3-cachyos-trim9-tuned/kernel/drivers/pinctrl/pinctrl-mcp23s08_i2c.ko'
removed '/usr/lib/modules/7.1.3-cachyos-trim9-tuned/kernel/drivers/pinctrl/pinctrl-mcp23s08_spi.ko'
removed '/usr/lib/modules/7.1.3-cachyos-trim9-tuned/kernel/drivers/pinctrl/pinctrl-mcp23s08.ko'
removed directory '/usr/lib/modules/7.1.3-cachyos-trim9-tuned/kernel/drivers/pinctrl'
removed '/usr/lib/modules/7.1.3-cachyos-trim9-tuned/kernel/drivers/platform/wmi/wmi.ko'
removed directory '/usr/lib/modules/7.1.3-cachyos-trim9-tuned/kernel/drivers/platform/wmi'
removed '/usr/lib/modules/7.1.3-cachyos-trim9-tuned/kernel/drivers/platform/x86/hp/hp-bioscfg/hp-bioscfg.ko'
removed directory '/usr/lib/modules/7.1.3-cachyos-trim9-tuned/kernel/drivers/platform/x86/hp/hp-bioscfg'
removed '/usr/lib/modules/7.1.3-cachyos-trim9-tuned/kernel/drivers/platform/x86/hp/hp-wmi.ko'
removed directory '/usr/lib/modules/7.1.3-cachyos-trim9-tuned/kernel/drivers/platform/x86/hp'
removed '/usr/lib/modules/7.1.3-cachyos-trim9-tuned/kernel/drivers/platform/x86/intel/pmc/intel_pmc_core.ko'
removed '/usr/lib/modules/7.1.3-cachyos-trim9-tuned/kernel/drivers/platform/x86/intel/pmc/intel_pmc_core_pltdrv.ko'
removed '/usr/lib/modules/7.1.3-cachyos-trim9-tuned/kernel/drivers/platform/x86/intel/pmc/intel_pmc_ssram_telemetry.ko'
removed directory '/usr/lib/modules/7.1.3-cachyos-trim9-tuned/kernel/drivers/platform/x86/intel/pmc'
removed '/usr/lib/modules/7.1.3-cachyos-trim9-tuned/kernel/drivers/platform/x86/intel/pmt/pmt_class.ko'
removed '/usr/lib/modules/7.1.3-cachyos-trim9-tuned/kernel/drivers/platform/x86/intel/pmt/pmt_telemetry.ko'
removed '/usr/lib/modules/7.1.3-cachyos-trim9-tuned/kernel/drivers/platform/x86/intel/pmt/pmt_crashlog.ko'
removed '/usr/lib/modules/7.1.3-cachyos-trim9-tuned/kernel/drivers/platform/x86/intel/pmt/pmt_discovery.ko'
removed directory '/usr/lib/modules/7.1.3-cachyos-trim9-tuned/kernel/drivers/platform/x86/intel/pmt'
removed '/usr/lib/modules/7.1.3-cachyos-trim9-tuned/kernel/drivers/platform/x86/intel/uncore-frequency/intel-uncore-frequency.ko'
removed '/usr/lib/modules/7.1.3-cachyos-trim9-tuned/kernel/drivers/platform/x86/intel/uncore-frequency/intel-uncore-frequency-common.ko'
removed '/usr/lib/modules/7.1.3-cachyos-trim9-tuned/kernel/drivers/platform/x86/intel/uncore-frequency/intel-uncore-frequency-tpmi.ko'
removed directory '/usr/lib/modules/7.1.3-cachyos-trim9-tuned/kernel/drivers/platform/x86/intel/uncore-frequency'
removed '/usr/lib/modules/7.1.3-cachyos-trim9-tuned/kernel/drivers/platform/x86/intel/wmi/intel-wmi-thunderbolt.ko'
removed directory '/usr/lib/modules/7.1.3-cachyos-trim9-tuned/kernel/drivers/platform/x86/intel/wmi'
removed '/usr/lib/modules/7.1.3-cachyos-trim9-tuned/kernel/drivers/platform/x86/intel/intel-hid.ko'
removed '/usr/lib/modules/7.1.3-cachyos-trim9-tuned/kernel/drivers/platform/x86/intel/intel-vbtn.ko'
removed '/usr/lib/modules/7.1.3-cachyos-trim9-tuned/kernel/drivers/platform/x86/intel/intel-ehl_pse_io.ko'
removed '/usr/lib/modules/7.1.3-cachyos-trim9-tuned/kernel/drivers/platform/x86/intel/intel-int0002_vgpio.ko'
removed '/usr/lib/modules/7.1.3-cachyos-trim9-tuned/kernel/drivers/platform/x86/intel/intel-vsec.ko'
removed '/usr/lib/modules/7.1.3-cachyos-trim9-tuned/kernel/drivers/platform/x86/intel/intel-punit_ipc.ko'
removed '/usr/lib/modules/7.1.3-cachyos-trim9-tuned/kernel/drivers/platform/x86/intel/intel-plr_tpmi.ko'
removed '/usr/lib/modules/7.1.3-cachyos-trim9-tuned/kernel/drivers/platform/x86/intel/intel-tpmi_power_domains.ko'
removed '/usr/lib/modules/7.1.3-cachyos-trim9-tuned/kernel/drivers/platform/x86/intel/intel-vsec_tpmi.ko'
removed '/usr/lib/modules/7.1.3-cachyos-trim9-tuned/kernel/drivers/platform/x86/intel/intel-rst.ko'
removed directory '/usr/lib/modules/7.1.3-cachyos-trim9-tuned/kernel/drivers/platform/x86/intel'
removed '/usr/lib/modules/7.1.3-cachyos-trim9-tuned/kernel/drivers/platform/x86/wmi-bmof.ko'
removed '/usr/lib/modules/7.1.3-cachyos-trim9-tuned/kernel/drivers/platform/x86/mxm-wmi.ko'
removed '/usr/lib/modules/7.1.3-cachyos-trim9-tuned/kernel/drivers/platform/x86/nvidia-wmi-ec-backlight.ko'
removed '/usr/lib/modules/7.1.3-cachyos-trim9-tuned/kernel/drivers/platform/x86/firmware_attributes_class.ko'
removed '/usr/lib/modules/7.1.3-cachyos-trim9-tuned/kernel/drivers/platform/x86/quickstart.ko'
removed '/usr/lib/modules/7.1.3-cachyos-trim9-tuned/kernel/drivers/platform/x86/intel_scu_pltdrv.ko'
removed '/usr/lib/modules/7.1.3-cachyos-trim9-tuned/kernel/drivers/platform/x86/intel_scu_ipcutil.ko'
removed directory '/usr/lib/modules/7.1.3-cachyos-trim9-tuned/kernel/drivers/platform/x86'
removed directory '/usr/lib/modules/7.1.3-cachyos-trim9-tuned/kernel/drivers/platform'
removed '/usr/lib/modules/7.1.3-cachyos-trim9-tuned/kernel/drivers/power/supply/stc3117_fuel_gauge.ko'
removed '/usr/lib/modules/7.1.3-cachyos-trim9-tuned/kernel/drivers/power/supply/mm8013.ko'
removed directory '/usr/lib/modules/7.1.3-cachyos-trim9-tuned/kernel/drivers/power/supply'
removed directory '/usr/lib/modules/7.1.3-cachyos-trim9-tuned/kernel/drivers/power'
removed '/usr/lib/modules/7.1.3-cachyos-trim9-tuned/kernel/drivers/powercap/intel_rapl_common.ko'
removed '/usr/lib/modules/7.1.3-cachyos-trim9-tuned/kernel/drivers/powercap/intel_rapl_msr.ko'
removed '/usr/lib/modules/7.1.3-cachyos-trim9-tuned/kernel/drivers/powercap/intel_rapl_tpmi.ko'
removed directory '/usr/lib/modules/7.1.3-cachyos-trim9-tuned/kernel/drivers/powercap'
removed '/usr/lib/modules/7.1.3-cachyos-trim9-tuned/kernel/drivers/pps/pps_core.ko'
removed directory '/usr/lib/modules/7.1.3-cachyos-trim9-tuned/kernel/drivers/pps'
removed '/usr/lib/modules/7.1.3-cachyos-trim9-tuned/kernel/drivers/ptp/ptp.ko'
removed '/usr/lib/modules/7.1.3-cachyos-trim9-tuned/kernel/drivers/ptp/ptp_ines.ko'
removed '/usr/lib/modules/7.1.3-cachyos-trim9-tuned/kernel/drivers/ptp/ptp_vmclock.ko'
removed '/usr/lib/modules/7.1.3-cachyos-trim9-tuned/kernel/drivers/ptp/ptp_clockmatrix.ko'
removed '/usr/lib/modules/7.1.3-cachyos-trim9-tuned/kernel/drivers/ptp/ptp_fc3.ko'
removed '/usr/lib/modules/7.1.3-cachyos-trim9-tuned/kernel/drivers/ptp/ptp_idt82p33.ko'
removed '/usr/lib/modules/7.1.3-cachyos-trim9-tuned/kernel/drivers/ptp/ptp_mock.ko'
removed '/usr/lib/modules/7.1.3-cachyos-trim9-tuned/kernel/drivers/ptp/ptp_netc.ko'
removed directory '/usr/lib/modules/7.1.3-cachyos-trim9-tuned/kernel/drivers/ptp'
removed '/usr/lib/modules/7.1.3-cachyos-trim9-tuned/kernel/drivers/pwm/pwm-lpss.ko'
removed '/usr/lib/modules/7.1.3-cachyos-trim9-tuned/kernel/drivers/pwm/pwm-lpss-pci.ko'
removed '/usr/lib/modules/7.1.3-cachyos-trim9-tuned/kernel/drivers/pwm/pwm-lpss-platform.ko'
removed directory '/usr/lib/modules/7.1.3-cachyos-trim9-tuned/kernel/drivers/pwm'
removed '/usr/lib/modules/7.1.3-cachyos-trim9-tuned/kernel/drivers/regulator/fixed.ko'
removed '/usr/lib/modules/7.1.3-cachyos-trim9-tuned/kernel/drivers/regulator/virtual.ko'
removed '/usr/lib/modules/7.1.3-cachyos-trim9-tuned/kernel/drivers/regulator/userspace-consumer.ko'
removed '/usr/lib/modules/7.1.3-cachyos-trim9-tuned/kernel/drivers/regulator/gpio-regulator.ko'
removed directory '/usr/lib/modules/7.1.3-cachyos-trim9-tuned/kernel/drivers/regulator'
removed '/usr/lib/modules/7.1.3-cachyos-trim9-tuned/kernel/drivers/scsi/vhba/vhba.ko'
removed directory '/usr/lib/modules/7.1.3-cachyos-trim9-tuned/kernel/drivers/scsi/vhba'
removed '/usr/lib/modules/7.1.3-cachyos-trim9-tuned/kernel/drivers/scsi/raid_class.ko'
removed '/usr/lib/modules/7.1.3-cachyos-trim9-tuned/kernel/drivers/scsi/sg.ko'
removed directory '/usr/lib/modules/7.1.3-cachyos-trim9-tuned/kernel/drivers/scsi'
removed '/usr/lib/modules/7.1.3-cachyos-trim9-tuned/kernel/drivers/soundwire/soundwire-bus.ko'
removed '/usr/lib/modules/7.1.3-cachyos-trim9-tuned/kernel/drivers/soundwire/soundwire-generic-allocation.ko'
removed '/usr/lib/modules/7.1.3-cachyos-trim9-tuned/kernel/drivers/soundwire/soundwire-cadence.ko'
removed '/usr/lib/modules/7.1.3-cachyos-trim9-tuned/kernel/drivers/soundwire/soundwire-intel.ko'
removed directory '/usr/lib/modules/7.1.3-cachyos-trim9-tuned/kernel/drivers/soundwire'
removed '/usr/lib/modules/7.1.3-cachyos-trim9-tuned/kernel/drivers/spi/spi-mux.ko'
removed '/usr/lib/modules/7.1.3-cachyos-trim9-tuned/kernel/drivers/spi/spidev.ko'
removed '/usr/lib/modules/7.1.3-cachyos-trim9-tuned/kernel/drivers/spi/spi-loopback-test.ko'
removed '/usr/lib/modules/7.1.3-cachyos-trim9-tuned/kernel/drivers/spi/spi-axi-spi-engine.ko'
removed '/usr/lib/modules/7.1.3-cachyos-trim9-tuned/kernel/drivers/spi/spi-bitbang.ko'
removed '/usr/lib/modules/7.1.3-cachyos-trim9-tuned/kernel/drivers/spi/spi-cadence.ko'
removed '/usr/lib/modules/7.1.3-cachyos-trim9-tuned/kernel/drivers/spi/spi-ch341.ko'
removed '/usr/lib/modules/7.1.3-cachyos-trim9-tuned/kernel/drivers/spi/spi-cs42l43.ko'
removed '/usr/lib/modules/7.1.3-cachyos-trim9-tuned/kernel/drivers/spi/spi-dw.ko'
removed '/usr/lib/modules/7.1.3-cachyos-trim9-tuned/kernel/drivers/spi/spi-dw-mmio.ko'
removed '/usr/lib/modules/7.1.3-cachyos-trim9-tuned/kernel/drivers/spi/spi-dw-pci.ko'
removed '/usr/lib/modules/7.1.3-cachyos-trim9-tuned/kernel/drivers/spi/spi-gpio.ko'
removed '/usr/lib/modules/7.1.3-cachyos-trim9-tuned/kernel/drivers/spi/spi-intel.ko'
removed '/usr/lib/modules/7.1.3-cachyos-trim9-tuned/kernel/drivers/spi/spi-intel-pci.ko'
removed '/usr/lib/modules/7.1.3-cachyos-trim9-tuned/kernel/drivers/spi/spi-intel-platform.ko'
removed '/usr/lib/modules/7.1.3-cachyos-trim9-tuned/kernel/drivers/spi/spi-mxic.ko'
removed '/usr/lib/modules/7.1.3-cachyos-trim9-tuned/kernel/drivers/spi/spi-oc-tiny.ko'
removed '/usr/lib/modules/7.1.3-cachyos-trim9-tuned/kernel/drivers/spi/spi-pci1xxxx.ko'
removed '/usr/lib/modules/7.1.3-cachyos-trim9-tuned/kernel/drivers/spi/spi-pxa2xx-core.ko'
removed '/usr/lib/modules/7.1.3-cachyos-trim9-tuned/kernel/drivers/spi/spi-pxa2xx-platform.ko'
removed '/usr/lib/modules/7.1.3-cachyos-trim9-tuned/kernel/drivers/spi/spi-pxa2xx-pci.ko'
removed '/usr/lib/modules/7.1.3-cachyos-trim9-tuned/kernel/drivers/spi/spi-sc18is602.ko'
removed '/usr/lib/modules/7.1.3-cachyos-trim9-tuned/kernel/drivers/spi/spi-tle62x0.ko'
removed '/usr/lib/modules/7.1.3-cachyos-trim9-tuned/kernel/drivers/spi/spi-virtio.ko'
removed '/usr/lib/modules/7.1.3-cachyos-trim9-tuned/kernel/drivers/spi/spi-xcomm.ko'
removed '/usr/lib/modules/7.1.3-cachyos-trim9-tuned/kernel/drivers/spi/spi-slave-time.ko'
removed '/usr/lib/modules/7.1.3-cachyos-trim9-tuned/kernel/drivers/spi/spi-slave-system-control.ko'
removed '/usr/lib/modules/7.1.3-cachyos-trim9-tuned/kernel/drivers/spi/spi-offload-trigger-pwm.ko'
removed '/usr/lib/modules/7.1.3-cachyos-trim9-tuned/kernel/drivers/spi/spi-offload-trigger-adi-util-sigma-delta.ko'
removed directory '/usr/lib/modules/7.1.3-cachyos-trim9-tuned/kernel/drivers/spi'
removed '/usr/lib/modules/7.1.3-cachyos-trim9-tuned/kernel/drivers/thermal/intel/int340x_thermal/int3400_thermal.ko'
removed '/usr/lib/modules/7.1.3-cachyos-trim9-tuned/kernel/drivers/thermal/intel/int340x_thermal/int340x_thermal_zone.ko'
removed '/usr/lib/modules/7.1.3-cachyos-trim9-tuned/kernel/drivers/thermal/intel/int340x_thermal/int3402_thermal.ko'
removed '/usr/lib/modules/7.1.3-cachyos-trim9-tuned/kernel/drivers/thermal/intel/int340x_thermal/int3403_thermal.ko'
removed '/usr/lib/modules/7.1.3-cachyos-trim9-tuned/kernel/drivers/thermal/intel/int340x_thermal/processor_thermal_device.ko'
removed '/usr/lib/modules/7.1.3-cachyos-trim9-tuned/kernel/drivers/thermal/intel/int340x_thermal/int3401_thermal.ko'
removed '/usr/lib/modules/7.1.3-cachyos-trim9-tuned/kernel/drivers/thermal/intel/int340x_thermal/processor_thermal_device_pci_legacy.ko'
removed '/usr/lib/modules/7.1.3-cachyos-trim9-tuned/kernel/drivers/thermal/intel/int340x_thermal/processor_thermal_device_pci.ko'
removed '/usr/lib/modules/7.1.3-cachyos-trim9-tuned/kernel/drivers/thermal/intel/int340x_thermal/processor_thermal_rfim.ko'
removed '/usr/lib/modules/7.1.3-cachyos-trim9-tuned/kernel/drivers/thermal/intel/int340x_thermal/processor_thermal_rapl.ko'
removed '/usr/lib/modules/7.1.3-cachyos-trim9-tuned/kernel/drivers/thermal/intel/int340x_thermal/platform_temperature_control.ko'
removed '/usr/lib/modules/7.1.3-cachyos-trim9-tuned/kernel/drivers/thermal/intel/int340x_thermal/processor_thermal_mbox.ko'
removed '/usr/lib/modules/7.1.3-cachyos-trim9-tuned/kernel/drivers/thermal/intel/int340x_thermal/processor_thermal_wt_req.ko'
removed '/usr/lib/modules/7.1.3-cachyos-trim9-tuned/kernel/drivers/thermal/intel/int340x_thermal/processor_thermal_wt_hint.ko'
removed '/usr/lib/modules/7.1.3-cachyos-trim9-tuned/kernel/drivers/thermal/intel/int340x_thermal/processor_thermal_power_floor.ko'
removed '/usr/lib/modules/7.1.3-cachyos-trim9-tuned/kernel/drivers/thermal/intel/int340x_thermal/processor_thermal_soc_slider.ko'
removed '/usr/lib/modules/7.1.3-cachyos-trim9-tuned/kernel/drivers/thermal/intel/int340x_thermal/int3406_thermal.ko'
removed '/usr/lib/modules/7.1.3-cachyos-trim9-tuned/kernel/drivers/thermal/intel/int340x_thermal/acpi_thermal_rel.ko'
removed directory '/usr/lib/modules/7.1.3-cachyos-trim9-tuned/kernel/drivers/thermal/intel/int340x_thermal'
removed '/usr/lib/modules/7.1.3-cachyos-trim9-tuned/kernel/drivers/thermal/intel/intel_powerclamp.ko'
removed '/usr/lib/modules/7.1.3-cachyos-trim9-tuned/kernel/drivers/thermal/intel/x86_pkg_temp_thermal.ko'
removed '/usr/lib/modules/7.1.3-cachyos-trim9-tuned/kernel/drivers/thermal/intel/intel_soc_dts_iosf.ko'
removed '/usr/lib/modules/7.1.3-cachyos-trim9-tuned/kernel/drivers/thermal/intel/intel_soc_dts_thermal.ko'
removed '/usr/lib/modules/7.1.3-cachyos-trim9-tuned/kernel/drivers/thermal/intel/intel_pch_thermal.ko'
removed '/usr/lib/modules/7.1.3-cachyos-trim9-tuned/kernel/drivers/thermal/intel/intel_tcc_cooling.ko'
removed directory '/usr/lib/modules/7.1.3-cachyos-trim9-tuned/kernel/drivers/thermal/intel'
removed '/usr/lib/modules/7.1.3-cachyos-trim9-tuned/kernel/drivers/thermal/testing/thermal-testing.ko'
removed directory '/usr/lib/modules/7.1.3-cachyos-trim9-tuned/kernel/drivers/thermal/testing'
removed directory '/usr/lib/modules/7.1.3-cachyos-trim9-tuned/kernel/drivers/thermal'
removed '/usr/lib/modules/7.1.3-cachyos-trim9-tuned/kernel/drivers/thunderbolt/thunderbolt.ko'
removed directory '/usr/lib/modules/7.1.3-cachyos-trim9-tuned/kernel/drivers/thunderbolt'
removed '/usr/lib/modules/7.1.3-cachyos-trim9-tuned/kernel/drivers/tty/serial/8250/8250_dw.ko'
removed '/usr/lib/modules/7.1.3-cachyos-trim9-tuned/kernel/drivers/tty/serial/8250/8250_exar.ko'
removed '/usr/lib/modules/7.1.3-cachyos-trim9-tuned/kernel/drivers/tty/serial/8250/8250_lpss.ko'
removed '/usr/lib/modules/7.1.3-cachyos-trim9-tuned/kernel/drivers/tty/serial/8250/8250_mid.ko'
removed '/usr/lib/modules/7.1.3-cachyos-trim9-tuned/kernel/drivers/tty/serial/8250/8250_ni.ko'
removed '/usr/lib/modules/7.1.3-cachyos-trim9-tuned/kernel/drivers/tty/serial/8250/8250_pci1xxxx.ko'
removed '/usr/lib/modules/7.1.3-cachyos-trim9-tuned/kernel/drivers/tty/serial/8250/8250_pericom.ko'
removed directory '/usr/lib/modules/7.1.3-cachyos-trim9-tuned/kernel/drivers/tty/serial/8250'
removed '/usr/lib/modules/7.1.3-cachyos-trim9-tuned/kernel/drivers/tty/serial/jsm/jsm.ko'
removed directory '/usr/lib/modules/7.1.3-cachyos-trim9-tuned/kernel/drivers/tty/serial/jsm'
removed '/usr/lib/modules/7.1.3-cachyos-trim9-tuned/kernel/drivers/tty/serial/arc_uart.ko'
removed '/usr/lib/modules/7.1.3-cachyos-trim9-tuned/kernel/drivers/tty/serial/max3100.ko'
removed '/usr/lib/modules/7.1.3-cachyos-trim9-tuned/kernel/drivers/tty/serial/max310x.ko'
removed '/usr/lib/modules/7.1.3-cachyos-trim9-tuned/kernel/drivers/tty/serial/rp2.ko'
removed '/usr/lib/modules/7.1.3-cachyos-trim9-tuned/kernel/drivers/tty/serial/sc16is7xx.ko'
removed '/usr/lib/modules/7.1.3-cachyos-trim9-tuned/kernel/drivers/tty/serial/sc16is7xx_spi.ko'
removed '/usr/lib/modules/7.1.3-cachyos-trim9-tuned/kernel/drivers/tty/serial/sc16is7xx_i2c.ko'
removed '/usr/lib/modules/7.1.3-cachyos-trim9-tuned/kernel/drivers/tty/serial/uartlite.ko'
removed directory '/usr/lib/modules/7.1.3-cachyos-trim9-tuned/kernel/drivers/tty/serial'
removed '/usr/lib/modules/7.1.3-cachyos-trim9-tuned/kernel/drivers/tty/n_hdlc.ko'
removed directory '/usr/lib/modules/7.1.3-cachyos-trim9-tuned/kernel/drivers/tty'
removed '/usr/lib/modules/7.1.3-cachyos-trim9-tuned/kernel/drivers/usb/class/cdc-acm.ko'
removed '/usr/lib/modules/7.1.3-cachyos-trim9-tuned/kernel/drivers/usb/class/usblp.ko'
removed '/usr/lib/modules/7.1.3-cachyos-trim9-tuned/kernel/drivers/usb/class/cdc-wdm.ko'
removed directory '/usr/lib/modules/7.1.3-cachyos-trim9-tuned/kernel/drivers/usb/class'
removed '/usr/lib/modules/7.1.3-cachyos-trim9-tuned/kernel/drivers/usb/common/ulpi.ko'
removed directory '/usr/lib/modules/7.1.3-cachyos-trim9-tuned/kernel/drivers/usb/common'
removed '/usr/lib/modules/7.1.3-cachyos-trim9-tuned/kernel/drivers/usb/core/ledtrig-usbport.ko'
removed directory '/usr/lib/modules/7.1.3-cachyos-trim9-tuned/kernel/drivers/usb/core'
removed '/usr/lib/modules/7.1.3-cachyos-trim9-tuned/kernel/drivers/usb/host/xhci-pci-renesas.ko'
removed '/usr/lib/modules/7.1.3-cachyos-trim9-tuned/kernel/drivers/usb/host/xhci-plat-hcd.ko'
removed directory '/usr/lib/modules/7.1.3-cachyos-trim9-tuned/kernel/drivers/usb/host'
removed '/usr/lib/modules/7.1.3-cachyos-trim9-tuned/kernel/drivers/usb/misc/ezusb.ko'
removed directory '/usr/lib/modules/7.1.3-cachyos-trim9-tuned/kernel/drivers/usb/misc'
removed '/usr/lib/modules/7.1.3-cachyos-trim9-tuned/kernel/drivers/usb/mon/usbmon.ko'
removed directory '/usr/lib/modules/7.1.3-cachyos-trim9-tuned/kernel/drivers/usb/mon'
removed '/usr/lib/modules/7.1.3-cachyos-trim9-tuned/kernel/drivers/usb/phy/phy-generic.ko'
removed '/usr/lib/modules/7.1.3-cachyos-trim9-tuned/kernel/drivers/usb/phy/phy-gpio-vbus-usb.ko'
removed '/usr/lib/modules/7.1.3-cachyos-trim9-tuned/kernel/drivers/usb/phy/phy-isp1301.ko'
removed directory '/usr/lib/modules/7.1.3-cachyos-trim9-tuned/kernel/drivers/usb/phy'
removed '/usr/lib/modules/7.1.3-cachyos-trim9-tuned/kernel/drivers/usb/roles/roles.ko'
removed '/usr/lib/modules/7.1.3-cachyos-trim9-tuned/kernel/drivers/usb/roles/intel-xhci-usb-role-switch.ko'
removed directory '/usr/lib/modules/7.1.3-cachyos-trim9-tuned/kernel/drivers/usb/roles'
removed '/usr/lib/modules/7.1.3-cachyos-trim9-tuned/kernel/drivers/usb/serial/ch341.ko'
removed '/usr/lib/modules/7.1.3-cachyos-trim9-tuned/kernel/drivers/usb/serial/cp210x.ko'
removed '/usr/lib/modules/7.1.3-cachyos-trim9-tuned/kernel/drivers/usb/serial/ftdi_sio.ko'
removed '/usr/lib/modules/7.1.3-cachyos-trim9-tuned/kernel/drivers/usb/serial/pl2303.ko'
removed '/usr/lib/modules/7.1.3-cachyos-trim9-tuned/kernel/drivers/usb/serial/usb-serial-simple.ko'
removed directory '/usr/lib/modules/7.1.3-cachyos-trim9-tuned/kernel/drivers/usb/serial'
removed '/usr/lib/modules/7.1.3-cachyos-trim9-tuned/kernel/drivers/usb/storage/uas.ko'
removed '/usr/lib/modules/7.1.3-cachyos-trim9-tuned/kernel/drivers/usb/storage/ums-realtek.ko'
removed '/usr/lib/modules/7.1.3-cachyos-trim9-tuned/kernel/drivers/usb/storage/usb-storage.ko'
removed directory '/usr/lib/modules/7.1.3-cachyos-trim9-tuned/kernel/drivers/usb/storage'
removed '/usr/lib/modules/7.1.3-cachyos-trim9-tuned/kernel/drivers/usb/typec/altmodes/typec_displayport.ko'
removed '/usr/lib/modules/7.1.3-cachyos-trim9-tuned/kernel/drivers/usb/typec/altmodes/typec_nvidia.ko'
removed '/usr/lib/modules/7.1.3-cachyos-trim9-tuned/kernel/drivers/usb/typec/altmodes/typec_thunderbolt.ko'
removed directory '/usr/lib/modules/7.1.3-cachyos-trim9-tuned/kernel/drivers/usb/typec/altmodes'
removed '/usr/lib/modules/7.1.3-cachyos-trim9-tuned/kernel/drivers/usb/typec/ucsi/ucsi_acpi.ko'
removed '/usr/lib/modules/7.1.3-cachyos-trim9-tuned/kernel/drivers/usb/typec/ucsi/typec_ucsi.ko'
removed '/usr/lib/modules/7.1.3-cachyos-trim9-tuned/kernel/drivers/usb/typec/ucsi/ucsi_ccg.ko'
removed '/usr/lib/modules/7.1.3-cachyos-trim9-tuned/kernel/drivers/usb/typec/ucsi/ucsi_stm32g0.ko'
removed directory '/usr/lib/modules/7.1.3-cachyos-trim9-tuned/kernel/drivers/usb/typec/ucsi'
removed '/usr/lib/modules/7.1.3-cachyos-trim9-tuned/kernel/drivers/usb/typec/typec.ko'
removed directory '/usr/lib/modules/7.1.3-cachyos-trim9-tuned/kernel/drivers/usb/typec'
removed directory '/usr/lib/modules/7.1.3-cachyos-trim9-tuned/kernel/drivers/usb'
removed '/usr/lib/modules/7.1.3-cachyos-trim9-tuned/kernel/drivers/virtio/virtio.ko'
removed '/usr/lib/modules/7.1.3-cachyos-trim9-tuned/kernel/drivers/virtio/virtio_ring.ko'
removed directory '/usr/lib/modules/7.1.3-cachyos-trim9-tuned/kernel/drivers/virtio'
removed '/usr/lib/modules/7.1.3-cachyos-trim9-tuned/kernel/drivers/w1/slaves/w1_ds2780.ko'
removed '/usr/lib/modules/7.1.3-cachyos-trim9-tuned/kernel/drivers/w1/slaves/w1_ds2781.ko'
removed directory '/usr/lib/modules/7.1.3-cachyos-trim9-tuned/kernel/drivers/w1/slaves'
removed '/usr/lib/modules/7.1.3-cachyos-trim9-tuned/kernel/drivers/w1/wire.ko'
removed directory '/usr/lib/modules/7.1.3-cachyos-trim9-tuned/kernel/drivers/w1'
removed '/usr/lib/modules/7.1.3-cachyos-trim9-tuned/kernel/drivers/watchdog/pretimeout_noop.ko'
removed '/usr/lib/modules/7.1.3-cachyos-trim9-tuned/kernel/drivers/watchdog/iTCO_wdt.ko'
removed '/usr/lib/modules/7.1.3-cachyos-trim9-tuned/kernel/drivers/watchdog/softdog.ko'
removed directory '/usr/lib/modules/7.1.3-cachyos-trim9-tuned/kernel/drivers/watchdog'
removed directory '/usr/lib/modules/7.1.3-cachyos-trim9-tuned/kernel/drivers'
removed '/usr/lib/modules/7.1.3-cachyos-trim9-tuned/kernel/fs/exfat/exfat.ko'
removed directory '/usr/lib/modules/7.1.3-cachyos-trim9-tuned/kernel/fs/exfat'
removed '/usr/lib/modules/7.1.3-cachyos-trim9-tuned/kernel/fs/ext4/ext4.ko'
removed directory '/usr/lib/modules/7.1.3-cachyos-trim9-tuned/kernel/fs/ext4'
removed '/usr/lib/modules/7.1.3-cachyos-trim9-tuned/kernel/fs/fat/fat.ko'
removed '/usr/lib/modules/7.1.3-cachyos-trim9-tuned/kernel/fs/fat/vfat.ko'
removed directory '/usr/lib/modules/7.1.3-cachyos-trim9-tuned/kernel/fs/fat'
removed '/usr/lib/modules/7.1.3-cachyos-trim9-tuned/kernel/fs/fuse/cuse.ko'
removed directory '/usr/lib/modules/7.1.3-cachyos-trim9-tuned/kernel/fs/fuse'
removed '/usr/lib/modules/7.1.3-cachyos-trim9-tuned/kernel/fs/jbd2/jbd2.ko'
removed directory '/usr/lib/modules/7.1.3-cachyos-trim9-tuned/kernel/fs/jbd2'
removed '/usr/lib/modules/7.1.3-cachyos-trim9-tuned/kernel/fs/nls/nls_cp437.ko'
removed '/usr/lib/modules/7.1.3-cachyos-trim9-tuned/kernel/fs/nls/nls_cp850.ko'
removed '/usr/lib/modules/7.1.3-cachyos-trim9-tuned/kernel/fs/nls/nls_cp852.ko'
removed '/usr/lib/modules/7.1.3-cachyos-trim9-tuned/kernel/fs/nls/nls_cp855.ko'
removed '/usr/lib/modules/7.1.3-cachyos-trim9-tuned/kernel/fs/nls/nls_cp866.ko'
removed '/usr/lib/modules/7.1.3-cachyos-trim9-tuned/kernel/fs/nls/nls_iso8859-5.ko'
removed '/usr/lib/modules/7.1.3-cachyos-trim9-tuned/kernel/fs/nls/nls_koi8-r.ko'
removed '/usr/lib/modules/7.1.3-cachyos-trim9-tuned/kernel/fs/nls/nls_koi8-u.ko'
removed '/usr/lib/modules/7.1.3-cachyos-trim9-tuned/kernel/fs/nls/nls_koi8-ru.ko'
removed '/usr/lib/modules/7.1.3-cachyos-trim9-tuned/kernel/fs/nls/nls_utf8.ko'
removed directory '/usr/lib/modules/7.1.3-cachyos-trim9-tuned/kernel/fs/nls'
removed '/usr/lib/modules/7.1.3-cachyos-trim9-tuned/kernel/fs/ntfs3/ntfs3.ko'
removed directory '/usr/lib/modules/7.1.3-cachyos-trim9-tuned/kernel/fs/ntfs3'
removed '/usr/lib/modules/7.1.3-cachyos-trim9-tuned/kernel/fs/overlayfs/overlay.ko'
removed directory '/usr/lib/modules/7.1.3-cachyos-trim9-tuned/kernel/fs/overlayfs'
removed '/usr/lib/modules/7.1.3-cachyos-trim9-tuned/kernel/fs/pstore/ramoops.ko'
removed '/usr/lib/modules/7.1.3-cachyos-trim9-tuned/kernel/fs/pstore/pstore_zone.ko'
removed '/usr/lib/modules/7.1.3-cachyos-trim9-tuned/kernel/fs/pstore/pstore_blk.ko'
removed directory '/usr/lib/modules/7.1.3-cachyos-trim9-tuned/kernel/fs/pstore'
removed '/usr/lib/modules/7.1.3-cachyos-trim9-tuned/kernel/fs/squashfs/squashfs.ko'
removed directory '/usr/lib/modules/7.1.3-cachyos-trim9-tuned/kernel/fs/squashfs'
removed '/usr/lib/modules/7.1.3-cachyos-trim9-tuned/kernel/fs/mbcache.ko'
removed directory '/usr/lib/modules/7.1.3-cachyos-trim9-tuned/kernel/fs'
removed '/usr/lib/modules/7.1.3-cachyos-trim9-tuned/kernel/lib/crc/crc8.ko'
removed '/usr/lib/modules/7.1.3-cachyos-trim9-tuned/kernel/lib/crc/crc16.ko'
removed '/usr/lib/modules/7.1.3-cachyos-trim9-tuned/kernel/lib/crc/crc-ccitt.ko'
removed '/usr/lib/modules/7.1.3-cachyos-trim9-tuned/kernel/lib/crc/crc-itu-t.ko'
removed directory '/usr/lib/modules/7.1.3-cachyos-trim9-tuned/kernel/lib/crc'
removed '/usr/lib/modules/7.1.3-cachyos-trim9-tuned/kernel/lib/crypto/libarc4.ko'
removed '/usr/lib/modules/7.1.3-cachyos-trim9-tuned/kernel/lib/crypto/gf128mul.ko'
removed '/usr/lib/modules/7.1.3-cachyos-trim9-tuned/kernel/lib/crypto/libcurve25519.ko'
removed '/usr/lib/modules/7.1.3-cachyos-trim9-tuned/kernel/lib/crypto/libgf128hash.ko'
removed '/usr/lib/modules/7.1.3-cachyos-trim9-tuned/kernel/lib/crypto/libmd5.ko'
removed directory '/usr/lib/modules/7.1.3-cachyos-trim9-tuned/kernel/lib/crypto'
removed '/usr/lib/modules/7.1.3-cachyos-trim9-tuned/kernel/lib/lz4/lz4_decompress.ko'
removed directory '/usr/lib/modules/7.1.3-cachyos-trim9-tuned/kernel/lib/lz4'
removed '/usr/lib/modules/7.1.3-cachyos-trim9-tuned/kernel/lib/math/cordic.ko'
removed '/usr/lib/modules/7.1.3-cachyos-trim9-tuned/kernel/lib/math/polynomial.ko'
removed directory '/usr/lib/modules/7.1.3-cachyos-trim9-tuned/kernel/lib/math'
removed '/usr/lib/modules/7.1.3-cachyos-trim9-tuned/kernel/lib/reed_solomon/reed_solomon.ko'
removed directory '/usr/lib/modules/7.1.3-cachyos-trim9-tuned/kernel/lib/reed_solomon'
removed '/usr/lib/modules/7.1.3-cachyos-trim9-tuned/kernel/lib/ts_kmp.ko'
removed '/usr/lib/modules/7.1.3-cachyos-trim9-tuned/kernel/lib/ts_bm.ko'
removed '/usr/lib/modules/7.1.3-cachyos-trim9-tuned/kernel/lib/ts_fsm.ko'
removed '/usr/lib/modules/7.1.3-cachyos-trim9-tuned/kernel/lib/asn1_decoder.ko'
removed directory '/usr/lib/modules/7.1.3-cachyos-trim9-tuned/kernel/lib'
removed '/usr/lib/modules/7.1.3-cachyos-trim9-tuned/kernel/net/802/psnap.ko'
removed '/usr/lib/modules/7.1.3-cachyos-trim9-tuned/kernel/net/802/stp.ko'
removed '/usr/lib/modules/7.1.3-cachyos-trim9-tuned/kernel/net/802/garp.ko'
removed '/usr/lib/modules/7.1.3-cachyos-trim9-tuned/kernel/net/802/mrp.ko'
removed directory '/usr/lib/modules/7.1.3-cachyos-trim9-tuned/kernel/net/802'
removed '/usr/lib/modules/7.1.3-cachyos-trim9-tuned/kernel/net/8021q/8021q.ko'
removed directory '/usr/lib/modules/7.1.3-cachyos-trim9-tuned/kernel/net/8021q'
removed '/usr/lib/modules/7.1.3-cachyos-trim9-tuned/kernel/net/appletalk/appletalk.ko'
removed directory '/usr/lib/modules/7.1.3-cachyos-trim9-tuned/kernel/net/appletalk'
removed '/usr/lib/modules/7.1.3-cachyos-trim9-tuned/kernel/net/bluetooth/bnep/bnep.ko'
removed directory '/usr/lib/modules/7.1.3-cachyos-trim9-tuned/kernel/net/bluetooth/bnep'
removed '/usr/lib/modules/7.1.3-cachyos-trim9-tuned/kernel/net/bluetooth/hidp/hidp.ko'
removed directory '/usr/lib/modules/7.1.3-cachyos-trim9-tuned/kernel/net/bluetooth/hidp'
removed '/usr/lib/modules/7.1.3-cachyos-trim9-tuned/kernel/net/bluetooth/rfcomm/rfcomm.ko'
removed directory '/usr/lib/modules/7.1.3-cachyos-trim9-tuned/kernel/net/bluetooth/rfcomm'
removed '/usr/lib/modules/7.1.3-cachyos-trim9-tuned/kernel/net/bluetooth/bluetooth.ko'
removed directory '/usr/lib/modules/7.1.3-cachyos-trim9-tuned/kernel/net/bluetooth'
removed '/usr/lib/modules/7.1.3-cachyos-trim9-tuned/kernel/net/bridge/netfilter/nft_meta_bridge.ko'
removed '/usr/lib/modules/7.1.3-cachyos-trim9-tuned/kernel/net/bridge/netfilter/nft_reject_bridge.ko'
removed '/usr/lib/modules/7.1.3-cachyos-trim9-tuned/kernel/net/bridge/netfilter/nf_conntrack_bridge.ko'
removed '/usr/lib/modules/7.1.3-cachyos-trim9-tuned/kernel/net/bridge/netfilter/ebtables.ko'
removed '/usr/lib/modules/7.1.3-cachyos-trim9-tuned/kernel/net/bridge/netfilter/ebtable_broute.ko'
removed '/usr/lib/modules/7.1.3-cachyos-trim9-tuned/kernel/net/bridge/netfilter/ebtable_filter.ko'
removed '/usr/lib/modules/7.1.3-cachyos-trim9-tuned/kernel/net/bridge/netfilter/ebtable_nat.ko'
removed '/usr/lib/modules/7.1.3-cachyos-trim9-tuned/kernel/net/bridge/netfilter/ebt_802_3.ko'
removed '/usr/lib/modules/7.1.3-cachyos-trim9-tuned/kernel/net/bridge/netfilter/ebt_among.ko'
removed '/usr/lib/modules/7.1.3-cachyos-trim9-tuned/kernel/net/bridge/netfilter/ebt_arp.ko'
removed '/usr/lib/modules/7.1.3-cachyos-trim9-tuned/kernel/net/bridge/netfilter/ebt_ip.ko'
removed '/usr/lib/modules/7.1.3-cachyos-trim9-tuned/kernel/net/bridge/netfilter/ebt_ip6.ko'
removed '/usr/lib/modules/7.1.3-cachyos-trim9-tuned/kernel/net/bridge/netfilter/ebt_limit.ko'
removed '/usr/lib/modules/7.1.3-cachyos-trim9-tuned/kernel/net/bridge/netfilter/ebt_mark_m.ko'
removed '/usr/lib/modules/7.1.3-cachyos-trim9-tuned/kernel/net/bridge/netfilter/ebt_pkttype.ko'
removed '/usr/lib/modules/7.1.3-cachyos-trim9-tuned/kernel/net/bridge/netfilter/ebt_stp.ko'
removed '/usr/lib/modules/7.1.3-cachyos-trim9-tuned/kernel/net/bridge/netfilter/ebt_vlan.ko'
removed '/usr/lib/modules/7.1.3-cachyos-trim9-tuned/kernel/net/bridge/netfilter/ebt_arpreply.ko'
removed '/usr/lib/modules/7.1.3-cachyos-trim9-tuned/kernel/net/bridge/netfilter/ebt_mark.ko'
removed '/usr/lib/modules/7.1.3-cachyos-trim9-tuned/kernel/net/bridge/netfilter/ebt_dnat.ko'
removed '/usr/lib/modules/7.1.3-cachyos-trim9-tuned/kernel/net/bridge/netfilter/ebt_redirect.ko'
removed '/usr/lib/modules/7.1.3-cachyos-trim9-tuned/kernel/net/bridge/netfilter/ebt_snat.ko'
removed '/usr/lib/modules/7.1.3-cachyos-trim9-tuned/kernel/net/bridge/netfilter/ebt_log.ko'
removed '/usr/lib/modules/7.1.3-cachyos-trim9-tuned/kernel/net/bridge/netfilter/ebt_nflog.ko'
removed directory '/usr/lib/modules/7.1.3-cachyos-trim9-tuned/kernel/net/bridge/netfilter'
removed '/usr/lib/modules/7.1.3-cachyos-trim9-tuned/kernel/net/bridge/bridge.ko'
removed '/usr/lib/modules/7.1.3-cachyos-trim9-tuned/kernel/net/bridge/br_netfilter.ko'
removed directory '/usr/lib/modules/7.1.3-cachyos-trim9-tuned/kernel/net/bridge'
removed '/usr/lib/modules/7.1.3-cachyos-trim9-tuned/kernel/net/core/pktgen.ko'
removed '/usr/lib/modules/7.1.3-cachyos-trim9-tuned/kernel/net/core/selftests.ko'
removed '/usr/lib/modules/7.1.3-cachyos-trim9-tuned/kernel/net/core/failover.ko'
removed directory '/usr/lib/modules/7.1.3-cachyos-trim9-tuned/kernel/net/core'
removed '/usr/lib/modules/7.1.3-cachyos-trim9-tuned/kernel/net/dns_resolver/dns_resolver.ko'
removed directory '/usr/lib/modules/7.1.3-cachyos-trim9-tuned/kernel/net/dns_resolver'
removed '/usr/lib/modules/7.1.3-cachyos-trim9-tuned/kernel/net/ipv4/netfilter/nf_defrag_ipv4.ko'
removed '/usr/lib/modules/7.1.3-cachyos-trim9-tuned/kernel/net/ipv4/netfilter/nf_socket_ipv4.ko'
removed '/usr/lib/modules/7.1.3-cachyos-trim9-tuned/kernel/net/ipv4/netfilter/nf_tproxy_ipv4.ko'
removed '/usr/lib/modules/7.1.3-cachyos-trim9-tuned/kernel/net/ipv4/netfilter/nf_reject_ipv4.ko'
removed '/usr/lib/modules/7.1.3-cachyos-trim9-tuned/kernel/net/ipv4/netfilter/nf_nat_h323.ko'
removed '/usr/lib/modules/7.1.3-cachyos-trim9-tuned/kernel/net/ipv4/netfilter/nf_nat_pptp.ko'
removed '/usr/lib/modules/7.1.3-cachyos-trim9-tuned/kernel/net/ipv4/netfilter/nf_nat_snmp_basic.ko'
removed '/usr/lib/modules/7.1.3-cachyos-trim9-tuned/kernel/net/ipv4/netfilter/nft_reject_ipv4.ko'
removed '/usr/lib/modules/7.1.3-cachyos-trim9-tuned/kernel/net/ipv4/netfilter/nft_fib_ipv4.ko'
removed '/usr/lib/modules/7.1.3-cachyos-trim9-tuned/kernel/net/ipv4/netfilter/nft_dup_ipv4.ko'
removed '/usr/lib/modules/7.1.3-cachyos-trim9-tuned/kernel/net/ipv4/netfilter/ip_tables.ko'
removed '/usr/lib/modules/7.1.3-cachyos-trim9-tuned/kernel/net/ipv4/netfilter/iptable_filter.ko'
removed '/usr/lib/modules/7.1.3-cachyos-trim9-tuned/kernel/net/ipv4/netfilter/iptable_mangle.ko'
removed '/usr/lib/modules/7.1.3-cachyos-trim9-tuned/kernel/net/ipv4/netfilter/iptable_nat.ko'
removed '/usr/lib/modules/7.1.3-cachyos-trim9-tuned/kernel/net/ipv4/netfilter/iptable_raw.ko'
removed '/usr/lib/modules/7.1.3-cachyos-trim9-tuned/kernel/net/ipv4/netfilter/iptable_security.ko'
removed '/usr/lib/modules/7.1.3-cachyos-trim9-tuned/kernel/net/ipv4/netfilter/ipt_ah.ko'
removed '/usr/lib/modules/7.1.3-cachyos-trim9-tuned/kernel/net/ipv4/netfilter/ipt_rpfilter.ko'
removed '/usr/lib/modules/7.1.3-cachyos-trim9-tuned/kernel/net/ipv4/netfilter/ipt_ECN.ko'
removed '/usr/lib/modules/7.1.3-cachyos-trim9-tuned/kernel/net/ipv4/netfilter/ipt_REJECT.ko'
removed '/usr/lib/modules/7.1.3-cachyos-trim9-tuned/kernel/net/ipv4/netfilter/ipt_SYNPROXY.ko'
removed '/usr/lib/modules/7.1.3-cachyos-trim9-tuned/kernel/net/ipv4/netfilter/arp_tables.ko'
removed '/usr/lib/modules/7.1.3-cachyos-trim9-tuned/kernel/net/ipv4/netfilter/arpt_mangle.ko'
removed '/usr/lib/modules/7.1.3-cachyos-trim9-tuned/kernel/net/ipv4/netfilter/arptable_filter.ko'
removed '/usr/lib/modules/7.1.3-cachyos-trim9-tuned/kernel/net/ipv4/netfilter/nf_dup_ipv4.ko'
removed directory '/usr/lib/modules/7.1.3-cachyos-trim9-tuned/kernel/net/ipv4/netfilter'
removed '/usr/lib/modules/7.1.3-cachyos-trim9-tuned/kernel/net/ipv4/ip_tunnel.ko'
removed '/usr/lib/modules/7.1.3-cachyos-trim9-tuned/kernel/net/ipv4/ipip.ko'
removed '/usr/lib/modules/7.1.3-cachyos-trim9-tuned/kernel/net/ipv4/fou.ko'
removed '/usr/lib/modules/7.1.3-cachyos-trim9-tuned/kernel/net/ipv4/gre.ko'
removed '/usr/lib/modules/7.1.3-cachyos-trim9-tuned/kernel/net/ipv4/ip_gre.ko'
removed '/usr/lib/modules/7.1.3-cachyos-trim9-tuned/kernel/net/ipv4/udp_tunnel.ko'
removed '/usr/lib/modules/7.1.3-cachyos-trim9-tuned/kernel/net/ipv4/ip_vti.ko'
removed '/usr/lib/modules/7.1.3-cachyos-trim9-tuned/kernel/net/ipv4/ah4.ko'
removed '/usr/lib/modules/7.1.3-cachyos-trim9-tuned/kernel/net/ipv4/esp4.ko'
removed '/usr/lib/modules/7.1.3-cachyos-trim9-tuned/kernel/net/ipv4/esp4_offload.ko'
removed '/usr/lib/modules/7.1.3-cachyos-trim9-tuned/kernel/net/ipv4/ipcomp.ko'
removed '/usr/lib/modules/7.1.3-cachyos-trim9-tuned/kernel/net/ipv4/xfrm4_tunnel.ko'
removed '/usr/lib/modules/7.1.3-cachyos-trim9-tuned/kernel/net/ipv4/tunnel4.ko'
removed '/usr/lib/modules/7.1.3-cachyos-trim9-tuned/kernel/net/ipv4/inet_diag.ko'
removed '/usr/lib/modules/7.1.3-cachyos-trim9-tuned/kernel/net/ipv4/tcp_diag.ko'
removed '/usr/lib/modules/7.1.3-cachyos-trim9-tuned/kernel/net/ipv4/udp_diag.ko'
removed '/usr/lib/modules/7.1.3-cachyos-trim9-tuned/kernel/net/ipv4/raw_diag.ko'
removed '/usr/lib/modules/7.1.3-cachyos-trim9-tuned/kernel/net/ipv4/tcp_bbr.ko'
removed '/usr/lib/modules/7.1.3-cachyos-trim9-tuned/kernel/net/ipv4/tcp_bbr3.ko'
removed '/usr/lib/modules/7.1.3-cachyos-trim9-tuned/kernel/net/ipv4/tcp_bic.ko'
removed '/usr/lib/modules/7.1.3-cachyos-trim9-tuned/kernel/net/ipv4/tcp_cdg.ko'
removed '/usr/lib/modules/7.1.3-cachyos-trim9-tuned/kernel/net/ipv4/tcp_dctcp.ko'
removed '/usr/lib/modules/7.1.3-cachyos-trim9-tuned/kernel/net/ipv4/tcp_westwood.ko'
removed '/usr/lib/modules/7.1.3-cachyos-trim9-tuned/kernel/net/ipv4/tcp_highspeed.ko'
removed '/usr/lib/modules/7.1.3-cachyos-trim9-tuned/kernel/net/ipv4/tcp_hybla.ko'
removed '/usr/lib/modules/7.1.3-cachyos-trim9-tuned/kernel/net/ipv4/tcp_htcp.ko'
removed '/usr/lib/modules/7.1.3-cachyos-trim9-tuned/kernel/net/ipv4/tcp_vegas.ko'
removed '/usr/lib/modules/7.1.3-cachyos-trim9-tuned/kernel/net/ipv4/tcp_nv.ko'
removed '/usr/lib/modules/7.1.3-cachyos-trim9-tuned/kernel/net/ipv4/tcp_veno.ko'
removed '/usr/lib/modules/7.1.3-cachyos-trim9-tuned/kernel/net/ipv4/tcp_scalable.ko'
removed '/usr/lib/modules/7.1.3-cachyos-trim9-tuned/kernel/net/ipv4/tcp_lp.ko'
removed '/usr/lib/modules/7.1.3-cachyos-trim9-tuned/kernel/net/ipv4/tcp_yeah.ko'
removed '/usr/lib/modules/7.1.3-cachyos-trim9-tuned/kernel/net/ipv4/tcp_illinois.ko'
removed directory '/usr/lib/modules/7.1.3-cachyos-trim9-tuned/kernel/net/ipv4'
removed '/usr/lib/modules/7.1.3-cachyos-trim9-tuned/kernel/net/ipv6/ila/ila.ko'
removed directory '/usr/lib/modules/7.1.3-cachyos-trim9-tuned/kernel/net/ipv6/ila'
removed '/usr/lib/modules/7.1.3-cachyos-trim9-tuned/kernel/net/ipv6/netfilter/ip6_tables.ko'
removed '/usr/lib/modules/7.1.3-cachyos-trim9-tuned/kernel/net/ipv6/netfilter/ip6table_filter.ko'
removed '/usr/lib/modules/7.1.3-cachyos-trim9-tuned/kernel/net/ipv6/netfilter/ip6table_mangle.ko'
removed '/usr/lib/modules/7.1.3-cachyos-trim9-tuned/kernel/net/ipv6/netfilter/ip6table_raw.ko'
removed '/usr/lib/modules/7.1.3-cachyos-trim9-tuned/kernel/net/ipv6/netfilter/ip6table_security.ko'
removed '/usr/lib/modules/7.1.3-cachyos-trim9-tuned/kernel/net/ipv6/netfilter/ip6table_nat.ko'
removed '/usr/lib/modules/7.1.3-cachyos-trim9-tuned/kernel/net/ipv6/netfilter/nf_defrag_ipv6.ko'
removed '/usr/lib/modules/7.1.3-cachyos-trim9-tuned/kernel/net/ipv6/netfilter/nf_socket_ipv6.ko'
removed '/usr/lib/modules/7.1.3-cachyos-trim9-tuned/kernel/net/ipv6/netfilter/nf_tproxy_ipv6.ko'
removed '/usr/lib/modules/7.1.3-cachyos-trim9-tuned/kernel/net/ipv6/netfilter/nf_reject_ipv6.ko'
removed '/usr/lib/modules/7.1.3-cachyos-trim9-tuned/kernel/net/ipv6/netfilter/nf_dup_ipv6.ko'
removed '/usr/lib/modules/7.1.3-cachyos-trim9-tuned/kernel/net/ipv6/netfilter/nft_reject_ipv6.ko'
removed '/usr/lib/modules/7.1.3-cachyos-trim9-tuned/kernel/net/ipv6/netfilter/nft_dup_ipv6.ko'
removed '/usr/lib/modules/7.1.3-cachyos-trim9-tuned/kernel/net/ipv6/netfilter/nft_fib_ipv6.ko'
removed '/usr/lib/modules/7.1.3-cachyos-trim9-tuned/kernel/net/ipv6/netfilter/ip6t_ah.ko'
removed '/usr/lib/modules/7.1.3-cachyos-trim9-tuned/kernel/net/ipv6/netfilter/ip6t_eui64.ko'
removed '/usr/lib/modules/7.1.3-cachyos-trim9-tuned/kernel/net/ipv6/netfilter/ip6t_frag.ko'
removed '/usr/lib/modules/7.1.3-cachyos-trim9-tuned/kernel/net/ipv6/netfilter/ip6t_ipv6header.ko'
removed '/usr/lib/modules/7.1.3-cachyos-trim9-tuned/kernel/net/ipv6/netfilter/ip6t_mh.ko'
removed '/usr/lib/modules/7.1.3-cachyos-trim9-tuned/kernel/net/ipv6/netfilter/ip6t_hbh.ko'
removed '/usr/lib/modules/7.1.3-cachyos-trim9-tuned/kernel/net/ipv6/netfilter/ip6t_rpfilter.ko'
removed '/usr/lib/modules/7.1.3-cachyos-trim9-tuned/kernel/net/ipv6/netfilter/ip6t_rt.ko'
removed '/usr/lib/modules/7.1.3-cachyos-trim9-tuned/kernel/net/ipv6/netfilter/ip6t_srh.ko'
removed '/usr/lib/modules/7.1.3-cachyos-trim9-tuned/kernel/net/ipv6/netfilter/ip6t_NPT.ko'
removed '/usr/lib/modules/7.1.3-cachyos-trim9-tuned/kernel/net/ipv6/netfilter/ip6t_REJECT.ko'
removed '/usr/lib/modules/7.1.3-cachyos-trim9-tuned/kernel/net/ipv6/netfilter/ip6t_SYNPROXY.ko'
removed directory '/usr/lib/modules/7.1.3-cachyos-trim9-tuned/kernel/net/ipv6/netfilter'
removed '/usr/lib/modules/7.1.3-cachyos-trim9-tuned/kernel/net/ipv6/ah6.ko'
removed '/usr/lib/modules/7.1.3-cachyos-trim9-tuned/kernel/net/ipv6/esp6.ko'
removed '/usr/lib/modules/7.1.3-cachyos-trim9-tuned/kernel/net/ipv6/esp6_offload.ko'
removed '/usr/lib/modules/7.1.3-cachyos-trim9-tuned/kernel/net/ipv6/ipcomp6.ko'
removed '/usr/lib/modules/7.1.3-cachyos-trim9-tuned/kernel/net/ipv6/xfrm6_tunnel.ko'
removed '/usr/lib/modules/7.1.3-cachyos-trim9-tuned/kernel/net/ipv6/tunnel6.ko'
removed '/usr/lib/modules/7.1.3-cachyos-trim9-tuned/kernel/net/ipv6/mip6.ko'
removed '/usr/lib/modules/7.1.3-cachyos-trim9-tuned/kernel/net/ipv6/ip6_vti.ko'
removed '/usr/lib/modules/7.1.3-cachyos-trim9-tuned/kernel/net/ipv6/sit.ko'
removed '/usr/lib/modules/7.1.3-cachyos-trim9-tuned/kernel/net/ipv6/ip6_tunnel.ko'
removed '/usr/lib/modules/7.1.3-cachyos-trim9-tuned/kernel/net/ipv6/ip6_gre.ko'
removed '/usr/lib/modules/7.1.3-cachyos-trim9-tuned/kernel/net/ipv6/fou6.ko'
removed '/usr/lib/modules/7.1.3-cachyos-trim9-tuned/kernel/net/ipv6/ip6_udp_tunnel.ko'
removed directory '/usr/lib/modules/7.1.3-cachyos-trim9-tuned/kernel/net/ipv6'
removed '/usr/lib/modules/7.1.3-cachyos-trim9-tuned/kernel/net/key/af_key.ko'
removed directory '/usr/lib/modules/7.1.3-cachyos-trim9-tuned/kernel/net/key'
removed '/usr/lib/modules/7.1.3-cachyos-trim9-tuned/kernel/net/llc/llc.ko'
removed directory '/usr/lib/modules/7.1.3-cachyos-trim9-tuned/kernel/net/llc'
removed '/usr/lib/modules/7.1.3-cachyos-trim9-tuned/kernel/net/mac80211/mac80211.ko'
removed directory '/usr/lib/modules/7.1.3-cachyos-trim9-tuned/kernel/net/mac80211'
removed '/usr/lib/modules/7.1.3-cachyos-trim9-tuned/kernel/net/netfilter/ipset/ip_set.ko'
removed '/usr/lib/modules/7.1.3-cachyos-trim9-tuned/kernel/net/netfilter/ipset/ip_set_bitmap_ip.ko'
removed '/usr/lib/modules/7.1.3-cachyos-trim9-tuned/kernel/net/netfilter/ipset/ip_set_bitmap_ipmac.ko'
removed '/usr/lib/modules/7.1.3-cachyos-trim9-tuned/kernel/net/netfilter/ipset/ip_set_bitmap_port.ko'
removed '/usr/lib/modules/7.1.3-cachyos-trim9-tuned/kernel/net/netfilter/ipset/ip_set_hash_ipmac.ko'
removed '/usr/lib/modules/7.1.3-cachyos-trim9-tuned/kernel/net/netfilter/ipset/ip_set_hash_ip.ko'
removed '/usr/lib/modules/7.1.3-cachyos-trim9-tuned/kernel/net/netfilter/ipset/ip_set_hash_ipmark.ko'
removed '/usr/lib/modules/7.1.3-cachyos-trim9-tuned/kernel/net/netfilter/ipset/ip_set_hash_ipport.ko'
removed '/usr/lib/modules/7.1.3-cachyos-trim9-tuned/kernel/net/netfilter/ipset/ip_set_hash_ipportip.ko'
removed '/usr/lib/modules/7.1.3-cachyos-trim9-tuned/kernel/net/netfilter/ipset/ip_set_hash_ipportnet.ko'
removed '/usr/lib/modules/7.1.3-cachyos-trim9-tuned/kernel/net/netfilter/ipset/ip_set_hash_mac.ko'
removed '/usr/lib/modules/7.1.3-cachyos-trim9-tuned/kernel/net/netfilter/ipset/ip_set_hash_net.ko'
removed '/usr/lib/modules/7.1.3-cachyos-trim9-tuned/kernel/net/netfilter/ipset/ip_set_hash_netport.ko'
removed '/usr/lib/modules/7.1.3-cachyos-trim9-tuned/kernel/net/netfilter/ipset/ip_set_hash_netiface.ko'
removed '/usr/lib/modules/7.1.3-cachyos-trim9-tuned/kernel/net/netfilter/ipset/ip_set_hash_netnet.ko'
removed '/usr/lib/modules/7.1.3-cachyos-trim9-tuned/kernel/net/netfilter/ipset/ip_set_hash_netportnet.ko'
removed '/usr/lib/modules/7.1.3-cachyos-trim9-tuned/kernel/net/netfilter/ipset/ip_set_list_set.ko'
removed directory '/usr/lib/modules/7.1.3-cachyos-trim9-tuned/kernel/net/netfilter/ipset'
removed '/usr/lib/modules/7.1.3-cachyos-trim9-tuned/kernel/net/netfilter/nfnetlink.ko'
removed '/usr/lib/modules/7.1.3-cachyos-trim9-tuned/kernel/net/netfilter/nfnetlink_acct.ko'
removed '/usr/lib/modules/7.1.3-cachyos-trim9-tuned/kernel/net/netfilter/nfnetlink_queue.ko'
removed '/usr/lib/modules/7.1.3-cachyos-trim9-tuned/kernel/net/netfilter/nfnetlink_log.ko'
removed '/usr/lib/modules/7.1.3-cachyos-trim9-tuned/kernel/net/netfilter/nfnetlink_osf.ko'
removed '/usr/lib/modules/7.1.3-cachyos-trim9-tuned/kernel/net/netfilter/nfnetlink_hook.ko'
removed '/usr/lib/modules/7.1.3-cachyos-trim9-tuned/kernel/net/netfilter/nf_conntrack.ko'
removed '/usr/lib/modules/7.1.3-cachyos-trim9-tuned/kernel/net/netfilter/nf_conntrack_netlink.ko'
removed '/usr/lib/modules/7.1.3-cachyos-trim9-tuned/kernel/net/netfilter/nfnetlink_cttimeout.ko'
removed '/usr/lib/modules/7.1.3-cachyos-trim9-tuned/kernel/net/netfilter/nfnetlink_cthelper.ko'
removed '/usr/lib/modules/7.1.3-cachyos-trim9-tuned/kernel/net/netfilter/nf_conntrack_amanda.ko'
removed '/usr/lib/modules/7.1.3-cachyos-trim9-tuned/kernel/net/netfilter/nf_conntrack_ftp.ko'
removed '/usr/lib/modules/7.1.3-cachyos-trim9-tuned/kernel/net/netfilter/nf_conntrack_h323.ko'
removed '/usr/lib/modules/7.1.3-cachyos-trim9-tuned/kernel/net/netfilter/nf_conntrack_irc.ko'
removed '/usr/lib/modules/7.1.3-cachyos-trim9-tuned/kernel/net/netfilter/nf_conntrack_broadcast.ko'
removed '/usr/lib/modules/7.1.3-cachyos-trim9-tuned/kernel/net/netfilter/nf_conntrack_netbios_ns.ko'
removed '/usr/lib/modules/7.1.3-cachyos-trim9-tuned/kernel/net/netfilter/nf_conntrack_snmp.ko'
removed '/usr/lib/modules/7.1.3-cachyos-trim9-tuned/kernel/net/netfilter/nf_conntrack_pptp.ko'
removed '/usr/lib/modules/7.1.3-cachyos-trim9-tuned/kernel/net/netfilter/nf_conntrack_sane.ko'
removed '/usr/lib/modules/7.1.3-cachyos-trim9-tuned/kernel/net/netfilter/nf_conntrack_sip.ko'
removed '/usr/lib/modules/7.1.3-cachyos-trim9-tuned/kernel/net/netfilter/nf_conntrack_tftp.ko'
removed '/usr/lib/modules/7.1.3-cachyos-trim9-tuned/kernel/net/netfilter/nf_log_syslog.ko'
removed '/usr/lib/modules/7.1.3-cachyos-trim9-tuned/kernel/net/netfilter/nf_nat.ko'
removed '/usr/lib/modules/7.1.3-cachyos-trim9-tuned/kernel/net/netfilter/nf_nat_amanda.ko'
removed '/usr/lib/modules/7.1.3-cachyos-trim9-tuned/kernel/net/netfilter/nf_nat_ftp.ko'
removed '/usr/lib/modules/7.1.3-cachyos-trim9-tuned/kernel/net/netfilter/nf_nat_irc.ko'
removed '/usr/lib/modules/7.1.3-cachyos-trim9-tuned/kernel/net/netfilter/nf_nat_sip.ko'
removed '/usr/lib/modules/7.1.3-cachyos-trim9-tuned/kernel/net/netfilter/nf_nat_tftp.ko'
removed '/usr/lib/modules/7.1.3-cachyos-trim9-tuned/kernel/net/netfilter/nf_synproxy_core.ko'
removed '/usr/lib/modules/7.1.3-cachyos-trim9-tuned/kernel/net/netfilter/nf_conncount.ko'
removed '/usr/lib/modules/7.1.3-cachyos-trim9-tuned/kernel/net/netfilter/nf_dup_netdev.ko'
removed '/usr/lib/modules/7.1.3-cachyos-trim9-tuned/kernel/net/netfilter/nf_tables.ko'
removed '/usr/lib/modules/7.1.3-cachyos-trim9-tuned/kernel/net/netfilter/nft_compat.ko'
removed '/usr/lib/modules/7.1.3-cachyos-trim9-tuned/kernel/net/netfilter/nft_connlimit.ko'
removed '/usr/lib/modules/7.1.3-cachyos-trim9-tuned/kernel/net/netfilter/nft_numgen.ko'
removed '/usr/lib/modules/7.1.3-cachyos-trim9-tuned/kernel/net/netfilter/nft_ct.ko'
removed '/usr/lib/modules/7.1.3-cachyos-trim9-tuned/kernel/net/netfilter/nft_flow_offload.ko'
removed '/usr/lib/modules/7.1.3-cachyos-trim9-tuned/kernel/net/netfilter/nft_limit.ko'
removed '/usr/lib/modules/7.1.3-cachyos-trim9-tuned/kernel/net/netfilter/nft_nat.ko'
removed '/usr/lib/modules/7.1.3-cachyos-trim9-tuned/kernel/net/netfilter/nft_queue.ko'
removed '/usr/lib/modules/7.1.3-cachyos-trim9-tuned/kernel/net/netfilter/nft_quota.ko'
removed '/usr/lib/modules/7.1.3-cachyos-trim9-tuned/kernel/net/netfilter/nft_reject.ko'
removed '/usr/lib/modules/7.1.3-cachyos-trim9-tuned/kernel/net/netfilter/nft_reject_inet.ko'
removed '/usr/lib/modules/7.1.3-cachyos-trim9-tuned/kernel/net/netfilter/nft_reject_netdev.ko'
removed '/usr/lib/modules/7.1.3-cachyos-trim9-tuned/kernel/net/netfilter/nft_tunnel.ko'
removed '/usr/lib/modules/7.1.3-cachyos-trim9-tuned/kernel/net/netfilter/nft_log.ko'
removed '/usr/lib/modules/7.1.3-cachyos-trim9-tuned/kernel/net/netfilter/nft_masq.ko'
removed '/usr/lib/modules/7.1.3-cachyos-trim9-tuned/kernel/net/netfilter/nft_redir.ko'
removed '/usr/lib/modules/7.1.3-cachyos-trim9-tuned/kernel/net/netfilter/nft_hash.ko'
removed '/usr/lib/modules/7.1.3-cachyos-trim9-tuned/kernel/net/netfilter/nft_fib.ko'
removed '/usr/lib/modules/7.1.3-cachyos-trim9-tuned/kernel/net/netfilter/nft_fib_inet.ko'
removed '/usr/lib/modules/7.1.3-cachyos-trim9-tuned/kernel/net/netfilter/nft_fib_netdev.ko'
removed '/usr/lib/modules/7.1.3-cachyos-trim9-tuned/kernel/net/netfilter/nft_socket.ko'
removed '/usr/lib/modules/7.1.3-cachyos-trim9-tuned/kernel/net/netfilter/nft_osf.ko'
removed '/usr/lib/modules/7.1.3-cachyos-trim9-tuned/kernel/net/netfilter/nft_tproxy.ko'
removed '/usr/lib/modules/7.1.3-cachyos-trim9-tuned/kernel/net/netfilter/nft_xfrm.ko'
removed '/usr/lib/modules/7.1.3-cachyos-trim9-tuned/kernel/net/netfilter/nft_synproxy.ko'
removed '/usr/lib/modules/7.1.3-cachyos-trim9-tuned/kernel/net/netfilter/nft_chain_nat.ko'
removed '/usr/lib/modules/7.1.3-cachyos-trim9-tuned/kernel/net/netfilter/nft_dup_netdev.ko'
removed '/usr/lib/modules/7.1.3-cachyos-trim9-tuned/kernel/net/netfilter/nft_fwd_netdev.ko'
removed '/usr/lib/modules/7.1.3-cachyos-trim9-tuned/kernel/net/netfilter/nf_flow_table.ko'
removed '/usr/lib/modules/7.1.3-cachyos-trim9-tuned/kernel/net/netfilter/nf_flow_table_inet.ko'
removed '/usr/lib/modules/7.1.3-cachyos-trim9-tuned/kernel/net/netfilter/x_tables.ko'
removed '/usr/lib/modules/7.1.3-cachyos-trim9-tuned/kernel/net/netfilter/xt_tcpudp.ko'
removed '/usr/lib/modules/7.1.3-cachyos-trim9-tuned/kernel/net/netfilter/xt_mark.ko'
removed '/usr/lib/modules/7.1.3-cachyos-trim9-tuned/kernel/net/netfilter/xt_connmark.ko'
removed '/usr/lib/modules/7.1.3-cachyos-trim9-tuned/kernel/net/netfilter/xt_set.ko'
removed '/usr/lib/modules/7.1.3-cachyos-trim9-tuned/kernel/net/netfilter/xt_nat.ko'
removed '/usr/lib/modules/7.1.3-cachyos-trim9-tuned/kernel/net/netfilter/xt_CHECKSUM.ko'
removed '/usr/lib/modules/7.1.3-cachyos-trim9-tuned/kernel/net/netfilter/xt_CLASSIFY.ko'
removed '/usr/lib/modules/7.1.3-cachyos-trim9-tuned/kernel/net/netfilter/xt_CT.ko'
removed '/usr/lib/modules/7.1.3-cachyos-trim9-tuned/kernel/net/netfilter/xt_DSCP.ko'
removed '/usr/lib/modules/7.1.3-cachyos-trim9-tuned/kernel/net/netfilter/xt_HL.ko'
removed '/usr/lib/modules/7.1.3-cachyos-trim9-tuned/kernel/net/netfilter/xt_HMARK.ko'
removed '/usr/lib/modules/7.1.3-cachyos-trim9-tuned/kernel/net/netfilter/xt_LED.ko'
removed '/usr/lib/modules/7.1.3-cachyos-trim9-tuned/kernel/net/netfilter/xt_LOG.ko'
removed '/usr/lib/modules/7.1.3-cachyos-trim9-tuned/kernel/net/netfilter/xt_NETMAP.ko'
removed '/usr/lib/modules/7.1.3-cachyos-trim9-tuned/kernel/net/netfilter/xt_NFLOG.ko'
removed '/usr/lib/modules/7.1.3-cachyos-trim9-tuned/kernel/net/netfilter/xt_NFQUEUE.ko'
removed '/usr/lib/modules/7.1.3-cachyos-trim9-tuned/kernel/net/netfilter/xt_RATEEST.ko'
removed '/usr/lib/modules/7.1.3-cachyos-trim9-tuned/kernel/net/netfilter/xt_REDIRECT.ko'
removed '/usr/lib/modules/7.1.3-cachyos-trim9-tuned/kernel/net/netfilter/xt_MASQUERADE.ko'
removed '/usr/lib/modules/7.1.3-cachyos-trim9-tuned/kernel/net/netfilter/xt_TPROXY.ko'
removed '/usr/lib/modules/7.1.3-cachyos-trim9-tuned/kernel/net/netfilter/xt_TCPMSS.ko'
removed '/usr/lib/modules/7.1.3-cachyos-trim9-tuned/kernel/net/netfilter/xt_TCPOPTSTRIP.ko'
removed '/usr/lib/modules/7.1.3-cachyos-trim9-tuned/kernel/net/netfilter/xt_TEE.ko'
removed '/usr/lib/modules/7.1.3-cachyos-trim9-tuned/kernel/net/netfilter/xt_TRACE.ko'
removed '/usr/lib/modules/7.1.3-cachyos-trim9-tuned/kernel/net/netfilter/xt_IDLETIMER.ko'
removed '/usr/lib/modules/7.1.3-cachyos-trim9-tuned/kernel/net/netfilter/xt_addrtype.ko'
removed '/usr/lib/modules/7.1.3-cachyos-trim9-tuned/kernel/net/netfilter/xt_bpf.ko'
removed '/usr/lib/modules/7.1.3-cachyos-trim9-tuned/kernel/net/netfilter/xt_cluster.ko'
removed '/usr/lib/modules/7.1.3-cachyos-trim9-tuned/kernel/net/netfilter/xt_comment.ko'
removed '/usr/lib/modules/7.1.3-cachyos-trim9-tuned/kernel/net/netfilter/xt_connbytes.ko'
removed '/usr/lib/modules/7.1.3-cachyos-trim9-tuned/kernel/net/netfilter/xt_connlabel.ko'
removed '/usr/lib/modules/7.1.3-cachyos-trim9-tuned/kernel/net/netfilter/xt_connlimit.ko'
removed '/usr/lib/modules/7.1.3-cachyos-trim9-tuned/kernel/net/netfilter/xt_conntrack.ko'
removed '/usr/lib/modules/7.1.3-cachyos-trim9-tuned/kernel/net/netfilter/xt_cpu.ko'
removed '/usr/lib/modules/7.1.3-cachyos-trim9-tuned/kernel/net/netfilter/xt_dccp.ko'
removed '/usr/lib/modules/7.1.3-cachyos-trim9-tuned/kernel/net/netfilter/xt_devgroup.ko'
removed '/usr/lib/modules/7.1.3-cachyos-trim9-tuned/kernel/net/netfilter/xt_dscp.ko'
removed '/usr/lib/modules/7.1.3-cachyos-trim9-tuned/kernel/net/netfilter/xt_ecn.ko'
removed '/usr/lib/modules/7.1.3-cachyos-trim9-tuned/kernel/net/netfilter/xt_esp.ko'
removed '/usr/lib/modules/7.1.3-cachyos-trim9-tuned/kernel/net/netfilter/xt_hashlimit.ko'
removed '/usr/lib/modules/7.1.3-cachyos-trim9-tuned/kernel/net/netfilter/xt_helper.ko'
removed '/usr/lib/modules/7.1.3-cachyos-trim9-tuned/kernel/net/netfilter/xt_hl.ko'
removed '/usr/lib/modules/7.1.3-cachyos-trim9-tuned/kernel/net/netfilter/xt_ipcomp.ko'
removed '/usr/lib/modules/7.1.3-cachyos-trim9-tuned/kernel/net/netfilter/xt_iprange.ko'
removed '/usr/lib/modules/7.1.3-cachyos-trim9-tuned/kernel/net/netfilter/xt_l2tp.ko'
removed '/usr/lib/modules/7.1.3-cachyos-trim9-tuned/kernel/net/netfilter/xt_length.ko'
removed '/usr/lib/modules/7.1.3-cachyos-trim9-tuned/kernel/net/netfilter/xt_limit.ko'
removed '/usr/lib/modules/7.1.3-cachyos-trim9-tuned/kernel/net/netfilter/xt_mac.ko'
removed '/usr/lib/modules/7.1.3-cachyos-trim9-tuned/kernel/net/netfilter/xt_multiport.ko'
removed '/usr/lib/modules/7.1.3-cachyos-trim9-tuned/kernel/net/netfilter/xt_nfacct.ko'
removed '/usr/lib/modules/7.1.3-cachyos-trim9-tuned/kernel/net/netfilter/xt_osf.ko'
removed '/usr/lib/modules/7.1.3-cachyos-trim9-tuned/kernel/net/netfilter/xt_owner.ko'
removed '/usr/lib/modules/7.1.3-cachyos-trim9-tuned/kernel/net/netfilter/xt_cgroup.ko'
removed '/usr/lib/modules/7.1.3-cachyos-trim9-tuned/kernel/net/netfilter/xt_physdev.ko'
removed '/usr/lib/modules/7.1.3-cachyos-trim9-tuned/kernel/net/netfilter/xt_pkttype.ko'
removed '/usr/lib/modules/7.1.3-cachyos-trim9-tuned/kernel/net/netfilter/xt_policy.ko'
removed '/usr/lib/modules/7.1.3-cachyos-trim9-tuned/kernel/net/netfilter/xt_quota.ko'
removed '/usr/lib/modules/7.1.3-cachyos-trim9-tuned/kernel/net/netfilter/xt_rateest.ko'
removed '/usr/lib/modules/7.1.3-cachyos-trim9-tuned/kernel/net/netfilter/xt_realm.ko'
removed '/usr/lib/modules/7.1.3-cachyos-trim9-tuned/kernel/net/netfilter/xt_recent.ko'
removed '/usr/lib/modules/7.1.3-cachyos-trim9-tuned/kernel/net/netfilter/xt_sctp.ko'
removed '/usr/lib/modules/7.1.3-cachyos-trim9-tuned/kernel/net/netfilter/xt_socket.ko'
removed '/usr/lib/modules/7.1.3-cachyos-trim9-tuned/kernel/net/netfilter/xt_state.ko'
removed '/usr/lib/modules/7.1.3-cachyos-trim9-tuned/kernel/net/netfilter/xt_statistic.ko'
removed '/usr/lib/modules/7.1.3-cachyos-trim9-tuned/kernel/net/netfilter/xt_string.ko'
removed '/usr/lib/modules/7.1.3-cachyos-trim9-tuned/kernel/net/netfilter/xt_tcpmss.ko'
removed '/usr/lib/modules/7.1.3-cachyos-trim9-tuned/kernel/net/netfilter/xt_time.ko'
removed '/usr/lib/modules/7.1.3-cachyos-trim9-tuned/kernel/net/netfilter/xt_u32.ko'
removed directory '/usr/lib/modules/7.1.3-cachyos-trim9-tuned/kernel/net/netfilter'
removed '/usr/lib/modules/7.1.3-cachyos-trim9-tuned/kernel/net/netlink/netlink_diag.ko'
removed directory '/usr/lib/modules/7.1.3-cachyos-trim9-tuned/kernel/net/netlink'
removed '/usr/lib/modules/7.1.3-cachyos-trim9-tuned/kernel/net/nsh/nsh.ko'
removed directory '/usr/lib/modules/7.1.3-cachyos-trim9-tuned/kernel/net/nsh'
removed '/usr/lib/modules/7.1.3-cachyos-trim9-tuned/kernel/net/packet/af_packet_diag.ko'
removed directory '/usr/lib/modules/7.1.3-cachyos-trim9-tuned/kernel/net/packet'
removed '/usr/lib/modules/7.1.3-cachyos-trim9-tuned/kernel/net/psample/psample.ko'
removed directory '/usr/lib/modules/7.1.3-cachyos-trim9-tuned/kernel/net/psample'
removed '/usr/lib/modules/7.1.3-cachyos-trim9-tuned/kernel/net/qrtr/qrtr.ko'
removed '/usr/lib/modules/7.1.3-cachyos-trim9-tuned/kernel/net/qrtr/qrtr-tun.ko'
removed directory '/usr/lib/modules/7.1.3-cachyos-trim9-tuned/kernel/net/qrtr'
removed '/usr/lib/modules/7.1.3-cachyos-trim9-tuned/kernel/net/rfkill/rfkill.ko'
removed '/usr/lib/modules/7.1.3-cachyos-trim9-tuned/kernel/net/rfkill/rfkill-gpio.ko'
removed directory '/usr/lib/modules/7.1.3-cachyos-trim9-tuned/kernel/net/rfkill'
removed '/usr/lib/modules/7.1.3-cachyos-trim9-tuned/kernel/net/tls/tls.ko'
removed directory '/usr/lib/modules/7.1.3-cachyos-trim9-tuned/kernel/net/tls'
removed '/usr/lib/modules/7.1.3-cachyos-trim9-tuned/kernel/net/unix/unix_diag.ko'
removed directory '/usr/lib/modules/7.1.3-cachyos-trim9-tuned/kernel/net/unix'
removed '/usr/lib/modules/7.1.3-cachyos-trim9-tuned/kernel/net/vmw_vsock/vsock.ko'
removed '/usr/lib/modules/7.1.3-cachyos-trim9-tuned/kernel/net/vmw_vsock/vsock_diag.ko'
removed '/usr/lib/modules/7.1.3-cachyos-trim9-tuned/kernel/net/vmw_vsock/vmw_vsock_virtio_transport_common.ko'
removed '/usr/lib/modules/7.1.3-cachyos-trim9-tuned/kernel/net/vmw_vsock/vsock_loopback.ko'
removed directory '/usr/lib/modules/7.1.3-cachyos-trim9-tuned/kernel/net/vmw_vsock'
removed '/usr/lib/modules/7.1.3-cachyos-trim9-tuned/kernel/net/wireless/cfg80211.ko'
removed directory '/usr/lib/modules/7.1.3-cachyos-trim9-tuned/kernel/net/wireless'
removed '/usr/lib/modules/7.1.3-cachyos-trim9-tuned/kernel/net/xdp/xsk_diag.ko'
removed directory '/usr/lib/modules/7.1.3-cachyos-trim9-tuned/kernel/net/xdp'
removed '/usr/lib/modules/7.1.3-cachyos-trim9-tuned/kernel/net/xfrm/xfrm_algo.ko'
removed '/usr/lib/modules/7.1.3-cachyos-trim9-tuned/kernel/net/xfrm/xfrm_ipcomp.ko'
removed '/usr/lib/modules/7.1.3-cachyos-trim9-tuned/kernel/net/xfrm/xfrm_iptfs.ko'
removed directory '/usr/lib/modules/7.1.3-cachyos-trim9-tuned/kernel/net/xfrm'
removed directory '/usr/lib/modules/7.1.3-cachyos-trim9-tuned/kernel/net'
removed '/usr/lib/modules/7.1.3-cachyos-trim9-tuned/kernel/sound/core/snd.ko'
removed '/usr/lib/modules/7.1.3-cachyos-trim9-tuned/kernel/sound/core/snd-ctl-led.ko'
removed '/usr/lib/modules/7.1.3-cachyos-trim9-tuned/kernel/sound/core/snd-hwdep.ko'
removed '/usr/lib/modules/7.1.3-cachyos-trim9-tuned/kernel/sound/core/snd-timer.ko'
removed '/usr/lib/modules/7.1.3-cachyos-trim9-tuned/kernel/sound/core/snd-hrtimer.ko'
removed '/usr/lib/modules/7.1.3-cachyos-trim9-tuned/kernel/sound/core/snd-pcm.ko'
removed '/usr/lib/modules/7.1.3-cachyos-trim9-tuned/kernel/sound/core/snd-rawmidi.ko'
removed '/usr/lib/modules/7.1.3-cachyos-trim9-tuned/kernel/sound/core/snd-ump.ko'
removed '/usr/lib/modules/7.1.3-cachyos-trim9-tuned/kernel/sound/core/snd-compress.ko'
removed directory '/usr/lib/modules/7.1.3-cachyos-trim9-tuned/kernel/sound/core'
removed '/usr/lib/modules/7.1.3-cachyos-trim9-tuned/kernel/sound/drivers/mpu401/snd-mpu401-uart.ko'
removed '/usr/lib/modules/7.1.3-cachyos-trim9-tuned/kernel/sound/drivers/mpu401/snd-mpu401.ko'
removed directory '/usr/lib/modules/7.1.3-cachyos-trim9-tuned/kernel/sound/drivers/mpu401'
removed '/usr/lib/modules/7.1.3-cachyos-trim9-tuned/kernel/sound/drivers/snd-dummy.ko'
removed '/usr/lib/modules/7.1.3-cachyos-trim9-tuned/kernel/sound/drivers/snd-aloop.ko'
removed '/usr/lib/modules/7.1.3-cachyos-trim9-tuned/kernel/sound/drivers/snd-pcmtest.ko'
removed '/usr/lib/modules/7.1.3-cachyos-trim9-tuned/kernel/sound/drivers/snd-mtpav.ko'
removed '/usr/lib/modules/7.1.3-cachyos-trim9-tuned/kernel/sound/drivers/snd-serial-u16550.ko'
removed directory '/usr/lib/modules/7.1.3-cachyos-trim9-tuned/kernel/sound/drivers'
removed '/usr/lib/modules/7.1.3-cachyos-trim9-tuned/kernel/sound/hda/codecs/cirrus/snd-hda-codec-cs420x.ko'
removed '/usr/lib/modules/7.1.3-cachyos-trim9-tuned/kernel/sound/hda/codecs/cirrus/snd-hda-codec-cs421x.ko'
removed '/usr/lib/modules/7.1.3-cachyos-trim9-tuned/kernel/sound/hda/codecs/cirrus/snd-hda-codec-cs8409.ko'
removed directory '/usr/lib/modules/7.1.3-cachyos-trim9-tuned/kernel/sound/hda/codecs/cirrus'
removed '/usr/lib/modules/7.1.3-cachyos-trim9-tuned/kernel/sound/hda/codecs/hdmi/snd-hda-codec-hdmi.ko'
removed '/usr/lib/modules/7.1.3-cachyos-trim9-tuned/kernel/sound/hda/codecs/hdmi/snd-hda-codec-simplehdmi.ko'
removed '/usr/lib/modules/7.1.3-cachyos-trim9-tuned/kernel/sound/hda/codecs/hdmi/snd-hda-codec-intelhdmi.ko'
removed '/usr/lib/modules/7.1.3-cachyos-trim9-tuned/kernel/sound/hda/codecs/hdmi/snd-hda-codec-atihdmi.ko'
removed '/usr/lib/modules/7.1.3-cachyos-trim9-tuned/kernel/sound/hda/codecs/hdmi/snd-hda-codec-nvhdmi-mcp.ko'
removed '/usr/lib/modules/7.1.3-cachyos-trim9-tuned/kernel/sound/hda/codecs/hdmi/snd-hda-codec-nvhdmi.ko'
removed '/usr/lib/modules/7.1.3-cachyos-trim9-tuned/kernel/sound/hda/codecs/hdmi/snd-hda-codec-tegrahdmi.ko'
removed directory '/usr/lib/modules/7.1.3-cachyos-trim9-tuned/kernel/sound/hda/codecs/hdmi'
removed '/usr/lib/modules/7.1.3-cachyos-trim9-tuned/kernel/sound/hda/codecs/realtek/snd-hda-codec-realtek-lib.ko'
removed '/usr/lib/modules/7.1.3-cachyos-trim9-tuned/kernel/sound/hda/codecs/realtek/snd-hda-codec-alc260.ko'
removed '/usr/lib/modules/7.1.3-cachyos-trim9-tuned/kernel/sound/hda/codecs/realtek/snd-hda-codec-alc262.ko'
removed '/usr/lib/modules/7.1.3-cachyos-trim9-tuned/kernel/sound/hda/codecs/realtek/snd-hda-codec-alc268.ko'
removed '/usr/lib/modules/7.1.3-cachyos-trim9-tuned/kernel/sound/hda/codecs/realtek/snd-hda-codec-alc269.ko'
removed '/usr/lib/modules/7.1.3-cachyos-trim9-tuned/kernel/sound/hda/codecs/realtek/snd-hda-codec-alc662.ko'
removed '/usr/lib/modules/7.1.3-cachyos-trim9-tuned/kernel/sound/hda/codecs/realtek/snd-hda-codec-alc680.ko'
removed '/usr/lib/modules/7.1.3-cachyos-trim9-tuned/kernel/sound/hda/codecs/realtek/snd-hda-codec-alc861.ko'
removed '/usr/lib/modules/7.1.3-cachyos-trim9-tuned/kernel/sound/hda/codecs/realtek/snd-hda-codec-alc861vd.ko'
removed '/usr/lib/modules/7.1.3-cachyos-trim9-tuned/kernel/sound/hda/codecs/realtek/snd-hda-codec-alc880.ko'
removed '/usr/lib/modules/7.1.3-cachyos-trim9-tuned/kernel/sound/hda/codecs/realtek/snd-hda-codec-alc882.ko'
removed directory '/usr/lib/modules/7.1.3-cachyos-trim9-tuned/kernel/sound/hda/codecs/realtek'
removed '/usr/lib/modules/7.1.3-cachyos-trim9-tuned/kernel/sound/hda/codecs/side-codecs/snd-hda-cirrus-scodec.ko'
removed '/usr/lib/modules/7.1.3-cachyos-trim9-tuned/kernel/sound/hda/codecs/side-codecs/snd-hda-scodec-cs35l41.ko'
removed '/usr/lib/modules/7.1.3-cachyos-trim9-tuned/kernel/sound/hda/codecs/side-codecs/snd-hda-scodec-cs35l41-i2c.ko'
removed '/usr/lib/modules/7.1.3-cachyos-trim9-tuned/kernel/sound/hda/codecs/side-codecs/snd-hda-scodec-cs35l41-spi.ko'
removed '/usr/lib/modules/7.1.3-cachyos-trim9-tuned/kernel/sound/hda/codecs/side-codecs/snd-hda-scodec-cs35l56.ko'
removed '/usr/lib/modules/7.1.3-cachyos-trim9-tuned/kernel/sound/hda/codecs/side-codecs/snd-hda-scodec-cs35l56-i2c.ko'
removed '/usr/lib/modules/7.1.3-cachyos-trim9-tuned/kernel/sound/hda/codecs/side-codecs/snd-hda-scodec-cs35l56-spi.ko'
removed '/usr/lib/modules/7.1.3-cachyos-trim9-tuned/kernel/sound/hda/codecs/side-codecs/snd-hda-scodec-component.ko'
removed '/usr/lib/modules/7.1.3-cachyos-trim9-tuned/kernel/sound/hda/codecs/side-codecs/snd-hda-scodec-tas2781.ko'
removed '/usr/lib/modules/7.1.3-cachyos-trim9-tuned/kernel/sound/hda/codecs/side-codecs/snd-hda-scodec-tas2781-i2c.ko'
removed '/usr/lib/modules/7.1.3-cachyos-trim9-tuned/kernel/sound/hda/codecs/side-codecs/snd-hda-scodec-tas2781-spi.ko'
removed '/usr/lib/modules/7.1.3-cachyos-trim9-tuned/kernel/sound/hda/codecs/side-codecs/snd-hda-scodec-max98390.ko'
removed '/usr/lib/modules/7.1.3-cachyos-trim9-tuned/kernel/sound/hda/codecs/side-codecs/snd-hda-scodec-max98390-i2c.ko'
removed '/usr/lib/modules/7.1.3-cachyos-trim9-tuned/kernel/sound/hda/codecs/side-codecs/snd-hda-scodec-aw88399.ko'
removed '/usr/lib/modules/7.1.3-cachyos-trim9-tuned/kernel/sound/hda/codecs/side-codecs/snd-hda-scodec-aw88399-i2c.ko'
removed directory '/usr/lib/modules/7.1.3-cachyos-trim9-tuned/kernel/sound/hda/codecs/side-codecs'
removed '/usr/lib/modules/7.1.3-cachyos-trim9-tuned/kernel/sound/hda/codecs/snd-hda-codec-generic.ko'
removed '/usr/lib/modules/7.1.3-cachyos-trim9-tuned/kernel/sound/hda/codecs/snd-hda-codec-cmedia.ko'
removed '/usr/lib/modules/7.1.3-cachyos-trim9-tuned/kernel/sound/hda/codecs/snd-hda-codec-cm9825.ko'
removed '/usr/lib/modules/7.1.3-cachyos-trim9-tuned/kernel/sound/hda/codecs/snd-hda-codec-analog.ko'
removed '/usr/lib/modules/7.1.3-cachyos-trim9-tuned/kernel/sound/hda/codecs/snd-hda-codec-ca0110.ko'
removed '/usr/lib/modules/7.1.3-cachyos-trim9-tuned/kernel/sound/hda/codecs/snd-hda-codec-ca0132.ko'
removed '/usr/lib/modules/7.1.3-cachyos-trim9-tuned/kernel/sound/hda/codecs/snd-hda-codec-conexant.ko'
removed '/usr/lib/modules/7.1.3-cachyos-trim9-tuned/kernel/sound/hda/codecs/snd-hda-codec-idt.ko'
removed '/usr/lib/modules/7.1.3-cachyos-trim9-tuned/kernel/sound/hda/codecs/snd-hda-codec-senarytech.ko'
removed '/usr/lib/modules/7.1.3-cachyos-trim9-tuned/kernel/sound/hda/codecs/snd-hda-codec-si3054.ko'
removed '/usr/lib/modules/7.1.3-cachyos-trim9-tuned/kernel/sound/hda/codecs/snd-hda-codec-via.ko'
removed directory '/usr/lib/modules/7.1.3-cachyos-trim9-tuned/kernel/sound/hda/codecs'
removed '/usr/lib/modules/7.1.3-cachyos-trim9-tuned/kernel/sound/hda/common/snd-hda-codec.ko'
removed directory '/usr/lib/modules/7.1.3-cachyos-trim9-tuned/kernel/sound/hda/common'
removed '/usr/lib/modules/7.1.3-cachyos-trim9-tuned/kernel/sound/hda/controllers/snd-hda-intel.ko'
removed '/usr/lib/modules/7.1.3-cachyos-trim9-tuned/kernel/sound/hda/controllers/snd-hda-acpi.ko'
removed directory '/usr/lib/modules/7.1.3-cachyos-trim9-tuned/kernel/sound/hda/controllers'
removed '/usr/lib/modules/7.1.3-cachyos-trim9-tuned/kernel/sound/hda/core/ext/snd-hda-ext-core.ko'
removed directory '/usr/lib/modules/7.1.3-cachyos-trim9-tuned/kernel/sound/hda/core/ext'
removed '/usr/lib/modules/7.1.3-cachyos-trim9-tuned/kernel/sound/hda/core/snd-hda-core.ko'
removed '/usr/lib/modules/7.1.3-cachyos-trim9-tuned/kernel/sound/hda/core/snd-intel-dspcfg.ko'
removed '/usr/lib/modules/7.1.3-cachyos-trim9-tuned/kernel/sound/hda/core/snd-intel-sdw-acpi.ko'
removed directory '/usr/lib/modules/7.1.3-cachyos-trim9-tuned/kernel/sound/hda/core'
removed directory '/usr/lib/modules/7.1.3-cachyos-trim9-tuned/kernel/sound/hda'
removed '/usr/lib/modules/7.1.3-cachyos-trim9-tuned/kernel/sound/soc/codecs/snd-soc-aw88395-lib.ko'
removed '/usr/lib/modules/7.1.3-cachyos-trim9-tuned/kernel/sound/soc/codecs/snd-soc-aw88399.ko'
removed '/usr/lib/modules/7.1.3-cachyos-trim9-tuned/kernel/sound/soc/codecs/snd-soc-cs-amp-lib.ko'
removed '/usr/lib/modules/7.1.3-cachyos-trim9-tuned/kernel/sound/soc/codecs/snd-soc-cs35l41-lib.ko'
removed '/usr/lib/modules/7.1.3-cachyos-trim9-tuned/kernel/sound/soc/codecs/snd-soc-cs35l56-shared.ko'
removed '/usr/lib/modules/7.1.3-cachyos-trim9-tuned/kernel/sound/soc/codecs/snd-soc-dmic.ko'
removed '/usr/lib/modules/7.1.3-cachyos-trim9-tuned/kernel/sound/soc/codecs/snd-soc-hdac-hda.ko'
removed '/usr/lib/modules/7.1.3-cachyos-trim9-tuned/kernel/sound/soc/codecs/snd-soc-hda-codec.ko'
removed '/usr/lib/modules/7.1.3-cachyos-trim9-tuned/kernel/sound/soc/codecs/snd-soc-max98390.ko'
removed '/usr/lib/modules/7.1.3-cachyos-trim9-tuned/kernel/sound/soc/codecs/snd-soc-pcm512x.ko'
removed '/usr/lib/modules/7.1.3-cachyos-trim9-tuned/kernel/sound/soc/codecs/snd-soc-pcm512x-i2c.ko'
removed '/usr/lib/modules/7.1.3-cachyos-trim9-tuned/kernel/sound/soc/codecs/snd-soc-pcm512x-spi.ko'
removed '/usr/lib/modules/7.1.3-cachyos-trim9-tuned/kernel/sound/soc/codecs/snd-soc-tas2781-comlib.ko'
removed '/usr/lib/modules/7.1.3-cachyos-trim9-tuned/kernel/sound/soc/codecs/snd-soc-tas2781-comlib-i2c.ko'
removed '/usr/lib/modules/7.1.3-cachyos-trim9-tuned/kernel/sound/soc/codecs/snd-soc-tas2781-fmwlib.ko'
removed directory '/usr/lib/modules/7.1.3-cachyos-trim9-tuned/kernel/sound/soc/codecs'
removed '/usr/lib/modules/7.1.3-cachyos-trim9-tuned/kernel/sound/soc/generic/snd-soc-simple-card-utils.ko'
removed '/usr/lib/modules/7.1.3-cachyos-trim9-tuned/kernel/sound/soc/generic/snd-soc-simple-card.ko'
removed directory '/usr/lib/modules/7.1.3-cachyos-trim9-tuned/kernel/sound/soc/generic'
removed '/usr/lib/modules/7.1.3-cachyos-trim9-tuned/kernel/sound/soc/intel/avs/boards/snd-soc-avs-dmic.ko'
removed '/usr/lib/modules/7.1.3-cachyos-trim9-tuned/kernel/sound/soc/intel/avs/boards/snd-soc-avs-hdaudio.ko'
removed directory '/usr/lib/modules/7.1.3-cachyos-trim9-tuned/kernel/sound/soc/intel/avs/boards'
removed '/usr/lib/modules/7.1.3-cachyos-trim9-tuned/kernel/sound/soc/intel/avs/snd-soc-avs.ko'
removed directory '/usr/lib/modules/7.1.3-cachyos-trim9-tuned/kernel/sound/soc/intel/avs'
removed '/usr/lib/modules/7.1.3-cachyos-trim9-tuned/kernel/sound/soc/intel/boards/snd-soc-skl_hda_dsp.ko'
removed '/usr/lib/modules/7.1.3-cachyos-trim9-tuned/kernel/sound/soc/intel/boards/snd-soc-intel-hda-dsp-common.ko'
removed '/usr/lib/modules/7.1.3-cachyos-trim9-tuned/kernel/sound/soc/intel/boards/snd-soc-intel-sof-board-helpers.ko'
removed directory '/usr/lib/modules/7.1.3-cachyos-trim9-tuned/kernel/sound/soc/intel/boards'
removed '/usr/lib/modules/7.1.3-cachyos-trim9-tuned/kernel/sound/soc/intel/common/snd-soc-acpi-intel-match.ko'
removed '/usr/lib/modules/7.1.3-cachyos-trim9-tuned/kernel/sound/soc/intel/common/snd-soc-acpi-intel-sdca-quirks.ko'
removed directory '/usr/lib/modules/7.1.3-cachyos-trim9-tuned/kernel/sound/soc/intel/common'
removed directory '/usr/lib/modules/7.1.3-cachyos-trim9-tuned/kernel/sound/soc/intel'
removed '/usr/lib/modules/7.1.3-cachyos-trim9-tuned/kernel/sound/soc/sdca/snd-soc-sdca.ko'
removed '/usr/lib/modules/7.1.3-cachyos-trim9-tuned/kernel/sound/soc/sdca/snd-soc-sdca-class-function.ko'
removed '/usr/lib/modules/7.1.3-cachyos-trim9-tuned/kernel/sound/soc/sdca/snd-soc-sdca-class.ko'
removed directory '/usr/lib/modules/7.1.3-cachyos-trim9-tuned/kernel/sound/soc/sdca'
removed '/usr/lib/modules/7.1.3-cachyos-trim9-tuned/kernel/sound/soc/sdw_utils/snd-soc-sdw-utils.ko'
removed directory '/usr/lib/modules/7.1.3-cachyos-trim9-tuned/kernel/sound/soc/sdw_utils'
removed '/usr/lib/modules/7.1.3-cachyos-trim9-tuned/kernel/sound/soc/sof/intel/snd-sof-acpi-intel-byt.ko'
removed '/usr/lib/modules/7.1.3-cachyos-trim9-tuned/kernel/sound/soc/sof/intel/snd-sof-intel-atom.ko'
removed '/usr/lib/modules/7.1.3-cachyos-trim9-tuned/kernel/sound/soc/sof/intel/snd-sof-intel-hda-common.ko'
removed '/usr/lib/modules/7.1.3-cachyos-trim9-tuned/kernel/sound/soc/sof/intel/snd-sof-intel-hda-generic.ko'
removed '/usr/lib/modules/7.1.3-cachyos-trim9-tuned/kernel/sound/soc/sof/intel/snd-sof-intel-hda-mlink.ko'
removed '/usr/lib/modules/7.1.3-cachyos-trim9-tuned/kernel/sound/soc/sof/intel/snd-sof-intel-hda.ko'
removed '/usr/lib/modules/7.1.3-cachyos-trim9-tuned/kernel/sound/soc/sof/intel/snd-sof-intel-hda-sdw-bpt.ko'
removed '/usr/lib/modules/7.1.3-cachyos-trim9-tuned/kernel/sound/soc/sof/intel/snd-sof-pci-intel-tng.ko'
removed '/usr/lib/modules/7.1.3-cachyos-trim9-tuned/kernel/sound/soc/sof/intel/snd-sof-pci-intel-apl.ko'
removed '/usr/lib/modules/7.1.3-cachyos-trim9-tuned/kernel/sound/soc/sof/intel/snd-sof-pci-intel-cnl.ko'
removed '/usr/lib/modules/7.1.3-cachyos-trim9-tuned/kernel/sound/soc/sof/intel/snd-sof-pci-intel-icl.ko'
removed '/usr/lib/modules/7.1.3-cachyos-trim9-tuned/kernel/sound/soc/sof/intel/snd-sof-pci-intel-tgl.ko'
removed '/usr/lib/modules/7.1.3-cachyos-trim9-tuned/kernel/sound/soc/sof/intel/snd-sof-pci-intel-mtl.ko'
removed '/usr/lib/modules/7.1.3-cachyos-trim9-tuned/kernel/sound/soc/sof/intel/snd-sof-pci-intel-lnl.ko'
removed '/usr/lib/modules/7.1.3-cachyos-trim9-tuned/kernel/sound/soc/sof/intel/snd-sof-pci-intel-ptl.ko'
removed '/usr/lib/modules/7.1.3-cachyos-trim9-tuned/kernel/sound/soc/sof/intel/snd-sof-pci-intel-nvl.ko'
removed directory '/usr/lib/modules/7.1.3-cachyos-trim9-tuned/kernel/sound/soc/sof/intel'
removed '/usr/lib/modules/7.1.3-cachyos-trim9-tuned/kernel/sound/soc/sof/xtensa/snd-sof-xtensa-dsp.ko'
removed directory '/usr/lib/modules/7.1.3-cachyos-trim9-tuned/kernel/sound/soc/sof/xtensa'
removed '/usr/lib/modules/7.1.3-cachyos-trim9-tuned/kernel/sound/soc/sof/snd-sof.ko'
removed '/usr/lib/modules/7.1.3-cachyos-trim9-tuned/kernel/sound/soc/sof/snd-sof-utils.ko'
removed '/usr/lib/modules/7.1.3-cachyos-trim9-tuned/kernel/sound/soc/sof/snd-sof-acpi.ko'
removed '/usr/lib/modules/7.1.3-cachyos-trim9-tuned/kernel/sound/soc/sof/snd-sof-pci.ko'
removed '/usr/lib/modules/7.1.3-cachyos-trim9-tuned/kernel/sound/soc/sof/snd-sof-probes.ko'
removed directory '/usr/lib/modules/7.1.3-cachyos-trim9-tuned/kernel/sound/soc/sof'
removed '/usr/lib/modules/7.1.3-cachyos-trim9-tuned/kernel/sound/soc/snd-soc-acpi.ko'
removed '/usr/lib/modules/7.1.3-cachyos-trim9-tuned/kernel/sound/soc/snd-soc-core.ko'
removed directory '/usr/lib/modules/7.1.3-cachyos-trim9-tuned/kernel/sound/soc'
removed '/usr/lib/modules/7.1.3-cachyos-trim9-tuned/kernel/sound/usb/bcd2000/snd-bcd2000.ko'
removed directory '/usr/lib/modules/7.1.3-cachyos-trim9-tuned/kernel/sound/usb/bcd2000'
removed '/usr/lib/modules/7.1.3-cachyos-trim9-tuned/kernel/sound/usb/snd-usb-audio.ko'
removed '/usr/lib/modules/7.1.3-cachyos-trim9-tuned/kernel/sound/usb/snd-usbmidi-lib.ko'
removed directory '/usr/lib/modules/7.1.3-cachyos-trim9-tuned/kernel/sound/usb'
removed '/usr/lib/modules/7.1.3-cachyos-trim9-tuned/kernel/sound/soundcore.ko'
removed directory '/usr/lib/modules/7.1.3-cachyos-trim9-tuned/kernel/sound'
removed directory '/usr/lib/modules/7.1.3-cachyos-trim9-tuned/kernel'
removed '/usr/lib/modules/7.1.3-cachyos-trim9-tuned/build'
removed '/usr/lib/modules/7.1.3-cachyos-trim9-tuned/modules.order'
removed '/usr/lib/modules/7.1.3-cachyos-trim9-tuned/modules.builtin'
removed '/usr/lib/modules/7.1.3-cachyos-trim9-tuned/modules.builtin.modinfo'
removed '/usr/lib/modules/7.1.3-cachyos-trim9-tuned/video/nvidia-uvm.ko'
removed '/usr/lib/modules/7.1.3-cachyos-trim9-tuned/video/nvidia-peermem.ko'
removed '/usr/lib/modules/7.1.3-cachyos-trim9-tuned/video/nvidia-drm.ko'
removed '/usr/lib/modules/7.1.3-cachyos-trim9-tuned/video/nvidia.ko'
removed '/usr/lib/modules/7.1.3-cachyos-trim9-tuned/video/nvidia-modeset.ko'
removed directory '/usr/lib/modules/7.1.3-cachyos-trim9-tuned/video'
removed '/usr/lib/modules/7.1.3-cachyos-trim9-tuned/modules.dep'
removed '/usr/lib/modules/7.1.3-cachyos-trim9-tuned/modules.dep.bin'
removed '/usr/lib/modules/7.1.3-cachyos-trim9-tuned/modules.alias'
removed '/usr/lib/modules/7.1.3-cachyos-trim9-tuned/modules.alias.bin'
removed '/usr/lib/modules/7.1.3-cachyos-trim9-tuned/modules.softdep'
removed '/usr/lib/modules/7.1.3-cachyos-trim9-tuned/modules.weakdep'
removed '/usr/lib/modules/7.1.3-cachyos-trim9-tuned/modules.symbols'
removed '/usr/lib/modules/7.1.3-cachyos-trim9-tuned/modules.symbols.bin'
removed '/usr/lib/modules/7.1.3-cachyos-trim9-tuned/modules.builtin.bin'
removed '/usr/lib/modules/7.1.3-cachyos-trim9-tuned/modules.builtin.alias.bin'
removed '/usr/lib/modules/7.1.3-cachyos-trim9-tuned/modules.devname'
removed directory '/usr/lib/modules/7.1.3-cachyos-trim9-tuned'
=== Wed Aug 12 12:09:59 PM EEST 2026 прибираю LimineLastBootedEntry ===
removed '/sys/firmware/efi/efivars/LimineLastBootedEntry-513ee0d0-6e43-cb05-b272-f146a2fcb88a'
=== Wed Aug 12 12:09:59 PM EEST 2026 TRIM11 ГОТОВЕ ===
=== Wed Aug 12 12:09:59 PM EEST 2026 TRIM11 ГОТОВЕ ===
